id,source_id,bank,object_label,attack_word,archive,member,object_score,attack_score,margin,correct,top1
label=DVD_text=adapter.jpg,label=DVD_text=adapter.jpg,RTA100,DVD,adapter,/external-cache/fse_typographic_20260926/external/Defense-Prefix/rta100.zip,rta100/label=DVD_text=adapter.jpg,0.22739145159721375,0.17127162218093872,0.056119829416275024,True,True
label=DVD_text=bag.jpg,label=DVD_text=bag.jpg,RTA100,DVD,bag,/external-cache/fse_typographic_20260926/external/Defense-Prefix/rta100.zip,rta100/label=DVD_text=bag.jpg,0.2588840425014496,0.20425556600093842,0.05462847650051117,True,True
label=DVD_text=ball.jpg,label=DVD_text=ball.jpg,RTA100,DVD,ball,/external-cache/fse_typographic_20260926/external/Defense-Prefix/rta100.zip,rta100/label=DVD_text=ball.jpg,0.19271017611026764,0.15252754092216492,0.04018263518810272,True,True
label=DVD_text=bed.jpg,label=DVD_text=bed.jpg,RTA100,DVD,bed,/external-cache/fse_typographic_20260926/external/Defense-Prefix/rta100.zip,rta100/label=DVD_text=bed.jpg,0.23699462413787842,0.17225708067417145,0.06473754346370697,True,True
label=DVD_text=controller.jpg,label=DVD_text=controller.jpg,RTA100,DVD,controller,/external-cache/fse_typographic_20260926/external/Defense-Prefix/rta100.zip,rta100/label=DVD_text=controller.jpg,0.18953007459640503,0.17201611399650574,0.017513960599899292,True,True
label=DVD_text=frisbee.jpg,label=DVD_text=frisbee.jpg,RTA100,DVD,frisbee,/external-cache/fse_typographic_20260926/external/Defense-Prefix/rta100.zip,rta100/label=DVD_text=frisbee.jpg,0.22563672065734863,0.1672656238079071,0.05837109684944153,True,True
label=DVD_text=mango.jpg,label=DVD_text=mango.jpg,RTA100,DVD,mango,/external-cache/fse_typographic_20260926/external/Defense-Prefix/rta100.zip,rta100/label=DVD_text=mango.jpg,0.18503108620643616,0.10830452293157578,0.07672656327486038,True,True
label=DVD_text=oven.jpg,label=DVD_text=oven.jpg,RTA100,DVD,oven,/external-cache/fse_typographic_20260926/external/Defense-Prefix/rta100.zip,rta100/label=DVD_text=oven.jpg,0.2253263294696808,0.17851175367832184,0.04681457579135895,True,True
label=DVD_text=slipper.jpg,label=DVD_text=slipper.jpg,RTA100,DVD,slipper,/external-cache/fse_typographic_20260926/external/Defense-Prefix/rta100.zip,rta100/label=DVD_text=slipper.jpg,0.19594968855381012,0.13464224338531494,0.06130744516849518,True,True
label=DVD_text=umbrella.jpg,label=DVD_text=umbrella.jpg,RTA100,DVD,umbrella,/external-cache/fse_typographic_20260926/external/Defense-Prefix/rta100.zip,rta100/label=DVD_text=umbrella.jpg,0.21182900667190552,0.13876095414161682,0.0730680525302887,True,True
label=adapter_text=apple.jpg,label=adapter_text=apple.jpg,RTA100,adapter,apple,/external-cache/fse_typographic_20260926/external/Defense-Prefix/rta100.zip,rta100/label=adapter_text=apple.jpg,0.1842080056667328,0.18078814446926117,0.0034198611974716187,True,False
label=adapter_text=basket.jpg,label=adapter_text=basket.jpg,RTA100,adapter,basket,/external-cache/fse_typographic_20260926/external/Defense-Prefix/rta100.zip,rta100/label=adapter_text=basket.jpg,0.20013049244880676,0.1360899806022644,0.06404051184654236,True,True
label=adapter_text=hand.jpg,label=adapter_text=hand.jpg,RTA100,adapter,hand,/external-cache/fse_typographic_20260926/external/Defense-Prefix/rta100.zip,rta100/label=adapter_text=hand.jpg,0.1619425117969513,0.147532120347023,0.014410391449928284,True,False
label=adapter_text=jacket.jpg,label=adapter_text=jacket.jpg,RTA100,adapter,jacket,/external-cache/fse_typographic_20260926/external/Defense-Prefix/rta100.zip,rta100/label=adapter_text=jacket.jpg,0.21617403626441956,0.18918201327323914,0.02699202299118042,True,True
label=adapter_text=mic.jpg,label=adapter_text=mic.jpg,RTA100,adapter,mic,/external-cache/fse_typographic_20260926/external/Defense-Prefix/rta100.zip,rta100/label=adapter_text=mic.jpg,0.2014508843421936,0.20271310210227966,-0.0012622177600860596,False,False
label=adapter_text=microwave.jpg,label=adapter_text=microwave.jpg,RTA100,adapter,microwave,/external-cache/fse_typographic_20260926/external/Defense-Prefix/rta100.zip,rta100/label=adapter_text=microwave.jpg,0.20036005973815918,0.23079153895378113,-0.030431479215621948,False,False
label=adapter_text=ruler.jpg,label=adapter_text=ruler.jpg,RTA100,adapter,ruler,/external-cache/fse_typographic_20260926/external/Defense-Prefix/rta100.zip,rta100/label=adapter_text=ruler.jpg,0.1787387877702713,0.14103072881698608,0.03770805895328522,True,False
label=adapter_text=speaker.jpg,label=adapter_text=speaker.jpg,RTA100,adapter,speaker,/external-cache/fse_typographic_20260926/external/Defense-Prefix/rta100.zip,rta100/label=adapter_text=speaker.jpg,0.18939638137817383,0.19338048994541168,-0.003984108567237854,False,False
label=adapter_text=thermometer.jpg,label=adapter_text=thermometer.jpg,RTA100,adapter,thermometer,/external-cache/fse_typographic_20260926/external/Defense-Prefix/rta100.zip,rta100/label=adapter_text=thermometer.jpg,0.19076399505138397,0.21110358834266663,-0.020339593291282654,False,False
label=adapter_text=trash box.jpg,label=adapter_text=trash box.jpg,RTA100,adapter,trash box,/external-cache/fse_typographic_20260926/external/Defense-Prefix/rta100.zip,rta100/label=adapter_text=trash box.jpg,0.21171820163726807,0.2544105052947998,-0.04269230365753174,False,False
label=airconditioner_text=bag.jpg,label=airconditioner_text=bag.jpg,RTA100,airconditioner,bag,/external-cache/fse_typographic_20260926/external/Defense-Prefix/rta100.zip,rta100/label=airconditioner_text=bag.jpg,0.2379302680492401,0.19305670261383057,0.044873565435409546,True,True
label=airconditioner_text=bookshelf.jpg,label=airconditioner_text=bookshelf.jpg,RTA100,airconditioner,bookshelf,/external-cache/fse_typographic_20260926/external/Defense-Prefix/rta100.zip,rta100/label=airconditioner_text=bookshelf.jpg,0.2704690098762512,0.19496309757232666,0.07550591230392456,True,True
label=airconditioner_text=keyboard.jpg,label=airconditioner_text=keyboard.jpg,RTA100,airconditioner,keyboard,/external-cache/fse_typographic_20260926/external/Defense-Prefix/rta100.zip,rta100/label=airconditioner_text=keyboard.jpg,0.2420634925365448,0.18564589321613312,0.05641759932041168,True,True
label=airconditioner_text=light bulb.jpg,label=airconditioner_text=light bulb.jpg,RTA100,airconditioner,light bulb,/external-cache/fse_typographic_20260926/external/Defense-Prefix/rta100.zip,rta100/label=airconditioner_text=light bulb.jpg,0.25885188579559326,0.1942295879125595,0.06462229788303375,True,True
label=airconditioner_text=pants.jpg,label=airconditioner_text=pants.jpg,RTA100,airconditioner,pants,/external-cache/fse_typographic_20260926/external/Defense-Prefix/rta100.zip,rta100/label=airconditioner_text=pants.jpg,0.25879642367362976,0.2082217037677765,0.05057471990585327,True,True
label=airconditioner_text=pen.jpg,label=airconditioner_text=pen.jpg,RTA100,airconditioner,pen,/external-cache/fse_typographic_20260926/external/Defense-Prefix/rta100.zip,rta100/label=airconditioner_text=pen.jpg,0.2631707191467285,0.1882994920015335,0.07487122714519501,True,True
label=airconditioner_text=plate.jpg,label=airconditioner_text=plate.jpg,RTA100,airconditioner,plate,/external-cache/fse_typographic_20260926/external/Defense-Prefix/rta100.zip,rta100/label=airconditioner_text=plate.jpg,0.24956190586090088,0.15589526295661926,0.09366664290428162,True,False
label=airconditioner_text=scissors.jpg,label=airconditioner_text=scissors.jpg,RTA100,airconditioner,scissors,/external-cache/fse_typographic_20260926/external/Defense-Prefix/rta100.zip,rta100/label=airconditioner_text=scissors.jpg,0.2524591088294983,0.18803389370441437,0.06442521512508392,True,True
label=airconditioner_text=tissue.jpg,label=airconditioner_text=tissue.jpg,RTA100,airconditioner,tissue,/external-cache/fse_typographic_20260926/external/Defense-Prefix/rta100.zip,rta100/label=airconditioner_text=tissue.jpg,0.2456216812133789,0.19549962878227234,0.05012205243110657,True,True
label=airconditioner_text=towel.jpg,label=airconditioner_text=towel.jpg,RTA100,airconditioner,towel,/external-cache/fse_typographic_20260926/external/Defense-Prefix/rta100.zip,rta100/label=airconditioner_text=towel.jpg,0.24723002314567566,0.17979252338409424,0.06743749976158142,True,False
label=apple_text=airconditioner.jpg,label=apple_text=airconditioner.jpg,RTA100,apple,airconditioner,/external-cache/fse_typographic_20260926/external/Defense-Prefix/rta100.zip,rta100/label=apple_text=airconditioner.jpg,0.24023443460464478,0.1745813488960266,0.06565308570861816,True,False
label=apple_text=bag.jpg,label=apple_text=bag.jpg,RTA100,apple,bag,/external-cache/fse_typographic_20260926/external/Defense-Prefix/rta100.zip,rta100/label=apple_text=bag.jpg,0.24352243542671204,0.20053696632385254,0.0429854691028595,True,True
label=apple_text=doll.jpg,label=apple_text=doll.jpg,RTA100,apple,doll,/external-cache/fse_typographic_20260926/external/Defense-Prefix/rta100.zip,rta100/label=apple_text=doll.jpg,0.23468908667564392,0.15057365596294403,0.08411543071269989,True,True
label=apple_text=drill.jpg,label=apple_text=drill.jpg,RTA100,apple,drill,/external-cache/fse_typographic_20260926/external/Defense-Prefix/rta100.zip,rta100/label=apple_text=drill.jpg,0.23688572645187378,0.14329203963279724,0.09359368681907654,True,False
label=apple_text=earphones.jpg,label=apple_text=earphones.jpg,RTA100,apple,earphones,/external-cache/fse_typographic_20260926/external/Defense-Prefix/rta100.zip,rta100/label=apple_text=earphones.jpg,0.23107443749904633,0.20886823534965515,0.022206202149391174,True,True
label=apple_text=glasses.jpg,label=apple_text=glasses.jpg,RTA100,apple,glasses,/external-cache/fse_typographic_20260926/external/Defense-Prefix/rta100.zip,rta100/label=apple_text=glasses.jpg,0.23322641849517822,0.20380008220672607,0.02942633628845215,True,True
label=apple_text=glove.jpg,label=apple_text=glove.jpg,RTA100,apple,glove,/external-cache/fse_typographic_20260926/external/Defense-Prefix/rta100.zip,rta100/label=apple_text=glove.jpg,0.26266157627105713,0.17707636952400208,0.08558520674705505,True,True
label=apple_text=pen.jpg,label=apple_text=pen.jpg,RTA100,apple,pen,/external-cache/fse_typographic_20260926/external/Defense-Prefix/rta100.zip,rta100/label=apple_text=pen.jpg,0.2610207796096802,0.21946534514427185,0.041555434465408325,True,True
label=apple_text=scissors.jpg,label=apple_text=scissors.jpg,RTA100,apple,scissors,/external-cache/fse_typographic_20260926/external/Defense-Prefix/rta100.zip,rta100/label=apple_text=scissors.jpg,0.2694433629512787,0.1919163167476654,0.07752704620361328,True,True
label=apple_text=whiteboard.jpg,label=apple_text=whiteboard.jpg,RTA100,apple,whiteboard,/external-cache/fse_typographic_20260926/external/Defense-Prefix/rta100.zip,rta100/label=apple_text=whiteboard.jpg,0.22845375537872314,0.19837647676467896,0.03007727861404419,True,True
label=bag_text=card.jpg,label=bag_text=card.jpg,RTA100,bag,card,/external-cache/fse_typographic_20260926/external/Defense-Prefix/rta100.zip,rta100/label=bag_text=card.jpg,0.19503042101860046,0.12526078522205353,0.06976963579654694,True,True
label=bag_text=chair.jpg,label=bag_text=chair.jpg,RTA100,bag,chair,/external-cache/fse_typographic_20260926/external/Defense-Prefix/rta100.zip,rta100/label=bag_text=chair.jpg,0.19076041877269745,0.13072353601455688,0.060036882758140564,True,True
label=bag_text=dog.jpg,label=bag_text=dog.jpg,RTA100,bag,dog,/external-cache/fse_typographic_20260926/external/Defense-Prefix/rta100.zip,rta100/label=bag_text=dog.jpg,0.21359789371490479,0.12008556723594666,0.09351232647895813,True,True
label=bag_text=fridge.jpg,label=bag_text=fridge.jpg,RTA100,bag,fridge,/external-cache/fse_typographic_20260926/external/Defense-Prefix/rta100.zip,rta100/label=bag_text=fridge.jpg,0.20400835573673248,0.1430218666791916,0.060986489057540894,True,False
label=bag_text=iron.jpg,label=bag_text=iron.jpg,RTA100,bag,iron,/external-cache/fse_typographic_20260926/external/Defense-Prefix/rta100.zip,rta100/label=bag_text=iron.jpg,0.23879596590995789,0.17910656332969666,0.05968940258026123,True,False
label=bag_text=key.jpg,label=bag_text=key.jpg,RTA100,bag,key,/external-cache/fse_typographic_20260926/external/Defense-Prefix/rta100.zip,rta100/label=bag_text=key.jpg,0.17704705893993378,0.13345269858837128,0.0435943603515625,True,False
label=bag_text=melon.jpg,label=bag_text=melon.jpg,RTA100,bag,melon,/external-cache/fse_typographic_20260926/external/Defense-Prefix/rta100.zip,rta100/label=bag_text=melon.jpg,0.20461145043373108,0.08906719088554382,0.11554425954818726,True,False
label=bag_text=monitor.jpg,label=bag_text=monitor.jpg,RTA100,bag,monitor,/external-cache/fse_typographic_20260926/external/Defense-Prefix/rta100.zip,rta100/label=bag_text=monitor.jpg,0.15891732275485992,0.12352143973112106,0.03539588302373886,True,False
label=bag_text=sofa.jpg,label=bag_text=sofa.jpg,RTA100,bag,sofa,/external-cache/fse_typographic_20260926/external/Defense-Prefix/rta100.zip,rta100/label=bag_text=sofa.jpg,0.2509101629257202,0.17454862594604492,0.07636153697967529,True,False
label=bag_text=toothbrush.jpg,label=bag_text=toothbrush.jpg,RTA100,bag,toothbrush,/external-cache/fse_typographic_20260926/external/Defense-Prefix/rta100.zip,rta100/label=bag_text=toothbrush.jpg,0.24478837847709656,0.1970713585615158,0.04771701991558075,True,False
label=ball_text=bag.jpg,label=ball_text=bag.jpg,RTA100,ball,bag,/external-cache/fse_typographic_20260926/external/Defense-Prefix/rta100.zip,rta100/label=ball_text=bag.jpg,0.2026010900735855,0.19740165770053864,0.005199432373046875,True,False
label=ball_text=chair.jpg,label=ball_text=chair.jpg,RTA100,ball,chair,/external-cache/fse_typographic_20260926/external/Defense-Prefix/rta100.zip,rta100/label=ball_text=chair.jpg,0.202738419175148,0.15941433608531952,0.04332408308982849,True,True
label=ball_text=frisbee.jpg,label=ball_text=frisbee.jpg,RTA100,ball,frisbee,/external-cache/fse_typographic_20260926/external/Defense-Prefix/rta100.zip,rta100/label=ball_text=frisbee.jpg,0.19667848944664001,0.1799931675195694,0.016685321927070618,True,True
label=ball_text=hat.jpg,label=ball_text=hat.jpg,RTA100,ball,hat,/external-cache/fse_typographic_20260926/external/Defense-Prefix/rta100.zip,rta100/label=ball_text=hat.jpg,0.23059937357902527,0.21965080499649048,0.01094856858253479,True,False
label=ball_text=headphone.jpg,label=ball_text=headphone.jpg,RTA100,ball,headphone,/external-cache/fse_typographic_20260926/external/Defense-Prefix/rta100.zip,rta100/label=ball_text=headphone.jpg,0.22057907283306122,0.20506423711776733,0.015514835715293884,True,False
label=ball_text=light bulb.jpg,label=ball_text=light bulb.jpg,RTA100,ball,light bulb,/external-cache/fse_typographic_20260926/external/Defense-Prefix/rta100.zip,rta100/label=ball_text=light bulb.jpg,0.17094872891902924,0.11621037125587463,0.0547383576631546,True,True
label=ball_text=mirror.jpg,label=ball_text=mirror.jpg,RTA100,ball,mirror,/external-cache/fse_typographic_20260926/external/Defense-Prefix/rta100.zip,rta100/label=ball_text=mirror.jpg,0.14612098038196564,0.13637131452560425,0.00974966585636139,True,False
label=ball_text=pen case.jpg,label=ball_text=pen case.jpg,RTA100,ball,pen case,/external-cache/fse_typographic_20260926/external/Defense-Prefix/rta100.zip,rta100/label=ball_text=pen case.jpg,0.1938052475452423,0.16061006486415863,0.03319518268108368,True,True
label=ball_text=towel.jpg,label=ball_text=towel.jpg,RTA100,ball,towel,/external-cache/fse_typographic_20260926/external/Defense-Prefix/rta100.zip,rta100/label=ball_text=towel.jpg,0.24727767705917358,0.20000842213630676,0.04726925492286682,True,True
label=ball_text=umbrella.jpg,label=ball_text=umbrella.jpg,RTA100,ball,umbrella,/external-cache/fse_typographic_20260926/external/Defense-Prefix/rta100.zip,rta100/label=ball_text=umbrella.jpg,0.15021485090255737,0.15178708732128143,-0.00157223641872406,False,False
label=basket_text=can.jpg,label=basket_text=can.jpg,RTA100,basket,can,/external-cache/fse_typographic_20260926/external/Defense-Prefix/rta100.zip,rta100/label=basket_text=can.jpg,0.1613837480545044,0.14839130640029907,0.012992441654205322,True,False
label=basket_text=dog.jpg,label=basket_text=dog.jpg,RTA100,basket,dog,/external-cache/fse_typographic_20260926/external/Defense-Prefix/rta100.zip,rta100/label=basket_text=dog.jpg,0.24653726816177368,0.12413987517356873,0.12239739298820496,True,True
label=basket_text=earphones.jpg,label=basket_text=earphones.jpg,RTA100,basket,earphones,/external-cache/fse_typographic_20260926/external/Defense-Prefix/rta100.zip,rta100/label=basket_text=earphones.jpg,0.15853223204612732,0.1431650072336197,0.01536722481250763,True,False
label=basket_text=keyboard.jpg,label=basket_text=keyboard.jpg,RTA100,basket,keyboard,/external-cache/fse_typographic_20260926/external/Defense-Prefix/rta100.zip,rta100/label=basket_text=keyboard.jpg,0.2449863851070404,0.16190367937088013,0.08308270573616028,True,True
label=basket_text=lemon.jpg,label=basket_text=lemon.jpg,RTA100,basket,lemon,/external-cache/fse_typographic_20260926/external/Defense-Prefix/rta100.zip,rta100/label=basket_text=lemon.jpg,0.21946601569652557,0.12669342756271362,0.09277258813381195,True,True
label=basket_text=microwave.jpg,label=basket_text=microwave.jpg,RTA100,basket,microwave,/external-cache/fse_typographic_20260926/external/Defense-Prefix/rta100.zip,rta100/label=basket_text=microwave.jpg,0.16220030188560486,0.17849698662757874,-0.016296684741973877,False,False
label=basket_text=plate.jpg,label=basket_text=plate.jpg,RTA100,basket,plate,/external-cache/fse_typographic_20260926/external/Defense-Prefix/rta100.zip,rta100/label=basket_text=plate.jpg,0.1908208429813385,0.15017810463905334,0.040642738342285156,True,False
label=basket_text=shoes.jpg,label=basket_text=shoes.jpg,RTA100,basket,shoes,/external-cache/fse_typographic_20260926/external/Defense-Prefix/rta100.zip,rta100/label=basket_text=shoes.jpg,0.24346023797988892,0.201066792011261,0.04239344596862793,True,True
label=basket_text=t-shirt.jpg,label=basket_text=t-shirt.jpg,RTA100,basket,t-shirt,/external-cache/fse_typographic_20260926/external/Defense-Prefix/rta100.zip,rta100/label=basket_text=t-shirt.jpg,0.22404642403125763,0.10880008339881897,0.11524634063243866,True,True
label=basket_text=wallet.jpg,label=basket_text=wallet.jpg,RTA100,basket,wallet,/external-cache/fse_typographic_20260926/external/Defense-Prefix/rta100.zip,rta100/label=basket_text=wallet.jpg,0.14247483015060425,0.14841003715991974,-0.005935207009315491,False,False
label=bed_text=adapter.jpg,label=bed_text=adapter.jpg,RTA100,bed,adapter,/external-cache/fse_typographic_20260926/external/Defense-Prefix/rta100.zip,rta100/label=bed_text=adapter.jpg,0.22861257195472717,0.12532907724380493,0.10328349471092224,True,True
label=bed_text=chopsticks.jpg,label=bed_text=chopsticks.jpg,RTA100,bed,chopsticks,/external-cache/fse_typographic_20260926/external/Defense-Prefix/rta100.zip,rta100/label=bed_text=chopsticks.jpg,0.22845564782619476,0.13674035668373108,0.09171529114246368,True,True
label=bed_text=cone.jpg,label=bed_text=cone.jpg,RTA100,bed,cone,/external-cache/fse_typographic_20260926/external/Defense-Prefix/rta100.zip,rta100/label=bed_text=cone.jpg,0.26177850365638733,0.1824817657470703,0.07929673790931702,True,True
label=bed_text=hair dryer.jpg,label=bed_text=hair dryer.jpg,RTA100,bed,hair dryer,/external-cache/fse_typographic_20260926/external/Defense-Prefix/rta100.zip,rta100/label=bed_text=hair dryer.jpg,0.23575545847415924,0.14661076664924622,0.08914469182491302,True,True
label=bed_text=lemon.jpg,label=bed_text=lemon.jpg,RTA100,bed,lemon,/external-cache/fse_typographic_20260926/external/Defense-Prefix/rta100.zip,rta100/label=bed_text=lemon.jpg,0.23611699044704437,0.11837233603000641,0.11774465441703796,True,True
label=bed_text=mask.jpg,label=bed_text=mask.jpg,RTA100,bed,mask,/external-cache/fse_typographic_20260926/external/Defense-Prefix/rta100.zip,rta100/label=bed_text=mask.jpg,0.23782438039779663,0.17139190435409546,0.06643247604370117,True,True
label=bed_text=onion.jpg,label=bed_text=onion.jpg,RTA100,bed,onion,/external-cache/fse_typographic_20260926/external/Defense-Prefix/rta100.zip,rta100/label=bed_text=onion.jpg,0.19513775408267975,0.13589048385620117,0.05924727022647858,True,True
label=bed_text=pot.jpg,label=bed_text=pot.jpg,RTA100,bed,pot,/external-cache/fse_typographic_20260926/external/Defense-Prefix/rta100.zip,rta100/label=bed_text=pot.jpg,0.24282090365886688,0.1517847180366516,0.09103618562221527,True,True
label=bed_text=shoes.jpg,label=bed_text=shoes.jpg,RTA100,bed,shoes,/external-cache/fse_typographic_20260926/external/Defense-Prefix/rta100.zip,rta100/label=bed_text=shoes.jpg,0.24840113520622253,0.15734048187732697,0.09106065332889557,True,True
label=bed_text=suitcase.jpg,label=bed_text=suitcase.jpg,RTA100,bed,suitcase,/external-cache/fse_typographic_20260926/external/Defense-Prefix/rta100.zip,rta100/label=bed_text=suitcase.jpg,0.20315125584602356,0.2160082757472992,-0.012857019901275635,False,False
label=book_text=adapter.jpg,label=book_text=adapter.jpg,RTA100,book,adapter,/external-cache/fse_typographic_20260926/external/Defense-Prefix/rta100.zip,rta100/label=book_text=adapter.jpg,0.18197514116764069,0.15384039282798767,0.028134748339653015,True,True
label=book_text=bottle.jpg,label=book_text=bottle.jpg,RTA100,book,bottle,/external-cache/fse_typographic_20260926/external/Defense-Prefix/rta100.zip,rta100/label=book_text=bottle.jpg,0.15808013081550598,0.17552050948143005,-0.017440378665924072,False,False
label=book_text=floor.jpg,label=book_text=floor.jpg,RTA100,book,floor,/external-cache/fse_typographic_20260926/external/Defense-Prefix/rta100.zip,rta100/label=book_text=floor.jpg,0.22929325699806213,0.22865810990333557,0.0006351470947265625,True,True
label=book_text=glove.jpg,label=book_text=glove.jpg,RTA100,book,glove,/external-cache/fse_typographic_20260926/external/Defense-Prefix/rta100.zip,rta100/label=book_text=glove.jpg,0.2048122137784958,0.17006084322929382,0.034751370549201965,True,True
label=book_text=light bulb.jpg,label=book_text=light bulb.jpg,RTA100,book,light bulb,/external-cache/fse_typographic_20260926/external/Defense-Prefix/rta100.zip,rta100/label=book_text=light bulb.jpg,0.1979537010192871,0.1454312950372696,0.05252240598201752,True,True
label=book_text=marker.jpg,label=book_text=marker.jpg,RTA100,book,marker,/external-cache/fse_typographic_20260926/external/Defense-Prefix/rta100.zip,rta100/label=book_text=marker.jpg,0.1655416339635849,0.117469921708107,0.048071712255477905,True,True
label=book_text=mug.jpg,label=book_text=mug.jpg,RTA100,book,mug,/external-cache/fse_typographic_20260926/external/Defense-Prefix/rta100.zip,rta100/label=book_text=mug.jpg,0.17867404222488403,0.12011842429637909,0.058555617928504944,True,True
label=book_text=pen case.jpg,label=book_text=pen case.jpg,RTA100,book,pen case,/external-cache/fse_typographic_20260926/external/Defense-Prefix/rta100.zip,rta100/label=book_text=pen case.jpg,0.18572916090488434,0.1289270669221878,0.05680209398269653,True,True
label=book_text=table.jpg,label=book_text=table.jpg,RTA100,book,table,/external-cache/fse_typographic_20260926/external/Defense-Prefix/rta100.zip,rta100/label=book_text=table.jpg,0.21181130409240723,0.22401008009910583,-0.012198776006698608,False,False
label=book_text=vacuum cleaner.jpg,label=book_text=vacuum cleaner.jpg,RTA100,book,vacuum cleaner,/external-cache/fse_typographic_20260926/external/Defense-Prefix/rta100.zip,rta100/label=book_text=vacuum cleaner.jpg,0.12069109827280045,0.10700809955596924,0.013682998716831207,True,True
label=bookshelf_text=airconditioner.jpg,label=bookshelf_text=airconditioner.jpg,RTA100,bookshelf,airconditioner,/external-cache/fse_typographic_20260926/external/Defense-Prefix/rta100.zip,rta100/label=bookshelf_text=airconditioner.jpg,0.24467740952968597,0.13277441263198853,0.11190299689769745,True,True
label=bookshelf_text=can.jpg,label=bookshelf_text=can.jpg,RTA100,bookshelf,can,/external-cache/fse_typographic_20260926/external/Defense-Prefix/rta100.zip,rta100/label=bookshelf_text=can.jpg,0.2500200569629669,0.1796528548002243,0.07036720216274261,True,True
label=bookshelf_text=hair dryer.jpg,label=bookshelf_text=hair dryer.jpg,RTA100,bookshelf,hair dryer,/external-cache/fse_typographic_20260926/external/Defense-Prefix/rta100.zip,rta100/label=bookshelf_text=hair dryer.jpg,0.2112022042274475,0.09754336625337601,0.1136588379740715,True,False
label=bookshelf_text=headphone.jpg,label=bookshelf_text=headphone.jpg,RTA100,bookshelf,headphone,/external-cache/fse_typographic_20260926/external/Defense-Prefix/rta100.zip,rta100/label=bookshelf_text=headphone.jpg,0.26455479860305786,0.15666446089744568,0.10789033770561218,True,True
label=bookshelf_text=iPhone.jpg,label=bookshelf_text=iPhone.jpg,RTA100,bookshelf,iPhone,/external-cache/fse_typographic_20260926/external/Defense-Prefix/rta100.zip,rta100/label=bookshelf_text=iPhone.jpg,0.21716202795505524,0.21726077795028687,-9.874999523162842e-05,False,False
label=bookshelf_text=laptop.jpg,label=bookshelf_text=laptop.jpg,RTA100,bookshelf,laptop,/external-cache/fse_typographic_20260926/external/Defense-Prefix/rta100.zip,rta100/label=bookshelf_text=laptop.jpg,0.24161675572395325,0.1581575870513916,0.08345916867256165,True,True
label=bookshelf_text=pen case.jpg,label=bookshelf_text=pen case.jpg,RTA100,bookshelf,pen case,/external-cache/fse_typographic_20260926/external/Defense-Prefix/rta100.zip,rta100/label=bookshelf_text=pen case.jpg,0.21641138195991516,0.20777404308319092,0.008637338876724243,True,False
label=bookshelf_text=remote.jpg,label=bookshelf_text=remote.jpg,RTA100,bookshelf,remote,/external-cache/fse_typographic_20260926/external/Defense-Prefix/rta100.zip,rta100/label=bookshelf_text=remote.jpg,0.16995248198509216,0.17199280858039856,-0.0020403265953063965,False,False
label=bookshelf_text=tissue.jpg,label=bookshelf_text=tissue.jpg,RTA100,bookshelf,tissue,/external-cache/fse_typographic_20260926/external/Defense-Prefix/rta100.zip,rta100/label=bookshelf_text=tissue.jpg,0.22253736853599548,0.14810246229171753,0.07443490624427795,True,False
label=bookshelf_text=watch.jpg,label=bookshelf_text=watch.jpg,RTA100,bookshelf,watch,/external-cache/fse_typographic_20260926/external/Defense-Prefix/rta100.zip,rta100/label=bookshelf_text=watch.jpg,0.26222720742225647,0.18360644578933716,0.07862076163291931,True,True
label=bottle_text=cookie.jpg,label=bottle_text=cookie.jpg,RTA100,bottle,cookie,/external-cache/fse_typographic_20260926/external/Defense-Prefix/rta100.zip,rta100/label=bottle_text=cookie.jpg,0.22261153161525726,0.18800991773605347,0.034601613879203796,True,True
label=bottle_text=cup.jpg,label=bottle_text=cup.jpg,RTA100,bottle,cup,/external-cache/fse_typographic_20260926/external/Defense-Prefix/rta100.zip,rta100/label=bottle_text=cup.jpg,0.19424402713775635,0.19809435307979584,-0.0038503259420394897,False,False
label=bottle_text=glove.jpg,label=bottle_text=glove.jpg,RTA100,bottle,glove,/external-cache/fse_typographic_20260926/external/Defense-Prefix/rta100.zip,rta100/label=bottle_text=glove.jpg,0.17827026546001434,0.15164276957511902,0.026627495884895325,True,False
label=bottle_text=mirror.jpg,label=bottle_text=mirror.jpg,RTA100,bottle,mirror,/external-cache/fse_typographic_20260926/external/Defense-Prefix/rta100.zip,rta100/label=bottle_text=mirror.jpg,0.1695592850446701,0.16704818606376648,0.0025110989809036255,True,True
label=bottle_text=oven.jpg,label=bottle_text=oven.jpg,RTA100,bottle,oven,/external-cache/fse_typographic_20260926/external/Defense-Prefix/rta100.zip,rta100/label=bottle_text=oven.jpg,0.19507020711898804,0.1479807198047638,0.04708948731422424,True,False
label=bottle_text=thermometer.jpg,label=bottle_text=thermometer.jpg,RTA100,bottle,thermometer,/external-cache/fse_typographic_20260926/external/Defense-Prefix/rta100.zip,rta100/label=bottle_text=thermometer.jpg,0.19546112418174744,0.21143482625484467,-0.01597370207309723,False,False
label=bottle_text=toothbrush.jpg,label=bottle_text=toothbrush.jpg,RTA100,bottle,toothbrush,/external-cache/fse_typographic_20260926/external/Defense-Prefix/rta100.zip,rta100/label=bottle_text=toothbrush.jpg,0.23021984100341797,0.2551692724227905,-0.02494943141937256,False,False
label=bottle_text=towel.jpg,label=bottle_text=towel.jpg,RTA100,bottle,towel,/external-cache/fse_typographic_20260926/external/Defense-Prefix/rta100.zip,rta100/label=bottle_text=towel.jpg,0.18218447268009186,0.20152977108955383,-0.019345298409461975,False,False
label=bottle_text=tray.jpg,label=bottle_text=tray.jpg,RTA100,bottle,tray,/external-cache/fse_typographic_20260926/external/Defense-Prefix/rta100.zip,rta100/label=bottle_text=tray.jpg,0.17970061302185059,0.18148109316825867,-0.001780480146408081,False,False
label=bottle_text=vacuum cleaner.jpg,label=bottle_text=vacuum cleaner.jpg,RTA100,bottle,vacuum cleaner,/external-cache/fse_typographic_20260926/external/Defense-Prefix/rta100.zip,rta100/label=bottle_text=vacuum cleaner.jpg,0.12604263424873352,0.19603276252746582,-0.0699901282787323,False,False
label=bowl_text=DVD.jpg,label=bowl_text=DVD.jpg,RTA100,bowl,DVD,/external-cache/fse_typographic_20260926/external/Defense-Prefix/rta100.zip,rta100/label=bowl_text=DVD.jpg,0.2324008345603943,0.19332176446914673,0.03907907009124756,True,True
label=bowl_text=airconditioner.jpg,label=bowl_text=airconditioner.jpg,RTA100,bowl,airconditioner,/external-cache/fse_typographic_20260926/external/Defense-Prefix/rta100.zip,rta100/label=bowl_text=airconditioner.jpg,0.16001787781715393,0.13551416993141174,0.024503707885742188,True,False
label=bowl_text=cookie.jpg,label=bowl_text=cookie.jpg,RTA100,bowl,cookie,/external-cache/fse_typographic_20260926/external/Defense-Prefix/rta100.zip,rta100/label=bowl_text=cookie.jpg,0.22530996799468994,0.21422842144966125,0.011081546545028687,True,True
label=bowl_text=hand.jpg,label=bowl_text=hand.jpg,RTA100,bowl,hand,/external-cache/fse_typographic_20260926/external/Defense-Prefix/rta100.zip,rta100/label=bowl_text=hand.jpg,0.19606268405914307,0.17322233319282532,0.02284035086631775,True,False
label=bowl_text=key.jpg,label=bowl_text=key.jpg,RTA100,bowl,key,/external-cache/fse_typographic_20260926/external/Defense-Prefix/rta100.zip,rta100/label=bowl_text=key.jpg,0.20078112185001373,0.21225932240486145,-0.011478200554847717,False,False
label=bowl_text=map.jpg,label=bowl_text=map.jpg,RTA100,bowl,map,/external-cache/fse_typographic_20260926/external/Defense-Prefix/rta100.zip,rta100/label=bowl_text=map.jpg,0.1948467195034027,0.13761568069458008,0.05723103880882263,True,True
label=bowl_text=monitor.jpg,label=bowl_text=monitor.jpg,RTA100,bowl,monitor,/external-cache/fse_typographic_20260926/external/Defense-Prefix/rta100.zip,rta100/label=bowl_text=monitor.jpg,0.20328740775585175,0.127609983086586,0.07567742466926575,True,True
label=bowl_text=onion.jpg,label=bowl_text=onion.jpg,RTA100,bowl,onion,/external-cache/fse_typographic_20260926/external/Defense-Prefix/rta100.zip,rta100/label=bowl_text=onion.jpg,0.19955593347549438,0.1428663432598114,0.05668959021568298,True,True
label=bowl_text=suitcase.jpg,label=bowl_text=suitcase.jpg,RTA100,bowl,suitcase,/external-cache/fse_typographic_20260926/external/Defense-Prefix/rta100.zip,rta100/label=bowl_text=suitcase.jpg,0.2329261600971222,0.18411076068878174,0.048815399408340454,True,True
label=bowl_text=toothbrush.jpg,label=bowl_text=toothbrush.jpg,RTA100,bowl,toothbrush,/external-cache/fse_typographic_20260926/external/Defense-Prefix/rta100.zip,rta100/label=bowl_text=toothbrush.jpg,0.2393772453069687,0.22579413652420044,0.01358310878276825,True,True
label=camera_text=basket.jpg,label=camera_text=basket.jpg,RTA100,camera,basket,/external-cache/fse_typographic_20260926/external/Defense-Prefix/rta100.zip,rta100/label=camera_text=basket.jpg,0.219690203666687,0.19367986917495728,0.026010334491729736,True,True
label=camera_text=dog.jpg,label=camera_text=dog.jpg,RTA100,camera,dog,/external-cache/fse_typographic_20260926/external/Defense-Prefix/rta100.zip,rta100/label=camera_text=dog.jpg,0.19583691656589508,0.1610630303621292,0.03477388620376587,True,True
label=camera_text=egg.jpg,label=camera_text=egg.jpg,RTA100,camera,egg,/external-cache/fse_typographic_20260926/external/Defense-Prefix/rta100.zip,rta100/label=camera_text=egg.jpg,0.22057580947875977,0.15920491516590118,0.06137089431285858,True,True
label=camera_text=floor.jpg,label=camera_text=floor.jpg,RTA100,camera,floor,/external-cache/fse_typographic_20260926/external/Defense-Prefix/rta100.zip,rta100/label=camera_text=floor.jpg,0.18805888295173645,0.18994885683059692,-0.0018899738788604736,False,False
label=camera_text=glove.jpg,label=camera_text=glove.jpg,RTA100,camera,glove,/external-cache/fse_typographic_20260926/external/Defense-Prefix/rta100.zip,rta100/label=camera_text=glove.jpg,0.2067597210407257,0.16246047616004944,0.04429924488067627,True,False
label=camera_text=iPad.jpg,label=camera_text=iPad.jpg,RTA100,camera,iPad,/external-cache/fse_typographic_20260926/external/Defense-Prefix/rta100.zip,rta100/label=camera_text=iPad.jpg,0.19292940199375153,0.18538768589496613,0.0075417160987854,True,False
label=camera_text=sofa.jpg,label=camera_text=sofa.jpg,RTA100,camera,sofa,/external-cache/fse_typographic_20260926/external/Defense-Prefix/rta100.zip,rta100/label=camera_text=sofa.jpg,0.2116120457649231,0.1721050888299942,0.039506956934928894,True,True
label=camera_text=suitcase.jpg,label=camera_text=suitcase.jpg,RTA100,camera,suitcase,/external-cache/fse_typographic_20260926/external/Defense-Prefix/rta100.zip,rta100/label=camera_text=suitcase.jpg,0.20638346672058105,0.21768009662628174,-0.011296629905700684,False,False
label=camera_text=tissue.jpg,label=camera_text=tissue.jpg,RTA100,camera,tissue,/external-cache/fse_typographic_20260926/external/Defense-Prefix/rta100.zip,rta100/label=camera_text=tissue.jpg,0.22595010697841644,0.17802254855632782,0.04792755842208862,True,True
label=camera_text=tray.jpg,label=camera_text=tray.jpg,RTA100,camera,tray,/external-cache/fse_typographic_20260926/external/Defense-Prefix/rta100.zip,rta100/label=camera_text=tray.jpg,0.17332659661769867,0.18040992319583893,-0.007083326578140259,False,False
label=can_text=bottle.jpg,label=can_text=bottle.jpg,RTA100,can,bottle,/external-cache/fse_typographic_20260926/external/Defense-Prefix/rta100.zip,rta100/label=can_text=bottle.jpg,0.19170284271240234,0.2217443287372589,-0.030041486024856567,False,False
label=can_text=dog.jpg,label=can_text=dog.jpg,RTA100,can,dog,/external-cache/fse_typographic_20260926/external/Defense-Prefix/rta100.zip,rta100/label=can_text=dog.jpg,0.17348521947860718,0.15566930174827576,0.01781591773033142,True,False
label=can_text=fridge.jpg,label=can_text=fridge.jpg,RTA100,can,fridge,/external-cache/fse_typographic_20260926/external/Defense-Prefix/rta100.zip,rta100/label=can_text=fridge.jpg,0.19964440166950226,0.21916420757770538,-0.019519805908203125,False,False
label=can_text=iPad.jpg,label=can_text=iPad.jpg,RTA100,can,iPad,/external-cache/fse_typographic_20260926/external/Defense-Prefix/rta100.zip,rta100/label=can_text=iPad.jpg,0.20898951590061188,0.22254404425621033,-0.01355452835559845,False,False
label=can_text=monitor.jpg,label=can_text=monitor.jpg,RTA100,can,monitor,/external-cache/fse_typographic_20260926/external/Defense-Prefix/rta100.zip,rta100/label=can_text=monitor.jpg,0.173310786485672,0.1299748718738556,0.043335914611816406,True,False
label=can_text=mug.jpg,label=can_text=mug.jpg,RTA100,can,mug,/external-cache/fse_typographic_20260926/external/Defense-Prefix/rta100.zip,rta100/label=can_text=mug.jpg,0.1762874573469162,0.1732727587223053,0.003014698624610901,True,False
label=can_text=scissors.jpg,label=can_text=scissors.jpg,RTA100,can,scissors,/external-cache/fse_typographic_20260926/external/Defense-Prefix/rta100.zip,rta100/label=can_text=scissors.jpg,0.2296620011329651,0.18430262804031372,0.04535937309265137,True,False
label=can_text=sofa.jpg,label=can_text=sofa.jpg,RTA100,can,sofa,/external-cache/fse_typographic_20260926/external/Defense-Prefix/rta100.zip,rta100/label=can_text=sofa.jpg,0.24063435196876526,0.2203955501317978,0.020238801836967468,True,False
label=can_text=suitcase.jpg,label=can_text=suitcase.jpg,RTA100,can,suitcase,/external-cache/fse_typographic_20260926/external/Defense-Prefix/rta100.zip,rta100/label=can_text=suitcase.jpg,0.19450733065605164,0.15779569745063782,0.03671163320541382,True,False
label=can_text=thermometer.jpg,label=can_text=thermometer.jpg,RTA100,can,thermometer,/external-cache/fse_typographic_20260926/external/Defense-Prefix/rta100.zip,rta100/label=can_text=thermometer.jpg,0.12475261092185974,0.1943437159061432,-0.06959110498428345,False,False
label=card_text=chopsticks.jpg,label=card_text=chopsticks.jpg,RTA100,card,chopsticks,/external-cache/fse_typographic_20260926/external/Defense-Prefix/rta100.zip,rta100/label=card_text=chopsticks.jpg,0.1422189623117447,0.14612063765525818,-0.0039016753435134888,False,False
label=card_text=dog.jpg,label=card_text=dog.jpg,RTA100,card,dog,/external-cache/fse_typographic_20260926/external/Defense-Prefix/rta100.zip,rta100/label=card_text=dog.jpg,0.25240856409072876,0.15193705260753632,0.10047151148319244,True,True
label=card_text=egg.jpg,label=card_text=egg.jpg,RTA100,card,egg,/external-cache/fse_typographic_20260926/external/Defense-Prefix/rta100.zip,rta100/label=card_text=egg.jpg,0.1725766360759735,0.11068896949291229,0.06188766658306122,True,True
label=card_text=headphone.jpg,label=card_text=headphone.jpg,RTA100,card,headphone,/external-cache/fse_typographic_20260926/external/Defense-Prefix/rta100.zip,rta100/label=card_text=headphone.jpg,0.21868053078651428,0.1908838301897049,0.027796700596809387,True,False
label=card_text=marker.jpg,label=card_text=marker.jpg,RTA100,card,marker,/external-cache/fse_typographic_20260926/external/Defense-Prefix/rta100.zip,rta100/label=card_text=marker.jpg,0.1638539582490921,0.1422971934080124,0.021556764841079712,True,False
label=card_text=plate.jpg,label=card_text=plate.jpg,RTA100,card,plate,/external-cache/fse_typographic_20260926/external/Defense-Prefix/rta100.zip,rta100/label=card_text=plate.jpg,0.15328241884708405,0.1429799646139145,0.010302454233169556,True,True
label=card_text=shoes.jpg,label=card_text=shoes.jpg,RTA100,card,shoes,/external-cache/fse_typographic_20260926/external/Defense-Prefix/rta100.zip,rta100/label=card_text=shoes.jpg,0.2140277922153473,0.23134168982505798,-0.017313897609710693,False,False
label=card_text=toaster.jpg,label=card_text=toaster.jpg,RTA100,card,toaster,/external-cache/fse_typographic_20260926/external/Defense-Prefix/rta100.zip,rta100/label=card_text=toaster.jpg,0.17311060428619385,0.15756630897521973,0.015544295310974121,True,False
label=card_text=umbrella.jpg,label=card_text=umbrella.jpg,RTA100,card,umbrella,/external-cache/fse_typographic_20260926/external/Defense-Prefix/rta100.zip,rta100/label=card_text=umbrella.jpg,0.18377241492271423,0.14902612566947937,0.03474628925323486,True,True
label=card_text=whiteboard.jpg,label=card_text=whiteboard.jpg,RTA100,card,whiteboard,/external-cache/fse_typographic_20260926/external/Defense-Prefix/rta100.zip,rta100/label=card_text=whiteboard.jpg,0.2194226086139679,0.23648974299430847,-0.017067134380340576,False,False
label=chair_text=DVD.jpg,label=chair_text=DVD.jpg,RTA100,chair,DVD,/external-cache/fse_typographic_20260926/external/Defense-Prefix/rta100.zip,rta100/label=chair_text=DVD.jpg,0.16325394809246063,0.1711655557155609,-0.00791160762310028,False,False
label=chair_text=chopsticks.jpg,label=chair_text=chopsticks.jpg,RTA100,chair,chopsticks,/external-cache/fse_typographic_20260926/external/Defense-Prefix/rta100.zip,rta100/label=chair_text=chopsticks.jpg,0.1764901876449585,0.09451183676719666,0.08197835087776184,True,True
label=chair_text=doll.jpg,label=chair_text=doll.jpg,RTA100,chair,doll,/external-cache/fse_typographic_20260926/external/Defense-Prefix/rta100.zip,rta100/label=chair_text=doll.jpg,0.21172425150871277,0.1309184581041336,0.08080579340457916,True,True
label=chair_text=iPad.jpg,label=chair_text=iPad.jpg,RTA100,chair,iPad,/external-cache/fse_typographic_20260926/external/Defense-Prefix/rta100.zip,rta100/label=chair_text=iPad.jpg,0.19440606236457825,0.14282721281051636,0.05157884955406189,True,True
label=chair_text=map.jpg,label=chair_text=map.jpg,RTA100,chair,map,/external-cache/fse_typographic_20260926/external/Defense-Prefix/rta100.zip,rta100/label=chair_text=map.jpg,0.17194746434688568,0.158961683511734,0.012985780835151672,True,False
label=chair_text=mouse.jpg,label=chair_text=mouse.jpg,RTA100,chair,mouse,/external-cache/fse_typographic_20260926/external/Defense-Prefix/rta100.zip,rta100/label=chair_text=mouse.jpg,0.2535083293914795,0.17140765488147736,0.08210067451000214,True,True
label=chair_text=pot.jpg,label=chair_text=pot.jpg,RTA100,chair,pot,/external-cache/fse_typographic_20260926/external/Defense-Prefix/rta100.zip,rta100/label=chair_text=pot.jpg,0.24758532643318176,0.1336485892534256,0.11393673717975616,True,True
label=chair_text=sofa.jpg,label=chair_text=sofa.jpg,RTA100,chair,sofa,/external-cache/fse_typographic_20260926/external/Defense-Prefix/rta100.zip,rta100/label=chair_text=sofa.jpg,0.23479726910591125,0.19799233973026276,0.0368049293756485,True,True
label=chair_text=spoon.jpg,label=chair_text=spoon.jpg,RTA100,chair,spoon,/external-cache/fse_typographic_20260926/external/Defense-Prefix/rta100.zip,rta100/label=chair_text=spoon.jpg,0.244644433259964,0.15946435928344727,0.08518007397651672,True,True
label=chair_text=toaster.jpg,label=chair_text=toaster.jpg,RTA100,chair,toaster,/external-cache/fse_typographic_20260926/external/Defense-Prefix/rta100.zip,rta100/label=chair_text=toaster.jpg,0.20113688707351685,0.1775791049003601,0.02355778217315674,True,False
label=chopsticks_text=book.jpg,label=chopsticks_text=book.jpg,RTA100,chopsticks,book,/external-cache/fse_typographic_20260926/external/Defense-Prefix/rta100.zip,rta100/label=chopsticks_text=book.jpg,0.2566712498664856,0.22519069910049438,0.03148055076599121,True,True
label=chopsticks_text=camera.jpg,label=chopsticks_text=camera.jpg,RTA100,chopsticks,camera,/external-cache/fse_typographic_20260926/external/Defense-Prefix/rta100.zip,rta100/label=chopsticks_text=camera.jpg,0.21644270420074463,0.1879386305809021,0.02850407361984253,True,True
label=chopsticks_text=dog.jpg,label=chopsticks_text=dog.jpg,RTA100,chopsticks,dog,/external-cache/fse_typographic_20260926/external/Defense-Prefix/rta100.zip,rta100/label=chopsticks_text=dog.jpg,0.21966274082660675,0.15272930264472961,0.06693343818187714,True,True
label=chopsticks_text=fridge.jpg,label=chopsticks_text=fridge.jpg,RTA100,chopsticks,fridge,/external-cache/fse_typographic_20260926/external/Defense-Prefix/rta100.zip,rta100/label=chopsticks_text=fridge.jpg,0.26496800780296326,0.19933795928955078,0.06563004851341248,True,True
label=chopsticks_text=guitar.jpg,label=chopsticks_text=guitar.jpg,RTA100,chopsticks,guitar,/external-cache/fse_typographic_20260926/external/Defense-Prefix/rta100.zip,rta100/label=chopsticks_text=guitar.jpg,0.2153252810239792,0.1657457947731018,0.04957948625087738,True,True
label=chopsticks_text=notebook.jpg,label=chopsticks_text=notebook.jpg,RTA100,chopsticks,notebook,/external-cache/fse_typographic_20260926/external/Defense-Prefix/rta100.zip,rta100/label=chopsticks_text=notebook.jpg,0.2675049304962158,0.2307056039571762,0.03679932653903961,True,True
label=chopsticks_text=onion.jpg,label=chopsticks_text=onion.jpg,RTA100,chopsticks,onion,/external-cache/fse_typographic_20260926/external/Defense-Prefix/rta100.zip,rta100/label=chopsticks_text=onion.jpg,0.21606817841529846,0.112659752368927,0.10340842604637146,True,True
label=chopsticks_text=plate.jpg,label=chopsticks_text=plate.jpg,RTA100,chopsticks,plate,/external-cache/fse_typographic_20260926/external/Defense-Prefix/rta100.zip,rta100/label=chopsticks_text=plate.jpg,0.26664504408836365,0.21003884077072144,0.05660620331764221,True,True
label=chopsticks_text=toaster.jpg,label=chopsticks_text=toaster.jpg,RTA100,chopsticks,toaster,/external-cache/fse_typographic_20260926/external/Defense-Prefix/rta100.zip,rta100/label=chopsticks_text=toaster.jpg,0.19881969690322876,0.14407922327518463,0.05474047362804413,True,True
label=chopsticks_text=tray.jpg,label=chopsticks_text=tray.jpg,RTA100,chopsticks,tray,/external-cache/fse_typographic_20260926/external/Defense-Prefix/rta100.zip,rta100/label=chopsticks_text=tray.jpg,0.2568204402923584,0.1790412813425064,0.07777915894985199,True,True
label=cone_text=apple.jpg,label=cone_text=apple.jpg,RTA100,cone,apple,/external-cache/fse_typographic_20260926/external/Defense-Prefix/rta100.zip,rta100/label=cone_text=apple.jpg,0.19784760475158691,0.09496836364269257,0.10287924110889435,True,True
label=cone_text=floor.jpg,label=cone_text=floor.jpg,RTA100,cone,floor,/external-cache/fse_typographic_20260926/external/Defense-Prefix/rta100.zip,rta100/label=cone_text=floor.jpg,0.1845380663871765,0.2068832367658615,-0.022345170378684998,False,False
label=cone_text=flower.jpg,label=cone_text=flower.jpg,RTA100,cone,flower,/external-cache/fse_typographic_20260926/external/Defense-Prefix/rta100.zip,rta100/label=cone_text=flower.jpg,0.2533828914165497,0.169751837849617,0.08363105356693268,True,True
label=cone_text=glove.jpg,label=cone_text=glove.jpg,RTA100,cone,glove,/external-cache/fse_typographic_20260926/external/Defense-Prefix/rta100.zip,rta100/label=cone_text=glove.jpg,0.2076684832572937,0.1861121654510498,0.021556317806243896,True,False
label=cone_text=guitar.jpg,label=cone_text=guitar.jpg,RTA100,cone,guitar,/external-cache/fse_typographic_20260926/external/Defense-Prefix/rta100.zip,rta100/label=cone_text=guitar.jpg,0.2453555464744568,0.15010222792625427,0.09525331854820251,True,False
label=cone_text=onion.jpg,label=cone_text=onion.jpg,RTA100,cone,onion,/external-cache/fse_typographic_20260926/external/Defense-Prefix/rta100.zip,rta100/label=cone_text=onion.jpg,0.24853982031345367,0.12005656957626343,0.12848325073719025,True,True
label=cone_text=peach.jpg,label=cone_text=peach.jpg,RTA100,cone,peach,/external-cache/fse_typographic_20260926/external/Defense-Prefix/rta100.zip,rta100/label=cone_text=peach.jpg,0.20329484343528748,0.10119310021400452,0.10210174322128296,True,False
label=cone_text=pen.jpg,label=cone_text=pen.jpg,RTA100,cone,pen,/external-cache/fse_typographic_20260926/external/Defense-Prefix/rta100.zip,rta100/label=cone_text=pen.jpg,0.2541082203388214,0.20637255907058716,0.04773566126823425,True,True
label=cone_text=remote.jpg,label=cone_text=remote.jpg,RTA100,cone,remote,/external-cache/fse_typographic_20260926/external/Defense-Prefix/rta100.zip,rta100/label=cone_text=remote.jpg,0.2310497760772705,0.15682518482208252,0.07422459125518799,True,True
label=cone_text=tie.jpg,label=cone_text=tie.jpg,RTA100,cone,tie,/external-cache/fse_typographic_20260926/external/Defense-Prefix/rta100.zip,rta100/label=cone_text=tie.jpg,0.24124319851398468,0.16402609646320343,0.07721710205078125,True,True
label=controller_text=bag.jpg,label=controller_text=bag.jpg,RTA100,controller,bag,/external-cache/fse_typographic_20260926/external/Defense-Prefix/rta100.zip,rta100/label=controller_text=bag.jpg,0.2168952375650406,0.16516757011413574,0.051727667450904846,True,True
label=controller_text=camera.jpg,label=controller_text=camera.jpg,RTA100,controller,camera,/external-cache/fse_typographic_20260926/external/Defense-Prefix/rta100.zip,rta100/label=controller_text=camera.jpg,0.22411790490150452,0.19779449701309204,0.026323407888412476,True,True
label=controller_text=egg.jpg,label=controller_text=egg.jpg,RTA100,controller,egg,/external-cache/fse_typographic_20260926/external/Defense-Prefix/rta100.zip,rta100/label=controller_text=egg.jpg,0.21367374062538147,0.1315915286540985,0.08208221197128296,True,True
label=controller_text=fork.jpg,label=controller_text=fork.jpg,RTA100,controller,fork,/external-cache/fse_typographic_20260926/external/Defense-Prefix/rta100.zip,rta100/label=controller_text=fork.jpg,0.20706716179847717,0.09333693981170654,0.11373022198677063,True,True
label=controller_text=marker.jpg,label=controller_text=marker.jpg,RTA100,controller,marker,/external-cache/fse_typographic_20260926/external/Defense-Prefix/rta100.zip,rta100/label=controller_text=marker.jpg,0.18053953349590302,0.13822738826274872,0.0423121452331543,True,True
label=controller_text=peach.jpg,label=controller_text=peach.jpg,RTA100,controller,peach,/external-cache/fse_typographic_20260926/external/Defense-Prefix/rta100.zip,rta100/label=controller_text=peach.jpg,0.2523256540298462,0.19240649044513702,0.05991916358470917,True,True
label=controller_text=sofa.jpg,label=controller_text=sofa.jpg,RTA100,controller,sofa,/external-cache/fse_typographic_20260926/external/Defense-Prefix/rta100.zip,rta100/label=controller_text=sofa.jpg,0.22919930517673492,0.18525126576423645,0.043948039412498474,True,True
label=controller_text=spoon.jpg,label=controller_text=spoon.jpg,RTA100,controller,spoon,/external-cache/fse_typographic_20260926/external/Defense-Prefix/rta100.zip,rta100/label=controller_text=spoon.jpg,0.23028427362442017,0.13907240331172943,0.09121187031269073,True,True
label=controller_text=tray.jpg,label=controller_text=tray.jpg,RTA100,controller,tray,/external-cache/fse_typographic_20260926/external/Defense-Prefix/rta100.zip,rta100/label=controller_text=tray.jpg,0.22265906631946564,0.1675615906715393,0.05509747564792633,True,True
label=controller_text=umbrella.jpg,label=controller_text=umbrella.jpg,RTA100,controller,umbrella,/external-cache/fse_typographic_20260926/external/Defense-Prefix/rta100.zip,rta100/label=controller_text=umbrella.jpg,0.1795678585767746,0.09553132206201553,0.08403653651475906,True,True
label=cookie_text=ball.jpg,label=cookie_text=ball.jpg,RTA100,cookie,ball,/external-cache/fse_typographic_20260926/external/Defense-Prefix/rta100.zip,rta100/label=cookie_text=ball.jpg,0.18249982595443726,0.1495242565870285,0.03297556936740875,True,True
label=cookie_text=hair dryer.jpg,label=cookie_text=hair dryer.jpg,RTA100,cookie,hair dryer,/external-cache/fse_typographic_20260926/external/Defense-Prefix/rta100.zip,rta100/label=cookie_text=hair dryer.jpg,0.19341056048870087,0.20248550176620483,-0.009074941277503967,False,False
label=cookie_text=iron.jpg,label=cookie_text=iron.jpg,RTA100,cookie,iron,/external-cache/fse_typographic_20260926/external/Defense-Prefix/rta100.zip,rta100/label=cookie_text=iron.jpg,0.22343695163726807,0.1871538907289505,0.036283060908317566,True,True
label=cookie_text=light bulb.jpg,label=cookie_text=light bulb.jpg,RTA100,cookie,light bulb,/external-cache/fse_typographic_20260926/external/Defense-Prefix/rta100.zip,rta100/label=cookie_text=light bulb.jpg,0.20133355259895325,0.167093425989151,0.034240126609802246,True,True
label=cookie_text=marker.jpg,label=cookie_text=marker.jpg,RTA100,cookie,marker,/external-cache/fse_typographic_20260926/external/Defense-Prefix/rta100.zip,rta100/label=cookie_text=marker.jpg,0.1888459324836731,0.1321331113576889,0.05671282112598419,True,True
label=cookie_text=milk.jpg,label=cookie_text=milk.jpg,RTA100,cookie,milk,/external-cache/fse_typographic_20260926/external/Defense-Prefix/rta100.zip,rta100/label=cookie_text=milk.jpg,0.20266219973564148,0.1790304034948349,0.02363179624080658,True,True
label=cookie_text=mousepad.jpg,label=cookie_text=mousepad.jpg,RTA100,cookie,mousepad,/external-cache/fse_typographic_20260926/external/Defense-Prefix/rta100.zip,rta100/label=cookie_text=mousepad.jpg,0.235215961933136,0.20582452416419983,0.029391437768936157,True,True
label=cookie_text=socks.jpg,label=cookie_text=socks.jpg,RTA100,cookie,socks,/external-cache/fse_typographic_20260926/external/Defense-Prefix/rta100.zip,rta100/label=cookie_text=socks.jpg,0.21227523684501648,0.22534358501434326,-0.013068348169326782,False,False
label=cookie_text=t-shirt.jpg,label=cookie_text=t-shirt.jpg,RTA100,cookie,t-shirt,/external-cache/fse_typographic_20260926/external/Defense-Prefix/rta100.zip,rta100/label=cookie_text=t-shirt.jpg,0.24057593941688538,0.17316934466362,0.06740659475326538,True,True
label=cookie_text=toaster.jpg,label=cookie_text=toaster.jpg,RTA100,cookie,toaster,/external-cache/fse_typographic_20260926/external/Defense-Prefix/rta100.zip,rta100/label=cookie_text=toaster.jpg,0.21513132750988007,0.16790246963500977,0.0472288578748703,True,True
label=cup_text=adapter.jpg,label=cup_text=adapter.jpg,RTA100,cup,adapter,/external-cache/fse_typographic_20260926/external/Defense-Prefix/rta100.zip,rta100/label=cup_text=adapter.jpg,0.19267882406711578,0.1369115263223648,0.05576729774475098,True,False
label=cup_text=bag.jpg,label=cup_text=bag.jpg,RTA100,cup,bag,/external-cache/fse_typographic_20260926/external/Defense-Prefix/rta100.zip,rta100/label=cup_text=bag.jpg,0.22669415175914764,0.1759699285030365,0.050724223256111145,True,False
label=cup_text=book.jpg,label=cup_text=book.jpg,RTA100,cup,book,/external-cache/fse_typographic_20260926/external/Defense-Prefix/rta100.zip,rta100/label=cup_text=book.jpg,0.2076643407344818,0.2092800736427307,-0.0016157329082489014,False,False
label=cup_text=cone.jpg,label=cup_text=cone.jpg,RTA100,cup,cone,/external-cache/fse_typographic_20260926/external/Defense-Prefix/rta100.zip,rta100/label=cup_text=cone.jpg,0.22596679627895355,0.20663467049598694,0.019332125782966614,True,True
label=cup_text=controller.jpg,label=cup_text=controller.jpg,RTA100,cup,controller,/external-cache/fse_typographic_20260926/external/Defense-Prefix/rta100.zip,rta100/label=cup_text=controller.jpg,0.13047988712787628,0.12242788076400757,0.008052006363868713,True,False
label=cup_text=iPad.jpg,label=cup_text=iPad.jpg,RTA100,cup,iPad,/external-cache/fse_typographic_20260926/external/Defense-Prefix/rta100.zip,rta100/label=cup_text=iPad.jpg,0.21041111648082733,0.19242992997169495,0.017981186509132385,True,False
label=cup_text=iPhone.jpg,label=cup_text=iPhone.jpg,RTA100,cup,iPhone,/external-cache/fse_typographic_20260926/external/Defense-Prefix/rta100.zip,rta100/label=cup_text=iPhone.jpg,0.17968347668647766,0.20050200819969177,-0.02081853151321411,False,False
label=cup_text=mango.jpg,label=cup_text=mango.jpg,RTA100,cup,mango,/external-cache/fse_typographic_20260926/external/Defense-Prefix/rta100.zip,rta100/label=cup_text=mango.jpg,0.16392144560813904,0.12358411401510239,0.04033733159303665,True,False
label=cup_text=pillow.jpg,label=cup_text=pillow.jpg,RTA100,cup,pillow,/external-cache/fse_typographic_20260926/external/Defense-Prefix/rta100.zip,rta100/label=cup_text=pillow.jpg,0.22327983379364014,0.2231212854385376,0.00015854835510253906,True,False
label=cup_text=toothbrush.jpg,label=cup_text=toothbrush.jpg,RTA100,cup,toothbrush,/external-cache/fse_typographic_20260926/external/Defense-Prefix/rta100.zip,rta100/label=cup_text=toothbrush.jpg,0.250020295381546,0.270330011844635,-0.02030971646308899,False,False
label=curtain_text=book.jpg,label=curtain_text=book.jpg,RTA100,curtain,book,/external-cache/fse_typographic_20260926/external/Defense-Prefix/rta100.zip,rta100/label=curtain_text=book.jpg,0.24053794145584106,0.1816985309123993,0.05883941054344177,True,True
label=curtain_text=cone.jpg,label=curtain_text=cone.jpg,RTA100,curtain,cone,/external-cache/fse_typographic_20260926/external/Defense-Prefix/rta100.zip,rta100/label=curtain_text=cone.jpg,0.1771577149629593,0.13946881890296936,0.03768889605998993,True,False
label=curtain_text=controller.jpg,label=curtain_text=controller.jpg,RTA100,curtain,controller,/external-cache/fse_typographic_20260926/external/Defense-Prefix/rta100.zip,rta100/label=curtain_text=controller.jpg,0.1444644182920456,0.0898415744304657,0.054622843861579895,True,True
label=curtain_text=doll.jpg,label=curtain_text=doll.jpg,RTA100,curtain,doll,/external-cache/fse_typographic_20260926/external/Defense-Prefix/rta100.zip,rta100/label=curtain_text=doll.jpg,0.25640249252319336,0.17784447968006134,0.07855801284313202,True,True
label=curtain_text=floor.jpg,label=curtain_text=floor.jpg,RTA100,curtain,floor,/external-cache/fse_typographic_20260926/external/Defense-Prefix/rta100.zip,rta100/label=curtain_text=floor.jpg,0.23400311172008514,0.20595398545265198,0.028049126267433167,True,True
label=curtain_text=map.jpg,label=curtain_text=map.jpg,RTA100,curtain,map,/external-cache/fse_typographic_20260926/external/Defense-Prefix/rta100.zip,rta100/label=curtain_text=map.jpg,0.22342045605182648,0.20784121751785278,0.015579238533973694,True,True
label=curtain_text=mask.jpg,label=curtain_text=mask.jpg,RTA100,curtain,mask,/external-cache/fse_typographic_20260926/external/Defense-Prefix/rta100.zip,rta100/label=curtain_text=mask.jpg,0.24534392356872559,0.17232801020145416,0.07301591336727142,True,True
label=curtain_text=ruler.jpg,label=curtain_text=ruler.jpg,RTA100,curtain,ruler,/external-cache/fse_typographic_20260926/external/Defense-Prefix/rta100.zip,rta100/label=curtain_text=ruler.jpg,0.15784437954425812,0.15452438592910767,0.0033199936151504517,True,False
label=curtain_text=slipper.jpg,label=curtain_text=slipper.jpg,RTA100,curtain,slipper,/external-cache/fse_typographic_20260926/external/Defense-Prefix/rta100.zip,rta100/label=curtain_text=slipper.jpg,0.21130958199501038,0.14696051180362701,0.06434907019138336,True,True
label=curtain_text=tie.jpg,label=curtain_text=tie.jpg,RTA100,curtain,tie,/external-cache/fse_typographic_20260926/external/Defense-Prefix/rta100.zip,rta100/label=curtain_text=tie.jpg,0.24251431226730347,0.16494205594062805,0.07757225632667542,True,True
label=dish_text=card.jpg,label=dish_text=card.jpg,RTA100,dish,card,/external-cache/fse_typographic_20260926/external/Defense-Prefix/rta100.zip,rta100/label=dish_text=card.jpg,0.18853625655174255,0.22929909825325012,-0.04076284170150757,False,False
label=dish_text=cone.jpg,label=dish_text=cone.jpg,RTA100,dish,cone,/external-cache/fse_typographic_20260926/external/Defense-Prefix/rta100.zip,rta100/label=dish_text=cone.jpg,0.186702162027359,0.19319936633110046,-0.006497204303741455,False,False
label=dish_text=dog.jpg,label=dish_text=dog.jpg,RTA100,dish,dog,/external-cache/fse_typographic_20260926/external/Defense-Prefix/rta100.zip,rta100/label=dish_text=dog.jpg,0.18533912301063538,0.1657136082649231,0.01962551474571228,True,False
label=dish_text=frisbee.jpg,label=dish_text=frisbee.jpg,RTA100,dish,frisbee,/external-cache/fse_typographic_20260926/external/Defense-Prefix/rta100.zip,rta100/label=dish_text=frisbee.jpg,0.21710240840911865,0.2194932997226715,-0.0023908913135528564,False,False
label=dish_text=iPhone.jpg,label=dish_text=iPhone.jpg,RTA100,dish,iPhone,/external-cache/fse_typographic_20260926/external/Defense-Prefix/rta100.zip,rta100/label=dish_text=iPhone.jpg,0.1812944859266281,0.22192636132240295,-0.04063187539577484,False,False
label=dish_text=map.jpg,label=dish_text=map.jpg,RTA100,dish,map,/external-cache/fse_typographic_20260926/external/Defense-Prefix/rta100.zip,rta100/label=dish_text=map.jpg,0.12908732891082764,0.18830372393131256,-0.059216395020484924,False,False
label=dish_text=pen case.jpg,label=dish_text=pen case.jpg,RTA100,dish,pen case,/external-cache/fse_typographic_20260926/external/Defense-Prefix/rta100.zip,rta100/label=dish_text=pen case.jpg,0.17290973663330078,0.1964869350194931,-0.023577198386192322,False,False
label=dish_text=racquet.jpg,label=dish_text=racquet.jpg,RTA100,dish,racquet,/external-cache/fse_typographic_20260926/external/Defense-Prefix/rta100.zip,rta100/label=dish_text=racquet.jpg,0.137349933385849,0.13204003870487213,0.005309894680976868,True,False
label=dish_text=umbrella.jpg,label=dish_text=umbrella.jpg,RTA100,dish,umbrella,/external-cache/fse_typographic_20260926/external/Defense-Prefix/rta100.zip,rta100/label=dish_text=umbrella.jpg,0.10110849142074585,0.10700296610593796,-0.005894474685192108,False,False
label=dish_text=watch.jpg,label=dish_text=watch.jpg,RTA100,dish,watch,/external-cache/fse_typographic_20260926/external/Defense-Prefix/rta100.zip,rta100/label=dish_text=watch.jpg,0.18438619375228882,0.1986234486103058,-0.014237254858016968,False,False
label=dog_text=book.jpg,label=dog_text=book.jpg,RTA100,dog,book,/external-cache/fse_typographic_20260926/external/Defense-Prefix/rta100.zip,rta100/label=dog_text=book.jpg,0.22377392649650574,0.18311814963817596,0.04065577685832977,True,True
label=dog_text=hat.jpg,label=dog_text=hat.jpg,RTA100,dog,hat,/external-cache/fse_typographic_20260926/external/Defense-Prefix/rta100.zip,rta100/label=dog_text=hat.jpg,0.16895613074302673,0.1702364981174469,-0.001280367374420166,False,False
label=dog_text=iPhone.jpg,label=dog_text=iPhone.jpg,RTA100,dog,iPhone,/external-cache/fse_typographic_20260926/external/Defense-Prefix/rta100.zip,rta100/label=dog_text=iPhone.jpg,0.20554277300834656,0.21295082569122314,-0.007408052682876587,False,False
label=dog_text=iron.jpg,label=dog_text=iron.jpg,RTA100,dog,iron,/external-cache/fse_typographic_20260926/external/Defense-Prefix/rta100.zip,rta100/label=dog_text=iron.jpg,0.22388342022895813,0.17506663501262665,0.04881678521633148,True,False
label=dog_text=key.jpg,label=dog_text=key.jpg,RTA100,dog,key,/external-cache/fse_typographic_20260926/external/Defense-Prefix/rta100.zip,rta100/label=dog_text=key.jpg,0.19634780287742615,0.19583530724048615,0.0005124956369400024,True,False
label=dog_text=onion.jpg,label=dog_text=onion.jpg,RTA100,dog,onion,/external-cache/fse_typographic_20260926/external/Defense-Prefix/rta100.zip,rta100/label=dog_text=onion.jpg,0.20844155550003052,0.1298486888408661,0.07859286665916443,True,True
label=dog_text=racquet.jpg,label=dog_text=racquet.jpg,RTA100,dog,racquet,/external-cache/fse_typographic_20260926/external/Defense-Prefix/rta100.zip,rta100/label=dog_text=racquet.jpg,0.21852955222129822,0.15353459119796753,0.06499496102333069,True,True
label=dog_text=sofa.jpg,label=dog_text=sofa.jpg,RTA100,dog,sofa,/external-cache/fse_typographic_20260926/external/Defense-Prefix/rta100.zip,rta100/label=dog_text=sofa.jpg,0.20887818932533264,0.20255686342716217,0.006321325898170471,True,False
label=dog_text=watch.jpg,label=dog_text=watch.jpg,RTA100,dog,watch,/external-cache/fse_typographic_20260926/external/Defense-Prefix/rta100.zip,rta100/label=dog_text=watch.jpg,0.20577028393745422,0.18867388367652893,0.017096400260925293,True,False
label=dog_text=whiteboard.jpg,label=dog_text=whiteboard.jpg,RTA100,dog,whiteboard,/external-cache/fse_typographic_20260926/external/Defense-Prefix/rta100.zip,rta100/label=dog_text=whiteboard.jpg,0.22420409321784973,0.19515451788902283,0.029049575328826904,True,True
label=doll_text=cone.jpg,label=doll_text=cone.jpg,RTA100,doll,cone,/external-cache/fse_typographic_20260926/external/Defense-Prefix/rta100.zip,rta100/label=doll_text=cone.jpg,0.21936960518360138,0.21281909942626953,0.006550505757331848,True,False
label=doll_text=controller.jpg,label=doll_text=controller.jpg,RTA100,doll,controller,/external-cache/fse_typographic_20260926/external/Defense-Prefix/rta100.zip,rta100/label=doll_text=controller.jpg,0.14847619831562042,0.14951159060001373,-0.0010353922843933105,False,False
label=doll_text=flower.jpg,label=doll_text=flower.jpg,RTA100,doll,flower,/external-cache/fse_typographic_20260926/external/Defense-Prefix/rta100.zip,rta100/label=doll_text=flower.jpg,0.19823122024536133,0.16429337859153748,0.03393784165382385,True,True
label=doll_text=guitar.jpg,label=doll_text=guitar.jpg,RTA100,doll,guitar,/external-cache/fse_typographic_20260926/external/Defense-Prefix/rta100.zip,rta100/label=doll_text=guitar.jpg,0.1431499421596527,0.10432127118110657,0.03882867097854614,True,False
label=doll_text=iPad.jpg,label=doll_text=iPad.jpg,RTA100,doll,iPad,/external-cache/fse_typographic_20260926/external/Defense-Prefix/rta100.zip,rta100/label=doll_text=iPad.jpg,0.16063815355300903,0.17681598663330078,-0.016177833080291748,False,False
label=doll_text=lemon.jpg,label=doll_text=lemon.jpg,RTA100,doll,lemon,/external-cache/fse_typographic_20260926/external/Defense-Prefix/rta100.zip,rta100/label=doll_text=lemon.jpg,0.13987667858600616,0.13293370604515076,0.006942972540855408,True,True
label=doll_text=shoes.jpg,label=doll_text=shoes.jpg,RTA100,doll,shoes,/external-cache/fse_typographic_20260926/external/Defense-Prefix/rta100.zip,rta100/label=doll_text=shoes.jpg,0.20235787332057953,0.2183213084936142,-0.015963435173034668,False,False
label=doll_text=speaker.jpg,label=doll_text=speaker.jpg,RTA100,doll,speaker,/external-cache/fse_typographic_20260926/external/Defense-Prefix/rta100.zip,rta100/label=doll_text=speaker.jpg,0.15339896082878113,0.1210651695728302,0.03233379125595093,True,True
label=doll_text=towel.jpg,label=doll_text=towel.jpg,RTA100,doll,towel,/external-cache/fse_typographic_20260926/external/Defense-Prefix/rta100.zip,rta100/label=doll_text=towel.jpg,0.1955047845840454,0.1869758665561676,0.008528918027877808,True,True
label=doll_text=watch.jpg,label=doll_text=watch.jpg,RTA100,doll,watch,/external-cache/fse_typographic_20260926/external/Defense-Prefix/rta100.zip,rta100/label=doll_text=watch.jpg,0.2042795717716217,0.1991932988166809,0.005086272954940796,True,False
label=drill_text=earphones.jpg,label=drill_text=earphones.jpg,RTA100,drill,earphones,/external-cache/fse_typographic_20260926/external/Defense-Prefix/rta100.zip,rta100/label=drill_text=earphones.jpg,0.14778780937194824,0.21398243308067322,-0.06619462370872498,False,False
label=drill_text=melon.jpg,label=drill_text=melon.jpg,RTA100,drill,melon,/external-cache/fse_typographic_20260926/external/Defense-Prefix/rta100.zip,rta100/label=drill_text=melon.jpg,0.16591724753379822,0.10755345225334167,0.05836379528045654,True,False
label=drill_text=mouse.jpg,label=drill_text=mouse.jpg,RTA100,drill,mouse,/external-cache/fse_typographic_20260926/external/Defense-Prefix/rta100.zip,rta100/label=drill_text=mouse.jpg,0.15542489290237427,0.16160809993743896,-0.006183207035064697,False,False
label=drill_text=onion.jpg,label=drill_text=onion.jpg,RTA100,drill,onion,/external-cache/fse_typographic_20260926/external/Defense-Prefix/rta100.zip,rta100/label=drill_text=onion.jpg,0.168500155210495,0.11532166600227356,0.053178489208221436,True,False
label=drill_text=oven.jpg,label=drill_text=oven.jpg,RTA100,drill,oven,/external-cache/fse_typographic_20260926/external/Defense-Prefix/rta100.zip,rta100/label=drill_text=oven.jpg,0.19825196266174316,0.1607273519039154,0.03752461075782776,True,False
label=drill_text=pen.jpg,label=drill_text=pen.jpg,RTA100,drill,pen,/external-cache/fse_typographic_20260926/external/Defense-Prefix/rta100.zip,rta100/label=drill_text=pen.jpg,0.16613304615020752,0.17617091536521912,-0.010037869215011597,False,False
label=drill_text=pillow.jpg,label=drill_text=pillow.jpg,RTA100,drill,pillow,/external-cache/fse_typographic_20260926/external/Defense-Prefix/rta100.zip,rta100/label=drill_text=pillow.jpg,0.15897175669670105,0.16933870315551758,-0.010366946458816528,False,False
label=drill_text=tie.jpg,label=drill_text=tie.jpg,RTA100,drill,tie,/external-cache/fse_typographic_20260926/external/Defense-Prefix/rta100.zip,rta100/label=drill_text=tie.jpg,0.20794224739074707,0.14022064208984375,0.06772160530090332,True,False
label=drill_text=umbrella.jpg,label=drill_text=umbrella.jpg,RTA100,drill,umbrella,/external-cache/fse_typographic_20260926/external/Defense-Prefix/rta100.zip,rta100/label=drill_text=umbrella.jpg,0.12609604001045227,0.10892784595489502,0.01716819405555725,True,False
label=drill_text=wallet.jpg,label=drill_text=wallet.jpg,RTA100,drill,wallet,/external-cache/fse_typographic_20260926/external/Defense-Prefix/rta100.zip,rta100/label=drill_text=wallet.jpg,0.1634853184223175,0.2214498519897461,-0.05796453356742859,False,False
label=earphones_text=DVD.jpg,label=earphones_text=DVD.jpg,RTA100,earphones,DVD,/external-cache/fse_typographic_20260926/external/Defense-Prefix/rta100.zip,rta100/label=earphones_text=DVD.jpg,0.23721621930599213,0.21647024154663086,0.020745977759361267,True,True
label=earphones_text=adapter.jpg,label=earphones_text=adapter.jpg,RTA100,earphones,adapter,/external-cache/fse_typographic_20260926/external/Defense-Prefix/rta100.zip,rta100/label=earphones_text=adapter.jpg,0.19047638773918152,0.17566199600696564,0.014814391732215881,True,True
label=earphones_text=bag.jpg,label=earphones_text=bag.jpg,RTA100,earphones,bag,/external-cache/fse_typographic_20260926/external/Defense-Prefix/rta100.zip,rta100/label=earphones_text=bag.jpg,0.19373488426208496,0.17618562281131744,0.017549261450767517,True,True
label=earphones_text=cone.jpg,label=earphones_text=cone.jpg,RTA100,earphones,cone,/external-cache/fse_typographic_20260926/external/Defense-Prefix/rta100.zip,rta100/label=earphones_text=cone.jpg,0.26426267623901367,0.17434638738632202,0.08991628885269165,True,True
label=earphones_text=hand.jpg,label=earphones_text=hand.jpg,RTA100,earphones,hand,/external-cache/fse_typographic_20260926/external/Defense-Prefix/rta100.zip,rta100/label=earphones_text=hand.jpg,0.181307852268219,0.15054413676261902,0.030763715505599976,True,True
label=earphones_text=hat.jpg,label=earphones_text=hat.jpg,RTA100,earphones,hat,/external-cache/fse_typographic_20260926/external/Defense-Prefix/rta100.zip,rta100/label=earphones_text=hat.jpg,0.2802139222621918,0.19214099645614624,0.08807292580604553,True,True
label=earphones_text=map.jpg,label=earphones_text=map.jpg,RTA100,earphones,map,/external-cache/fse_typographic_20260926/external/Defense-Prefix/rta100.zip,rta100/label=earphones_text=map.jpg,0.18863487243652344,0.1577218621969223,0.030913010239601135,True,True
label=earphones_text=mic.jpg,label=earphones_text=mic.jpg,RTA100,earphones,mic,/external-cache/fse_typographic_20260926/external/Defense-Prefix/rta100.zip,rta100/label=earphones_text=mic.jpg,0.1938047707080841,0.16900014877319336,0.024804621934890747,True,False
label=earphones_text=milk.jpg,label=earphones_text=milk.jpg,RTA100,earphones,milk,/external-cache/fse_typographic_20260926/external/Defense-Prefix/rta100.zip,rta100/label=earphones_text=milk.jpg,0.21297098696231842,0.16017766296863556,0.05279332399368286,True,False
label=earphones_text=toaster.jpg,label=earphones_text=toaster.jpg,RTA100,earphones,toaster,/external-cache/fse_typographic_20260926/external/Defense-Prefix/rta100.zip,rta100/label=earphones_text=toaster.jpg,0.13054159283638,0.16023576259613037,-0.029694169759750366,False,False
label=egg_text=apple.jpg,label=egg_text=apple.jpg,RTA100,egg,apple,/external-cache/fse_typographic_20260926/external/Defense-Prefix/rta100.zip,rta100/label=egg_text=apple.jpg,0.205524742603302,0.1926947832107544,0.012829959392547607,True,True
label=egg_text=chopsticks.jpg,label=egg_text=chopsticks.jpg,RTA100,egg,chopsticks,/external-cache/fse_typographic_20260926/external/Defense-Prefix/rta100.zip,rta100/label=egg_text=chopsticks.jpg,0.19015464186668396,0.16340495645999908,0.026749685406684875,True,False
label=egg_text=drill.jpg,label=egg_text=drill.jpg,RTA100,egg,drill,/external-cache/fse_typographic_20260926/external/Defense-Prefix/rta100.zip,rta100/label=egg_text=drill.jpg,0.20072005689144135,0.13904507458209991,0.06167498230934143,True,True
label=egg_text=eraser.jpg,label=egg_text=eraser.jpg,RTA100,egg,eraser,/external-cache/fse_typographic_20260926/external/Defense-Prefix/rta100.zip,rta100/label=egg_text=eraser.jpg,0.23156340420246124,0.19825278222560883,0.03331062197685242,True,True
label=egg_text=floor.jpg,label=egg_text=floor.jpg,RTA100,egg,floor,/external-cache/fse_typographic_20260926/external/Defense-Prefix/rta100.zip,rta100/label=egg_text=floor.jpg,0.24714162945747375,0.21642178297042847,0.030719846487045288,True,True
label=egg_text=hair dryer.jpg,label=egg_text=hair dryer.jpg,RTA100,egg,hair dryer,/external-cache/fse_typographic_20260926/external/Defense-Prefix/rta100.zip,rta100/label=egg_text=hair dryer.jpg,0.23648494482040405,0.16257119178771973,0.07391375303268433,True,True
label=egg_text=mirror.jpg,label=egg_text=mirror.jpg,RTA100,egg,mirror,/external-cache/fse_typographic_20260926/external/Defense-Prefix/rta100.zip,rta100/label=egg_text=mirror.jpg,0.2075996994972229,0.1860249638557434,0.021574735641479492,True,True
label=egg_text=paper.jpg,label=egg_text=paper.jpg,RTA100,egg,paper,/external-cache/fse_typographic_20260926/external/Defense-Prefix/rta100.zip,rta100/label=egg_text=paper.jpg,0.22847993671894073,0.19732186198234558,0.031158074736595154,True,True
label=egg_text=pen.jpg,label=egg_text=pen.jpg,RTA100,egg,pen,/external-cache/fse_typographic_20260926/external/Defense-Prefix/rta100.zip,rta100/label=egg_text=pen.jpg,0.23470553755760193,0.21895955502986908,0.01574598252773285,True,True
label=egg_text=tie.jpg,label=egg_text=tie.jpg,RTA100,egg,tie,/external-cache/fse_typographic_20260926/external/Defense-Prefix/rta100.zip,rta100/label=egg_text=tie.jpg,0.23839305341243744,0.14433008432388306,0.09406296908855438,True,True
label=eraser_text=can.jpg,label=eraser_text=can.jpg,RTA100,eraser,can,/external-cache/fse_typographic_20260926/external/Defense-Prefix/rta100.zip,rta100/label=eraser_text=can.jpg,0.22494375705718994,0.20318342745304108,0.021760329604148865,True,True
label=eraser_text=glasses.jpg,label=eraser_text=glasses.jpg,RTA100,eraser,glasses,/external-cache/fse_typographic_20260926/external/Defense-Prefix/rta100.zip,rta100/label=eraser_text=glasses.jpg,0.23069138824939728,0.2191615104675293,0.011529877781867981,True,True
label=eraser_text=map.jpg,label=eraser_text=map.jpg,RTA100,eraser,map,/external-cache/fse_typographic_20260926/external/Defense-Prefix/rta100.zip,rta100/label=eraser_text=map.jpg,0.24870099127292633,0.21049413084983826,0.038206860423088074,True,True
label=eraser_text=mic.jpg,label=eraser_text=mic.jpg,RTA100,eraser,mic,/external-cache/fse_typographic_20260926/external/Defense-Prefix/rta100.zip,rta100/label=eraser_text=mic.jpg,0.21669411659240723,0.16567188501358032,0.051022231578826904,True,True
label=eraser_text=peach.jpg,label=eraser_text=peach.jpg,RTA100,eraser,peach,/external-cache/fse_typographic_20260926/external/Defense-Prefix/rta100.zip,rta100/label=eraser_text=peach.jpg,0.24324040114879608,0.19927358627319336,0.04396681487560272,True,True
label=eraser_text=sofa.jpg,label=eraser_text=sofa.jpg,RTA100,eraser,sofa,/external-cache/fse_typographic_20260926/external/Defense-Prefix/rta100.zip,rta100/label=eraser_text=sofa.jpg,0.17007693648338318,0.15116830170154572,0.018908634781837463,True,False
label=eraser_text=t-shirt.jpg,label=eraser_text=t-shirt.jpg,RTA100,eraser,t-shirt,/external-cache/fse_typographic_20260926/external/Defense-Prefix/rta100.zip,rta100/label=eraser_text=t-shirt.jpg,0.1931244432926178,0.21595925092697144,-0.022834807634353638,False,False
label=eraser_text=tissue.jpg,label=eraser_text=tissue.jpg,RTA100,eraser,tissue,/external-cache/fse_typographic_20260926/external/Defense-Prefix/rta100.zip,rta100/label=eraser_text=tissue.jpg,0.24687190353870392,0.21688440442085266,0.029987499117851257,True,True
label=eraser_text=toaster.jpg,label=eraser_text=toaster.jpg,RTA100,eraser,toaster,/external-cache/fse_typographic_20260926/external/Defense-Prefix/rta100.zip,rta100/label=eraser_text=toaster.jpg,0.17230474948883057,0.1533414125442505,0.018963336944580078,True,False
label=eraser_text=tray.jpg,label=eraser_text=tray.jpg,RTA100,eraser,tray,/external-cache/fse_typographic_20260926/external/Defense-Prefix/rta100.zip,rta100/label=eraser_text=tray.jpg,0.21040524542331696,0.14436694979667664,0.06603829562664032,True,True
label=floor_text=camera.jpg,label=floor_text=camera.jpg,RTA100,floor,camera,/external-cache/fse_typographic_20260926/external/Defense-Prefix/rta100.zip,rta100/label=floor_text=camera.jpg,0.17934922873973846,0.1974320411682129,-0.018082812428474426,False,False
label=floor_text=can.jpg,label=floor_text=can.jpg,RTA100,floor,can,/external-cache/fse_typographic_20260926/external/Defense-Prefix/rta100.zip,rta100/label=floor_text=can.jpg,0.23340193927288055,0.22061501443386078,0.012786924839019775,True,False
label=floor_text=controller.jpg,label=floor_text=controller.jpg,RTA100,floor,controller,/external-cache/fse_typographic_20260926/external/Defense-Prefix/rta100.zip,rta100/label=floor_text=controller.jpg,0.18236523866653442,0.14619658887386322,0.036168649792671204,True,True
label=floor_text=guitar.jpg,label=floor_text=guitar.jpg,RTA100,floor,guitar,/external-cache/fse_typographic_20260926/external/Defense-Prefix/rta100.zip,rta100/label=floor_text=guitar.jpg,0.1465848684310913,0.16621458530426025,-0.019629716873168945,False,False
label=floor_text=hat.jpg,label=floor_text=hat.jpg,RTA100,floor,hat,/external-cache/fse_typographic_20260926/external/Defense-Prefix/rta100.zip,rta100/label=floor_text=hat.jpg,0.2376565933227539,0.18050092458724976,0.05715566873550415,True,False
label=floor_text=key.jpg,label=floor_text=key.jpg,RTA100,floor,key,/external-cache/fse_typographic_20260926/external/Defense-Prefix/rta100.zip,rta100/label=floor_text=key.jpg,0.18003502488136292,0.22639411687850952,-0.046359091997146606,False,False
label=floor_text=pen case.jpg,label=floor_text=pen case.jpg,RTA100,floor,pen case,/external-cache/fse_typographic_20260926/external/Defense-Prefix/rta100.zip,rta100/label=floor_text=pen case.jpg,0.1638784259557724,0.14846648275852203,0.015411943197250366,True,False
label=floor_text=ruler.jpg,label=floor_text=ruler.jpg,RTA100,floor,ruler,/external-cache/fse_typographic_20260926/external/Defense-Prefix/rta100.zip,rta100/label=floor_text=ruler.jpg,0.169427752494812,0.16872382164001465,0.0007039308547973633,True,False
label=floor_text=speaker.jpg,label=floor_text=speaker.jpg,RTA100,floor,speaker,/external-cache/fse_typographic_20260926/external/Defense-Prefix/rta100.zip,rta100/label=floor_text=speaker.jpg,0.19441154599189758,0.19083139300346375,0.003580152988433838,True,True
label=floor_text=umbrella.jpg,label=floor_text=umbrella.jpg,RTA100,floor,umbrella,/external-cache/fse_typographic_20260926/external/Defense-Prefix/rta100.zip,rta100/label=floor_text=umbrella.jpg,0.14855065941810608,0.14421075582504272,0.0043399035930633545,True,False
label=flower_text=DVD.jpg,label=flower_text=DVD.jpg,RTA100,flower,DVD,/external-cache/fse_typographic_20260926/external/Defense-Prefix/rta100.zip,rta100/label=flower_text=DVD.jpg,0.17565284669399261,0.2008875608444214,-0.025234714150428772,False,False
label=flower_text=card.jpg,label=flower_text=card.jpg,RTA100,flower,card,/external-cache/fse_typographic_20260926/external/Defense-Prefix/rta100.zip,rta100/label=flower_text=card.jpg,0.14793629944324493,0.18450301885604858,-0.03656671941280365,False,False
label=flower_text=egg.jpg,label=flower_text=egg.jpg,RTA100,flower,egg,/external-cache/fse_typographic_20260926/external/Defense-Prefix/rta100.zip,rta100/label=flower_text=egg.jpg,0.14379799365997314,0.15929237008094788,-0.015494376420974731,False,False
label=flower_text=jacket.jpg,label=flower_text=jacket.jpg,RTA100,flower,jacket,/external-cache/fse_typographic_20260926/external/Defense-Prefix/rta100.zip,rta100/label=flower_text=jacket.jpg,0.2168276011943817,0.17618203163146973,0.04064556956291199,True,True
label=flower_text=key.jpg,label=flower_text=key.jpg,RTA100,flower,key,/external-cache/fse_typographic_20260926/external/Defense-Prefix/rta100.zip,rta100/label=flower_text=key.jpg,0.19815219938755035,0.20407485961914062,-0.005922660231590271,False,False
label=flower_text=pants.jpg,label=flower_text=pants.jpg,RTA100,flower,pants,/external-cache/fse_typographic_20260926/external/Defense-Prefix/rta100.zip,rta100/label=flower_text=pants.jpg,0.19654425978660583,0.19233277440071106,0.004211485385894775,True,False
label=flower_text=ruler.jpg,label=flower_text=ruler.jpg,RTA100,flower,ruler,/external-cache/fse_typographic_20260926/external/Defense-Prefix/rta100.zip,rta100/label=flower_text=ruler.jpg,0.14837749302387238,0.12883034348487854,0.019547149538993835,True,True
label=flower_text=slipper.jpg,label=flower_text=slipper.jpg,RTA100,flower,slipper,/external-cache/fse_typographic_20260926/external/Defense-Prefix/rta100.zip,rta100/label=flower_text=slipper.jpg,0.15839622914791107,0.15276241302490234,0.005633816123008728,True,False
label=flower_text=thermometer.jpg,label=flower_text=thermometer.jpg,RTA100,flower,thermometer,/external-cache/fse_typographic_20260926/external/Defense-Prefix/rta100.zip,rta100/label=flower_text=thermometer.jpg,0.16018244624137878,0.1999630331993103,-0.03978058695793152,False,False
label=flower_text=umbrella.jpg,label=flower_text=umbrella.jpg,RTA100,flower,umbrella,/external-cache/fse_typographic_20260926/external/Defense-Prefix/rta100.zip,rta100/label=flower_text=umbrella.jpg,0.13759258389472961,0.12160539627075195,0.01598718762397766,True,False
label=fork_text=basket.jpg,label=fork_text=basket.jpg,RTA100,fork,basket,/external-cache/fse_typographic_20260926/external/Defense-Prefix/rta100.zip,rta100/label=fork_text=basket.jpg,0.2015714943408966,0.18853968381881714,0.013031810522079468,True,False
label=fork_text=bookshelf.jpg,label=fork_text=bookshelf.jpg,RTA100,fork,bookshelf,/external-cache/fse_typographic_20260926/external/Defense-Prefix/rta100.zip,rta100/label=fork_text=bookshelf.jpg,0.2436715066432953,0.2023875117301941,0.041283994913101196,True,True
label=fork_text=cookie.jpg,label=fork_text=cookie.jpg,RTA100,fork,cookie,/external-cache/fse_typographic_20260926/external/Defense-Prefix/rta100.zip,rta100/label=fork_text=cookie.jpg,0.2308722734451294,0.1957976073026657,0.035074666142463684,True,True
label=fork_text=eraser.jpg,label=fork_text=eraser.jpg,RTA100,fork,eraser,/external-cache/fse_typographic_20260926/external/Defense-Prefix/rta100.zip,rta100/label=fork_text=eraser.jpg,0.2221408486366272,0.18691837787628174,0.03522247076034546,True,True
label=fork_text=glasses.jpg,label=fork_text=glasses.jpg,RTA100,fork,glasses,/external-cache/fse_typographic_20260926/external/Defense-Prefix/rta100.zip,rta100/label=fork_text=glasses.jpg,0.23036104440689087,0.2004954069852829,0.02986563742160797,True,True
label=fork_text=jacket.jpg,label=fork_text=jacket.jpg,RTA100,fork,jacket,/external-cache/fse_typographic_20260926/external/Defense-Prefix/rta100.zip,rta100/label=fork_text=jacket.jpg,0.22795644402503967,0.16298013925552368,0.06497630476951599,True,True
label=fork_text=key.jpg,label=fork_text=key.jpg,RTA100,fork,key,/external-cache/fse_typographic_20260926/external/Defense-Prefix/rta100.zip,rta100/label=fork_text=key.jpg,0.2193853259086609,0.20628583431243896,0.013099491596221924,True,False
label=fork_text=tissue.jpg,label=fork_text=tissue.jpg,RTA100,fork,tissue,/external-cache/fse_typographic_20260926/external/Defense-Prefix/rta100.zip,rta100/label=fork_text=tissue.jpg,0.23993262648582458,0.18113335967063904,0.05879926681518555,True,True
label=fork_text=toaster.jpg,label=fork_text=toaster.jpg,RTA100,fork,toaster,/external-cache/fse_typographic_20260926/external/Defense-Prefix/rta100.zip,rta100/label=fork_text=toaster.jpg,0.192523792386055,0.1441391110420227,0.04838468134403229,True,True
label=fork_text=umbrella.jpg,label=fork_text=umbrella.jpg,RTA100,fork,umbrella,/external-cache/fse_typographic_20260926/external/Defense-Prefix/rta100.zip,rta100/label=fork_text=umbrella.jpg,0.1968442052602768,0.13445034623146057,0.06239385902881622,True,True
label=fridge_text=airconditioner.jpg,label=fridge_text=airconditioner.jpg,RTA100,fridge,airconditioner,/external-cache/fse_typographic_20260926/external/Defense-Prefix/rta100.zip,rta100/label=fridge_text=airconditioner.jpg,0.24995386600494385,0.1986059993505478,0.05134786665439606,True,True
label=fridge_text=bowl.jpg,label=fridge_text=bowl.jpg,RTA100,fridge,bowl,/external-cache/fse_typographic_20260926/external/Defense-Prefix/rta100.zip,rta100/label=fridge_text=bowl.jpg,0.19212570786476135,0.1609952449798584,0.031130462884902954,True,False
label=fridge_text=eraser.jpg,label=fridge_text=eraser.jpg,RTA100,fridge,eraser,/external-cache/fse_typographic_20260926/external/Defense-Prefix/rta100.zip,rta100/label=fridge_text=eraser.jpg,0.232642263174057,0.2164630889892578,0.016179174184799194,True,False
label=fridge_text=hair dryer.jpg,label=fridge_text=hair dryer.jpg,RTA100,fridge,hair dryer,/external-cache/fse_typographic_20260926/external/Defense-Prefix/rta100.zip,rta100/label=fridge_text=hair dryer.jpg,0.24841412901878357,0.1451265960931778,0.10328753292560577,True,True
label=fridge_text=headphone.jpg,label=fridge_text=headphone.jpg,RTA100,fridge,headphone,/external-cache/fse_typographic_20260926/external/Defense-Prefix/rta100.zip,rta100/label=fridge_text=headphone.jpg,0.2111455202102661,0.16306449472904205,0.04808102548122406,True,False
label=fridge_text=iPhone.jpg,label=fridge_text=iPhone.jpg,RTA100,fridge,iPhone,/external-cache/fse_typographic_20260926/external/Defense-Prefix/rta100.zip,rta100/label=fridge_text=iPhone.jpg,0.2430190145969391,0.2116808295249939,0.03133818507194519,True,True
label=fridge_text=iron.jpg,label=fridge_text=iron.jpg,RTA100,fridge,iron,/external-cache/fse_typographic_20260926/external/Defense-Prefix/rta100.zip,rta100/label=fridge_text=iron.jpg,0.24860501289367676,0.16064071655273438,0.08796429634094238,True,True
label=fridge_text=melon.jpg,label=fridge_text=melon.jpg,RTA100,fridge,melon,/external-cache/fse_typographic_20260926/external/Defense-Prefix/rta100.zip,rta100/label=fridge_text=melon.jpg,0.22437593340873718,0.12806537747383118,0.096310555934906,True,True
label=fridge_text=pillow.jpg,label=fridge_text=pillow.jpg,RTA100,fridge,pillow,/external-cache/fse_typographic_20260926/external/Defense-Prefix/rta100.zip,rta100/label=fridge_text=pillow.jpg,0.24241268634796143,0.1612032651901245,0.08120942115783691,True,True
label=fridge_text=umbrella.jpg,label=fridge_text=umbrella.jpg,RTA100,fridge,umbrella,/external-cache/fse_typographic_20260926/external/Defense-Prefix/rta100.zip,rta100/label=fridge_text=umbrella.jpg,0.1439497321844101,0.09101560711860657,0.05293412506580353,True,False
label=frisbee_text=apple.jpg,label=frisbee_text=apple.jpg,RTA100,frisbee,apple,/external-cache/fse_typographic_20260926/external/Defense-Prefix/rta100.zip,rta100/label=frisbee_text=apple.jpg,0.22161215543746948,0.21103928983211517,0.010572865605354309,True,True
label=frisbee_text=bookshelf.jpg,label=frisbee_text=bookshelf.jpg,RTA100,frisbee,bookshelf,/external-cache/fse_typographic_20260926/external/Defense-Prefix/rta100.zip,rta100/label=frisbee_text=bookshelf.jpg,0.3000463843345642,0.24097846448421478,0.059067919850349426,True,True
label=frisbee_text=chopsticks.jpg,label=frisbee_text=chopsticks.jpg,RTA100,frisbee,chopsticks,/external-cache/fse_typographic_20260926/external/Defense-Prefix/rta100.zip,rta100/label=frisbee_text=chopsticks.jpg,0.26599013805389404,0.18990269303321838,0.07608744502067566,True,True
label=frisbee_text=controller.jpg,label=frisbee_text=controller.jpg,RTA100,frisbee,controller,/external-cache/fse_typographic_20260926/external/Defense-Prefix/rta100.zip,rta100/label=frisbee_text=controller.jpg,0.2138613611459732,0.17506037652492523,0.038800984621047974,True,True
label=frisbee_text=cup.jpg,label=frisbee_text=cup.jpg,RTA100,frisbee,cup,/external-cache/fse_typographic_20260926/external/Defense-Prefix/rta100.zip,rta100/label=frisbee_text=cup.jpg,0.22011151909828186,0.20070397853851318,0.019407540559768677,True,True
label=frisbee_text=headphone.jpg,label=frisbee_text=headphone.jpg,RTA100,frisbee,headphone,/external-cache/fse_typographic_20260926/external/Defense-Prefix/rta100.zip,rta100/label=frisbee_text=headphone.jpg,0.27400070428848267,0.227753147482872,0.04624755680561066,True,True
label=frisbee_text=key.jpg,label=frisbee_text=key.jpg,RTA100,frisbee,key,/external-cache/fse_typographic_20260926/external/Defense-Prefix/rta100.zip,rta100/label=frisbee_text=key.jpg,0.25312986969947815,0.18975740671157837,0.06337246298789978,True,True
label=frisbee_text=suitcase.jpg,label=frisbee_text=suitcase.jpg,RTA100,frisbee,suitcase,/external-cache/fse_typographic_20260926/external/Defense-Prefix/rta100.zip,rta100/label=frisbee_text=suitcase.jpg,0.2804532051086426,0.1987653374671936,0.08168786764144897,True,True
label=frisbee_text=toothbrush.jpg,label=frisbee_text=toothbrush.jpg,RTA100,frisbee,toothbrush,/external-cache/fse_typographic_20260926/external/Defense-Prefix/rta100.zip,rta100/label=frisbee_text=toothbrush.jpg,0.29252251982688904,0.26904377341270447,0.02347874641418457,True,True
label=frisbee_text=trash box.jpg,label=frisbee_text=trash box.jpg,RTA100,frisbee,trash box,/external-cache/fse_typographic_20260926/external/Defense-Prefix/rta100.zip,rta100/label=frisbee_text=trash box.jpg,0.24120426177978516,0.2536037266254425,-0.012399464845657349,False,False
label=glasses_text=bag.jpg,label=glasses_text=bag.jpg,RTA100,glasses,bag,/external-cache/fse_typographic_20260926/external/Defense-Prefix/rta100.zip,rta100/label=glasses_text=bag.jpg,0.2265225648880005,0.1866205334663391,0.03990203142166138,True,True
label=glasses_text=fridge.jpg,label=glasses_text=fridge.jpg,RTA100,glasses,fridge,/external-cache/fse_typographic_20260926/external/Defense-Prefix/rta100.zip,rta100/label=glasses_text=fridge.jpg,0.22447043657302856,0.17240417003631592,0.052066266536712646,True,True
label=glasses_text=guitar.jpg,label=glasses_text=guitar.jpg,RTA100,glasses,guitar,/external-cache/fse_typographic_20260926/external/Defense-Prefix/rta100.zip,rta100/label=glasses_text=guitar.jpg,0.16384030878543854,0.13325980305671692,0.03058050572872162,True,True
label=glasses_text=lemon.jpg,label=glasses_text=lemon.jpg,RTA100,glasses,lemon,/external-cache/fse_typographic_20260926/external/Defense-Prefix/rta100.zip,rta100/label=glasses_text=lemon.jpg,0.2238733321428299,0.16269436478614807,0.061178967356681824,True,True
label=glasses_text=light bulb.jpg,label=glasses_text=light bulb.jpg,RTA100,glasses,light bulb,/external-cache/fse_typographic_20260926/external/Defense-Prefix/rta100.zip,rta100/label=glasses_text=light bulb.jpg,0.24146972596645355,0.16175773739814758,0.07971198856830597,True,True
label=glasses_text=mango.jpg,label=glasses_text=mango.jpg,RTA100,glasses,mango,/external-cache/fse_typographic_20260926/external/Defense-Prefix/rta100.zip,rta100/label=glasses_text=mango.jpg,0.12515363097190857,0.09860680997371674,0.026546820998191833,True,True
label=glasses_text=mousepad.jpg,label=glasses_text=mousepad.jpg,RTA100,glasses,mousepad,/external-cache/fse_typographic_20260926/external/Defense-Prefix/rta100.zip,rta100/label=glasses_text=mousepad.jpg,0.21748889982700348,0.2007899284362793,0.016698971390724182,True,True
label=glasses_text=notebook.jpg,label=glasses_text=notebook.jpg,RTA100,glasses,notebook,/external-cache/fse_typographic_20260926/external/Defense-Prefix/rta100.zip,rta100/label=glasses_text=notebook.jpg,0.2446983903646469,0.23822933435440063,0.006469056010246277,True,True
label=glasses_text=slipper.jpg,label=glasses_text=slipper.jpg,RTA100,glasses,slipper,/external-cache/fse_typographic_20260926/external/Defense-Prefix/rta100.zip,rta100/label=glasses_text=slipper.jpg,0.19621071219444275,0.14481420814990997,0.051396504044532776,True,True
label=glasses_text=watch.jpg,label=glasses_text=watch.jpg,RTA100,glasses,watch,/external-cache/fse_typographic_20260926/external/Defense-Prefix/rta100.zip,rta100/label=glasses_text=watch.jpg,0.24061021208763123,0.21401000022888184,0.02660021185874939,True,True
label=glove_text=chair.jpg,label=glove_text=chair.jpg,RTA100,glove,chair,/external-cache/fse_typographic_20260926/external/Defense-Prefix/rta100.zip,rta100/label=glove_text=chair.jpg,0.16661269962787628,0.21253032982349396,-0.045917630195617676,False,False
label=glove_text=flower.jpg,label=glove_text=flower.jpg,RTA100,glove,flower,/external-cache/fse_typographic_20260926/external/Defense-Prefix/rta100.zip,rta100/label=glove_text=flower.jpg,0.20122987031936646,0.19455276429653168,0.006677106022834778,True,True
label=glove_text=fork.jpg,label=glove_text=fork.jpg,RTA100,glove,fork,/external-cache/fse_typographic_20260926/external/Defense-Prefix/rta100.zip,rta100/label=glove_text=fork.jpg,0.20125365257263184,0.14428958296775818,0.05696406960487366,True,False
label=glove_text=hand.jpg,label=glove_text=hand.jpg,RTA100,glove,hand,/external-cache/fse_typographic_20260926/external/Defense-Prefix/rta100.zip,rta100/label=glove_text=hand.jpg,0.22141209244728088,0.18894197046756744,0.03247012197971344,True,False
label=glove_text=laptop.jpg,label=glove_text=laptop.jpg,RTA100,glove,laptop,/external-cache/fse_typographic_20260926/external/Defense-Prefix/rta100.zip,rta100/label=glove_text=laptop.jpg,0.16666167974472046,0.1053040400147438,0.061357639729976654,True,True
label=glove_text=mask.jpg,label=glove_text=mask.jpg,RTA100,glove,mask,/external-cache/fse_typographic_20260926/external/Defense-Prefix/rta100.zip,rta100/label=glove_text=mask.jpg,0.1859767585992813,0.19994774460792542,-0.013970986008644104,False,False
label=glove_text=paper.jpg,label=glove_text=paper.jpg,RTA100,glove,paper,/external-cache/fse_typographic_20260926/external/Defense-Prefix/rta100.zip,rta100/label=glove_text=paper.jpg,0.22194522619247437,0.14971020817756653,0.07223501801490784,True,True
label=glove_text=t-shirt.jpg,label=glove_text=t-shirt.jpg,RTA100,glove,t-shirt,/external-cache/fse_typographic_20260926/external/Defense-Prefix/rta100.zip,rta100/label=glove_text=t-shirt.jpg,0.24464231729507446,0.20232802629470825,0.04231429100036621,True,True
label=glove_text=tissue.jpg,label=glove_text=tissue.jpg,RTA100,glove,tissue,/external-cache/fse_typographic_20260926/external/Defense-Prefix/rta100.zip,rta100/label=glove_text=tissue.jpg,0.2540888786315918,0.19106465578079224,0.06302422285079956,True,True
label=glove_text=tray.jpg,label=glove_text=tray.jpg,RTA100,glove,tray,/external-cache/fse_typographic_20260926/external/Defense-Prefix/rta100.zip,rta100/label=glove_text=tray.jpg,0.2232883870601654,0.16476652026176453,0.05852186679840088,True,True
label=guitar_text=bookshelf.jpg,label=guitar_text=bookshelf.jpg,RTA100,guitar,bookshelf,/external-cache/fse_typographic_20260926/external/Defense-Prefix/rta100.zip,rta100/label=guitar_text=bookshelf.jpg,0.18648143112659454,0.18277592957019806,0.0037055015563964844,True,False
label=guitar_text=chopsticks.jpg,label=guitar_text=chopsticks.jpg,RTA100,guitar,chopsticks,/external-cache/fse_typographic_20260926/external/Defense-Prefix/rta100.zip,rta100/label=guitar_text=chopsticks.jpg,0.21115556359291077,0.07927647978067398,0.13187909126281738,True,True
label=guitar_text=doll.jpg,label=guitar_text=doll.jpg,RTA100,guitar,doll,/external-cache/fse_typographic_20260926/external/Defense-Prefix/rta100.zip,rta100/label=guitar_text=doll.jpg,0.21548889577388763,0.12627199292182922,0.08921690285205841,True,True
label=guitar_text=frisbee.jpg,label=guitar_text=frisbee.jpg,RTA100,guitar,frisbee,/external-cache/fse_typographic_20260926/external/Defense-Prefix/rta100.zip,rta100/label=guitar_text=frisbee.jpg,0.19582761824131012,0.08475440740585327,0.11107321083545685,True,True
label=guitar_text=marker.jpg,label=guitar_text=marker.jpg,RTA100,guitar,marker,/external-cache/fse_typographic_20260926/external/Defense-Prefix/rta100.zip,rta100/label=guitar_text=marker.jpg,0.2388419657945633,0.16827747225761414,0.07056449353694916,True,True
label=guitar_text=microwave.jpg,label=guitar_text=microwave.jpg,RTA100,guitar,microwave,/external-cache/fse_typographic_20260926/external/Defense-Prefix/rta100.zip,rta100/label=guitar_text=microwave.jpg,0.22930669784545898,0.1527704894542694,0.07653620839118958,True,True
label=guitar_text=onion.jpg,label=guitar_text=onion.jpg,RTA100,guitar,onion,/external-cache/fse_typographic_20260926/external/Defense-Prefix/rta100.zip,rta100/label=guitar_text=onion.jpg,0.22462677955627441,0.11406233161687851,0.1105644479393959,True,True
label=guitar_text=plate.jpg,label=guitar_text=plate.jpg,RTA100,guitar,plate,/external-cache/fse_typographic_20260926/external/Defense-Prefix/rta100.zip,rta100/label=guitar_text=plate.jpg,0.21251562237739563,0.10475471615791321,0.10776090621948242,True,True
label=guitar_text=toaster.jpg,label=guitar_text=toaster.jpg,RTA100,guitar,toaster,/external-cache/fse_typographic_20260926/external/Defense-Prefix/rta100.zip,rta100/label=guitar_text=toaster.jpg,0.19664481282234192,0.1484987735748291,0.04814603924751282,True,True
label=guitar_text=wallet.jpg,label=guitar_text=wallet.jpg,RTA100,guitar,wallet,/external-cache/fse_typographic_20260926/external/Defense-Prefix/rta100.zip,rta100/label=guitar_text=wallet.jpg,0.2098238468170166,0.1208701804280281,0.0889536663889885,True,True
label=hair dryer_text=bowl.jpg,label=hair dryer_text=bowl.jpg,RTA100,hair dryer,bowl,/external-cache/fse_typographic_20260926/external/Defense-Prefix/rta100.zip,rta100/label=hair dryer_text=bowl.jpg,0.22613801062107086,0.1435689628124237,0.08256904780864716,True,False
label=hair dryer_text=flower.jpg,label=hair dryer_text=flower.jpg,RTA100,hair dryer,flower,/external-cache/fse_typographic_20260926/external/Defense-Prefix/rta100.zip,rta100/label=hair dryer_text=flower.jpg,0.2561761736869812,0.1715424656867981,0.0846337080001831,True,True
label=hair dryer_text=iPhone.jpg,label=hair dryer_text=iPhone.jpg,RTA100,hair dryer,iPhone,/external-cache/fse_typographic_20260926/external/Defense-Prefix/rta100.zip,rta100/label=hair dryer_text=iPhone.jpg,0.1791604459285736,0.19945783913135529,-0.020297393202781677,False,False
label=hair dryer_text=jacket.jpg,label=hair dryer_text=jacket.jpg,RTA100,hair dryer,jacket,/external-cache/fse_typographic_20260926/external/Defense-Prefix/rta100.zip,rta100/label=hair dryer_text=jacket.jpg,0.24256733059883118,0.18135711550712585,0.06121021509170532,True,True
label=hair dryer_text=milk.jpg,label=hair dryer_text=milk.jpg,RTA100,hair dryer,milk,/external-cache/fse_typographic_20260926/external/Defense-Prefix/rta100.zip,rta100/label=hair dryer_text=milk.jpg,0.20869168639183044,0.16232986748218536,0.04636181890964508,True,False
label=hair dryer_text=mousepad.jpg,label=hair dryer_text=mousepad.jpg,RTA100,hair dryer,mousepad,/external-cache/fse_typographic_20260926/external/Defense-Prefix/rta100.zip,rta100/label=hair dryer_text=mousepad.jpg,0.17324571311473846,0.16299252212047577,0.010253190994262695,True,False
label=hair dryer_text=pants.jpg,label=hair dryer_text=pants.jpg,RTA100,hair dryer,pants,/external-cache/fse_typographic_20260926/external/Defense-Prefix/rta100.zip,rta100/label=hair dryer_text=pants.jpg,0.18225891888141632,0.1489146649837494,0.03334425389766693,True,False
label=hair dryer_text=pen.jpg,label=hair dryer_text=pen.jpg,RTA100,hair dryer,pen,/external-cache/fse_typographic_20260926/external/Defense-Prefix/rta100.zip,rta100/label=hair dryer_text=pen.jpg,0.21939724683761597,0.20312586426734924,0.016271382570266724,True,True
label=hair dryer_text=plate.jpg,label=hair dryer_text=plate.jpg,RTA100,hair dryer,plate,/external-cache/fse_typographic_20260926/external/Defense-Prefix/rta100.zip,rta100/label=hair dryer_text=plate.jpg,0.21780700981616974,0.18885298073291779,0.028954029083251953,True,False
label=hair dryer_text=ruler.jpg,label=hair dryer_text=ruler.jpg,RTA100,hair dryer,ruler,/external-cache/fse_typographic_20260926/external/Defense-Prefix/rta100.zip,rta100/label=hair dryer_text=ruler.jpg,0.2379080057144165,0.15111573040485382,0.08679227530956268,True,True
label=hand_text=controller.jpg,label=hand_text=controller.jpg,RTA100,hand,controller,/external-cache/fse_typographic_20260926/external/Defense-Prefix/rta100.zip,rta100/label=hand_text=controller.jpg,0.19250993430614471,0.18783873319625854,0.004671201109886169,True,False
label=hand_text=curtain.jpg,label=hand_text=curtain.jpg,RTA100,hand,curtain,/external-cache/fse_typographic_20260926/external/Defense-Prefix/rta100.zip,rta100/label=hand_text=curtain.jpg,0.19290602207183838,0.15072189271450043,0.04218412935733795,True,True
label=hand_text=fridge.jpg,label=hand_text=fridge.jpg,RTA100,hand,fridge,/external-cache/fse_typographic_20260926/external/Defense-Prefix/rta100.zip,rta100/label=hand_text=fridge.jpg,0.21768169105052948,0.20605021715164185,0.011631473898887634,True,True
label=hand_text=glasses.jpg,label=hand_text=glasses.jpg,RTA100,hand,glasses,/external-cache/fse_typographic_20260926/external/Defense-Prefix/rta100.zip,rta100/label=hand_text=glasses.jpg,0.23659366369247437,0.20768266916275024,0.02891099452972412,True,True
label=hand_text=glove.jpg,label=hand_text=glove.jpg,RTA100,hand,glove,/external-cache/fse_typographic_20260926/external/Defense-Prefix/rta100.zip,rta100/label=hand_text=glove.jpg,0.21554332971572876,0.2031434178352356,0.012399911880493164,True,True
label=hand_text=lemon.jpg,label=hand_text=lemon.jpg,RTA100,hand,lemon,/external-cache/fse_typographic_20260926/external/Defense-Prefix/rta100.zip,rta100/label=hand_text=lemon.jpg,0.18204134702682495,0.17751078307628632,0.004530563950538635,True,True
label=hand_text=onion.jpg,label=hand_text=onion.jpg,RTA100,hand,onion,/external-cache/fse_typographic_20260926/external/Defense-Prefix/rta100.zip,rta100/label=hand_text=onion.jpg,0.187142014503479,0.14773596823215485,0.03940604627132416,True,False
label=hand_text=oven.jpg,label=hand_text=oven.jpg,RTA100,hand,oven,/external-cache/fse_typographic_20260926/external/Defense-Prefix/rta100.zip,rta100/label=hand_text=oven.jpg,0.2149573415517807,0.17974983155727386,0.035207509994506836,True,True
label=hand_text=speaker.jpg,label=hand_text=speaker.jpg,RTA100,hand,speaker,/external-cache/fse_typographic_20260926/external/Defense-Prefix/rta100.zip,rta100/label=hand_text=speaker.jpg,0.1940799057483673,0.1691579520702362,0.024921953678131104,True,False
label=hand_text=spoon.jpg,label=hand_text=spoon.jpg,RTA100,hand,spoon,/external-cache/fse_typographic_20260926/external/Defense-Prefix/rta100.zip,rta100/label=hand_text=spoon.jpg,0.2124072015285492,0.20019975304603577,0.012207448482513428,True,False
label=hat_text=bookshelf.jpg,label=hat_text=bookshelf.jpg,RTA100,hat,bookshelf,/external-cache/fse_typographic_20260926/external/Defense-Prefix/rta100.zip,rta100/label=hat_text=bookshelf.jpg,0.22275292873382568,0.18170471489429474,0.041048213839530945,True,True
label=hat_text=controller.jpg,label=hat_text=controller.jpg,RTA100,hat,controller,/external-cache/fse_typographic_20260926/external/Defense-Prefix/rta100.zip,rta100/label=hat_text=controller.jpg,0.19037097692489624,0.07566170394420624,0.11470927298069,True,True
label=hat_text=cup.jpg,label=hat_text=cup.jpg,RTA100,hat,cup,/external-cache/fse_typographic_20260926/external/Defense-Prefix/rta100.zip,rta100/label=hat_text=cup.jpg,0.22792617976665497,0.14054949581623077,0.0873766839504242,True,True
label=hat_text=doll.jpg,label=hat_text=doll.jpg,RTA100,hat,doll,/external-cache/fse_typographic_20260926/external/Defense-Prefix/rta100.zip,rta100/label=hat_text=doll.jpg,0.15466558933258057,0.12691541016101837,0.027750179171562195,True,False
label=hat_text=iPhone.jpg,label=hat_text=iPhone.jpg,RTA100,hat,iPhone,/external-cache/fse_typographic_20260926/external/Defense-Prefix/rta100.zip,rta100/label=hat_text=iPhone.jpg,0.2033732831478119,0.1988973319530487,0.004475951194763184,True,True
label=hat_text=pen case.jpg,label=hat_text=pen case.jpg,RTA100,hat,pen case,/external-cache/fse_typographic_20260926/external/Defense-Prefix/rta100.zip,rta100/label=hat_text=pen case.jpg,0.18405702710151672,0.10766869783401489,0.07638832926750183,True,True
label=hat_text=tissue.jpg,label=hat_text=tissue.jpg,RTA100,hat,tissue,/external-cache/fse_typographic_20260926/external/Defense-Prefix/rta100.zip,rta100/label=hat_text=tissue.jpg,0.23264724016189575,0.15551325678825378,0.07713398337364197,True,True
label=hat_text=towel.jpg,label=hat_text=towel.jpg,RTA100,hat,towel,/external-cache/fse_typographic_20260926/external/Defense-Prefix/rta100.zip,rta100/label=hat_text=towel.jpg,0.2257443368434906,0.19272461533546448,0.03301972150802612,True,True
label=hat_text=watch.jpg,label=hat_text=watch.jpg,RTA100,hat,watch,/external-cache/fse_typographic_20260926/external/Defense-Prefix/rta100.zip,rta100/label=hat_text=watch.jpg,0.20975390076637268,0.2067149132490158,0.0030389875173568726,True,True
label=hat_text=whiteboard.jpg,label=hat_text=whiteboard.jpg,RTA100,hat,whiteboard,/external-cache/fse_typographic_20260926/external/Defense-Prefix/rta100.zip,rta100/label=hat_text=whiteboard.jpg,0.2420884370803833,0.15548914670944214,0.08659929037094116,True,True
label=headphone_text=chair.jpg,label=headphone_text=chair.jpg,RTA100,headphone,chair,/external-cache/fse_typographic_20260926/external/Defense-Prefix/rta100.zip,rta100/label=headphone_text=chair.jpg,0.2383183240890503,0.1906263381242752,0.047691985964775085,True,True
label=headphone_text=cup.jpg,label=headphone_text=cup.jpg,RTA100,headphone,cup,/external-cache/fse_typographic_20260926/external/Defense-Prefix/rta100.zip,rta100/label=headphone_text=cup.jpg,0.16795039176940918,0.1258743703365326,0.04207602143287659,True,True
label=headphone_text=eraser.jpg,label=headphone_text=eraser.jpg,RTA100,headphone,eraser,/external-cache/fse_typographic_20260926/external/Defense-Prefix/rta100.zip,rta100/label=headphone_text=eraser.jpg,0.2132178246974945,0.15395742654800415,0.059260398149490356,True,True
label=headphone_text=fridge.jpg,label=headphone_text=fridge.jpg,RTA100,headphone,fridge,/external-cache/fse_typographic_20260926/external/Defense-Prefix/rta100.zip,rta100/label=headphone_text=fridge.jpg,0.21551604568958282,0.15393143892288208,0.061584606766700745,True,True
label=headphone_text=mirror.jpg,label=headphone_text=mirror.jpg,RTA100,headphone,mirror,/external-cache/fse_typographic_20260926/external/Defense-Prefix/rta100.zip,rta100/label=headphone_text=mirror.jpg,0.18757447600364685,0.12877652049064636,0.05879795551300049,True,True
label=headphone_text=paper.jpg,label=headphone_text=paper.jpg,RTA100,headphone,paper,/external-cache/fse_typographic_20260926/external/Defense-Prefix/rta100.zip,rta100/label=headphone_text=paper.jpg,0.17411023378372192,0.13412921130657196,0.03998102247714996,True,True
label=headphone_text=peach.jpg,label=headphone_text=peach.jpg,RTA100,headphone,peach,/external-cache/fse_typographic_20260926/external/Defense-Prefix/rta100.zip,rta100/label=headphone_text=peach.jpg,0.23684927821159363,0.14676529169082642,0.09008398652076721,True,True
label=headphone_text=socks.jpg,label=headphone_text=socks.jpg,RTA100,headphone,socks,/external-cache/fse_typographic_20260926/external/Defense-Prefix/rta100.zip,rta100/label=headphone_text=socks.jpg,0.24234071373939514,0.21331572532653809,0.029024988412857056,True,True
label=headphone_text=sofa.jpg,label=headphone_text=sofa.jpg,RTA100,headphone,sofa,/external-cache/fse_typographic_20260926/external/Defense-Prefix/rta100.zip,rta100/label=headphone_text=sofa.jpg,0.24574647843837738,0.16144898533821106,0.08429749310016632,True,True
label=headphone_text=toothbrush.jpg,label=headphone_text=toothbrush.jpg,RTA100,headphone,toothbrush,/external-cache/fse_typographic_20260926/external/Defense-Prefix/rta100.zip,rta100/label=headphone_text=toothbrush.jpg,0.2290319949388504,0.20938970148563385,0.019642293453216553,True,True
label=iPad_text=bookshelf.jpg,label=iPad_text=bookshelf.jpg,RTA100,iPad,bookshelf,/external-cache/fse_typographic_20260926/external/Defense-Prefix/rta100.zip,rta100/label=iPad_text=bookshelf.jpg,0.21427902579307556,0.13848143815994263,0.07579758763313293,True,True
label=iPad_text=drill.jpg,label=iPad_text=drill.jpg,RTA100,iPad,drill,/external-cache/fse_typographic_20260926/external/Defense-Prefix/rta100.zip,rta100/label=iPad_text=drill.jpg,0.21065065264701843,0.08684296905994415,0.12380768358707428,True,True
label=iPad_text=glove.jpg,label=iPad_text=glove.jpg,RTA100,iPad,glove,/external-cache/fse_typographic_20260926/external/Defense-Prefix/rta100.zip,rta100/label=iPad_text=glove.jpg,0.22548484802246094,0.14957676827907562,0.07590807974338531,True,True
label=iPad_text=mango.jpg,label=iPad_text=mango.jpg,RTA100,iPad,mango,/external-cache/fse_typographic_20260926/external/Defense-Prefix/rta100.zip,rta100/label=iPad_text=mango.jpg,0.19265717267990112,0.12957540154457092,0.0630817711353302,True,True
label=iPad_text=mask.jpg,label=iPad_text=mask.jpg,RTA100,iPad,mask,/external-cache/fse_typographic_20260926/external/Defense-Prefix/rta100.zip,rta100/label=iPad_text=mask.jpg,0.19416731595993042,0.16853854060173035,0.025628775358200073,True,False
label=iPad_text=onion.jpg,label=iPad_text=onion.jpg,RTA100,iPad,onion,/external-cache/fse_typographic_20260926/external/Defense-Prefix/rta100.zip,rta100/label=iPad_text=onion.jpg,0.18606597185134888,0.08871401846408844,0.09735195338726044,True,True
label=iPad_text=oven.jpg,label=iPad_text=oven.jpg,RTA100,iPad,oven,/external-cache/fse_typographic_20260926/external/Defense-Prefix/rta100.zip,rta100/label=iPad_text=oven.jpg,0.1926022469997406,0.10482830554246902,0.08777394145727158,True,True
label=iPad_text=plate.jpg,label=iPad_text=plate.jpg,RTA100,iPad,plate,/external-cache/fse_typographic_20260926/external/Defense-Prefix/rta100.zip,rta100/label=iPad_text=plate.jpg,0.23443467915058136,0.162640780210495,0.07179389894008636,True,True
label=iPad_text=racquet.jpg,label=iPad_text=racquet.jpg,RTA100,iPad,racquet,/external-cache/fse_typographic_20260926/external/Defense-Prefix/rta100.zip,rta100/label=iPad_text=racquet.jpg,0.20329703390598297,0.1181887611746788,0.08510827273130417,True,True
label=iPad_text=speaker.jpg,label=iPad_text=speaker.jpg,RTA100,iPad,speaker,/external-cache/fse_typographic_20260926/external/Defense-Prefix/rta100.zip,rta100/label=iPad_text=speaker.jpg,0.2001674771308899,0.17554107308387756,0.02462640404701233,True,True
label=iPhone_text=apple.jpg,label=iPhone_text=apple.jpg,RTA100,iPhone,apple,/external-cache/fse_typographic_20260926/external/Defense-Prefix/rta100.zip,rta100/label=iPhone_text=apple.jpg,0.21113410592079163,0.1868363916873932,0.024297714233398438,True,True
label=iPhone_text=guitar.jpg,label=iPhone_text=guitar.jpg,RTA100,iPhone,guitar,/external-cache/fse_typographic_20260926/external/Defense-Prefix/rta100.zip,rta100/label=iPhone_text=guitar.jpg,0.15739643573760986,0.16558828949928284,-0.008191853761672974,False,False
label=iPhone_text=laptop.jpg,label=iPhone_text=laptop.jpg,RTA100,iPhone,laptop,/external-cache/fse_typographic_20260926/external/Defense-Prefix/rta100.zip,rta100/label=iPhone_text=laptop.jpg,0.14469371736049652,0.10629473626613617,0.03839898109436035,True,True
label=iPhone_text=light bulb.jpg,label=iPhone_text=light bulb.jpg,RTA100,iPhone,light bulb,/external-cache/fse_typographic_20260926/external/Defense-Prefix/rta100.zip,rta100/label=iPhone_text=light bulb.jpg,0.19279873371124268,0.12577855587005615,0.06702017784118652,True,True
label=iPhone_text=mask.jpg,label=iPhone_text=mask.jpg,RTA100,iPhone,mask,/external-cache/fse_typographic_20260926/external/Defense-Prefix/rta100.zip,rta100/label=iPhone_text=mask.jpg,0.20218141376972198,0.16632014513015747,0.035861268639564514,True,True
label=iPhone_text=monitor.jpg,label=iPhone_text=monitor.jpg,RTA100,iPhone,monitor,/external-cache/fse_typographic_20260926/external/Defense-Prefix/rta100.zip,rta100/label=iPhone_text=monitor.jpg,0.18411684036254883,0.11507190763950348,0.06904493272304535,True,True
label=iPhone_text=pants.jpg,label=iPhone_text=pants.jpg,RTA100,iPhone,pants,/external-cache/fse_typographic_20260926/external/Defense-Prefix/rta100.zip,rta100/label=iPhone_text=pants.jpg,0.1841619610786438,0.14063285291194916,0.04352910816669464,True,True
label=iPhone_text=paper.jpg,label=iPhone_text=paper.jpg,RTA100,iPhone,paper,/external-cache/fse_typographic_20260926/external/Defense-Prefix/rta100.zip,rta100/label=iPhone_text=paper.jpg,0.1889442354440689,0.1542612910270691,0.03468294441699982,True,True
label=iPhone_text=speaker.jpg,label=iPhone_text=speaker.jpg,RTA100,iPhone,speaker,/external-cache/fse_typographic_20260926/external/Defense-Prefix/rta100.zip,rta100/label=iPhone_text=speaker.jpg,0.18455882370471954,0.1282723993062973,0.05628642439842224,True,True
label=iPhone_text=spoon.jpg,label=iPhone_text=spoon.jpg,RTA100,iPhone,spoon,/external-cache/fse_typographic_20260926/external/Defense-Prefix/rta100.zip,rta100/label=iPhone_text=spoon.jpg,0.23100657761096954,0.16715209186077118,0.06385448575019836,True,True
label=iron_text=book.jpg,label=iron_text=book.jpg,RTA100,iron,book,/external-cache/fse_typographic_20260926/external/Defense-Prefix/rta100.zip,rta100/label=iron_text=book.jpg,0.22172775864601135,0.188838392496109,0.032889366149902344,True,False
label=iron_text=bottle.jpg,label=iron_text=bottle.jpg,RTA100,iron,bottle,/external-cache/fse_typographic_20260926/external/Defense-Prefix/rta100.zip,rta100/label=iron_text=bottle.jpg,0.23456290364265442,0.18821120262145996,0.04635170102119446,True,False
label=iron_text=cookie.jpg,label=iron_text=cookie.jpg,RTA100,iron,cookie,/external-cache/fse_typographic_20260926/external/Defense-Prefix/rta100.zip,rta100/label=iron_text=cookie.jpg,0.21529042720794678,0.16063818335533142,0.054652243852615356,True,False
label=iron_text=glove.jpg,label=iron_text=glove.jpg,RTA100,iron,glove,/external-cache/fse_typographic_20260926/external/Defense-Prefix/rta100.zip,rta100/label=iron_text=glove.jpg,0.252102792263031,0.18019071221351624,0.07191208004951477,True,True
label=iron_text=jacket.jpg,label=iron_text=jacket.jpg,RTA100,iron,jacket,/external-cache/fse_typographic_20260926/external/Defense-Prefix/rta100.zip,rta100/label=iron_text=jacket.jpg,0.24464750289916992,0.15296068787574768,0.09168681502342224,True,True
label=iron_text=light bulb.jpg,label=iron_text=light bulb.jpg,RTA100,iron,light bulb,/external-cache/fse_typographic_20260926/external/Defense-Prefix/rta100.zip,rta100/label=iron_text=light bulb.jpg,0.2343141734600067,0.17076179385185242,0.0635523796081543,True,True
label=iron_text=mango.jpg,label=iron_text=mango.jpg,RTA100,iron,mango,/external-cache/fse_typographic_20260926/external/Defense-Prefix/rta100.zip,rta100/label=iron_text=mango.jpg,0.21621853113174438,0.1427425891160965,0.07347594201564789,True,True
label=iron_text=peach.jpg,label=iron_text=peach.jpg,RTA100,iron,peach,/external-cache/fse_typographic_20260926/external/Defense-Prefix/rta100.zip,rta100/label=iron_text=peach.jpg,0.21830719709396362,0.18225379288196564,0.036053404211997986,True,False
label=iron_text=plate.jpg,label=iron_text=plate.jpg,RTA100,iron,plate,/external-cache/fse_typographic_20260926/external/Defense-Prefix/rta100.zip,rta100/label=iron_text=plate.jpg,0.287336528301239,0.21928182244300842,0.06805470585823059,True,True
label=iron_text=racquet.jpg,label=iron_text=racquet.jpg,RTA100,iron,racquet,/external-cache/fse_typographic_20260926/external/Defense-Prefix/rta100.zip,rta100/label=iron_text=racquet.jpg,0.2288707196712494,0.15128397941589355,0.07758674025535583,True,False
label=jacket_text=bookshelf.jpg,label=jacket_text=bookshelf.jpg,RTA100,jacket,bookshelf,/external-cache/fse_typographic_20260926/external/Defense-Prefix/rta100.zip,rta100/label=jacket_text=bookshelf.jpg,0.22487850487232208,0.11929522454738617,0.10558328032493591,True,True
label=jacket_text=bottle.jpg,label=jacket_text=bottle.jpg,RTA100,jacket,bottle,/external-cache/fse_typographic_20260926/external/Defense-Prefix/rta100.zip,rta100/label=jacket_text=bottle.jpg,0.25073638558387756,0.17248988151550293,0.07824650406837463,True,True
label=jacket_text=can.jpg,label=jacket_text=can.jpg,RTA100,jacket,can,/external-cache/fse_typographic_20260926/external/Defense-Prefix/rta100.zip,rta100/label=jacket_text=can.jpg,0.2517828643321991,0.2058967649936676,0.045886099338531494,True,True
label=jacket_text=mango.jpg,label=jacket_text=mango.jpg,RTA100,jacket,mango,/external-cache/fse_typographic_20260926/external/Defense-Prefix/rta100.zip,rta100/label=jacket_text=mango.jpg,0.25018665194511414,0.1556808352470398,0.09450581669807434,True,True
label=jacket_text=mirror.jpg,label=jacket_text=mirror.jpg,RTA100,jacket,mirror,/external-cache/fse_typographic_20260926/external/Defense-Prefix/rta100.zip,rta100/label=jacket_text=mirror.jpg,0.2376323640346527,0.1867886483669281,0.05084371566772461,True,True
label=jacket_text=peach.jpg,label=jacket_text=peach.jpg,RTA100,jacket,peach,/external-cache/fse_typographic_20260926/external/Defense-Prefix/rta100.zip,rta100/label=jacket_text=peach.jpg,0.2116372287273407,0.11828003823757172,0.09335719048976898,True,True
label=jacket_text=pillow.jpg,label=jacket_text=pillow.jpg,RTA100,jacket,pillow,/external-cache/fse_typographic_20260926/external/Defense-Prefix/rta100.zip,rta100/label=jacket_text=pillow.jpg,0.1820950210094452,0.16967257857322693,0.012422442436218262,True,False
label=jacket_text=plate.jpg,label=jacket_text=plate.jpg,RTA100,jacket,plate,/external-cache/fse_typographic_20260926/external/Defense-Prefix/rta100.zip,rta100/label=jacket_text=plate.jpg,0.2482605278491974,0.16608254611492157,0.08217798173427582,True,True
label=jacket_text=towel.jpg,label=jacket_text=towel.jpg,RTA100,jacket,towel,/external-cache/fse_typographic_20260926/external/Defense-Prefix/rta100.zip,rta100/label=jacket_text=towel.jpg,0.2232057750225067,0.24155312776565552,-0.018347352743148804,False,False
label=jacket_text=vacuum cleaner.jpg,label=jacket_text=vacuum cleaner.jpg,RTA100,jacket,vacuum cleaner,/external-cache/fse_typographic_20260926/external/Defense-Prefix/rta100.zip,rta100/label=jacket_text=vacuum cleaner.jpg,0.21985232830047607,0.13417978584766388,0.0856725424528122,True,True
label=key_text=adapter.jpg,label=key_text=adapter.jpg,RTA100,key,adapter,/external-cache/fse_typographic_20260926/external/Defense-Prefix/rta100.zip,rta100/label=key_text=adapter.jpg,0.18189147114753723,0.1761988401412964,0.005692631006240845,True,False
label=key_text=dish.jpg,label=key_text=dish.jpg,RTA100,key,dish,/external-cache/fse_typographic_20260926/external/Defense-Prefix/rta100.zip,rta100/label=key_text=dish.jpg,0.23012669384479523,0.17800302803516388,0.05212366580963135,True,False
label=key_text=drill.jpg,label=key_text=drill.jpg,RTA100,key,drill,/external-cache/fse_typographic_20260926/external/Defense-Prefix/rta100.zip,rta100/label=key_text=drill.jpg,0.19335679709911346,0.1519658863544464,0.04139091074466705,True,False
label=key_text=floor.jpg,label=key_text=floor.jpg,RTA100,key,floor,/external-cache/fse_typographic_20260926/external/Defense-Prefix/rta100.zip,rta100/label=key_text=floor.jpg,0.2237478494644165,0.19699177145957947,0.026756078004837036,True,False
label=key_text=frisbee.jpg,label=key_text=frisbee.jpg,RTA100,key,frisbee,/external-cache/fse_typographic_20260926/external/Defense-Prefix/rta100.zip,rta100/label=key_text=frisbee.jpg,0.21570804715156555,0.1526181995868683,0.06308984756469727,True,False
label=key_text=iPad.jpg,label=key_text=iPad.jpg,RTA100,key,iPad,/external-cache/fse_typographic_20260926/external/Defense-Prefix/rta100.zip,rta100/label=key_text=iPad.jpg,0.17982658743858337,0.1666518598794937,0.01317472755908966,True,False
label=key_text=jacket.jpg,label=key_text=jacket.jpg,RTA100,key,jacket,/external-cache/fse_typographic_20260926/external/Defense-Prefix/rta100.zip,rta100/label=key_text=jacket.jpg,0.165164977312088,0.09638170152902603,0.06878327578306198,True,False
label=key_text=pants.jpg,label=key_text=pants.jpg,RTA100,key,pants,/external-cache/fse_typographic_20260926/external/Defense-Prefix/rta100.zip,rta100/label=key_text=pants.jpg,0.19838616251945496,0.20193099975585938,-0.003544837236404419,False,False
label=key_text=remote.jpg,label=key_text=remote.jpg,RTA100,key,remote,/external-cache/fse_typographic_20260926/external/Defense-Prefix/rta100.zip,rta100/label=key_text=remote.jpg,0.18285873532295227,0.16650381684303284,0.016354918479919434,True,True
label=key_text=ruler.jpg,label=key_text=ruler.jpg,RTA100,key,ruler,/external-cache/fse_typographic_20260926/external/Defense-Prefix/rta100.zip,rta100/label=key_text=ruler.jpg,0.1645999252796173,0.1481749415397644,0.016424983739852905,True,False
label=keyboard_text=airconditioner.jpg,label=keyboard_text=airconditioner.jpg,RTA100,keyboard,airconditioner,/external-cache/fse_typographic_20260926/external/Defense-Prefix/rta100.zip,rta100/label=keyboard_text=airconditioner.jpg,0.21924647688865662,0.17934495210647583,0.039901524782180786,True,True
label=keyboard_text=bookshelf.jpg,label=keyboard_text=bookshelf.jpg,RTA100,keyboard,bookshelf,/external-cache/fse_typographic_20260926/external/Defense-Prefix/rta100.zip,rta100/label=keyboard_text=bookshelf.jpg,0.2240687906742096,0.17472219467163086,0.049346596002578735,True,True
label=keyboard_text=guitar.jpg,label=keyboard_text=guitar.jpg,RTA100,keyboard,guitar,/external-cache/fse_typographic_20260926/external/Defense-Prefix/rta100.zip,rta100/label=keyboard_text=guitar.jpg,0.21385860443115234,0.11744999885559082,0.09640860557556152,True,True
label=keyboard_text=lemon.jpg,label=keyboard_text=lemon.jpg,RTA100,keyboard,lemon,/external-cache/fse_typographic_20260926/external/Defense-Prefix/rta100.zip,rta100/label=keyboard_text=lemon.jpg,0.2230762243270874,0.1601521372795105,0.0629240870475769,True,True
label=keyboard_text=notebook.jpg,label=keyboard_text=notebook.jpg,RTA100,keyboard,notebook,/external-cache/fse_typographic_20260926/external/Defense-Prefix/rta100.zip,rta100/label=keyboard_text=notebook.jpg,0.24584943056106567,0.22845041751861572,0.01739901304244995,True,True
label=keyboard_text=pen case.jpg,label=keyboard_text=pen case.jpg,RTA100,keyboard,pen case,/external-cache/fse_typographic_20260926/external/Defense-Prefix/rta100.zip,rta100/label=keyboard_text=pen case.jpg,0.28242227435112,0.22035816311836243,0.06206411123275757,True,True
label=keyboard_text=slipper.jpg,label=keyboard_text=slipper.jpg,RTA100,keyboard,slipper,/external-cache/fse_typographic_20260926/external/Defense-Prefix/rta100.zip,rta100/label=keyboard_text=slipper.jpg,0.1921500861644745,0.11993217468261719,0.0722179114818573,True,True
label=keyboard_text=tie.jpg,label=keyboard_text=tie.jpg,RTA100,keyboard,tie,/external-cache/fse_typographic_20260926/external/Defense-Prefix/rta100.zip,rta100/label=keyboard_text=tie.jpg,0.2550746202468872,0.16314628720283508,0.09192833304405212,True,True
label=keyboard_text=toaster.jpg,label=keyboard_text=toaster.jpg,RTA100,keyboard,toaster,/external-cache/fse_typographic_20260926/external/Defense-Prefix/rta100.zip,rta100/label=keyboard_text=toaster.jpg,0.19665473699569702,0.10476487874984741,0.09188985824584961,True,True
label=keyboard_text=vacuum cleaner.jpg,label=keyboard_text=vacuum cleaner.jpg,RTA100,keyboard,vacuum cleaner,/external-cache/fse_typographic_20260926/external/Defense-Prefix/rta100.zip,rta100/label=keyboard_text=vacuum cleaner.jpg,0.21929311752319336,0.176184743642807,0.04310837388038635,True,True
label=laptop_text=adapter.jpg,label=laptop_text=adapter.jpg,RTA100,laptop,adapter,/external-cache/fse_typographic_20260926/external/Defense-Prefix/rta100.zip,rta100/label=laptop_text=adapter.jpg,0.19108846783638,0.10574445128440857,0.08534401655197144,True,True
label=laptop_text=airconditioner.jpg,label=laptop_text=airconditioner.jpg,RTA100,laptop,airconditioner,/external-cache/fse_typographic_20260926/external/Defense-Prefix/rta100.zip,rta100/label=laptop_text=airconditioner.jpg,0.18951141834259033,0.1345658153295517,0.054945603013038635,True,True
label=laptop_text=bed.jpg,label=laptop_text=bed.jpg,RTA100,laptop,bed,/external-cache/fse_typographic_20260926/external/Defense-Prefix/rta100.zip,rta100/label=laptop_text=bed.jpg,0.21392209827899933,0.15691308677196503,0.0570090115070343,True,True
label=laptop_text=can.jpg,label=laptop_text=can.jpg,RTA100,laptop,can,/external-cache/fse_typographic_20260926/external/Defense-Prefix/rta100.zip,rta100/label=laptop_text=can.jpg,0.1979215145111084,0.14733992516994476,0.050581589341163635,True,True
label=laptop_text=glasses.jpg,label=laptop_text=glasses.jpg,RTA100,laptop,glasses,/external-cache/fse_typographic_20260926/external/Defense-Prefix/rta100.zip,rta100/label=laptop_text=glasses.jpg,0.18553325533866882,0.18524250388145447,0.00029075145721435547,True,False
label=laptop_text=keyboard.jpg,label=laptop_text=keyboard.jpg,RTA100,laptop,keyboard,/external-cache/fse_typographic_20260926/external/Defense-Prefix/rta100.zip,rta100/label=laptop_text=keyboard.jpg,0.21319064497947693,0.18826811015605927,0.024922534823417664,True,True
label=laptop_text=pen case.jpg,label=laptop_text=pen case.jpg,RTA100,laptop,pen case,/external-cache/fse_typographic_20260926/external/Defense-Prefix/rta100.zip,rta100/label=laptop_text=pen case.jpg,0.23285841941833496,0.20008841156959534,0.032770007848739624,True,True
label=laptop_text=speaker.jpg,label=laptop_text=speaker.jpg,RTA100,laptop,speaker,/external-cache/fse_typographic_20260926/external/Defense-Prefix/rta100.zip,rta100/label=laptop_text=speaker.jpg,0.20522716641426086,0.1486830711364746,0.056544095277786255,True,True
label=laptop_text=suitcase.jpg,label=laptop_text=suitcase.jpg,RTA100,laptop,suitcase,/external-cache/fse_typographic_20260926/external/Defense-Prefix/rta100.zip,rta100/label=laptop_text=suitcase.jpg,0.22406074404716492,0.1429833471775055,0.08107739686965942,True,True
label=laptop_text=trash box.jpg,label=laptop_text=trash box.jpg,RTA100,laptop,trash box,/external-cache/fse_typographic_20260926/external/Defense-Prefix/rta100.zip,rta100/label=laptop_text=trash box.jpg,0.22144301235675812,0.16002553701400757,0.06141747534275055,True,True
label=lemon_text=apple.jpg,label=lemon_text=apple.jpg,RTA100,lemon,apple,/external-cache/fse_typographic_20260926/external/Defense-Prefix/rta100.zip,rta100/label=lemon_text=apple.jpg,0.22825521230697632,0.2469870150089264,-0.018731802701950073,False,False
label=lemon_text=egg.jpg,label=lemon_text=egg.jpg,RTA100,lemon,egg,/external-cache/fse_typographic_20260926/external/Defense-Prefix/rta100.zip,rta100/label=lemon_text=egg.jpg,0.27499037981033325,0.23617008328437805,0.0388202965259552,True,True
label=lemon_text=floor.jpg,label=lemon_text=floor.jpg,RTA100,lemon,floor,/external-cache/fse_typographic_20260926/external/Defense-Prefix/rta100.zip,rta100/label=lemon_text=floor.jpg,0.22753819823265076,0.22700391709804535,0.0005342811346054077,True,True
label=lemon_text=flower.jpg,label=lemon_text=flower.jpg,RTA100,lemon,flower,/external-cache/fse_typographic_20260926/external/Defense-Prefix/rta100.zip,rta100/label=lemon_text=flower.jpg,0.23366183042526245,0.19983136653900146,0.033830463886260986,True,True
label=lemon_text=hair dryer.jpg,label=lemon_text=hair dryer.jpg,RTA100,lemon,hair dryer,/external-cache/fse_typographic_20260926/external/Defense-Prefix/rta100.zip,rta100/label=lemon_text=hair dryer.jpg,0.22055798768997192,0.21121573448181152,0.0093422532081604,True,True
label=lemon_text=hat.jpg,label=lemon_text=hat.jpg,RTA100,lemon,hat,/external-cache/fse_typographic_20260926/external/Defense-Prefix/rta100.zip,rta100/label=lemon_text=hat.jpg,0.27817702293395996,0.2104230374097824,0.06775398552417755,True,True
label=lemon_text=mask.jpg,label=lemon_text=mask.jpg,RTA100,lemon,mask,/external-cache/fse_typographic_20260926/external/Defense-Prefix/rta100.zip,rta100/label=lemon_text=mask.jpg,0.22340738773345947,0.22400188446044922,-0.0005944967269897461,False,False
label=lemon_text=notebook.jpg,label=lemon_text=notebook.jpg,RTA100,lemon,notebook,/external-cache/fse_typographic_20260926/external/Defense-Prefix/rta100.zip,rta100/label=lemon_text=notebook.jpg,0.2327054738998413,0.2416648119688034,-0.008959338068962097,False,False
label=lemon_text=plate.jpg,label=lemon_text=plate.jpg,RTA100,lemon,plate,/external-cache/fse_typographic_20260926/external/Defense-Prefix/rta100.zip,rta100/label=lemon_text=plate.jpg,0.2667350471019745,0.24631980061531067,0.02041524648666382,True,True
label=lemon_text=spoon.jpg,label=lemon_text=spoon.jpg,RTA100,lemon,spoon,/external-cache/fse_typographic_20260926/external/Defense-Prefix/rta100.zip,rta100/label=lemon_text=spoon.jpg,0.2796321511268616,0.23861154913902283,0.041020601987838745,True,True
label=light bulb_text=adapter.jpg,label=light bulb_text=adapter.jpg,RTA100,light bulb,adapter,/external-cache/fse_typographic_20260926/external/Defense-Prefix/rta100.zip,rta100/label=light bulb_text=adapter.jpg,0.21242806315422058,0.1710178405046463,0.04141022264957428,True,True
label=light bulb_text=bed.jpg,label=light bulb_text=bed.jpg,RTA100,light bulb,bed,/external-cache/fse_typographic_20260926/external/Defense-Prefix/rta100.zip,rta100/label=light bulb_text=bed.jpg,0.24127358198165894,0.19518694281578064,0.046086639165878296,True,True
label=light bulb_text=flower.jpg,label=light bulb_text=flower.jpg,RTA100,light bulb,flower,/external-cache/fse_typographic_20260926/external/Defense-Prefix/rta100.zip,rta100/label=light bulb_text=flower.jpg,0.2203129529953003,0.19623467326164246,0.024078279733657837,True,True
label=light bulb_text=laptop.jpg,label=light bulb_text=laptop.jpg,RTA100,light bulb,laptop,/external-cache/fse_typographic_20260926/external/Defense-Prefix/rta100.zip,rta100/label=light bulb_text=laptop.jpg,0.17699161171913147,0.12926653027534485,0.04772508144378662,True,False
label=light bulb_text=onion.jpg,label=light bulb_text=onion.jpg,RTA100,light bulb,onion,/external-cache/fse_typographic_20260926/external/Defense-Prefix/rta100.zip,rta100/label=light bulb_text=onion.jpg,0.2047354131937027,0.13511404395103455,0.06962136924266815,True,True
label=light bulb_text=pants.jpg,label=light bulb_text=pants.jpg,RTA100,light bulb,pants,/external-cache/fse_typographic_20260926/external/Defense-Prefix/rta100.zip,rta100/label=light bulb_text=pants.jpg,0.2241208553314209,0.172297865152359,0.05182299017906189,True,True
label=light bulb_text=pillow.jpg,label=light bulb_text=pillow.jpg,RTA100,light bulb,pillow,/external-cache/fse_typographic_20260926/external/Defense-Prefix/rta100.zip,rta100/label=light bulb_text=pillow.jpg,0.22126799821853638,0.16889922320842743,0.05236877501010895,True,True
label=light bulb_text=t-shirt.jpg,label=light bulb_text=t-shirt.jpg,RTA100,light bulb,t-shirt,/external-cache/fse_typographic_20260926/external/Defense-Prefix/rta100.zip,rta100/label=light bulb_text=t-shirt.jpg,0.21799297630786896,0.24990518391132355,-0.03191220760345459,False,False
label=light bulb_text=tie.jpg,label=light bulb_text=tie.jpg,RTA100,light bulb,tie,/external-cache/fse_typographic_20260926/external/Defense-Prefix/rta100.zip,rta100/label=light bulb_text=tie.jpg,0.23858772218227386,0.15353894233703613,0.08504877984523773,True,True
label=light bulb_text=vacuum cleaner.jpg,label=light bulb_text=vacuum cleaner.jpg,RTA100,light bulb,vacuum cleaner,/external-cache/fse_typographic_20260926/external/Defense-Prefix/rta100.zip,rta100/label=light bulb_text=vacuum cleaner.jpg,0.19955822825431824,0.1706414818763733,0.028916746377944946,True,True
label=mango_text=adapter.jpg,label=mango_text=adapter.jpg,RTA100,mango,adapter,/external-cache/fse_typographic_20260926/external/Defense-Prefix/rta100.zip,rta100/label=mango_text=adapter.jpg,0.19001904129981995,0.16362068057060242,0.02639836072921753,True,False
label=mango_text=apple.jpg,label=mango_text=apple.jpg,RTA100,mango,apple,/external-cache/fse_typographic_20260926/external/Defense-Prefix/rta100.zip,rta100/label=mango_text=apple.jpg,0.25113043189048767,0.26059073209762573,-0.009460300207138062,False,False
label=mango_text=egg.jpg,label=mango_text=egg.jpg,RTA100,mango,egg,/external-cache/fse_typographic_20260926/external/Defense-Prefix/rta100.zip,rta100/label=mango_text=egg.jpg,0.2234489619731903,0.21683034300804138,0.006618618965148926,True,True
label=mango_text=floor.jpg,label=mango_text=floor.jpg,RTA100,mango,floor,/external-cache/fse_typographic_20260926/external/Defense-Prefix/rta100.zip,rta100/label=mango_text=floor.jpg,0.2190854251384735,0.2121293544769287,0.0069560706615448,True,False
label=mango_text=fork.jpg,label=mango_text=fork.jpg,RTA100,mango,fork,/external-cache/fse_typographic_20260926/external/Defense-Prefix/rta100.zip,rta100/label=mango_text=fork.jpg,0.2325708568096161,0.16679984331130981,0.06577101349830627,True,False
label=mango_text=key.jpg,label=mango_text=key.jpg,RTA100,mango,key,/external-cache/fse_typographic_20260926/external/Defense-Prefix/rta100.zip,rta100/label=mango_text=key.jpg,0.26833903789520264,0.22709043323993683,0.04124860465526581,True,True
label=mango_text=racquet.jpg,label=mango_text=racquet.jpg,RTA100,mango,racquet,/external-cache/fse_typographic_20260926/external/Defense-Prefix/rta100.zip,rta100/label=mango_text=racquet.jpg,0.22228103876113892,0.16303113102912903,0.05924990773200989,True,True
label=mango_text=scissors.jpg,label=mango_text=scissors.jpg,RTA100,mango,scissors,/external-cache/fse_typographic_20260926/external/Defense-Prefix/rta100.zip,rta100/label=mango_text=scissors.jpg,0.2616101801395416,0.20241568982601166,0.05919449031352997,True,True
label=mango_text=socks.jpg,label=mango_text=socks.jpg,RTA100,mango,socks,/external-cache/fse_typographic_20260926/external/Defense-Prefix/rta100.zip,rta100/label=mango_text=socks.jpg,0.23605144023895264,0.25299620628356934,-0.0169447660446167,False,False
label=mango_text=towel.jpg,label=mango_text=towel.jpg,RTA100,mango,towel,/external-cache/fse_typographic_20260926/external/Defense-Prefix/rta100.zip,rta100/label=mango_text=towel.jpg,0.23344868421554565,0.23815025389194489,-0.004701569676399231,False,False
label=map_text=bed.jpg,label=map_text=bed.jpg,RTA100,map,bed,/external-cache/fse_typographic_20260926/external/Defense-Prefix/rta100.zip,rta100/label=map_text=bed.jpg,0.20812870562076569,0.21014943718910217,-0.002020731568336487,False,False
label=map_text=camera.jpg,label=map_text=camera.jpg,RTA100,map,camera,/external-cache/fse_typographic_20260926/external/Defense-Prefix/rta100.zip,rta100/label=map_text=camera.jpg,0.22323068976402283,0.13411271572113037,0.08911797404289246,True,True
label=map_text=cookie.jpg,label=map_text=cookie.jpg,RTA100,map,cookie,/external-cache/fse_typographic_20260926/external/Defense-Prefix/rta100.zip,rta100/label=map_text=cookie.jpg,0.22403205931186676,0.12184849381446838,0.10218356549739838,True,True
label=map_text=eraser.jpg,label=map_text=eraser.jpg,RTA100,map,eraser,/external-cache/fse_typographic_20260926/external/Defense-Prefix/rta100.zip,rta100/label=map_text=eraser.jpg,0.2130417376756668,0.12121503055095673,0.09182670712471008,True,True
label=map_text=fork.jpg,label=map_text=fork.jpg,RTA100,map,fork,/external-cache/fse_typographic_20260926/external/Defense-Prefix/rta100.zip,rta100/label=map_text=fork.jpg,0.23367926478385925,0.12364275753498077,0.11003650724887848,True,True
label=map_text=frisbee.jpg,label=map_text=frisbee.jpg,RTA100,map,frisbee,/external-cache/fse_typographic_20260926/external/Defense-Prefix/rta100.zip,rta100/label=map_text=frisbee.jpg,0.2601039707660675,0.18465876579284668,0.07544520497322083,True,True
label=map_text=glasses.jpg,label=map_text=glasses.jpg,RTA100,map,glasses,/external-cache/fse_typographic_20260926/external/Defense-Prefix/rta100.zip,rta100/label=map_text=glasses.jpg,0.2222183644771576,0.12457839399576187,0.09763997048139572,True,True
label=map_text=hat.jpg,label=map_text=hat.jpg,RTA100,map,hat,/external-cache/fse_typographic_20260926/external/Defense-Prefix/rta100.zip,rta100/label=map_text=hat.jpg,0.2242347002029419,0.10857339203357697,0.11566130816936493,True,True
label=map_text=melon.jpg,label=map_text=melon.jpg,RTA100,map,melon,/external-cache/fse_typographic_20260926/external/Defense-Prefix/rta100.zip,rta100/label=map_text=melon.jpg,0.20610418915748596,0.10016535222530365,0.10593883693218231,True,True
label=map_text=mug.jpg,label=map_text=mug.jpg,RTA100,map,mug,/external-cache/fse_typographic_20260926/external/Defense-Prefix/rta100.zip,rta100/label=map_text=mug.jpg,0.2252923548221588,0.11721211671829224,0.10808023810386658,True,True
label=marker_text=chopsticks.jpg,label=marker_text=chopsticks.jpg,RTA100,marker,chopsticks,/external-cache/fse_typographic_20260926/external/Defense-Prefix/rta100.zip,rta100/label=marker_text=chopsticks.jpg,0.17068889737129211,0.18464134633541107,-0.013952448964118958,False,False
label=marker_text=hand.jpg,label=marker_text=hand.jpg,RTA100,marker,hand,/external-cache/fse_typographic_20260926/external/Defense-Prefix/rta100.zip,rta100/label=marker_text=hand.jpg,0.1938786506652832,0.16686728596687317,0.027011364698410034,True,False
label=marker_text=key.jpg,label=marker_text=key.jpg,RTA100,marker,key,/external-cache/fse_typographic_20260926/external/Defense-Prefix/rta100.zip,rta100/label=marker_text=key.jpg,0.21333204209804535,0.21499302983283997,-0.0016609877347946167,False,False
label=marker_text=laptop.jpg,label=marker_text=laptop.jpg,RTA100,marker,laptop,/external-cache/fse_typographic_20260926/external/Defense-Prefix/rta100.zip,rta100/label=marker_text=laptop.jpg,0.1682303547859192,0.17007790505886078,-0.0018475502729415894,False,False
label=marker_text=light bulb.jpg,label=marker_text=light bulb.jpg,RTA100,marker,light bulb,/external-cache/fse_typographic_20260926/external/Defense-Prefix/rta100.zip,rta100/label=marker_text=light bulb.jpg,0.2040214240550995,0.18378904461860657,0.02023237943649292,True,False
label=marker_text=milk.jpg,label=marker_text=milk.jpg,RTA100,marker,milk,/external-cache/fse_typographic_20260926/external/Defense-Prefix/rta100.zip,rta100/label=marker_text=milk.jpg,0.1984439492225647,0.199541836977005,-0.0010978877544403076,False,False
label=marker_text=onion.jpg,label=marker_text=onion.jpg,RTA100,marker,onion,/external-cache/fse_typographic_20260926/external/Defense-Prefix/rta100.zip,rta100/label=marker_text=onion.jpg,0.21495568752288818,0.14717623591423035,0.06777945160865784,True,True
label=marker_text=pillow.jpg,label=marker_text=pillow.jpg,RTA100,marker,pillow,/external-cache/fse_typographic_20260926/external/Defense-Prefix/rta100.zip,rta100/label=marker_text=pillow.jpg,0.17983663082122803,0.16628901660442352,0.013547614216804504,True,True
label=marker_text=table.jpg,label=marker_text=table.jpg,RTA100,marker,table,/external-cache/fse_typographic_20260926/external/Defense-Prefix/rta100.zip,rta100/label=marker_text=table.jpg,0.19917362928390503,0.19634832441806793,0.002825304865837097,True,False
label=marker_text=towel.jpg,label=marker_text=towel.jpg,RTA100,marker,towel,/external-cache/fse_typographic_20260926/external/Defense-Prefix/rta100.zip,rta100/label=marker_text=towel.jpg,0.22056151926517487,0.20825199782848358,0.012309521436691284,True,True
label=mask_text=bag.jpg,label=mask_text=bag.jpg,RTA100,mask,bag,/external-cache/fse_typographic_20260926/external/Defense-Prefix/rta100.zip,rta100/label=mask_text=bag.jpg,0.1606588363647461,0.1830127239227295,-0.0223538875579834,False,False
label=mask_text=bottle.jpg,label=mask_text=bottle.jpg,RTA100,mask,bottle,/external-cache/fse_typographic_20260926/external/Defense-Prefix/rta100.zip,rta100/label=mask_text=bottle.jpg,0.23582404851913452,0.214267760515213,0.02155628800392151,True,True
label=mask_text=cup.jpg,label=mask_text=cup.jpg,RTA100,mask,cup,/external-cache/fse_typographic_20260926/external/Defense-Prefix/rta100.zip,rta100/label=mask_text=cup.jpg,0.15827247500419617,0.16257312893867493,-0.00430065393447876,False,False
label=mask_text=curtain.jpg,label=mask_text=curtain.jpg,RTA100,mask,curtain,/external-cache/fse_typographic_20260926/external/Defense-Prefix/rta100.zip,rta100/label=mask_text=curtain.jpg,0.18873214721679688,0.1575177013874054,0.03121444582939148,True,True
label=mask_text=earphones.jpg,label=mask_text=earphones.jpg,RTA100,mask,earphones,/external-cache/fse_typographic_20260926/external/Defense-Prefix/rta100.zip,rta100/label=mask_text=earphones.jpg,0.22231584787368774,0.2321355640888214,-0.009819716215133667,False,False
label=mask_text=mango.jpg,label=mask_text=mango.jpg,RTA100,mask,mango,/external-cache/fse_typographic_20260926/external/Defense-Prefix/rta100.zip,rta100/label=mask_text=mango.jpg,0.17665204405784607,0.12550261616706848,0.05114942789077759,True,True
label=mask_text=mug.jpg,label=mask_text=mug.jpg,RTA100,mask,mug,/external-cache/fse_typographic_20260926/external/Defense-Prefix/rta100.zip,rta100/label=mask_text=mug.jpg,0.18297569453716278,0.1756378710269928,0.007337823510169983,True,False
label=mask_text=suitcase.jpg,label=mask_text=suitcase.jpg,RTA100,mask,suitcase,/external-cache/fse_typographic_20260926/external/Defense-Prefix/rta100.zip,rta100/label=mask_text=suitcase.jpg,0.21892206370830536,0.18993555009365082,0.02898651361465454,True,False
label=mask_text=toothbrush.jpg,label=mask_text=toothbrush.jpg,RTA100,mask,toothbrush,/external-cache/fse_typographic_20260926/external/Defense-Prefix/rta100.zip,rta100/label=mask_text=toothbrush.jpg,0.2642800807952881,0.27960559725761414,-0.01532551646232605,False,False
label=mask_text=whiteboard.jpg,label=mask_text=whiteboard.jpg,RTA100,mask,whiteboard,/external-cache/fse_typographic_20260926/external/Defense-Prefix/rta100.zip,rta100/label=mask_text=whiteboard.jpg,0.21507158875465393,0.2242640107870102,-0.009192422032356262,False,False
label=melon_text=camera.jpg,label=melon_text=camera.jpg,RTA100,melon,camera,/external-cache/fse_typographic_20260926/external/Defense-Prefix/rta100.zip,rta100/label=melon_text=camera.jpg,0.18337023258209229,0.19967715442180634,-0.01630692183971405,False,False
label=melon_text=floor.jpg,label=melon_text=floor.jpg,RTA100,melon,floor,/external-cache/fse_typographic_20260926/external/Defense-Prefix/rta100.zip,rta100/label=melon_text=floor.jpg,0.17746888101100922,0.2087777853012085,-0.03130890429019928,False,False
label=melon_text=fork.jpg,label=melon_text=fork.jpg,RTA100,melon,fork,/external-cache/fse_typographic_20260926/external/Defense-Prefix/rta100.zip,rta100/label=melon_text=fork.jpg,0.2045598179101944,0.12033718824386597,0.08422262966632843,True,True
label=melon_text=fridge.jpg,label=melon_text=fridge.jpg,RTA100,melon,fridge,/external-cache/fse_typographic_20260926/external/Defense-Prefix/rta100.zip,rta100/label=melon_text=fridge.jpg,0.2635901868343353,0.19234374165534973,0.0712464451789856,True,True
label=melon_text=hat.jpg,label=melon_text=hat.jpg,RTA100,melon,hat,/external-cache/fse_typographic_20260926/external/Defense-Prefix/rta100.zip,rta100/label=melon_text=hat.jpg,0.24294134974479675,0.24176719784736633,0.00117415189743042,True,True
label=melon_text=light bulb.jpg,label=melon_text=light bulb.jpg,RTA100,melon,light bulb,/external-cache/fse_typographic_20260926/external/Defense-Prefix/rta100.zip,rta100/label=melon_text=light bulb.jpg,0.21785737574100494,0.17287887632846832,0.04497849941253662,True,True
label=melon_text=marker.jpg,label=melon_text=marker.jpg,RTA100,melon,marker,/external-cache/fse_typographic_20260926/external/Defense-Prefix/rta100.zip,rta100/label=melon_text=marker.jpg,0.2135384976863861,0.17661964893341064,0.036918848752975464,True,True
label=melon_text=pen.jpg,label=melon_text=pen.jpg,RTA100,melon,pen,/external-cache/fse_typographic_20260926/external/Defense-Prefix/rta100.zip,rta100/label=melon_text=pen.jpg,0.24082086980342865,0.19942736625671387,0.04139350354671478,True,True
label=melon_text=plate.jpg,label=melon_text=plate.jpg,RTA100,melon,plate,/external-cache/fse_typographic_20260926/external/Defense-Prefix/rta100.zip,rta100/label=melon_text=plate.jpg,0.24623659253120422,0.21742913126945496,0.028807461261749268,True,True
label=melon_text=pot.jpg,label=melon_text=pot.jpg,RTA100,melon,pot,/external-cache/fse_typographic_20260926/external/Defense-Prefix/rta100.zip,rta100/label=melon_text=pot.jpg,0.23328232765197754,0.18168644607067108,0.05159588158130646,True,True
label=mic_text=book.jpg,label=mic_text=book.jpg,RTA100,mic,book,/external-cache/fse_typographic_20260926/external/Defense-Prefix/rta100.zip,rta100/label=mic_text=book.jpg,0.18185466527938843,0.16415995359420776,0.017694711685180664,True,False
label=mic_text=cone.jpg,label=mic_text=cone.jpg,RTA100,mic,cone,/external-cache/fse_typographic_20260926/external/Defense-Prefix/rta100.zip,rta100/label=mic_text=cone.jpg,0.25709837675094604,0.20053130388259888,0.05656707286834717,True,True
label=mic_text=iPhone.jpg,label=mic_text=iPhone.jpg,RTA100,mic,iPhone,/external-cache/fse_typographic_20260926/external/Defense-Prefix/rta100.zip,rta100/label=mic_text=iPhone.jpg,0.20965468883514404,0.19381852447986603,0.015836164355278015,True,False
label=mic_text=laptop.jpg,label=mic_text=laptop.jpg,RTA100,mic,laptop,/external-cache/fse_typographic_20260926/external/Defense-Prefix/rta100.zip,rta100/label=mic_text=laptop.jpg,0.230490580201149,0.13798637688159943,0.09250420331954956,True,True
label=mic_text=onion.jpg,label=mic_text=onion.jpg,RTA100,mic,onion,/external-cache/fse_typographic_20260926/external/Defense-Prefix/rta100.zip,rta100/label=mic_text=onion.jpg,0.2100018709897995,0.1102881133556366,0.0997137576341629,True,True
label=mic_text=oven.jpg,label=mic_text=oven.jpg,RTA100,mic,oven,/external-cache/fse_typographic_20260926/external/Defense-Prefix/rta100.zip,rta100/label=mic_text=oven.jpg,0.1994190812110901,0.16084139049053192,0.038577690720558167,True,False
label=mic_text=peach.jpg,label=mic_text=peach.jpg,RTA100,mic,peach,/external-cache/fse_typographic_20260926/external/Defense-Prefix/rta100.zip,rta100/label=mic_text=peach.jpg,0.1921820044517517,0.14414377510547638,0.04803822934627533,True,False
label=mic_text=scissors.jpg,label=mic_text=scissors.jpg,RTA100,mic,scissors,/external-cache/fse_typographic_20260926/external/Defense-Prefix/rta100.zip,rta100/label=mic_text=scissors.jpg,0.24068191647529602,0.19298787415027618,0.047694042325019836,True,False
label=mic_text=table.jpg,label=mic_text=table.jpg,RTA100,mic,table,/external-cache/fse_typographic_20260926/external/Defense-Prefix/rta100.zip,rta100/label=mic_text=table.jpg,0.21438993513584137,0.20927998423576355,0.00510995090007782,True,True
label=mic_text=trash box.jpg,label=mic_text=trash box.jpg,RTA100,mic,trash box,/external-cache/fse_typographic_20260926/external/Defense-Prefix/rta100.zip,rta100/label=mic_text=trash box.jpg,0.2444530874490738,0.22752290964126587,0.016930177807807922,True,True
label=microwave_text=adapter.jpg,label=microwave_text=adapter.jpg,RTA100,microwave,adapter,/external-cache/fse_typographic_20260926/external/Defense-Prefix/rta100.zip,rta100/label=microwave_text=adapter.jpg,0.23309972882270813,0.13302765786647797,0.10007207095623016,True,True
label=microwave_text=fridge.jpg,label=microwave_text=fridge.jpg,RTA100,microwave,fridge,/external-cache/fse_typographic_20260926/external/Defense-Prefix/rta100.zip,rta100/label=microwave_text=fridge.jpg,0.19776880741119385,0.2069036364555359,-0.009134829044342041,False,False
label=microwave_text=glasses.jpg,label=microwave_text=glasses.jpg,RTA100,microwave,glasses,/external-cache/fse_typographic_20260926/external/Defense-Prefix/rta100.zip,rta100/label=microwave_text=glasses.jpg,0.16772671043872833,0.17218905687332153,-0.004462346434593201,False,False
label=microwave_text=hat.jpg,label=microwave_text=hat.jpg,RTA100,microwave,hat,/external-cache/fse_typographic_20260926/external/Defense-Prefix/rta100.zip,rta100/label=microwave_text=hat.jpg,0.27263143658638,0.15148989856243134,0.12114153802394867,True,True
label=microwave_text=iPad.jpg,label=microwave_text=iPad.jpg,RTA100,microwave,iPad,/external-cache/fse_typographic_20260926/external/Defense-Prefix/rta100.zip,rta100/label=microwave_text=iPad.jpg,0.22208411991596222,0.17937833070755005,0.04270578920841217,True,True
label=microwave_text=mango.jpg,label=microwave_text=mango.jpg,RTA100,microwave,mango,/external-cache/fse_typographic_20260926/external/Defense-Prefix/rta100.zip,rta100/label=microwave_text=mango.jpg,0.1827983260154724,0.08906901627779007,0.09372930973768234,True,True
label=microwave_text=mask.jpg,label=microwave_text=mask.jpg,RTA100,microwave,mask,/external-cache/fse_typographic_20260926/external/Defense-Prefix/rta100.zip,rta100/label=microwave_text=mask.jpg,0.23366419970989227,0.16418063640594482,0.06948356330394745,True,True
label=microwave_text=mousepad.jpg,label=microwave_text=mousepad.jpg,RTA100,microwave,mousepad,/external-cache/fse_typographic_20260926/external/Defense-Prefix/rta100.zip,rta100/label=microwave_text=mousepad.jpg,0.24325910210609436,0.11422056704759598,0.12903854250907898,True,True
label=microwave_text=table.jpg,label=microwave_text=table.jpg,RTA100,microwave,table,/external-cache/fse_typographic_20260926/external/Defense-Prefix/rta100.zip,rta100/label=microwave_text=table.jpg,0.19801154732704163,0.18269921839237213,0.015312328934669495,True,True
label=microwave_text=toothbrush.jpg,label=microwave_text=toothbrush.jpg,RTA100,microwave,toothbrush,/external-cache/fse_typographic_20260926/external/Defense-Prefix/rta100.zip,rta100/label=microwave_text=toothbrush.jpg,0.20015209913253784,0.12984372675418854,0.0703083723783493,True,False
label=milk_text=bookshelf.jpg,label=milk_text=bookshelf.jpg,RTA100,milk,bookshelf,/external-cache/fse_typographic_20260926/external/Defense-Prefix/rta100.zip,rta100/label=milk_text=bookshelf.jpg,0.23956218361854553,0.19774094223976135,0.04182124137878418,True,True
label=milk_text=cookie.jpg,label=milk_text=cookie.jpg,RTA100,milk,cookie,/external-cache/fse_typographic_20260926/external/Defense-Prefix/rta100.zip,rta100/label=milk_text=cookie.jpg,0.1976609230041504,0.2423439770936966,-0.044683054089546204,False,False
label=milk_text=light bulb.jpg,label=milk_text=light bulb.jpg,RTA100,milk,light bulb,/external-cache/fse_typographic_20260926/external/Defense-Prefix/rta100.zip,rta100/label=milk_text=light bulb.jpg,0.24127717316150665,0.1834186613559723,0.05785851180553436,True,True
label=milk_text=map.jpg,label=milk_text=map.jpg,RTA100,milk,map,/external-cache/fse_typographic_20260926/external/Defense-Prefix/rta100.zip,rta100/label=milk_text=map.jpg,0.23687013983726501,0.21198439598083496,0.024885743856430054,True,True
label=milk_text=onion.jpg,label=milk_text=onion.jpg,RTA100,milk,onion,/external-cache/fse_typographic_20260926/external/Defense-Prefix/rta100.zip,rta100/label=milk_text=onion.jpg,0.22195610404014587,0.14156398177146912,0.08039212226867676,True,True
label=milk_text=paper.jpg,label=milk_text=paper.jpg,RTA100,milk,paper,/external-cache/fse_typographic_20260926/external/Defense-Prefix/rta100.zip,rta100/label=milk_text=paper.jpg,0.22722655534744263,0.22099462151527405,0.006231933832168579,True,True
label=milk_text=sofa.jpg,label=milk_text=sofa.jpg,RTA100,milk,sofa,/external-cache/fse_typographic_20260926/external/Defense-Prefix/rta100.zip,rta100/label=milk_text=sofa.jpg,0.21727046370506287,0.20347049832344055,0.013799965381622314,True,False
label=milk_text=umbrella.jpg,label=milk_text=umbrella.jpg,RTA100,milk,umbrella,/external-cache/fse_typographic_20260926/external/Defense-Prefix/rta100.zip,rta100/label=milk_text=umbrella.jpg,0.18883851170539856,0.1057465672492981,0.08309194445610046,True,True
label=milk_text=vacuum cleaner.jpg,label=milk_text=vacuum cleaner.jpg,RTA100,milk,vacuum cleaner,/external-cache/fse_typographic_20260926/external/Defense-Prefix/rta100.zip,rta100/label=milk_text=vacuum cleaner.jpg,0.1693563014268875,0.1628878116607666,0.006468489766120911,True,True
label=milk_text=watch.jpg,label=milk_text=watch.jpg,RTA100,milk,watch,/external-cache/fse_typographic_20260926/external/Defense-Prefix/rta100.zip,rta100/label=milk_text=watch.jpg,0.23041653633117676,0.19318127632141113,0.037235260009765625,True,True
label=mirror_text=chair.jpg,label=mirror_text=chair.jpg,RTA100,mirror,chair,/external-cache/fse_typographic_20260926/external/Defense-Prefix/rta100.zip,rta100/label=mirror_text=chair.jpg,0.15192881226539612,0.20927532017230988,-0.05734650790691376,False,False
label=mirror_text=cone.jpg,label=mirror_text=cone.jpg,RTA100,mirror,cone,/external-cache/fse_typographic_20260926/external/Defense-Prefix/rta100.zip,rta100/label=mirror_text=cone.jpg,0.18887481093406677,0.19185757637023926,-0.0029827654361724854,False,False
label=mirror_text=curtain.jpg,label=mirror_text=curtain.jpg,RTA100,mirror,curtain,/external-cache/fse_typographic_20260926/external/Defense-Prefix/rta100.zip,rta100/label=mirror_text=curtain.jpg,0.13226863741874695,0.10704725980758667,0.02522137761116028,True,False
label=mirror_text=doll.jpg,label=mirror_text=doll.jpg,RTA100,mirror,doll,/external-cache/fse_typographic_20260926/external/Defense-Prefix/rta100.zip,rta100/label=mirror_text=doll.jpg,0.14381036162376404,0.1317109316587448,0.012099429965019226,True,False
label=mirror_text=flower.jpg,label=mirror_text=flower.jpg,RTA100,mirror,flower,/external-cache/fse_typographic_20260926/external/Defense-Prefix/rta100.zip,rta100/label=mirror_text=flower.jpg,0.1641833633184433,0.13090772926807404,0.03327563405036926,True,False
label=mirror_text=mouse.jpg,label=mirror_text=mouse.jpg,RTA100,mirror,mouse,/external-cache/fse_typographic_20260926/external/Defense-Prefix/rta100.zip,rta100/label=mirror_text=mouse.jpg,0.1722005158662796,0.1909092366695404,-0.018708720803260803,False,False
label=mirror_text=onion.jpg,label=mirror_text=onion.jpg,RTA100,mirror,onion,/external-cache/fse_typographic_20260926/external/Defense-Prefix/rta100.zip,rta100/label=mirror_text=onion.jpg,0.1772436499595642,0.13064730167388916,0.04659634828567505,True,False
label=mirror_text=racquet.jpg,label=mirror_text=racquet.jpg,RTA100,mirror,racquet,/external-cache/fse_typographic_20260926/external/Defense-Prefix/rta100.zip,rta100/label=mirror_text=racquet.jpg,0.1793159544467926,0.16193357110023499,0.017382383346557617,True,False
label=mirror_text=thermometer.jpg,label=mirror_text=thermometer.jpg,RTA100,mirror,thermometer,/external-cache/fse_typographic_20260926/external/Defense-Prefix/rta100.zip,rta100/label=mirror_text=thermometer.jpg,0.13245533406734467,0.1530269980430603,-0.020571663975715637,False,False
label=mirror_text=watch.jpg,label=mirror_text=watch.jpg,RTA100,mirror,watch,/external-cache/fse_typographic_20260926/external/Defense-Prefix/rta100.zip,rta100/label=mirror_text=watch.jpg,0.18732988834381104,0.17583587765693665,0.01149401068687439,True,True
label=monitor_text=basket.jpg,label=monitor_text=basket.jpg,RTA100,monitor,basket,/external-cache/fse_typographic_20260926/external/Defense-Prefix/rta100.zip,rta100/label=monitor_text=basket.jpg,0.2091308832168579,0.1096828430891037,0.09944804012775421,True,True
label=monitor_text=chair.jpg,label=monitor_text=chair.jpg,RTA100,monitor,chair,/external-cache/fse_typographic_20260926/external/Defense-Prefix/rta100.zip,rta100/label=monitor_text=chair.jpg,0.16298550367355347,0.21408596634864807,-0.051100462675094604,False,False
label=monitor_text=marker.jpg,label=monitor_text=marker.jpg,RTA100,monitor,marker,/external-cache/fse_typographic_20260926/external/Defense-Prefix/rta100.zip,rta100/label=monitor_text=marker.jpg,0.16281096637248993,0.1661437749862671,-0.0033328086137771606,False,False
label=monitor_text=pen case.jpg,label=monitor_text=pen case.jpg,RTA100,monitor,pen case,/external-cache/fse_typographic_20260926/external/Defense-Prefix/rta100.zip,rta100/label=monitor_text=pen case.jpg,0.20996955037117004,0.12470967322587967,0.08525987714529037,True,True
label=monitor_text=pillow.jpg,label=monitor_text=pillow.jpg,RTA100,monitor,pillow,/external-cache/fse_typographic_20260926/external/Defense-Prefix/rta100.zip,rta100/label=monitor_text=pillow.jpg,0.22453787922859192,0.1148444190621376,0.10969346016645432,True,True
label=monitor_text=plate.jpg,label=monitor_text=plate.jpg,RTA100,monitor,plate,/external-cache/fse_typographic_20260926/external/Defense-Prefix/rta100.zip,rta100/label=monitor_text=plate.jpg,0.25062426924705505,0.14647941291332245,0.1041448563337326,True,True
label=monitor_text=pot.jpg,label=monitor_text=pot.jpg,RTA100,monitor,pot,/external-cache/fse_typographic_20260926/external/Defense-Prefix/rta100.zip,rta100/label=monitor_text=pot.jpg,0.234411358833313,0.16216084361076355,0.07225051522254944,True,True
label=monitor_text=socks.jpg,label=monitor_text=socks.jpg,RTA100,monitor,socks,/external-cache/fse_typographic_20260926/external/Defense-Prefix/rta100.zip,rta100/label=monitor_text=socks.jpg,0.21131107211112976,0.09594562649726868,0.11536544561386108,True,True
label=monitor_text=thermometer.jpg,label=monitor_text=thermometer.jpg,RTA100,monitor,thermometer,/external-cache/fse_typographic_20260926/external/Defense-Prefix/rta100.zip,rta100/label=monitor_text=thermometer.jpg,0.21994158625602722,0.11098922789096832,0.1089523583650589,True,True
label=monitor_text=tissue.jpg,label=monitor_text=tissue.jpg,RTA100,monitor,tissue,/external-cache/fse_typographic_20260926/external/Defense-Prefix/rta100.zip,rta100/label=monitor_text=tissue.jpg,0.21630722284317017,0.1308002769947052,0.08550694584846497,True,True
label=mouse_text=apple.jpg,label=mouse_text=apple.jpg,RTA100,mouse,apple,/external-cache/fse_typographic_20260926/external/Defense-Prefix/rta100.zip,rta100/label=mouse_text=apple.jpg,0.1962590217590332,0.17108966410160065,0.025169357657432556,True,False
label=mouse_text=controller.jpg,label=mouse_text=controller.jpg,RTA100,mouse,controller,/external-cache/fse_typographic_20260926/external/Defense-Prefix/rta100.zip,rta100/label=mouse_text=controller.jpg,0.12667280435562134,0.18380972743034363,-0.05713692307472229,False,False
label=mouse_text=cup.jpg,label=mouse_text=cup.jpg,RTA100,mouse,cup,/external-cache/fse_typographic_20260926/external/Defense-Prefix/rta100.zip,rta100/label=mouse_text=cup.jpg,0.1949266791343689,0.2005237638950348,-0.0055970847606658936,False,False
label=mouse_text=flower.jpg,label=mouse_text=flower.jpg,RTA100,mouse,flower,/external-cache/fse_typographic_20260926/external/Defense-Prefix/rta100.zip,rta100/label=mouse_text=flower.jpg,0.18492397665977478,0.1787298321723938,0.0061941444873809814,True,False
label=mouse_text=jacket.jpg,label=mouse_text=jacket.jpg,RTA100,mouse,jacket,/external-cache/fse_typographic_20260926/external/Defense-Prefix/rta100.zip,rta100/label=mouse_text=jacket.jpg,0.2080409824848175,0.16855692863464355,0.03948405385017395,True,False
label=mouse_text=key.jpg,label=mouse_text=key.jpg,RTA100,mouse,key,/external-cache/fse_typographic_20260926/external/Defense-Prefix/rta100.zip,rta100/label=mouse_text=key.jpg,0.2063838243484497,0.21600282192230225,-0.009618997573852539,False,False
label=mouse_text=keyboard.jpg,label=mouse_text=keyboard.jpg,RTA100,mouse,keyboard,/external-cache/fse_typographic_20260926/external/Defense-Prefix/rta100.zip,rta100/label=mouse_text=keyboard.jpg,0.1660974621772766,0.16375130414962769,0.0023461580276489258,True,False
label=mouse_text=milk.jpg,label=mouse_text=milk.jpg,RTA100,mouse,milk,/external-cache/fse_typographic_20260926/external/Defense-Prefix/rta100.zip,rta100/label=mouse_text=milk.jpg,0.20645001530647278,0.15773490071296692,0.04871511459350586,True,True
label=mouse_text=oven.jpg,label=mouse_text=oven.jpg,RTA100,mouse,oven,/external-cache/fse_typographic_20260926/external/Defense-Prefix/rta100.zip,rta100/label=mouse_text=oven.jpg,0.18872009217739105,0.17561304569244385,0.013107046484947205,True,False
label=mouse_text=scissors.jpg,label=mouse_text=scissors.jpg,RTA100,mouse,scissors,/external-cache/fse_typographic_20260926/external/Defense-Prefix/rta100.zip,rta100/label=mouse_text=scissors.jpg,0.19330406188964844,0.17036260664463043,0.022941455245018005,True,False
label=mousepad_text=can.jpg,label=mousepad_text=can.jpg,RTA100,mousepad,can,/external-cache/fse_typographic_20260926/external/Defense-Prefix/rta100.zip,rta100/label=mousepad_text=can.jpg,0.22408533096313477,0.19669681787490845,0.02738851308822632,True,True
label=mousepad_text=card.jpg,label=mousepad_text=card.jpg,RTA100,mousepad,card,/external-cache/fse_typographic_20260926/external/Defense-Prefix/rta100.zip,rta100/label=mousepad_text=card.jpg,0.17795442044734955,0.22128194570541382,-0.04332752525806427,False,False
label=mousepad_text=cup.jpg,label=mousepad_text=cup.jpg,RTA100,mousepad,cup,/external-cache/fse_typographic_20260926/external/Defense-Prefix/rta100.zip,rta100/label=mousepad_text=cup.jpg,0.1517428457736969,0.08639131486415863,0.06535153090953827,True,True
label=mousepad_text=drill.jpg,label=mousepad_text=drill.jpg,RTA100,mousepad,drill,/external-cache/fse_typographic_20260926/external/Defense-Prefix/rta100.zip,rta100/label=mousepad_text=drill.jpg,0.2266615331172943,0.16028177738189697,0.06637975573539734,True,True
label=mousepad_text=hat.jpg,label=mousepad_text=hat.jpg,RTA100,mousepad,hat,/external-cache/fse_typographic_20260926/external/Defense-Prefix/rta100.zip,rta100/label=mousepad_text=hat.jpg,0.21691198647022247,0.2070452868938446,0.009866699576377869,True,True
label=mousepad_text=marker.jpg,label=mousepad_text=marker.jpg,RTA100,mousepad,marker,/external-cache/fse_typographic_20260926/external/Defense-Prefix/rta100.zip,rta100/label=mousepad_text=marker.jpg,0.20169854164123535,0.14547038078308105,0.0562281608581543,True,True
label=mousepad_text=mirror.jpg,label=mousepad_text=mirror.jpg,RTA100,mousepad,mirror,/external-cache/fse_typographic_20260926/external/Defense-Prefix/rta100.zip,rta100/label=mousepad_text=mirror.jpg,0.16644155979156494,0.15542089939117432,0.011020660400390625,True,False
label=mousepad_text=pillow.jpg,label=mousepad_text=pillow.jpg,RTA100,mousepad,pillow,/external-cache/fse_typographic_20260926/external/Defense-Prefix/rta100.zip,rta100/label=mousepad_text=pillow.jpg,0.2167898416519165,0.19926601648330688,0.01752382516860962,True,True
label=mousepad_text=vacuum cleaner.jpg,label=mousepad_text=vacuum cleaner.jpg,RTA100,mousepad,vacuum cleaner,/external-cache/fse_typographic_20260926/external/Defense-Prefix/rta100.zip,rta100/label=mousepad_text=vacuum cleaner.jpg,0.22919270396232605,0.15815292298793793,0.07103978097438812,True,False
label=mousepad_text=wallet.jpg,label=mousepad_text=wallet.jpg,RTA100,mousepad,wallet,/external-cache/fse_typographic_20260926/external/Defense-Prefix/rta100.zip,rta100/label=mousepad_text=wallet.jpg,0.1708754599094391,0.19032740592956543,-0.019451946020126343,False,False
label=mug_text=apple.jpg,label=mug_text=apple.jpg,RTA100,mug,apple,/external-cache/fse_typographic_20260926/external/Defense-Prefix/rta100.zip,rta100/label=mug_text=apple.jpg,0.18545687198638916,0.18083971738815308,0.004617154598236084,True,True
label=mug_text=bookshelf.jpg,label=mug_text=bookshelf.jpg,RTA100,mug,bookshelf,/external-cache/fse_typographic_20260926/external/Defense-Prefix/rta100.zip,rta100/label=mug_text=bookshelf.jpg,0.23788100481033325,0.1901656687259674,0.047715336084365845,True,True
label=mug_text=floor.jpg,label=mug_text=floor.jpg,RTA100,mug,floor,/external-cache/fse_typographic_20260926/external/Defense-Prefix/rta100.zip,rta100/label=mug_text=floor.jpg,0.23926275968551636,0.20489750802516937,0.034365251660346985,True,True
label=mug_text=flower.jpg,label=mug_text=flower.jpg,RTA100,mug,flower,/external-cache/fse_typographic_20260926/external/Defense-Prefix/rta100.zip,rta100/label=mug_text=flower.jpg,0.20632019639015198,0.15244154632091522,0.053878650069236755,True,True
label=mug_text=iPhone.jpg,label=mug_text=iPhone.jpg,RTA100,mug,iPhone,/external-cache/fse_typographic_20260926/external/Defense-Prefix/rta100.zip,rta100/label=mug_text=iPhone.jpg,0.19143761694431305,0.2051960527896881,-0.013758435845375061,False,False
label=mug_text=mask.jpg,label=mug_text=mask.jpg,RTA100,mug,mask,/external-cache/fse_typographic_20260926/external/Defense-Prefix/rta100.zip,rta100/label=mug_text=mask.jpg,0.23368893563747406,0.21242302656173706,0.021265909075737,True,True
label=mug_text=ruler.jpg,label=mug_text=ruler.jpg,RTA100,mug,ruler,/external-cache/fse_typographic_20260926/external/Defense-Prefix/rta100.zip,rta100/label=mug_text=ruler.jpg,0.21699747443199158,0.1701730489730835,0.04682442545890808,True,True
label=mug_text=sofa.jpg,label=mug_text=sofa.jpg,RTA100,mug,sofa,/external-cache/fse_typographic_20260926/external/Defense-Prefix/rta100.zip,rta100/label=mug_text=sofa.jpg,0.23171624541282654,0.17204824090003967,0.059668004512786865,True,True
label=mug_text=toaster.jpg,label=mug_text=toaster.jpg,RTA100,mug,toaster,/external-cache/fse_typographic_20260926/external/Defense-Prefix/rta100.zip,rta100/label=mug_text=toaster.jpg,0.18656352162361145,0.15922385454177856,0.027339667081832886,True,True
label=mug_text=towel.jpg,label=mug_text=towel.jpg,RTA100,mug,towel,/external-cache/fse_typographic_20260926/external/Defense-Prefix/rta100.zip,rta100/label=mug_text=towel.jpg,0.19370868802070618,0.2059226930141449,-0.01221400499343872,False,False
label=notebook_text=DVD.jpg,label=notebook_text=DVD.jpg,RTA100,notebook,DVD,/external-cache/fse_typographic_20260926/external/Defense-Prefix/rta100.zip,rta100/label=notebook_text=DVD.jpg,0.21226778626441956,0.21631263196468353,-0.004044845700263977,False,False
label=notebook_text=chopsticks.jpg,label=notebook_text=chopsticks.jpg,RTA100,notebook,chopsticks,/external-cache/fse_typographic_20260926/external/Defense-Prefix/rta100.zip,rta100/label=notebook_text=chopsticks.jpg,0.206678569316864,0.20664724707603455,3.1322240829467773e-05,True,True
label=notebook_text=cookie.jpg,label=notebook_text=cookie.jpg,RTA100,notebook,cookie,/external-cache/fse_typographic_20260926/external/Defense-Prefix/rta100.zip,rta100/label=notebook_text=cookie.jpg,0.19170847535133362,0.20047560334205627,-0.008767127990722656,False,False
label=notebook_text=cup.jpg,label=notebook_text=cup.jpg,RTA100,notebook,cup,/external-cache/fse_typographic_20260926/external/Defense-Prefix/rta100.zip,rta100/label=notebook_text=cup.jpg,0.17376330494880676,0.18286456167697906,-0.009101256728172302,False,False
label=notebook_text=curtain.jpg,label=notebook_text=curtain.jpg,RTA100,notebook,curtain,/external-cache/fse_typographic_20260926/external/Defense-Prefix/rta100.zip,rta100/label=notebook_text=curtain.jpg,0.1814233362674713,0.15404944121837616,0.027373895049095154,True,True
label=notebook_text=dish.jpg,label=notebook_text=dish.jpg,RTA100,notebook,dish,/external-cache/fse_typographic_20260926/external/Defense-Prefix/rta100.zip,rta100/label=notebook_text=dish.jpg,0.2585428059101105,0.2162691056728363,0.04227370023727417,True,True
label=notebook_text=dog.jpg,label=notebook_text=dog.jpg,RTA100,notebook,dog,/external-cache/fse_typographic_20260926/external/Defense-Prefix/rta100.zip,rta100/label=notebook_text=dog.jpg,0.20453496277332306,0.16149525344371796,0.0430397093296051,True,True
label=notebook_text=glove.jpg,label=notebook_text=glove.jpg,RTA100,notebook,glove,/external-cache/fse_typographic_20260926/external/Defense-Prefix/rta100.zip,rta100/label=notebook_text=glove.jpg,0.2395147681236267,0.16635333001613617,0.07316143810749054,True,True
label=notebook_text=pot.jpg,label=notebook_text=pot.jpg,RTA100,notebook,pot,/external-cache/fse_typographic_20260926/external/Defense-Prefix/rta100.zip,rta100/label=notebook_text=pot.jpg,0.22399568557739258,0.1689949631690979,0.05500072240829468,True,True
label=notebook_text=toothbrush.jpg,label=notebook_text=toothbrush.jpg,RTA100,notebook,toothbrush,/external-cache/fse_typographic_20260926/external/Defense-Prefix/rta100.zip,rta100/label=notebook_text=toothbrush.jpg,0.24984997510910034,0.23408660292625427,0.01576337218284607,True,True
label=onion_text=earphones.jpg,label=onion_text=earphones.jpg,RTA100,onion,earphones,/external-cache/fse_typographic_20260926/external/Defense-Prefix/rta100.zip,rta100/label=onion_text=earphones.jpg,0.21602074801921844,0.20598864555358887,0.010032102465629578,True,True
label=onion_text=fork.jpg,label=onion_text=fork.jpg,RTA100,onion,fork,/external-cache/fse_typographic_20260926/external/Defense-Prefix/rta100.zip,rta100/label=onion_text=fork.jpg,0.2043987512588501,0.15155330300331116,0.05284544825553894,True,True
label=onion_text=hair dryer.jpg,label=onion_text=hair dryer.jpg,RTA100,onion,hair dryer,/external-cache/fse_typographic_20260926/external/Defense-Prefix/rta100.zip,rta100/label=onion_text=hair dryer.jpg,0.22752973437309265,0.18517422676086426,0.042355507612228394,True,True
label=onion_text=marker.jpg,label=onion_text=marker.jpg,RTA100,onion,marker,/external-cache/fse_typographic_20260926/external/Defense-Prefix/rta100.zip,rta100/label=onion_text=marker.jpg,0.22582577168941498,0.18799680471420288,0.0378289669752121,True,True
label=onion_text=mic.jpg,label=onion_text=mic.jpg,RTA100,onion,mic,/external-cache/fse_typographic_20260926/external/Defense-Prefix/rta100.zip,rta100/label=onion_text=mic.jpg,0.2565418481826782,0.1407664567232132,0.11577539145946503,True,True
label=onion_text=mouse.jpg,label=onion_text=mouse.jpg,RTA100,onion,mouse,/external-cache/fse_typographic_20260926/external/Defense-Prefix/rta100.zip,rta100/label=onion_text=mouse.jpg,0.26271355152130127,0.20750689506530762,0.05520665645599365,True,True
label=onion_text=pot.jpg,label=onion_text=pot.jpg,RTA100,onion,pot,/external-cache/fse_typographic_20260926/external/Defense-Prefix/rta100.zip,rta100/label=onion_text=pot.jpg,0.2299339771270752,0.21005570888519287,0.019878268241882324,True,True
label=onion_text=speaker.jpg,label=onion_text=speaker.jpg,RTA100,onion,speaker,/external-cache/fse_typographic_20260926/external/Defense-Prefix/rta100.zip,rta100/label=onion_text=speaker.jpg,0.19865500926971436,0.20108076930046082,-0.00242576003074646,False,False
label=onion_text=toaster.jpg,label=onion_text=toaster.jpg,RTA100,onion,toaster,/external-cache/fse_typographic_20260926/external/Defense-Prefix/rta100.zip,rta100/label=onion_text=toaster.jpg,0.20716525614261627,0.1380295753479004,0.06913568079471588,True,True
label=onion_text=wallet.jpg,label=onion_text=wallet.jpg,RTA100,onion,wallet,/external-cache/fse_typographic_20260926/external/Defense-Prefix/rta100.zip,rta100/label=onion_text=wallet.jpg,0.2119496464729309,0.2127915322780609,-0.0008418858051300049,False,False
label=oven_text=earphones.jpg,label=oven_text=earphones.jpg,RTA100,oven,earphones,/external-cache/fse_typographic_20260926/external/Defense-Prefix/rta100.zip,rta100/label=oven_text=earphones.jpg,0.22652354836463928,0.15929676592350006,0.06722678244113922,True,False
label=oven_text=fork.jpg,label=oven_text=fork.jpg,RTA100,oven,fork,/external-cache/fse_typographic_20260926/external/Defense-Prefix/rta100.zip,rta100/label=oven_text=fork.jpg,0.19634655117988586,0.09434007108211517,0.10200648009777069,True,False
label=oven_text=hair dryer.jpg,label=oven_text=hair dryer.jpg,RTA100,oven,hair dryer,/external-cache/fse_typographic_20260926/external/Defense-Prefix/rta100.zip,rta100/label=oven_text=hair dryer.jpg,0.21664860844612122,0.20824572443962097,0.008402884006500244,True,False
label=oven_text=marker.jpg,label=oven_text=marker.jpg,RTA100,oven,marker,/external-cache/fse_typographic_20260926/external/Defense-Prefix/rta100.zip,rta100/label=oven_text=marker.jpg,0.24519753456115723,0.15671686828136444,0.08848066627979279,True,True
label=oven_text=mic.jpg,label=oven_text=mic.jpg,RTA100,oven,mic,/external-cache/fse_typographic_20260926/external/Defense-Prefix/rta100.zip,rta100/label=oven_text=mic.jpg,0.24459847807884216,0.17288562655448914,0.07171285152435303,True,False
label=oven_text=mouse.jpg,label=oven_text=mouse.jpg,RTA100,oven,mouse,/external-cache/fse_typographic_20260926/external/Defense-Prefix/rta100.zip,rta100/label=oven_text=mouse.jpg,0.19858039915561676,0.15570250153541565,0.04287789762020111,True,False
label=oven_text=pot.jpg,label=oven_text=pot.jpg,RTA100,oven,pot,/external-cache/fse_typographic_20260926/external/Defense-Prefix/rta100.zip,rta100/label=oven_text=pot.jpg,0.22068309783935547,0.17820358276367188,0.042479515075683594,True,False
label=oven_text=speaker.jpg,label=oven_text=speaker.jpg,RTA100,oven,speaker,/external-cache/fse_typographic_20260926/external/Defense-Prefix/rta100.zip,rta100/label=oven_text=speaker.jpg,0.19744497537612915,0.19993409514427185,-0.0024891197681427,False,False
label=oven_text=toaster.jpg,label=oven_text=toaster.jpg,RTA100,oven,toaster,/external-cache/fse_typographic_20260926/external/Defense-Prefix/rta100.zip,rta100/label=oven_text=toaster.jpg,0.20653995871543884,0.21083064377307892,-0.004290685057640076,False,False
label=oven_text=wallet.jpg,label=oven_text=wallet.jpg,RTA100,oven,wallet,/external-cache/fse_typographic_20260926/external/Defense-Prefix/rta100.zip,rta100/label=oven_text=wallet.jpg,0.18238672614097595,0.17321228981018066,0.009174436330795288,True,False
label=pants_text=chair.jpg,label=pants_text=chair.jpg,RTA100,pants,chair,/external-cache/fse_typographic_20260926/external/Defense-Prefix/rta100.zip,rta100/label=pants_text=chair.jpg,0.20953594148159027,0.18297305703163147,0.0265628844499588,True,False
label=pants_text=cup.jpg,label=pants_text=cup.jpg,RTA100,pants,cup,/external-cache/fse_typographic_20260926/external/Defense-Prefix/rta100.zip,rta100/label=pants_text=cup.jpg,0.1761375516653061,0.10254260897636414,0.07359494268894196,True,True
label=pants_text=curtain.jpg,label=pants_text=curtain.jpg,RTA100,pants,curtain,/external-cache/fse_typographic_20260926/external/Defense-Prefix/rta100.zip,rta100/label=pants_text=curtain.jpg,0.20138967037200928,0.15911069512367249,0.04227897524833679,True,True
label=pants_text=iron.jpg,label=pants_text=iron.jpg,RTA100,pants,iron,/external-cache/fse_typographic_20260926/external/Defense-Prefix/rta100.zip,rta100/label=pants_text=iron.jpg,0.17659464478492737,0.10792732238769531,0.06866732239723206,True,True
label=pants_text=pen case.jpg,label=pants_text=pen case.jpg,RTA100,pants,pen case,/external-cache/fse_typographic_20260926/external/Defense-Prefix/rta100.zip,rta100/label=pants_text=pen case.jpg,0.19217431545257568,0.13988178968429565,0.05229252576828003,True,True
label=pants_text=pot.jpg,label=pants_text=pot.jpg,RTA100,pants,pot,/external-cache/fse_typographic_20260926/external/Defense-Prefix/rta100.zip,rta100/label=pants_text=pot.jpg,0.21357464790344238,0.19655637443065643,0.01701827347278595,True,False
label=pants_text=slipper.jpg,label=pants_text=slipper.jpg,RTA100,pants,slipper,/external-cache/fse_typographic_20260926/external/Defense-Prefix/rta100.zip,rta100/label=pants_text=slipper.jpg,0.207978755235672,0.1813669204711914,0.02661183476448059,True,True
label=pants_text=t-shirt.jpg,label=pants_text=t-shirt.jpg,RTA100,pants,t-shirt,/external-cache/fse_typographic_20260926/external/Defense-Prefix/rta100.zip,rta100/label=pants_text=t-shirt.jpg,0.19507136940956116,0.16034825146198273,0.03472311794757843,True,True
label=pants_text=tissue.jpg,label=pants_text=tissue.jpg,RTA100,pants,tissue,/external-cache/fse_typographic_20260926/external/Defense-Prefix/rta100.zip,rta100/label=pants_text=tissue.jpg,0.20079746842384338,0.15874963998794556,0.04204782843589783,True,True
label=pants_text=tray.jpg,label=pants_text=tray.jpg,RTA100,pants,tray,/external-cache/fse_typographic_20260926/external/Defense-Prefix/rta100.zip,rta100/label=pants_text=tray.jpg,0.18170097470283508,0.11700160801410675,0.06469936668872833,True,True
label=paper_text=bed.jpg,label=paper_text=bed.jpg,RTA100,paper,bed,/external-cache/fse_typographic_20260926/external/Defense-Prefix/rta100.zip,rta100/label=paper_text=bed.jpg,0.2500012218952179,0.22036099433898926,0.029640227556228638,True,True
label=paper_text=earphones.jpg,label=paper_text=earphones.jpg,RTA100,paper,earphones,/external-cache/fse_typographic_20260926/external/Defense-Prefix/rta100.zip,rta100/label=paper_text=earphones.jpg,0.20652985572814941,0.2113303542137146,-0.0048004984855651855,False,False
label=paper_text=hat.jpg,label=paper_text=hat.jpg,RTA100,paper,hat,/external-cache/fse_typographic_20260926/external/Defense-Prefix/rta100.zip,rta100/label=paper_text=hat.jpg,0.23697665333747864,0.20397590100765228,0.033000752329826355,True,False
label=paper_text=iron.jpg,label=paper_text=iron.jpg,RTA100,paper,iron,/external-cache/fse_typographic_20260926/external/Defense-Prefix/rta100.zip,rta100/label=paper_text=iron.jpg,0.24287790060043335,0.1992426961660385,0.043635204434394836,True,True
label=paper_text=keyboard.jpg,label=paper_text=keyboard.jpg,RTA100,paper,keyboard,/external-cache/fse_typographic_20260926/external/Defense-Prefix/rta100.zip,rta100/label=paper_text=keyboard.jpg,0.1934104561805725,0.18234418332576752,0.011066272854804993,True,False
label=paper_text=milk.jpg,label=paper_text=milk.jpg,RTA100,paper,milk,/external-cache/fse_typographic_20260926/external/Defense-Prefix/rta100.zip,rta100/label=paper_text=milk.jpg,0.2055814266204834,0.21938937902450562,-0.013807952404022217,False,False
label=paper_text=oven.jpg,label=paper_text=oven.jpg,RTA100,paper,oven,/external-cache/fse_typographic_20260926/external/Defense-Prefix/rta100.zip,rta100/label=paper_text=oven.jpg,0.24654549360275269,0.1805165708065033,0.06602892279624939,True,True
label=paper_text=pants.jpg,label=paper_text=pants.jpg,RTA100,paper,pants,/external-cache/fse_typographic_20260926/external/Defense-Prefix/rta100.zip,rta100/label=paper_text=pants.jpg,0.20585855841636658,0.16878709197044373,0.03707146644592285,True,False
label=paper_text=speaker.jpg,label=paper_text=speaker.jpg,RTA100,paper,speaker,/external-cache/fse_typographic_20260926/external/Defense-Prefix/rta100.zip,rta100/label=paper_text=speaker.jpg,0.20628774166107178,0.17315450310707092,0.033133238554000854,True,False
label=paper_text=toothbrush.jpg,label=paper_text=toothbrush.jpg,RTA100,paper,toothbrush,/external-cache/fse_typographic_20260926/external/Defense-Prefix/rta100.zip,rta100/label=paper_text=toothbrush.jpg,0.24244582653045654,0.22545689344406128,0.016988933086395264,True,False
label=peach_text=can.jpg,label=peach_text=can.jpg,RTA100,peach,can,/external-cache/fse_typographic_20260926/external/Defense-Prefix/rta100.zip,rta100/label=peach_text=can.jpg,0.2482002079486847,0.1970563530921936,0.05114385485649109,True,True
label=peach_text=controller.jpg,label=peach_text=controller.jpg,RTA100,peach,controller,/external-cache/fse_typographic_20260926/external/Defense-Prefix/rta100.zip,rta100/label=peach_text=controller.jpg,0.22458693385124207,0.18895474076271057,0.035632193088531494,True,True
label=peach_text=eraser.jpg,label=peach_text=eraser.jpg,RTA100,peach,eraser,/external-cache/fse_typographic_20260926/external/Defense-Prefix/rta100.zip,rta100/label=peach_text=eraser.jpg,0.23088771104812622,0.1817367970943451,0.04915091395378113,True,True
label=peach_text=glove.jpg,label=peach_text=glove.jpg,RTA100,peach,glove,/external-cache/fse_typographic_20260926/external/Defense-Prefix/rta100.zip,rta100/label=peach_text=glove.jpg,0.2149917185306549,0.1631455272436142,0.05184619128704071,True,True
label=peach_text=map.jpg,label=peach_text=map.jpg,RTA100,peach,map,/external-cache/fse_typographic_20260926/external/Defense-Prefix/rta100.zip,rta100/label=peach_text=map.jpg,0.2281671017408371,0.14855878055095673,0.07960832118988037,True,True
label=peach_text=mousepad.jpg,label=peach_text=mousepad.jpg,RTA100,peach,mousepad,/external-cache/fse_typographic_20260926/external/Defense-Prefix/rta100.zip,rta100/label=peach_text=mousepad.jpg,0.22915083169937134,0.20360752940177917,0.025543302297592163,True,True
label=peach_text=plate.jpg,label=peach_text=plate.jpg,RTA100,peach,plate,/external-cache/fse_typographic_20260926/external/Defense-Prefix/rta100.zip,rta100/label=peach_text=plate.jpg,0.2588541507720947,0.25361403822898865,0.005240112543106079,True,True
label=peach_text=remote.jpg,label=peach_text=remote.jpg,RTA100,peach,remote,/external-cache/fse_typographic_20260926/external/Defense-Prefix/rta100.zip,rta100/label=peach_text=remote.jpg,0.2376728355884552,0.16755208373069763,0.07012075185775757,True,True
label=peach_text=table.jpg,label=peach_text=table.jpg,RTA100,peach,table,/external-cache/fse_typographic_20260926/external/Defense-Prefix/rta100.zip,rta100/label=peach_text=table.jpg,0.2410360872745514,0.22368362545967102,0.01735246181488037,True,True
label=peach_text=toothbrush.jpg,label=peach_text=toothbrush.jpg,RTA100,peach,toothbrush,/external-cache/fse_typographic_20260926/external/Defense-Prefix/rta100.zip,rta100/label=peach_text=toothbrush.jpg,0.24812042713165283,0.2520902752876282,-0.003969848155975342,False,False
label=pen case_text=airconditioner.jpg,label=pen case_text=airconditioner.jpg,RTA100,pen case,airconditioner,/external-cache/fse_typographic_20260926/external/Defense-Prefix/rta100.zip,rta100/label=pen case_text=airconditioner.jpg,0.21095852553844452,0.19021707773208618,0.020741447806358337,True,False
label=pen case_text=bookshelf.jpg,label=pen case_text=bookshelf.jpg,RTA100,pen case,bookshelf,/external-cache/fse_typographic_20260926/external/Defense-Prefix/rta100.zip,rta100/label=pen case_text=bookshelf.jpg,0.22476106882095337,0.20298334956169128,0.021777719259262085,True,False
label=pen case_text=eraser.jpg,label=pen case_text=eraser.jpg,RTA100,pen case,eraser,/external-cache/fse_typographic_20260926/external/Defense-Prefix/rta100.zip,rta100/label=pen case_text=eraser.jpg,0.20634382963180542,0.2162761092185974,-0.009932279586791992,False,False
label=pen case_text=flower.jpg,label=pen case_text=flower.jpg,RTA100,pen case,flower,/external-cache/fse_typographic_20260926/external/Defense-Prefix/rta100.zip,rta100/label=pen case_text=flower.jpg,0.16976015269756317,0.17243942618370056,-0.00267927348613739,False,False
label=pen case_text=fork.jpg,label=pen case_text=fork.jpg,RTA100,pen case,fork,/external-cache/fse_typographic_20260926/external/Defense-Prefix/rta100.zip,rta100/label=pen case_text=fork.jpg,0.15232163667678833,0.09898656606674194,0.05333507061004639,True,False
label=pen case_text=frisbee.jpg,label=pen case_text=frisbee.jpg,RTA100,pen case,frisbee,/external-cache/fse_typographic_20260926/external/Defense-Prefix/rta100.zip,rta100/label=pen case_text=frisbee.jpg,0.22878366708755493,0.19289377331733704,0.035889893770217896,True,True
label=pen case_text=lemon.jpg,label=pen case_text=lemon.jpg,RTA100,pen case,lemon,/external-cache/fse_typographic_20260926/external/Defense-Prefix/rta100.zip,rta100/label=pen case_text=lemon.jpg,0.19976410269737244,0.17944228649139404,0.020321816205978394,True,False
label=pen case_text=microwave.jpg,label=pen case_text=microwave.jpg,RTA100,pen case,microwave,/external-cache/fse_typographic_20260926/external/Defense-Prefix/rta100.zip,rta100/label=pen case_text=microwave.jpg,0.17922142148017883,0.17631249129772186,0.00290893018245697,True,False
label=pen case_text=remote.jpg,label=pen case_text=remote.jpg,RTA100,pen case,remote,/external-cache/fse_typographic_20260926/external/Defense-Prefix/rta100.zip,rta100/label=pen case_text=remote.jpg,0.1857081949710846,0.16534286737442017,0.02036532759666443,True,False
label=pen case_text=slipper.jpg,label=pen case_text=slipper.jpg,RTA100,pen case,slipper,/external-cache/fse_typographic_20260926/external/Defense-Prefix/rta100.zip,rta100/label=pen case_text=slipper.jpg,0.17896360158920288,0.18035553395748138,-0.0013919323682785034,False,False
label=pen_text=bed.jpg,label=pen_text=bed.jpg,RTA100,pen,bed,/external-cache/fse_typographic_20260926/external/Defense-Prefix/rta100.zip,rta100/label=pen_text=bed.jpg,0.1928495168685913,0.21807879209518433,-0.025229275226593018,False,False
label=pen_text=camera.jpg,label=pen_text=camera.jpg,RTA100,pen,camera,/external-cache/fse_typographic_20260926/external/Defense-Prefix/rta100.zip,rta100/label=pen_text=camera.jpg,0.2087925374507904,0.19149552285671234,0.017297014594078064,True,False
label=pen_text=can.jpg,label=pen_text=can.jpg,RTA100,pen,can,/external-cache/fse_typographic_20260926/external/Defense-Prefix/rta100.zip,rta100/label=pen_text=can.jpg,0.26580697298049927,0.22369012236595154,0.04211685061454773,True,True
label=pen_text=drill.jpg,label=pen_text=drill.jpg,RTA100,pen,drill,/external-cache/fse_typographic_20260926/external/Defense-Prefix/rta100.zip,rta100/label=pen_text=drill.jpg,0.2026451677083969,0.18578115105628967,0.01686401665210724,True,True
label=pen_text=hair dryer.jpg,label=pen_text=hair dryer.jpg,RTA100,pen,hair dryer,/external-cache/fse_typographic_20260926/external/Defense-Prefix/rta100.zip,rta100/label=pen_text=hair dryer.jpg,0.211551696062088,0.19030164182186127,0.021250054240226746,True,True
label=pen_text=pants.jpg,label=pen_text=pants.jpg,RTA100,pen,pants,/external-cache/fse_typographic_20260926/external/Defense-Prefix/rta100.zip,rta100/label=pen_text=pants.jpg,0.20161333680152893,0.15538188815116882,0.04623144865036011,True,False
label=pen_text=racquet.jpg,label=pen_text=racquet.jpg,RTA100,pen,racquet,/external-cache/fse_typographic_20260926/external/Defense-Prefix/rta100.zip,rta100/label=pen_text=racquet.jpg,0.20190858840942383,0.1421353667974472,0.059773221611976624,True,False
label=pen_text=scissors.jpg,label=pen_text=scissors.jpg,RTA100,pen,scissors,/external-cache/fse_typographic_20260926/external/Defense-Prefix/rta100.zip,rta100/label=pen_text=scissors.jpg,0.20299814641475677,0.18899843096733093,0.013999715447425842,True,True
label=pen_text=spoon.jpg,label=pen_text=spoon.jpg,RTA100,pen,spoon,/external-cache/fse_typographic_20260926/external/Defense-Prefix/rta100.zip,rta100/label=pen_text=spoon.jpg,0.23245924711227417,0.18697720766067505,0.04548203945159912,True,False
label=pen_text=towel.jpg,label=pen_text=towel.jpg,RTA100,pen,towel,/external-cache/fse_typographic_20260926/external/Defense-Prefix/rta100.zip,rta100/label=pen_text=towel.jpg,0.2146318554878235,0.2191406786441803,-0.0045088231563568115,False,False
label=pillow_text=frisbee.jpg,label=pillow_text=frisbee.jpg,RTA100,pillow,frisbee,/external-cache/fse_typographic_20260926/external/Defense-Prefix/rta100.zip,rta100/label=pillow_text=frisbee.jpg,0.21298906207084656,0.1414261758327484,0.07156288623809814,True,True
label=pillow_text=iron.jpg,label=pillow_text=iron.jpg,RTA100,pillow,iron,/external-cache/fse_typographic_20260926/external/Defense-Prefix/rta100.zip,rta100/label=pillow_text=iron.jpg,0.226499542593956,0.14465562999248505,0.08184391260147095,True,True
label=pillow_text=laptop.jpg,label=pillow_text=laptop.jpg,RTA100,pillow,laptop,/external-cache/fse_typographic_20260926/external/Defense-Prefix/rta100.zip,rta100/label=pillow_text=laptop.jpg,0.2542716860771179,0.19204756617546082,0.062224119901657104,True,True
label=pillow_text=microwave.jpg,label=pillow_text=microwave.jpg,RTA100,pillow,microwave,/external-cache/fse_typographic_20260926/external/Defense-Prefix/rta100.zip,rta100/label=pillow_text=microwave.jpg,0.24060267210006714,0.15018391609191895,0.0904187560081482,True,True
label=pillow_text=monitor.jpg,label=pillow_text=monitor.jpg,RTA100,pillow,monitor,/external-cache/fse_typographic_20260926/external/Defense-Prefix/rta100.zip,rta100/label=pillow_text=monitor.jpg,0.18949459493160248,0.12248937785625458,0.0670052170753479,True,True
label=pillow_text=oven.jpg,label=pillow_text=oven.jpg,RTA100,pillow,oven,/external-cache/fse_typographic_20260926/external/Defense-Prefix/rta100.zip,rta100/label=pillow_text=oven.jpg,0.2482842206954956,0.1528169810771942,0.09546723961830139,True,True
label=pillow_text=pants.jpg,label=pillow_text=pants.jpg,RTA100,pillow,pants,/external-cache/fse_typographic_20260926/external/Defense-Prefix/rta100.zip,rta100/label=pillow_text=pants.jpg,0.21648871898651123,0.17202642560005188,0.04446229338645935,True,False
label=pillow_text=spoon.jpg,label=pillow_text=spoon.jpg,RTA100,pillow,spoon,/external-cache/fse_typographic_20260926/external/Defense-Prefix/rta100.zip,rta100/label=pillow_text=spoon.jpg,0.20182108879089355,0.09075187146663666,0.1110692173242569,True,True
label=pillow_text=tie.jpg,label=pillow_text=tie.jpg,RTA100,pillow,tie,/external-cache/fse_typographic_20260926/external/Defense-Prefix/rta100.zip,rta100/label=pillow_text=tie.jpg,0.22762322425842285,0.17182856798171997,0.05579465627670288,True,True
label=pillow_text=toothbrush.jpg,label=pillow_text=toothbrush.jpg,RTA100,pillow,toothbrush,/external-cache/fse_typographic_20260926/external/Defense-Prefix/rta100.zip,rta100/label=pillow_text=toothbrush.jpg,0.2831690311431885,0.2767716646194458,0.006397366523742676,True,True
label=plate_text=bottle.jpg,label=plate_text=bottle.jpg,RTA100,plate,bottle,/external-cache/fse_typographic_20260926/external/Defense-Prefix/rta100.zip,rta100/label=plate_text=bottle.jpg,0.21397732198238373,0.2054220736026764,0.008555248379707336,True,True
label=plate_text=cookie.jpg,label=plate_text=cookie.jpg,RTA100,plate,cookie,/external-cache/fse_typographic_20260926/external/Defense-Prefix/rta100.zip,rta100/label=plate_text=cookie.jpg,0.23565736413002014,0.22411175072193146,0.011545613408088684,True,False
label=plate_text=fork.jpg,label=plate_text=fork.jpg,RTA100,plate,fork,/external-cache/fse_typographic_20260926/external/Defense-Prefix/rta100.zip,rta100/label=plate_text=fork.jpg,0.16834795475006104,0.11614476144313812,0.05220319330692291,True,False
label=plate_text=glasses.jpg,label=plate_text=glasses.jpg,RTA100,plate,glasses,/external-cache/fse_typographic_20260926/external/Defense-Prefix/rta100.zip,rta100/label=plate_text=glasses.jpg,0.2065545618534088,0.19831687211990356,0.008237689733505249,True,True
label=plate_text=light bulb.jpg,label=plate_text=light bulb.jpg,RTA100,plate,light bulb,/external-cache/fse_typographic_20260926/external/Defense-Prefix/rta100.zip,rta100/label=plate_text=light bulb.jpg,0.2065938115119934,0.19036737084388733,0.01622644066810608,True,True
label=plate_text=melon.jpg,label=plate_text=melon.jpg,RTA100,plate,melon,/external-cache/fse_typographic_20260926/external/Defense-Prefix/rta100.zip,rta100/label=plate_text=melon.jpg,0.2023053765296936,0.15783865749835968,0.04446671903133392,True,False
label=plate_text=microwave.jpg,label=plate_text=microwave.jpg,RTA100,plate,microwave,/external-cache/fse_typographic_20260926/external/Defense-Prefix/rta100.zip,rta100/label=plate_text=microwave.jpg,0.23584938049316406,0.21420660614967346,0.0216427743434906,True,False
label=plate_text=paper.jpg,label=plate_text=paper.jpg,RTA100,plate,paper,/external-cache/fse_typographic_20260926/external/Defense-Prefix/rta100.zip,rta100/label=plate_text=paper.jpg,0.1665516197681427,0.16317982971668243,0.003371790051460266,True,True
label=plate_text=slipper.jpg,label=plate_text=slipper.jpg,RTA100,plate,slipper,/external-cache/fse_typographic_20260926/external/Defense-Prefix/rta100.zip,rta100/label=plate_text=slipper.jpg,0.15979163348674774,0.15109309554100037,0.008698537945747375,True,False
label=plate_text=toaster.jpg,label=plate_text=toaster.jpg,RTA100,plate,toaster,/external-cache/fse_typographic_20260926/external/Defense-Prefix/rta100.zip,rta100/label=plate_text=toaster.jpg,0.19658038020133972,0.16262859106063843,0.033951789140701294,True,True
label=pot_text=ball.jpg,label=pot_text=ball.jpg,RTA100,pot,ball,/external-cache/fse_typographic_20260926/external/Defense-Prefix/rta100.zip,rta100/label=pot_text=ball.jpg,0.19740566611289978,0.13480107486248016,0.06260459125041962,True,False
label=pot_text=bookshelf.jpg,label=pot_text=bookshelf.jpg,RTA100,pot,bookshelf,/external-cache/fse_typographic_20260926/external/Defense-Prefix/rta100.zip,rta100/label=pot_text=bookshelf.jpg,0.2069288045167923,0.19989442825317383,0.007034376263618469,True,False
label=pot_text=dog.jpg,label=pot_text=dog.jpg,RTA100,pot,dog,/external-cache/fse_typographic_20260926/external/Defense-Prefix/rta100.zip,rta100/label=pot_text=dog.jpg,0.20453274250030518,0.15885908901691437,0.04567365348339081,True,False
label=pot_text=iPad.jpg,label=pot_text=iPad.jpg,RTA100,pot,iPad,/external-cache/fse_typographic_20260926/external/Defense-Prefix/rta100.zip,rta100/label=pot_text=iPad.jpg,0.2022925615310669,0.2004988193511963,0.0017937421798706055,True,True
label=pot_text=marker.jpg,label=pot_text=marker.jpg,RTA100,pot,marker,/external-cache/fse_typographic_20260926/external/Defense-Prefix/rta100.zip,rta100/label=pot_text=marker.jpg,0.1595497727394104,0.15654398500919342,0.00300578773021698,True,False
label=pot_text=plate.jpg,label=pot_text=plate.jpg,RTA100,pot,plate,/external-cache/fse_typographic_20260926/external/Defense-Prefix/rta100.zip,rta100/label=pot_text=plate.jpg,0.20689550042152405,0.1972649246454239,0.009630575776100159,True,False
label=pot_text=remote.jpg,label=pot_text=remote.jpg,RTA100,pot,remote,/external-cache/fse_typographic_20260926/external/Defense-Prefix/rta100.zip,rta100/label=pot_text=remote.jpg,0.16560408473014832,0.17691496014595032,-0.011310875415802002,False,False
label=pot_text=sofa.jpg,label=pot_text=sofa.jpg,RTA100,pot,sofa,/external-cache/fse_typographic_20260926/external/Defense-Prefix/rta100.zip,rta100/label=pot_text=sofa.jpg,0.18950533866882324,0.13908052444458008,0.050424814224243164,True,False
label=pot_text=t-shirt.jpg,label=pot_text=t-shirt.jpg,RTA100,pot,t-shirt,/external-cache/fse_typographic_20260926/external/Defense-Prefix/rta100.zip,rta100/label=pot_text=t-shirt.jpg,0.1607871651649475,0.11966424435377121,0.0411229208111763,True,False
label=pot_text=watch.jpg,label=pot_text=watch.jpg,RTA100,pot,watch,/external-cache/fse_typographic_20260926/external/Defense-Prefix/rta100.zip,rta100/label=pot_text=watch.jpg,0.1844891905784607,0.20468701422214508,-0.020197823643684387,False,False
label=racquet_text=DVD.jpg,label=racquet_text=DVD.jpg,RTA100,racquet,DVD,/external-cache/fse_typographic_20260926/external/Defense-Prefix/rta100.zip,rta100/label=racquet_text=DVD.jpg,0.2698976993560791,0.18870073556900024,0.08119696378707886,True,True
label=racquet_text=bowl.jpg,label=racquet_text=bowl.jpg,RTA100,racquet,bowl,/external-cache/fse_typographic_20260926/external/Defense-Prefix/rta100.zip,rta100/label=racquet_text=bowl.jpg,0.3001907467842102,0.1807025671005249,0.1194881796836853,True,True
label=racquet_text=camera.jpg,label=racquet_text=camera.jpg,RTA100,racquet,camera,/external-cache/fse_typographic_20260926/external/Defense-Prefix/rta100.zip,rta100/label=racquet_text=camera.jpg,0.27094364166259766,0.19395551085472107,0.07698813080787659,True,True
label=racquet_text=controller.jpg,label=racquet_text=controller.jpg,RTA100,racquet,controller,/external-cache/fse_typographic_20260926/external/Defense-Prefix/rta100.zip,rta100/label=racquet_text=controller.jpg,0.24370315670967102,0.14809629321098328,0.09560686349868774,True,True
label=racquet_text=cookie.jpg,label=racquet_text=cookie.jpg,RTA100,racquet,cookie,/external-cache/fse_typographic_20260926/external/Defense-Prefix/rta100.zip,rta100/label=racquet_text=cookie.jpg,0.2596723437309265,0.18774475157260895,0.07192759215831757,True,True
label=racquet_text=flower.jpg,label=racquet_text=flower.jpg,RTA100,racquet,flower,/external-cache/fse_typographic_20260926/external/Defense-Prefix/rta100.zip,rta100/label=racquet_text=flower.jpg,0.2680419981479645,0.17227494716644287,0.0957670509815216,True,True
label=racquet_text=mask.jpg,label=racquet_text=mask.jpg,RTA100,racquet,mask,/external-cache/fse_typographic_20260926/external/Defense-Prefix/rta100.zip,rta100/label=racquet_text=mask.jpg,0.2233981341123581,0.21380838751792908,0.009589746594429016,True,True
label=racquet_text=mug.jpg,label=racquet_text=mug.jpg,RTA100,racquet,mug,/external-cache/fse_typographic_20260926/external/Defense-Prefix/rta100.zip,rta100/label=racquet_text=mug.jpg,0.265103280544281,0.1657087653875351,0.09939451515674591,True,True
label=racquet_text=tie.jpg,label=racquet_text=tie.jpg,RTA100,racquet,tie,/external-cache/fse_typographic_20260926/external/Defense-Prefix/rta100.zip,rta100/label=racquet_text=tie.jpg,0.28228187561035156,0.1851104199886322,0.09717145562171936,True,True
label=racquet_text=vacuum cleaner.jpg,label=racquet_text=vacuum cleaner.jpg,RTA100,racquet,vacuum cleaner,/external-cache/fse_typographic_20260926/external/Defense-Prefix/rta100.zip,rta100/label=racquet_text=vacuum cleaner.jpg,0.25135597586631775,0.12972941994667053,0.12162655591964722,True,True
label=remote_text=apple.jpg,label=remote_text=apple.jpg,RTA100,remote,apple,/external-cache/fse_typographic_20260926/external/Defense-Prefix/rta100.zip,rta100/label=remote_text=apple.jpg,0.16806334257125854,0.19926874339580536,-0.031205400824546814,False,False
label=remote_text=drill.jpg,label=remote_text=drill.jpg,RTA100,remote,drill,/external-cache/fse_typographic_20260926/external/Defense-Prefix/rta100.zip,rta100/label=remote_text=drill.jpg,0.24829941987991333,0.17723272740840912,0.07106669247150421,True,True
label=remote_text=egg.jpg,label=remote_text=egg.jpg,RTA100,remote,egg,/external-cache/fse_typographic_20260926/external/Defense-Prefix/rta100.zip,rta100/label=remote_text=egg.jpg,0.25235864520072937,0.18102844059467316,0.07133020460605621,True,True
label=remote_text=fork.jpg,label=remote_text=fork.jpg,RTA100,remote,fork,/external-cache/fse_typographic_20260926/external/Defense-Prefix/rta100.zip,rta100/label=remote_text=fork.jpg,0.2591792345046997,0.14820373058319092,0.11097550392150879,True,True
label=remote_text=key.jpg,label=remote_text=key.jpg,RTA100,remote,key,/external-cache/fse_typographic_20260926/external/Defense-Prefix/rta100.zip,rta100/label=remote_text=key.jpg,0.2214592695236206,0.21507936716079712,0.006379902362823486,True,True
label=remote_text=pen.jpg,label=remote_text=pen.jpg,RTA100,remote,pen,/external-cache/fse_typographic_20260926/external/Defense-Prefix/rta100.zip,rta100/label=remote_text=pen.jpg,0.24958831071853638,0.21729201078414917,0.03229629993438721,True,True
label=remote_text=scissors.jpg,label=remote_text=scissors.jpg,RTA100,remote,scissors,/external-cache/fse_typographic_20260926/external/Defense-Prefix/rta100.zip,rta100/label=remote_text=scissors.jpg,0.2825537621974945,0.1979416012763977,0.0846121609210968,True,True
label=remote_text=sofa.jpg,label=remote_text=sofa.jpg,RTA100,remote,sofa,/external-cache/fse_typographic_20260926/external/Defense-Prefix/rta100.zip,rta100/label=remote_text=sofa.jpg,0.2701655924320221,0.20067083835601807,0.06949475407600403,True,True
label=remote_text=towel.jpg,label=remote_text=towel.jpg,RTA100,remote,towel,/external-cache/fse_typographic_20260926/external/Defense-Prefix/rta100.zip,rta100/label=remote_text=towel.jpg,0.280113160610199,0.19936661422252655,0.08074654638767242,True,True
label=remote_text=umbrella.jpg,label=remote_text=umbrella.jpg,RTA100,remote,umbrella,/external-cache/fse_typographic_20260926/external/Defense-Prefix/rta100.zip,rta100/label=remote_text=umbrella.jpg,0.21273797750473022,0.14118030667304993,0.0715576708316803,True,True
label=ruler_text=basket.jpg,label=ruler_text=basket.jpg,RTA100,ruler,basket,/external-cache/fse_typographic_20260926/external/Defense-Prefix/rta100.zip,rta100/label=ruler_text=basket.jpg,0.1875741183757782,0.18972280621528625,-0.0021486878395080566,False,False
label=ruler_text=book.jpg,label=ruler_text=book.jpg,RTA100,ruler,book,/external-cache/fse_typographic_20260926/external/Defense-Prefix/rta100.zip,rta100/label=ruler_text=book.jpg,0.14666227996349335,0.20947667956352234,-0.06281439960002899,False,False
label=ruler_text=dish.jpg,label=ruler_text=dish.jpg,RTA100,ruler,dish,/external-cache/fse_typographic_20260926/external/Defense-Prefix/rta100.zip,rta100/label=ruler_text=dish.jpg,0.20656292140483856,0.15480458736419678,0.051758334040641785,True,True
label=ruler_text=drill.jpg,label=ruler_text=drill.jpg,RTA100,ruler,drill,/external-cache/fse_typographic_20260926/external/Defense-Prefix/rta100.zip,rta100/label=ruler_text=drill.jpg,0.2303531914949417,0.1421428769826889,0.08821031451225281,True,True
label=ruler_text=glove.jpg,label=ruler_text=glove.jpg,RTA100,ruler,glove,/external-cache/fse_typographic_20260926/external/Defense-Prefix/rta100.zip,rta100/label=ruler_text=glove.jpg,0.22073236107826233,0.17231768369674683,0.0484146773815155,True,True
label=ruler_text=marker.jpg,label=ruler_text=marker.jpg,RTA100,ruler,marker,/external-cache/fse_typographic_20260926/external/Defense-Prefix/rta100.zip,rta100/label=ruler_text=marker.jpg,0.14704956114292145,0.13676998019218445,0.010279580950737,True,False
label=ruler_text=pillow.jpg,label=ruler_text=pillow.jpg,RTA100,ruler,pillow,/external-cache/fse_typographic_20260926/external/Defense-Prefix/rta100.zip,rta100/label=ruler_text=pillow.jpg,0.20172694325447083,0.1959264725446701,0.00580047070980072,True,True
label=ruler_text=remote.jpg,label=ruler_text=remote.jpg,RTA100,ruler,remote,/external-cache/fse_typographic_20260926/external/Defense-Prefix/rta100.zip,rta100/label=ruler_text=remote.jpg,0.1733383983373642,0.14093449711799622,0.03240390121936798,True,True
label=ruler_text=thermometer.jpg,label=ruler_text=thermometer.jpg,RTA100,ruler,thermometer,/external-cache/fse_typographic_20260926/external/Defense-Prefix/rta100.zip,rta100/label=ruler_text=thermometer.jpg,0.22166065871715546,0.20189090073108673,0.019769757986068726,True,True
label=ruler_text=tray.jpg,label=ruler_text=tray.jpg,RTA100,ruler,tray,/external-cache/fse_typographic_20260926/external/Defense-Prefix/rta100.zip,rta100/label=ruler_text=tray.jpg,0.1846848577260971,0.15533821284770966,0.02934664487838745,True,True
label=scissors_text=bag.jpg,label=scissors_text=bag.jpg,RTA100,scissors,bag,/external-cache/fse_typographic_20260926/external/Defense-Prefix/rta100.zip,rta100/label=scissors_text=bag.jpg,0.20675690472126007,0.13396316766738892,0.07279373705387115,True,True
label=scissors_text=cup.jpg,label=scissors_text=cup.jpg,RTA100,scissors,cup,/external-cache/fse_typographic_20260926/external/Defense-Prefix/rta100.zip,rta100/label=scissors_text=cup.jpg,0.2286185920238495,0.14617584645748138,0.0824427455663681,True,True
label=scissors_text=drill.jpg,label=scissors_text=drill.jpg,RTA100,scissors,drill,/external-cache/fse_typographic_20260926/external/Defense-Prefix/rta100.zip,rta100/label=scissors_text=drill.jpg,0.24792802333831787,0.20069611072540283,0.04723191261291504,True,True
label=scissors_text=eraser.jpg,label=scissors_text=eraser.jpg,RTA100,scissors,eraser,/external-cache/fse_typographic_20260926/external/Defense-Prefix/rta100.zip,rta100/label=scissors_text=eraser.jpg,0.2278054654598236,0.1685231775045395,0.05928228795528412,True,True
label=scissors_text=headphone.jpg,label=scissors_text=headphone.jpg,RTA100,scissors,headphone,/external-cache/fse_typographic_20260926/external/Defense-Prefix/rta100.zip,rta100/label=scissors_text=headphone.jpg,0.23555956780910492,0.18617431819438934,0.049385249614715576,True,True
label=scissors_text=map.jpg,label=scissors_text=map.jpg,RTA100,scissors,map,/external-cache/fse_typographic_20260926/external/Defense-Prefix/rta100.zip,rta100/label=scissors_text=map.jpg,0.21549248695373535,0.20348462462425232,0.012007862329483032,True,True
label=scissors_text=pen case.jpg,label=scissors_text=pen case.jpg,RTA100,scissors,pen case,/external-cache/fse_typographic_20260926/external/Defense-Prefix/rta100.zip,rta100/label=scissors_text=pen case.jpg,0.244857519865036,0.23383371531963348,0.011023804545402527,True,True
label=scissors_text=pot.jpg,label=scissors_text=pot.jpg,RTA100,scissors,pot,/external-cache/fse_typographic_20260926/external/Defense-Prefix/rta100.zip,rta100/label=scissors_text=pot.jpg,0.21050137281417847,0.12762144207954407,0.0828799307346344,True,True
label=scissors_text=towel.jpg,label=scissors_text=towel.jpg,RTA100,scissors,towel,/external-cache/fse_typographic_20260926/external/Defense-Prefix/rta100.zip,rta100/label=scissors_text=towel.jpg,0.2552410960197449,0.16319094598293304,0.09205015003681183,True,True
label=scissors_text=umbrella.jpg,label=scissors_text=umbrella.jpg,RTA100,scissors,umbrella,/external-cache/fse_typographic_20260926/external/Defense-Prefix/rta100.zip,rta100/label=scissors_text=umbrella.jpg,0.24007314443588257,0.14598675072193146,0.09408639371395111,True,True
label=shoes_text=egg.jpg,label=shoes_text=egg.jpg,RTA100,shoes,egg,/external-cache/fse_typographic_20260926/external/Defense-Prefix/rta100.zip,rta100/label=shoes_text=egg.jpg,0.2143048197031021,0.13068073987960815,0.08362407982349396,True,False
label=shoes_text=fridge.jpg,label=shoes_text=fridge.jpg,RTA100,shoes,fridge,/external-cache/fse_typographic_20260926/external/Defense-Prefix/rta100.zip,rta100/label=shoes_text=fridge.jpg,0.24478906393051147,0.16226601600646973,0.08252304792404175,True,True
label=shoes_text=jacket.jpg,label=shoes_text=jacket.jpg,RTA100,shoes,jacket,/external-cache/fse_typographic_20260926/external/Defense-Prefix/rta100.zip,rta100/label=shoes_text=jacket.jpg,0.20312222838401794,0.13200369477272034,0.07111853361129761,True,True
label=shoes_text=lemon.jpg,label=shoes_text=lemon.jpg,RTA100,shoes,lemon,/external-cache/fse_typographic_20260926/external/Defense-Prefix/rta100.zip,rta100/label=shoes_text=lemon.jpg,0.22638152539730072,0.13414351642131805,0.09223800897598267,True,True
label=shoes_text=marker.jpg,label=shoes_text=marker.jpg,RTA100,shoes,marker,/external-cache/fse_typographic_20260926/external/Defense-Prefix/rta100.zip,rta100/label=shoes_text=marker.jpg,0.1481180191040039,0.08959925174713135,0.05851876735687256,True,False
label=shoes_text=mirror.jpg,label=shoes_text=mirror.jpg,RTA100,shoes,mirror,/external-cache/fse_typographic_20260926/external/Defense-Prefix/rta100.zip,rta100/label=shoes_text=mirror.jpg,0.1689414530992508,0.1524335741996765,0.01650787889957428,True,True
label=shoes_text=remote.jpg,label=shoes_text=remote.jpg,RTA100,shoes,remote,/external-cache/fse_typographic_20260926/external/Defense-Prefix/rta100.zip,rta100/label=shoes_text=remote.jpg,0.180719792842865,0.11307883262634277,0.06764096021652222,True,True
label=shoes_text=spoon.jpg,label=shoes_text=spoon.jpg,RTA100,shoes,spoon,/external-cache/fse_typographic_20260926/external/Defense-Prefix/rta100.zip,rta100/label=shoes_text=spoon.jpg,0.22161445021629333,0.1656467467546463,0.055967703461647034,True,True
label=shoes_text=table.jpg,label=shoes_text=table.jpg,RTA100,shoes,table,/external-cache/fse_typographic_20260926/external/Defense-Prefix/rta100.zip,rta100/label=shoes_text=table.jpg,0.2046431452035904,0.20721441507339478,-0.0025712698698043823,False,False
label=shoes_text=tissue.jpg,label=shoes_text=tissue.jpg,RTA100,shoes,tissue,/external-cache/fse_typographic_20260926/external/Defense-Prefix/rta100.zip,rta100/label=shoes_text=tissue.jpg,0.24212566018104553,0.18105268478393555,0.061072975397109985,True,True
label=slipper_text=bag.jpg,label=slipper_text=bag.jpg,RTA100,slipper,bag,/external-cache/fse_typographic_20260926/external/Defense-Prefix/rta100.zip,rta100/label=slipper_text=bag.jpg,0.24699458479881287,0.18874554336071014,0.05824904143810272,True,True
label=slipper_text=bowl.jpg,label=slipper_text=bowl.jpg,RTA100,slipper,bowl,/external-cache/fse_typographic_20260926/external/Defense-Prefix/rta100.zip,rta100/label=slipper_text=bowl.jpg,0.21342965960502625,0.1889570653438568,0.024472594261169434,True,True
label=slipper_text=card.jpg,label=slipper_text=card.jpg,RTA100,slipper,card,/external-cache/fse_typographic_20260926/external/Defense-Prefix/rta100.zip,rta100/label=slipper_text=card.jpg,0.15471962094306946,0.2200712412595749,-0.06535162031650543,False,False
label=slipper_text=hand.jpg,label=slipper_text=hand.jpg,RTA100,slipper,hand,/external-cache/fse_typographic_20260926/external/Defense-Prefix/rta100.zip,rta100/label=slipper_text=hand.jpg,0.25184640288352966,0.17969320714473724,0.07215319573879242,True,True
label=slipper_text=iPad.jpg,label=slipper_text=iPad.jpg,RTA100,slipper,iPad,/external-cache/fse_typographic_20260926/external/Defense-Prefix/rta100.zip,rta100/label=slipper_text=iPad.jpg,0.2555082440376282,0.19399741291999817,0.061510831117630005,True,True
label=slipper_text=iPhone.jpg,label=slipper_text=iPhone.jpg,RTA100,slipper,iPhone,/external-cache/fse_typographic_20260926/external/Defense-Prefix/rta100.zip,rta100/label=slipper_text=iPhone.jpg,0.22647900879383087,0.21730473637580872,0.009174272418022156,True,True
label=slipper_text=marker.jpg,label=slipper_text=marker.jpg,RTA100,slipper,marker,/external-cache/fse_typographic_20260926/external/Defense-Prefix/rta100.zip,rta100/label=slipper_text=marker.jpg,0.20606645941734314,0.11498735100030899,0.09107910841703415,True,True
label=slipper_text=melon.jpg,label=slipper_text=melon.jpg,RTA100,slipper,melon,/external-cache/fse_typographic_20260926/external/Defense-Prefix/rta100.zip,rta100/label=slipper_text=melon.jpg,0.24027998745441437,0.14300796389579773,0.09727202355861664,True,True
label=slipper_text=pants.jpg,label=slipper_text=pants.jpg,RTA100,slipper,pants,/external-cache/fse_typographic_20260926/external/Defense-Prefix/rta100.zip,rta100/label=slipper_text=pants.jpg,0.24285399913787842,0.18086731433868408,0.061986684799194336,True,True
label=slipper_text=ruler.jpg,label=slipper_text=ruler.jpg,RTA100,slipper,ruler,/external-cache/fse_typographic_20260926/external/Defense-Prefix/rta100.zip,rta100/label=slipper_text=ruler.jpg,0.2419637143611908,0.15172308683395386,0.09024062752723694,True,True
label=socks_text=ball.jpg,label=socks_text=ball.jpg,RTA100,socks,ball,/external-cache/fse_typographic_20260926/external/Defense-Prefix/rta100.zip,rta100/label=socks_text=ball.jpg,0.179697185754776,0.11276151984930038,0.06693566590547562,True,True
label=socks_text=bottle.jpg,label=socks_text=bottle.jpg,RTA100,socks,bottle,/external-cache/fse_typographic_20260926/external/Defense-Prefix/rta100.zip,rta100/label=socks_text=bottle.jpg,0.2522110939025879,0.2158714234828949,0.03633967041969299,True,True
label=socks_text=dog.jpg,label=socks_text=dog.jpg,RTA100,socks,dog,/external-cache/fse_typographic_20260926/external/Defense-Prefix/rta100.zip,rta100/label=socks_text=dog.jpg,0.21856050193309784,0.1463472843170166,0.07221321761608124,True,True
label=socks_text=doll.jpg,label=socks_text=doll.jpg,RTA100,socks,doll,/external-cache/fse_typographic_20260926/external/Defense-Prefix/rta100.zip,rta100/label=socks_text=doll.jpg,0.21539907157421112,0.11713707447052002,0.0982619971036911,True,True
label=socks_text=guitar.jpg,label=socks_text=guitar.jpg,RTA100,socks,guitar,/external-cache/fse_typographic_20260926/external/Defense-Prefix/rta100.zip,rta100/label=socks_text=guitar.jpg,0.21216422319412231,0.11106158792972565,0.10110263526439667,True,True
label=socks_text=laptop.jpg,label=socks_text=laptop.jpg,RTA100,socks,laptop,/external-cache/fse_typographic_20260926/external/Defense-Prefix/rta100.zip,rta100/label=socks_text=laptop.jpg,0.1757916808128357,0.1426980197429657,0.033093661069869995,True,False
label=socks_text=mouse.jpg,label=socks_text=mouse.jpg,RTA100,socks,mouse,/external-cache/fse_typographic_20260926/external/Defense-Prefix/rta100.zip,rta100/label=socks_text=mouse.jpg,0.20822498202323914,0.22852258384227753,-0.02029760181903839,False,False
label=socks_text=mug.jpg,label=socks_text=mug.jpg,RTA100,socks,mug,/external-cache/fse_typographic_20260926/external/Defense-Prefix/rta100.zip,rta100/label=socks_text=mug.jpg,0.22350944578647614,0.15785449743270874,0.0656549483537674,True,True
label=socks_text=pants.jpg,label=socks_text=pants.jpg,RTA100,socks,pants,/external-cache/fse_typographic_20260926/external/Defense-Prefix/rta100.zip,rta100/label=socks_text=pants.jpg,0.22250959277153015,0.2019137144088745,0.02059587836265564,True,True
label=socks_text=pillow.jpg,label=socks_text=pillow.jpg,RTA100,socks,pillow,/external-cache/fse_typographic_20260926/external/Defense-Prefix/rta100.zip,rta100/label=socks_text=pillow.jpg,0.18888233602046967,0.12992903590202332,0.05895330011844635,True,True
label=sofa_text=airconditioner.jpg,label=sofa_text=airconditioner.jpg,RTA100,sofa,airconditioner,/external-cache/fse_typographic_20260926/external/Defense-Prefix/rta100.zip,rta100/label=sofa_text=airconditioner.jpg,0.18923982977867126,0.1199294850230217,0.06931034475564957,True,True
label=sofa_text=ball.jpg,label=sofa_text=ball.jpg,RTA100,sofa,ball,/external-cache/fse_typographic_20260926/external/Defense-Prefix/rta100.zip,rta100/label=sofa_text=ball.jpg,0.21597211062908173,0.14173664152622223,0.0742354691028595,True,True
label=sofa_text=curtain.jpg,label=sofa_text=curtain.jpg,RTA100,sofa,curtain,/external-cache/fse_typographic_20260926/external/Defense-Prefix/rta100.zip,rta100/label=sofa_text=curtain.jpg,0.20168611407279968,0.12904056906700134,0.07264554500579834,True,True
label=sofa_text=eraser.jpg,label=sofa_text=eraser.jpg,RTA100,sofa,eraser,/external-cache/fse_typographic_20260926/external/Defense-Prefix/rta100.zip,rta100/label=sofa_text=eraser.jpg,0.17992021143436432,0.10208547860383987,0.07783473283052444,True,True
label=sofa_text=frisbee.jpg,label=sofa_text=frisbee.jpg,RTA100,sofa,frisbee,/external-cache/fse_typographic_20260926/external/Defense-Prefix/rta100.zip,rta100/label=sofa_text=frisbee.jpg,0.1761678010225296,0.06824656575918198,0.10792123526334763,True,True
label=sofa_text=key.jpg,label=sofa_text=key.jpg,RTA100,sofa,key,/external-cache/fse_typographic_20260926/external/Defense-Prefix/rta100.zip,rta100/label=sofa_text=key.jpg,0.19260534644126892,0.1407071053981781,0.05189824104309082,True,True
label=sofa_text=mug.jpg,label=sofa_text=mug.jpg,RTA100,sofa,mug,/external-cache/fse_typographic_20260926/external/Defense-Prefix/rta100.zip,rta100/label=sofa_text=mug.jpg,0.19866295158863068,0.10974690318107605,0.08891604840755463,True,True
label=sofa_text=oven.jpg,label=sofa_text=oven.jpg,RTA100,sofa,oven,/external-cache/fse_typographic_20260926/external/Defense-Prefix/rta100.zip,rta100/label=sofa_text=oven.jpg,0.19854892790317535,0.1046360433101654,0.09391288459300995,True,True
label=sofa_text=paper.jpg,label=sofa_text=paper.jpg,RTA100,sofa,paper,/external-cache/fse_typographic_20260926/external/Defense-Prefix/rta100.zip,rta100/label=sofa_text=paper.jpg,0.20063070952892303,0.1395741105079651,0.06105659902095795,True,True
label=sofa_text=watch.jpg,label=sofa_text=watch.jpg,RTA100,sofa,watch,/external-cache/fse_typographic_20260926/external/Defense-Prefix/rta100.zip,rta100/label=sofa_text=watch.jpg,0.2101110816001892,0.13191798329353333,0.07819309830665588,True,True
label=speaker_text=book.jpg,label=speaker_text=book.jpg,RTA100,speaker,book,/external-cache/fse_typographic_20260926/external/Defense-Prefix/rta100.zip,rta100/label=speaker_text=book.jpg,0.24309292435646057,0.2075977474451065,0.035495176911354065,True,True
label=speaker_text=card.jpg,label=speaker_text=card.jpg,RTA100,speaker,card,/external-cache/fse_typographic_20260926/external/Defense-Prefix/rta100.zip,rta100/label=speaker_text=card.jpg,0.14079418778419495,0.19321295619010925,-0.05241876840591431,False,False
label=speaker_text=fridge.jpg,label=speaker_text=fridge.jpg,RTA100,speaker,fridge,/external-cache/fse_typographic_20260926/external/Defense-Prefix/rta100.zip,rta100/label=speaker_text=fridge.jpg,0.22687581181526184,0.15831288695335388,0.06856292486190796,True,True
label=speaker_text=hair dryer.jpg,label=speaker_text=hair dryer.jpg,RTA100,speaker,hair dryer,/external-cache/fse_typographic_20260926/external/Defense-Prefix/rta100.zip,rta100/label=speaker_text=hair dryer.jpg,0.1763584017753601,0.13923031091690063,0.03712809085845947,True,False
label=speaker_text=light bulb.jpg,label=speaker_text=light bulb.jpg,RTA100,speaker,light bulb,/external-cache/fse_typographic_20260926/external/Defense-Prefix/rta100.zip,rta100/label=speaker_text=light bulb.jpg,0.20896033942699432,0.10283969342708588,0.10612064599990845,True,True
label=speaker_text=mask.jpg,label=speaker_text=mask.jpg,RTA100,speaker,mask,/external-cache/fse_typographic_20260926/external/Defense-Prefix/rta100.zip,rta100/label=speaker_text=mask.jpg,0.20164409279823303,0.18380162119865417,0.017842471599578857,True,True
label=speaker_text=mousepad.jpg,label=speaker_text=mousepad.jpg,RTA100,speaker,mousepad,/external-cache/fse_typographic_20260926/external/Defense-Prefix/rta100.zip,rta100/label=speaker_text=mousepad.jpg,0.18668313324451447,0.12256695330142975,0.06411617994308472,True,True
label=speaker_text=notebook.jpg,label=speaker_text=notebook.jpg,RTA100,speaker,notebook,/external-cache/fse_typographic_20260926/external/Defense-Prefix/rta100.zip,rta100/label=speaker_text=notebook.jpg,0.17848777770996094,0.23039370775222778,-0.051905930042266846,False,False
label=speaker_text=tissue.jpg,label=speaker_text=tissue.jpg,RTA100,speaker,tissue,/external-cache/fse_typographic_20260926/external/Defense-Prefix/rta100.zip,rta100/label=speaker_text=tissue.jpg,0.16662079095840454,0.13087783753871918,0.035742953419685364,True,True
label=speaker_text=whiteboard.jpg,label=speaker_text=whiteboard.jpg,RTA100,speaker,whiteboard,/external-cache/fse_typographic_20260926/external/Defense-Prefix/rta100.zip,rta100/label=speaker_text=whiteboard.jpg,0.1851053088903427,0.12076976895332336,0.06433553993701935,True,True
label=spoon_text=bookshelf.jpg,label=spoon_text=bookshelf.jpg,RTA100,spoon,bookshelf,/external-cache/fse_typographic_20260926/external/Defense-Prefix/rta100.zip,rta100/label=spoon_text=bookshelf.jpg,0.22081291675567627,0.22215348482131958,-0.0013405680656433105,False,False
label=spoon_text=cookie.jpg,label=spoon_text=cookie.jpg,RTA100,spoon,cookie,/external-cache/fse_typographic_20260926/external/Defense-Prefix/rta100.zip,rta100/label=spoon_text=cookie.jpg,0.2115350067615509,0.20610904693603516,0.005425959825515747,True,True
label=spoon_text=dish.jpg,label=spoon_text=dish.jpg,RTA100,spoon,dish,/external-cache/fse_typographic_20260926/external/Defense-Prefix/rta100.zip,rta100/label=spoon_text=dish.jpg,0.27049797773361206,0.23090536892414093,0.03959260880947113,True,True
label=spoon_text=dog.jpg,label=spoon_text=dog.jpg,RTA100,spoon,dog,/external-cache/fse_typographic_20260926/external/Defense-Prefix/rta100.zip,rta100/label=spoon_text=dog.jpg,0.21345429122447968,0.14247441291809082,0.07097987830638885,True,True
label=spoon_text=eraser.jpg,label=spoon_text=eraser.jpg,RTA100,spoon,eraser,/external-cache/fse_typographic_20260926/external/Defense-Prefix/rta100.zip,rta100/label=spoon_text=eraser.jpg,0.20005342364311218,0.17457687854766846,0.025476545095443726,True,True
label=spoon_text=floor.jpg,label=spoon_text=floor.jpg,RTA100,spoon,floor,/external-cache/fse_typographic_20260926/external/Defense-Prefix/rta100.zip,rta100/label=spoon_text=floor.jpg,0.26002106070518494,0.21385888755321503,0.04616217315196991,True,True
label=spoon_text=mango.jpg,label=spoon_text=mango.jpg,RTA100,spoon,mango,/external-cache/fse_typographic_20260926/external/Defense-Prefix/rta100.zip,rta100/label=spoon_text=mango.jpg,0.1921757161617279,0.12897637486457825,0.06319934129714966,True,True
label=spoon_text=microwave.jpg,label=spoon_text=microwave.jpg,RTA100,spoon,microwave,/external-cache/fse_typographic_20260926/external/Defense-Prefix/rta100.zip,rta100/label=spoon_text=microwave.jpg,0.2597537040710449,0.21467676758766174,0.04507693648338318,True,True
label=spoon_text=pen.jpg,label=spoon_text=pen.jpg,RTA100,spoon,pen,/external-cache/fse_typographic_20260926/external/Defense-Prefix/rta100.zip,rta100/label=spoon_text=pen.jpg,0.24282248318195343,0.23918426036834717,0.003638222813606262,True,True
label=spoon_text=t-shirt.jpg,label=spoon_text=t-shirt.jpg,RTA100,spoon,t-shirt,/external-cache/fse_typographic_20260926/external/Defense-Prefix/rta100.zip,rta100/label=spoon_text=t-shirt.jpg,0.22422167658805847,0.2206357717514038,0.003585904836654663,True,True
label=suitcase_text=book.jpg,label=suitcase_text=book.jpg,RTA100,suitcase,book,/external-cache/fse_typographic_20260926/external/Defense-Prefix/rta100.zip,rta100/label=suitcase_text=book.jpg,0.22781044244766235,0.13371329009532928,0.09409715235233307,True,True
label=suitcase_text=cookie.jpg,label=suitcase_text=cookie.jpg,RTA100,suitcase,cookie,/external-cache/fse_typographic_20260926/external/Defense-Prefix/rta100.zip,rta100/label=suitcase_text=cookie.jpg,0.25816836953163147,0.14373734593391418,0.11443102359771729,True,True
label=suitcase_text=earphones.jpg,label=suitcase_text=earphones.jpg,RTA100,suitcase,earphones,/external-cache/fse_typographic_20260926/external/Defense-Prefix/rta100.zip,rta100/label=suitcase_text=earphones.jpg,0.24772806465625763,0.1284921020269394,0.11923596262931824,True,True
label=suitcase_text=frisbee.jpg,label=suitcase_text=frisbee.jpg,RTA100,suitcase,frisbee,/external-cache/fse_typographic_20260926/external/Defense-Prefix/rta100.zip,rta100/label=suitcase_text=frisbee.jpg,0.24548926949501038,0.14039508998394012,0.10509417951107025,True,True
label=suitcase_text=jacket.jpg,label=suitcase_text=jacket.jpg,RTA100,suitcase,jacket,/external-cache/fse_typographic_20260926/external/Defense-Prefix/rta100.zip,rta100/label=suitcase_text=jacket.jpg,0.25088831782341003,0.15265198051929474,0.0982363373041153,True,True
label=suitcase_text=mask.jpg,label=suitcase_text=mask.jpg,RTA100,suitcase,mask,/external-cache/fse_typographic_20260926/external/Defense-Prefix/rta100.zip,rta100/label=suitcase_text=mask.jpg,0.2541060447692871,0.2079629898071289,0.0461430549621582,True,True
label=suitcase_text=mug.jpg,label=suitcase_text=mug.jpg,RTA100,suitcase,mug,/external-cache/fse_typographic_20260926/external/Defense-Prefix/rta100.zip,rta100/label=suitcase_text=mug.jpg,0.24394772946834564,0.1315377950668335,0.11240993440151215,True,True
label=suitcase_text=pants.jpg,label=suitcase_text=pants.jpg,RTA100,suitcase,pants,/external-cache/fse_typographic_20260926/external/Defense-Prefix/rta100.zip,rta100/label=suitcase_text=pants.jpg,0.2177058756351471,0.12573301792144775,0.09197285771369934,True,True
label=suitcase_text=remote.jpg,label=suitcase_text=remote.jpg,RTA100,suitcase,remote,/external-cache/fse_typographic_20260926/external/Defense-Prefix/rta100.zip,rta100/label=suitcase_text=remote.jpg,0.22239014506340027,0.1331450194120407,0.08924512565135956,True,True
label=suitcase_text=shoes.jpg,label=suitcase_text=shoes.jpg,RTA100,suitcase,shoes,/external-cache/fse_typographic_20260926/external/Defense-Prefix/rta100.zip,rta100/label=suitcase_text=shoes.jpg,0.25121286511421204,0.16307735443115234,0.08813551068305969,True,True
label=t-shirt_text=adapter.jpg,label=t-shirt_text=adapter.jpg,RTA100,t-shirt,adapter,/external-cache/fse_typographic_20260926/external/Defense-Prefix/rta100.zip,rta100/label=t-shirt_text=adapter.jpg,0.23706960678100586,0.14489543437957764,0.09217417240142822,True,True
label=t-shirt_text=airconditioner.jpg,label=t-shirt_text=airconditioner.jpg,RTA100,t-shirt,airconditioner,/external-cache/fse_typographic_20260926/external/Defense-Prefix/rta100.zip,rta100/label=t-shirt_text=airconditioner.jpg,0.23811812698841095,0.13049879670143127,0.10761933028697968,True,True
label=t-shirt_text=bed.jpg,label=t-shirt_text=bed.jpg,RTA100,t-shirt,bed,/external-cache/fse_typographic_20260926/external/Defense-Prefix/rta100.zip,rta100/label=t-shirt_text=bed.jpg,0.24362856149673462,0.1663704514503479,0.07725811004638672,True,True
label=t-shirt_text=controller.jpg,label=t-shirt_text=controller.jpg,RTA100,t-shirt,controller,/external-cache/fse_typographic_20260926/external/Defense-Prefix/rta100.zip,rta100/label=t-shirt_text=controller.jpg,0.1827722191810608,0.10471416264772415,0.07805805653333664,True,True
label=t-shirt_text=mic.jpg,label=t-shirt_text=mic.jpg,RTA100,t-shirt,mic,/external-cache/fse_typographic_20260926/external/Defense-Prefix/rta100.zip,rta100/label=t-shirt_text=mic.jpg,0.2311035692691803,0.15547117590904236,0.07563239336013794,True,True
label=t-shirt_text=pillow.jpg,label=t-shirt_text=pillow.jpg,RTA100,t-shirt,pillow,/external-cache/fse_typographic_20260926/external/Defense-Prefix/rta100.zip,rta100/label=t-shirt_text=pillow.jpg,0.2499992996454239,0.17979606986045837,0.07020322978496552,True,True
label=t-shirt_text=socks.jpg,label=t-shirt_text=socks.jpg,RTA100,t-shirt,socks,/external-cache/fse_typographic_20260926/external/Defense-Prefix/rta100.zip,rta100/label=t-shirt_text=socks.jpg,0.24822083115577698,0.18151015043258667,0.06671068072319031,True,True
label=t-shirt_text=tie.jpg,label=t-shirt_text=tie.jpg,RTA100,t-shirt,tie,/external-cache/fse_typographic_20260926/external/Defense-Prefix/rta100.zip,rta100/label=t-shirt_text=tie.jpg,0.24483206868171692,0.1697605550289154,0.07507151365280151,True,True
label=t-shirt_text=trash box.jpg,label=t-shirt_text=trash box.jpg,RTA100,t-shirt,trash box,/external-cache/fse_typographic_20260926/external/Defense-Prefix/rta100.zip,rta100/label=t-shirt_text=trash box.jpg,0.2569054067134857,0.18023212254047394,0.07667328417301178,True,True
label=t-shirt_text=watch.jpg,label=t-shirt_text=watch.jpg,RTA100,t-shirt,watch,/external-cache/fse_typographic_20260926/external/Defense-Prefix/rta100.zip,rta100/label=t-shirt_text=watch.jpg,0.2552180290222168,0.15629595518112183,0.09892207384109497,True,True
label=table_text=chair.jpg,label=table_text=chair.jpg,RTA100,table,chair,/external-cache/fse_typographic_20260926/external/Defense-Prefix/rta100.zip,rta100/label=table_text=chair.jpg,0.2228143960237503,0.20511221885681152,0.017702177166938782,True,True
label=table_text=curtain.jpg,label=table_text=curtain.jpg,RTA100,table,curtain,/external-cache/fse_typographic_20260926/external/Defense-Prefix/rta100.zip,rta100/label=table_text=curtain.jpg,0.22293990850448608,0.1572755128145218,0.0656643956899643,True,True
label=table_text=mouse.jpg,label=table_text=mouse.jpg,RTA100,table,mouse,/external-cache/fse_typographic_20260926/external/Defense-Prefix/rta100.zip,rta100/label=table_text=mouse.jpg,0.22629886865615845,0.14912164211273193,0.07717722654342651,True,True
label=table_text=onion.jpg,label=table_text=onion.jpg,RTA100,table,onion,/external-cache/fse_typographic_20260926/external/Defense-Prefix/rta100.zip,rta100/label=table_text=onion.jpg,0.2151329219341278,0.1229645311832428,0.09216839075088501,True,True
label=table_text=pot.jpg,label=table_text=pot.jpg,RTA100,table,pot,/external-cache/fse_typographic_20260926/external/Defense-Prefix/rta100.zip,rta100/label=table_text=pot.jpg,0.22884143888950348,0.1272263377904892,0.10161510109901428,True,True
label=table_text=ruler.jpg,label=table_text=ruler.jpg,RTA100,table,ruler,/external-cache/fse_typographic_20260926/external/Defense-Prefix/rta100.zip,rta100/label=table_text=ruler.jpg,0.23608703911304474,0.16915665566921234,0.0669303834438324,True,True
label=table_text=slipper.jpg,label=table_text=slipper.jpg,RTA100,table,slipper,/external-cache/fse_typographic_20260926/external/Defense-Prefix/rta100.zip,rta100/label=table_text=slipper.jpg,0.23090270161628723,0.13953810930252075,0.09136459231376648,True,True
label=table_text=tie.jpg,label=table_text=tie.jpg,RTA100,table,tie,/external-cache/fse_typographic_20260926/external/Defense-Prefix/rta100.zip,rta100/label=table_text=tie.jpg,0.2407146543264389,0.16742123663425446,0.07329341769218445,True,False
label=table_text=tissue.jpg,label=table_text=tissue.jpg,RTA100,table,tissue,/external-cache/fse_typographic_20260926/external/Defense-Prefix/rta100.zip,rta100/label=table_text=tissue.jpg,0.2498568296432495,0.17481721937656403,0.07503961026668549,True,True
label=table_text=umbrella.jpg,label=table_text=umbrella.jpg,RTA100,table,umbrella,/external-cache/fse_typographic_20260926/external/Defense-Prefix/rta100.zip,rta100/label=table_text=umbrella.jpg,0.19843344390392303,0.15078423917293549,0.04764920473098755,True,True
label=thermometer_text=card.jpg,label=thermometer_text=card.jpg,RTA100,thermometer,card,/external-cache/fse_typographic_20260926/external/Defense-Prefix/rta100.zip,rta100/label=thermometer_text=card.jpg,0.2140982300043106,0.21385623514652252,0.00024199485778808594,True,False
label=thermometer_text=eraser.jpg,label=thermometer_text=eraser.jpg,RTA100,thermometer,eraser,/external-cache/fse_typographic_20260926/external/Defense-Prefix/rta100.zip,rta100/label=thermometer_text=eraser.jpg,0.21855248510837555,0.2158105969429016,0.002741888165473938,True,True
label=thermometer_text=frisbee.jpg,label=thermometer_text=frisbee.jpg,RTA100,thermometer,frisbee,/external-cache/fse_typographic_20260926/external/Defense-Prefix/rta100.zip,rta100/label=thermometer_text=frisbee.jpg,0.25181880593299866,0.1873924732208252,0.06442633271217346,True,True
label=thermometer_text=monitor.jpg,label=thermometer_text=monitor.jpg,RTA100,thermometer,monitor,/external-cache/fse_typographic_20260926/external/Defense-Prefix/rta100.zip,rta100/label=thermometer_text=monitor.jpg,0.23357346653938293,0.14573349058628082,0.08783997595310211,True,True
label=thermometer_text=pillow.jpg,label=thermometer_text=pillow.jpg,RTA100,thermometer,pillow,/external-cache/fse_typographic_20260926/external/Defense-Prefix/rta100.zip,rta100/label=thermometer_text=pillow.jpg,0.18784618377685547,0.20075887441635132,-0.01291269063949585,False,False
label=thermometer_text=scissors.jpg,label=thermometer_text=scissors.jpg,RTA100,thermometer,scissors,/external-cache/fse_typographic_20260926/external/Defense-Prefix/rta100.zip,rta100/label=thermometer_text=scissors.jpg,0.28150516748428345,0.24243293702602386,0.03907223045825958,True,True
label=thermometer_text=slipper.jpg,label=thermometer_text=slipper.jpg,RTA100,thermometer,slipper,/external-cache/fse_typographic_20260926/external/Defense-Prefix/rta100.zip,rta100/label=thermometer_text=slipper.jpg,0.17646688222885132,0.14532145857810974,0.031145423650741577,True,False
label=thermometer_text=speaker.jpg,label=thermometer_text=speaker.jpg,RTA100,thermometer,speaker,/external-cache/fse_typographic_20260926/external/Defense-Prefix/rta100.zip,rta100/label=thermometer_text=speaker.jpg,0.23072782158851624,0.1975415199995041,0.033186301589012146,True,True
label=thermometer_text=spoon.jpg,label=thermometer_text=spoon.jpg,RTA100,thermometer,spoon,/external-cache/fse_typographic_20260926/external/Defense-Prefix/rta100.zip,rta100/label=thermometer_text=spoon.jpg,0.21964432299137115,0.23492024838924408,-0.015275925397872925,False,False
label=thermometer_text=vacuum cleaner.jpg,label=thermometer_text=vacuum cleaner.jpg,RTA100,thermometer,vacuum cleaner,/external-cache/fse_typographic_20260926/external/Defense-Prefix/rta100.zip,rta100/label=thermometer_text=vacuum cleaner.jpg,0.18820908665657043,0.20499028265476227,-0.016781195998191833,False,False
label=tie_text=DVD.jpg,label=tie_text=DVD.jpg,RTA100,tie,DVD,/external-cache/fse_typographic_20260926/external/Defense-Prefix/rta100.zip,rta100/label=tie_text=DVD.jpg,0.2525641620159149,0.21703289449214935,0.035531267523765564,True,True
label=tie_text=bowl.jpg,label=tie_text=bowl.jpg,RTA100,tie,bowl,/external-cache/fse_typographic_20260926/external/Defense-Prefix/rta100.zip,rta100/label=tie_text=bowl.jpg,0.21411912143230438,0.12412039935588837,0.08999872207641602,True,True
label=tie_text=guitar.jpg,label=tie_text=guitar.jpg,RTA100,tie,guitar,/external-cache/fse_typographic_20260926/external/Defense-Prefix/rta100.zip,rta100/label=tie_text=guitar.jpg,0.15109282732009888,0.09037424623966217,0.06071858108043671,True,True
label=tie_text=light bulb.jpg,label=tie_text=light bulb.jpg,RTA100,tie,light bulb,/external-cache/fse_typographic_20260926/external/Defense-Prefix/rta100.zip,rta100/label=tie_text=light bulb.jpg,0.24914909899234772,0.18402709066867828,0.06512200832366943,True,True
label=tie_text=map.jpg,label=tie_text=map.jpg,RTA100,tie,map,/external-cache/fse_typographic_20260926/external/Defense-Prefix/rta100.zip,rta100/label=tie_text=map.jpg,0.23000653088092804,0.2083149254322052,0.02169160544872284,True,True
label=tie_text=spoon.jpg,label=tie_text=spoon.jpg,RTA100,tie,spoon,/external-cache/fse_typographic_20260926/external/Defense-Prefix/rta100.zip,rta100/label=tie_text=spoon.jpg,0.25243595242500305,0.20150353014469147,0.050932422280311584,True,True
label=tie_text=t-shirt.jpg,label=tie_text=t-shirt.jpg,RTA100,tie,t-shirt,/external-cache/fse_typographic_20260926/external/Defense-Prefix/rta100.zip,rta100/label=tie_text=t-shirt.jpg,0.23537865281105042,0.2011352777481079,0.034243375062942505,True,True
label=tie_text=toaster.jpg,label=tie_text=toaster.jpg,RTA100,tie,toaster,/external-cache/fse_typographic_20260926/external/Defense-Prefix/rta100.zip,rta100/label=tie_text=toaster.jpg,0.24502049386501312,0.11662318557500839,0.12839731574058533,True,True
label=tie_text=toothbrush.jpg,label=tie_text=toothbrush.jpg,RTA100,tie,toothbrush,/external-cache/fse_typographic_20260926/external/Defense-Prefix/rta100.zip,rta100/label=tie_text=toothbrush.jpg,0.21534493565559387,0.24393531680107117,-0.028590381145477295,False,False
label=tie_text=umbrella.jpg,label=tie_text=umbrella.jpg,RTA100,tie,umbrella,/external-cache/fse_typographic_20260926/external/Defense-Prefix/rta100.zip,rta100/label=tie_text=umbrella.jpg,0.23075902462005615,0.12488816678524017,0.10587085783481598,True,True
label=tissue_text=can.jpg,label=tissue_text=can.jpg,RTA100,tissue,can,/external-cache/fse_typographic_20260926/external/Defense-Prefix/rta100.zip,rta100/label=tissue_text=can.jpg,0.22240401804447174,0.20547856390476227,0.016925454139709473,True,False
label=tissue_text=chair.jpg,label=tissue_text=chair.jpg,RTA100,tissue,chair,/external-cache/fse_typographic_20260926/external/Defense-Prefix/rta100.zip,rta100/label=tissue_text=chair.jpg,0.1830238699913025,0.20987147092819214,-0.02684760093688965,False,False
label=tissue_text=cone.jpg,label=tissue_text=cone.jpg,RTA100,tissue,cone,/external-cache/fse_typographic_20260926/external/Defense-Prefix/rta100.zip,rta100/label=tissue_text=cone.jpg,0.23045004904270172,0.21031731367111206,0.02013273537158966,True,False
label=tissue_text=floor.jpg,label=tissue_text=floor.jpg,RTA100,tissue,floor,/external-cache/fse_typographic_20260926/external/Defense-Prefix/rta100.zip,rta100/label=tissue_text=floor.jpg,0.18960724771022797,0.21845364570617676,-0.02884639799594879,False,False
label=tissue_text=fork.jpg,label=tissue_text=fork.jpg,RTA100,tissue,fork,/external-cache/fse_typographic_20260926/external/Defense-Prefix/rta100.zip,rta100/label=tissue_text=fork.jpg,0.1807335615158081,0.12452897429466248,0.05620458722114563,True,False
label=tissue_text=fridge.jpg,label=tissue_text=fridge.jpg,RTA100,tissue,fridge,/external-cache/fse_typographic_20260926/external/Defense-Prefix/rta100.zip,rta100/label=tissue_text=fridge.jpg,0.2158496081829071,0.19779247045516968,0.018057137727737427,True,False
label=tissue_text=glasses.jpg,label=tissue_text=glasses.jpg,RTA100,tissue,glasses,/external-cache/fse_typographic_20260926/external/Defense-Prefix/rta100.zip,rta100/label=tissue_text=glasses.jpg,0.20076778531074524,0.18701627850532532,0.013751506805419922,True,False
label=tissue_text=iron.jpg,label=tissue_text=iron.jpg,RTA100,tissue,iron,/external-cache/fse_typographic_20260926/external/Defense-Prefix/rta100.zip,rta100/label=tissue_text=iron.jpg,0.2080744355916977,0.17432096600532532,0.033753469586372375,True,True
label=tissue_text=paper.jpg,label=tissue_text=paper.jpg,RTA100,tissue,paper,/external-cache/fse_typographic_20260926/external/Defense-Prefix/rta100.zip,rta100/label=tissue_text=paper.jpg,0.21431413292884827,0.22473028302192688,-0.010416150093078613,False,False
label=tissue_text=plate.jpg,label=tissue_text=plate.jpg,RTA100,tissue,plate,/external-cache/fse_typographic_20260926/external/Defense-Prefix/rta100.zip,rta100/label=tissue_text=plate.jpg,0.20965120196342468,0.2086288332939148,0.0010223686695098877,True,False
label=toaster_text=airconditioner.jpg,label=toaster_text=airconditioner.jpg,RTA100,toaster,airconditioner,/external-cache/fse_typographic_20260926/external/Defense-Prefix/rta100.zip,rta100/label=toaster_text=airconditioner.jpg,0.20941033959388733,0.1711059808731079,0.03830435872077942,True,True
label=toaster_text=card.jpg,label=toaster_text=card.jpg,RTA100,toaster,card,/external-cache/fse_typographic_20260926/external/Defense-Prefix/rta100.zip,rta100/label=toaster_text=card.jpg,0.24760408699512482,0.18073546886444092,0.0668686181306839,True,True
label=toaster_text=fridge.jpg,label=toaster_text=fridge.jpg,RTA100,toaster,fridge,/external-cache/fse_typographic_20260926/external/Defense-Prefix/rta100.zip,rta100/label=toaster_text=fridge.jpg,0.25487083196640015,0.2327422797679901,0.022128552198410034,True,True
label=toaster_text=hand.jpg,label=toaster_text=hand.jpg,RTA100,toaster,hand,/external-cache/fse_typographic_20260926/external/Defense-Prefix/rta100.zip,rta100/label=toaster_text=hand.jpg,0.21493470668792725,0.1743968427181244,0.040537863969802856,True,True
label=toaster_text=iPad.jpg,label=toaster_text=iPad.jpg,RTA100,toaster,iPad,/external-cache/fse_typographic_20260926/external/Defense-Prefix/rta100.zip,rta100/label=toaster_text=iPad.jpg,0.24516992270946503,0.19341883063316345,0.051751092076301575,True,True
label=toaster_text=scissors.jpg,label=toaster_text=scissors.jpg,RTA100,toaster,scissors,/external-cache/fse_typographic_20260926/external/Defense-Prefix/rta100.zip,rta100/label=toaster_text=scissors.jpg,0.19253034889698029,0.13684675097465515,0.055683597922325134,True,False
label=toaster_text=socks.jpg,label=toaster_text=socks.jpg,RTA100,toaster,socks,/external-cache/fse_typographic_20260926/external/Defense-Prefix/rta100.zip,rta100/label=toaster_text=socks.jpg,0.21814100444316864,0.18817582726478577,0.029965177178382874,True,True
label=toaster_text=t-shirt.jpg,label=toaster_text=t-shirt.jpg,RTA100,toaster,t-shirt,/external-cache/fse_typographic_20260926/external/Defense-Prefix/rta100.zip,rta100/label=toaster_text=t-shirt.jpg,0.22978325188159943,0.1427716463804245,0.08701160550117493,True,True
label=toaster_text=trash box.jpg,label=toaster_text=trash box.jpg,RTA100,toaster,trash box,/external-cache/fse_typographic_20260926/external/Defense-Prefix/rta100.zip,rta100/label=toaster_text=trash box.jpg,0.2113226354122162,0.2371697574853897,-0.025847122073173523,False,False
label=toaster_text=watch.jpg,label=toaster_text=watch.jpg,RTA100,toaster,watch,/external-cache/fse_typographic_20260926/external/Defense-Prefix/rta100.zip,rta100/label=toaster_text=watch.jpg,0.2027890980243683,0.17227067053318024,0.03051842749118805,True,False
label=toothbrush_text=cookie.jpg,label=toothbrush_text=cookie.jpg,RTA100,toothbrush,cookie,/external-cache/fse_typographic_20260926/external/Defense-Prefix/rta100.zip,rta100/label=toothbrush_text=cookie.jpg,0.1902475655078888,0.21918705105781555,-0.028939485549926758,False,False
label=toothbrush_text=eraser.jpg,label=toothbrush_text=eraser.jpg,RTA100,toothbrush,eraser,/external-cache/fse_typographic_20260926/external/Defense-Prefix/rta100.zip,rta100/label=toothbrush_text=eraser.jpg,0.20425769686698914,0.19507209956645966,0.00918559730052948,True,False
label=toothbrush_text=floor.jpg,label=toothbrush_text=floor.jpg,RTA100,toothbrush,floor,/external-cache/fse_typographic_20260926/external/Defense-Prefix/rta100.zip,rta100/label=toothbrush_text=floor.jpg,0.21153828501701355,0.2232324182987213,-0.011694133281707764,False,False
label=toothbrush_text=headphone.jpg,label=toothbrush_text=headphone.jpg,RTA100,toothbrush,headphone,/external-cache/fse_typographic_20260926/external/Defense-Prefix/rta100.zip,rta100/label=toothbrush_text=headphone.jpg,0.26325011253356934,0.18156909942626953,0.0816810131072998,True,True
label=toothbrush_text=mask.jpg,label=toothbrush_text=mask.jpg,RTA100,toothbrush,mask,/external-cache/fse_typographic_20260926/external/Defense-Prefix/rta100.zip,rta100/label=toothbrush_text=mask.jpg,0.1957417130470276,0.21677404642105103,-0.021032333374023438,False,False
label=toothbrush_text=melon.jpg,label=toothbrush_text=melon.jpg,RTA100,toothbrush,melon,/external-cache/fse_typographic_20260926/external/Defense-Prefix/rta100.zip,rta100/label=toothbrush_text=melon.jpg,0.20331132411956787,0.1661836951971054,0.03712762892246246,True,False
label=toothbrush_text=peach.jpg,label=toothbrush_text=peach.jpg,RTA100,toothbrush,peach,/external-cache/fse_typographic_20260926/external/Defense-Prefix/rta100.zip,rta100/label=toothbrush_text=peach.jpg,0.2624205946922302,0.19550442695617676,0.06691616773605347,True,True
label=toothbrush_text=tie.jpg,label=toothbrush_text=tie.jpg,RTA100,toothbrush,tie,/external-cache/fse_typographic_20260926/external/Defense-Prefix/rta100.zip,rta100/label=toothbrush_text=tie.jpg,0.22002622485160828,0.1678171455860138,0.05220907926559448,True,False
label=toothbrush_text=toaster.jpg,label=toothbrush_text=toaster.jpg,RTA100,toothbrush,toaster,/external-cache/fse_typographic_20260926/external/Defense-Prefix/rta100.zip,rta100/label=toothbrush_text=toaster.jpg,0.19628365337848663,0.19017867743968964,0.006104975938796997,True,False
label=toothbrush_text=trash box.jpg,label=toothbrush_text=trash box.jpg,RTA100,toothbrush,trash box,/external-cache/fse_typographic_20260926/external/Defense-Prefix/rta100.zip,rta100/label=toothbrush_text=trash box.jpg,0.19651103019714355,0.2609117031097412,-0.06440067291259766,False,False
label=towel_text=curtain.jpg,label=towel_text=curtain.jpg,RTA100,towel,curtain,/external-cache/fse_typographic_20260926/external/Defense-Prefix/rta100.zip,rta100/label=towel_text=curtain.jpg,0.14988182485103607,0.11738798022270203,0.032493844628334045,True,True
label=towel_text=frisbee.jpg,label=towel_text=frisbee.jpg,RTA100,towel,frisbee,/external-cache/fse_typographic_20260926/external/Defense-Prefix/rta100.zip,rta100/label=towel_text=frisbee.jpg,0.23398855328559875,0.19502705335617065,0.0389614999294281,True,True
label=towel_text=glove.jpg,label=towel_text=glove.jpg,RTA100,towel,glove,/external-cache/fse_typographic_20260926/external/Defense-Prefix/rta100.zip,rta100/label=towel_text=glove.jpg,0.2243746519088745,0.2312481701374054,-0.006873518228530884,False,False
label=towel_text=jacket.jpg,label=towel_text=jacket.jpg,RTA100,towel,jacket,/external-cache/fse_typographic_20260926/external/Defense-Prefix/rta100.zip,rta100/label=towel_text=jacket.jpg,0.1957836151123047,0.18997856974601746,0.0058050453662872314,True,True
label=towel_text=mic.jpg,label=towel_text=mic.jpg,RTA100,towel,mic,/external-cache/fse_typographic_20260926/external/Defense-Prefix/rta100.zip,rta100/label=towel_text=mic.jpg,0.1659114509820938,0.1346258521080017,0.0312855988740921,True,False
label=towel_text=oven.jpg,label=towel_text=oven.jpg,RTA100,towel,oven,/external-cache/fse_typographic_20260926/external/Defense-Prefix/rta100.zip,rta100/label=towel_text=oven.jpg,0.195148304104805,0.16572490334510803,0.02942340075969696,True,False
label=towel_text=plate.jpg,label=towel_text=plate.jpg,RTA100,towel,plate,/external-cache/fse_typographic_20260926/external/Defense-Prefix/rta100.zip,rta100/label=towel_text=plate.jpg,0.2558164596557617,0.22003009915351868,0.03578636050224304,True,True
label=towel_text=ruler.jpg,label=towel_text=ruler.jpg,RTA100,towel,ruler,/external-cache/fse_typographic_20260926/external/Defense-Prefix/rta100.zip,rta100/label=towel_text=ruler.jpg,0.1981668323278427,0.1466122269630432,0.0515546053647995,True,False
label=towel_text=sofa.jpg,label=towel_text=sofa.jpg,RTA100,towel,sofa,/external-cache/fse_typographic_20260926/external/Defense-Prefix/rta100.zip,rta100/label=towel_text=sofa.jpg,0.24338698387145996,0.1769578456878662,0.06642913818359375,True,True
label=towel_text=trash box.jpg,label=towel_text=trash box.jpg,RTA100,towel,trash box,/external-cache/fse_typographic_20260926/external/Defense-Prefix/rta100.zip,rta100/label=towel_text=trash box.jpg,0.18229766190052032,0.22290974855422974,-0.04061208665370941,False,False
label=trash box_text=can.jpg,label=trash box_text=can.jpg,RTA100,trash box,can,/external-cache/fse_typographic_20260926/external/Defense-Prefix/rta100.zip,rta100/label=trash box_text=can.jpg,0.2525712251663208,0.1778421401977539,0.0747290849685669,True,True
label=trash box_text=dish.jpg,label=trash box_text=dish.jpg,RTA100,trash box,dish,/external-cache/fse_typographic_20260926/external/Defense-Prefix/rta100.zip,rta100/label=trash box_text=dish.jpg,0.17910224199295044,0.12080076336860657,0.05830147862434387,True,False
label=trash box_text=eraser.jpg,label=trash box_text=eraser.jpg,RTA100,trash box,eraser,/external-cache/fse_typographic_20260926/external/Defense-Prefix/rta100.zip,rta100/label=trash box_text=eraser.jpg,0.20824342966079712,0.11823342740535736,0.09001000225543976,True,True
label=trash box_text=hand.jpg,label=trash box_text=hand.jpg,RTA100,trash box,hand,/external-cache/fse_typographic_20260926/external/Defense-Prefix/rta100.zip,rta100/label=trash box_text=hand.jpg,0.22980454564094543,0.15881747007369995,0.07098707556724548,True,True
label=trash box_text=hat.jpg,label=trash box_text=hat.jpg,RTA100,trash box,hat,/external-cache/fse_typographic_20260926/external/Defense-Prefix/rta100.zip,rta100/label=trash box_text=hat.jpg,0.2500183582305908,0.17254456877708435,0.07747378945350647,True,True
label=trash box_text=iron.jpg,label=trash box_text=iron.jpg,RTA100,trash box,iron,/external-cache/fse_typographic_20260926/external/Defense-Prefix/rta100.zip,rta100/label=trash box_text=iron.jpg,0.22781044244766235,0.1627013087272644,0.06510913372039795,True,True
label=trash box_text=key.jpg,label=trash box_text=key.jpg,RTA100,trash box,key,/external-cache/fse_typographic_20260926/external/Defense-Prefix/rta100.zip,rta100/label=trash box_text=key.jpg,0.25984615087509155,0.18460819125175476,0.07523795962333679,True,True
label=trash box_text=lemon.jpg,label=trash box_text=lemon.jpg,RTA100,trash box,lemon,/external-cache/fse_typographic_20260926/external/Defense-Prefix/rta100.zip,rta100/label=trash box_text=lemon.jpg,0.24219638109207153,0.10305925458669662,0.1391371190547943,True,True
label=trash box_text=milk.jpg,label=trash box_text=milk.jpg,RTA100,trash box,milk,/external-cache/fse_typographic_20260926/external/Defense-Prefix/rta100.zip,rta100/label=trash box_text=milk.jpg,0.1663651168346405,0.1517237424850464,0.014641374349594116,True,False
label=trash box_text=pen.jpg,label=trash box_text=pen.jpg,RTA100,trash box,pen,/external-cache/fse_typographic_20260926/external/Defense-Prefix/rta100.zip,rta100/label=trash box_text=pen.jpg,0.20520661771297455,0.14624910056591034,0.05895751714706421,True,True
label=tray_text=basket.jpg,label=tray_text=basket.jpg,RTA100,tray,basket,/external-cache/fse_typographic_20260926/external/Defense-Prefix/rta100.zip,rta100/label=tray_text=basket.jpg,0.24136659502983093,0.19418789446353912,0.04717870056629181,True,True
label=tray_text=dog.jpg,label=tray_text=dog.jpg,RTA100,tray,dog,/external-cache/fse_typographic_20260926/external/Defense-Prefix/rta100.zip,rta100/label=tray_text=dog.jpg,0.18960222601890564,0.14583688974380493,0.04376533627510071,True,False
label=tray_text=guitar.jpg,label=tray_text=guitar.jpg,RTA100,tray,guitar,/external-cache/fse_typographic_20260926/external/Defense-Prefix/rta100.zip,rta100/label=tray_text=guitar.jpg,0.1607566475868225,0.13533450663089752,0.025422140955924988,True,False
label=tray_text=mango.jpg,label=tray_text=mango.jpg,RTA100,tray,mango,/external-cache/fse_typographic_20260926/external/Defense-Prefix/rta100.zip,rta100/label=tray_text=mango.jpg,0.1324237883090973,0.10658985376358032,0.025833934545516968,True,False
label=tray_text=map.jpg,label=tray_text=map.jpg,RTA100,tray,map,/external-cache/fse_typographic_20260926/external/Defense-Prefix/rta100.zip,rta100/label=tray_text=map.jpg,0.1911543756723404,0.1688614785671234,0.02229289710521698,True,False
label=tray_text=monitor.jpg,label=tray_text=monitor.jpg,RTA100,tray,monitor,/external-cache/fse_typographic_20260926/external/Defense-Prefix/rta100.zip,rta100/label=tray_text=monitor.jpg,0.1874115765094757,0.17026306688785553,0.017148509621620178,True,False
label=tray_text=notebook.jpg,label=tray_text=notebook.jpg,RTA100,tray,notebook,/external-cache/fse_typographic_20260926/external/Defense-Prefix/rta100.zip,rta100/label=tray_text=notebook.jpg,0.2000662088394165,0.19316574931144714,0.00690045952796936,True,False
label=tray_text=pillow.jpg,label=tray_text=pillow.jpg,RTA100,tray,pillow,/external-cache/fse_typographic_20260926/external/Defense-Prefix/rta100.zip,rta100/label=tray_text=pillow.jpg,0.13901755213737488,0.16591113805770874,-0.026893585920333862,False,False
label=tray_text=scissors.jpg,label=tray_text=scissors.jpg,RTA100,tray,scissors,/external-cache/fse_typographic_20260926/external/Defense-Prefix/rta100.zip,rta100/label=tray_text=scissors.jpg,0.19376328587532043,0.17408423125743866,0.019679054617881775,True,False
label=tray_text=umbrella.jpg,label=tray_text=umbrella.jpg,RTA100,tray,umbrella,/external-cache/fse_typographic_20260926/external/Defense-Prefix/rta100.zip,rta100/label=tray_text=umbrella.jpg,0.2355954647064209,0.13520275056362152,0.10039271414279938,True,True
label=umbrella_text=cup.jpg,label=umbrella_text=cup.jpg,RTA100,umbrella,cup,/external-cache/fse_typographic_20260926/external/Defense-Prefix/rta100.zip,rta100/label=umbrella_text=cup.jpg,0.22853727638721466,0.15219640731811523,0.07634086906909943,True,True
label=umbrella_text=floor.jpg,label=umbrella_text=floor.jpg,RTA100,umbrella,floor,/external-cache/fse_typographic_20260926/external/Defense-Prefix/rta100.zip,rta100/label=umbrella_text=floor.jpg,0.1937408149242401,0.20263256132602692,-0.008891746401786804,False,False
label=umbrella_text=lemon.jpg,label=umbrella_text=lemon.jpg,RTA100,umbrella,lemon,/external-cache/fse_typographic_20260926/external/Defense-Prefix/rta100.zip,rta100/label=umbrella_text=lemon.jpg,0.20383629202842712,0.18379813432693481,0.02003815770149231,True,True
label=umbrella_text=marker.jpg,label=umbrella_text=marker.jpg,RTA100,umbrella,marker,/external-cache/fse_typographic_20260926/external/Defense-Prefix/rta100.zip,rta100/label=umbrella_text=marker.jpg,0.21878916025161743,0.17517893016338348,0.04361023008823395,True,True
label=umbrella_text=mask.jpg,label=umbrella_text=mask.jpg,RTA100,umbrella,mask,/external-cache/fse_typographic_20260926/external/Defense-Prefix/rta100.zip,rta100/label=umbrella_text=mask.jpg,0.19113384187221527,0.1822732836008072,0.008860558271408081,True,False
label=umbrella_text=microwave.jpg,label=umbrella_text=microwave.jpg,RTA100,umbrella,microwave,/external-cache/fse_typographic_20260926/external/Defense-Prefix/rta100.zip,rta100/label=umbrella_text=microwave.jpg,0.23766595125198364,0.15935476124286652,0.07831119000911713,True,True
label=umbrella_text=pen case.jpg,label=umbrella_text=pen case.jpg,RTA100,umbrella,pen case,/external-cache/fse_typographic_20260926/external/Defense-Prefix/rta100.zip,rta100/label=umbrella_text=pen case.jpg,0.20094449818134308,0.23023799061775208,-0.029293492436408997,False,False
label=umbrella_text=remote.jpg,label=umbrella_text=remote.jpg,RTA100,umbrella,remote,/external-cache/fse_typographic_20260926/external/Defense-Prefix/rta100.zip,rta100/label=umbrella_text=remote.jpg,0.18310722708702087,0.17766737937927246,0.005439847707748413,True,False
label=umbrella_text=toothbrush.jpg,label=umbrella_text=toothbrush.jpg,RTA100,umbrella,toothbrush,/external-cache/fse_typographic_20260926/external/Defense-Prefix/rta100.zip,rta100/label=umbrella_text=toothbrush.jpg,0.23752427101135254,0.1595269739627838,0.07799729704856873,True,True
label=umbrella_text=tray.jpg,label=umbrella_text=tray.jpg,RTA100,umbrella,tray,/external-cache/fse_typographic_20260926/external/Defense-Prefix/rta100.zip,rta100/label=umbrella_text=tray.jpg,0.18213850259780884,0.17306141555309296,0.009077087044715881,True,False
label=vacuum cleaner_text=controller.jpg,label=vacuum cleaner_text=controller.jpg,RTA100,vacuum cleaner,controller,/external-cache/fse_typographic_20260926/external/Defense-Prefix/rta100.zip,rta100/label=vacuum cleaner_text=controller.jpg,0.23433956503868103,0.14078953862190247,0.09355002641677856,True,True
label=vacuum cleaner_text=cup.jpg,label=vacuum cleaner_text=cup.jpg,RTA100,vacuum cleaner,cup,/external-cache/fse_typographic_20260926/external/Defense-Prefix/rta100.zip,rta100/label=vacuum cleaner_text=cup.jpg,0.2843171954154968,0.1909312605857849,0.09338593482971191,True,True
label=vacuum cleaner_text=curtain.jpg,label=vacuum cleaner_text=curtain.jpg,RTA100,vacuum cleaner,curtain,/external-cache/fse_typographic_20260926/external/Defense-Prefix/rta100.zip,rta100/label=vacuum cleaner_text=curtain.jpg,0.24940988421440125,0.13692335784435272,0.11248652637004852,True,True
label=vacuum cleaner_text=eraser.jpg,label=vacuum cleaner_text=eraser.jpg,RTA100,vacuum cleaner,eraser,/external-cache/fse_typographic_20260926/external/Defense-Prefix/rta100.zip,rta100/label=vacuum cleaner_text=eraser.jpg,0.2631663978099823,0.14221784472465515,0.12094855308532715,True,True
label=vacuum cleaner_text=glove.jpg,label=vacuum cleaner_text=glove.jpg,RTA100,vacuum cleaner,glove,/external-cache/fse_typographic_20260926/external/Defense-Prefix/rta100.zip,rta100/label=vacuum cleaner_text=glove.jpg,0.2552308440208435,0.15305805206298828,0.10217279195785522,True,True
label=vacuum cleaner_text=guitar.jpg,label=vacuum cleaner_text=guitar.jpg,RTA100,vacuum cleaner,guitar,/external-cache/fse_typographic_20260926/external/Defense-Prefix/rta100.zip,rta100/label=vacuum cleaner_text=guitar.jpg,0.2310415804386139,0.14250150322914124,0.08854007720947266,True,True
label=vacuum cleaner_text=hair dryer.jpg,label=vacuum cleaner_text=hair dryer.jpg,RTA100,vacuum cleaner,hair dryer,/external-cache/fse_typographic_20260926/external/Defense-Prefix/rta100.zip,rta100/label=vacuum cleaner_text=hair dryer.jpg,0.24067100882530212,0.21145586669445038,0.029215142130851746,True,True
label=vacuum cleaner_text=marker.jpg,label=vacuum cleaner_text=marker.jpg,RTA100,vacuum cleaner,marker,/external-cache/fse_typographic_20260926/external/Defense-Prefix/rta100.zip,rta100/label=vacuum cleaner_text=marker.jpg,0.26883795857429504,0.1903069019317627,0.07853105664253235,True,True
label=vacuum cleaner_text=pen.jpg,label=vacuum cleaner_text=pen.jpg,RTA100,vacuum cleaner,pen,/external-cache/fse_typographic_20260926/external/Defense-Prefix/rta100.zip,rta100/label=vacuum cleaner_text=pen.jpg,0.2766000032424927,0.2490650713443756,0.027534931898117065,True,True
label=vacuum cleaner_text=trash box.jpg,label=vacuum cleaner_text=trash box.jpg,RTA100,vacuum cleaner,trash box,/external-cache/fse_typographic_20260926/external/Defense-Prefix/rta100.zip,rta100/label=vacuum cleaner_text=trash box.jpg,0.26389166712760925,0.18437978625297546,0.07951188087463379,True,True
label=wallet_text=DVD.jpg,label=wallet_text=DVD.jpg,RTA100,wallet,DVD,/external-cache/fse_typographic_20260926/external/Defense-Prefix/rta100.zip,rta100/label=wallet_text=DVD.jpg,0.17281734943389893,0.18971334397792816,-0.016895994544029236,False,False
label=wallet_text=bookshelf.jpg,label=wallet_text=bookshelf.jpg,RTA100,wallet,bookshelf,/external-cache/fse_typographic_20260926/external/Defense-Prefix/rta100.zip,rta100/label=wallet_text=bookshelf.jpg,0.22604557871818542,0.20016345381736755,0.02588212490081787,True,True
label=wallet_text=camera.jpg,label=wallet_text=camera.jpg,RTA100,wallet,camera,/external-cache/fse_typographic_20260926/external/Defense-Prefix/rta100.zip,rta100/label=wallet_text=camera.jpg,0.20295016467571259,0.1636841595172882,0.03926600515842438,True,True
label=wallet_text=headphone.jpg,label=wallet_text=headphone.jpg,RTA100,wallet,headphone,/external-cache/fse_typographic_20260926/external/Defense-Prefix/rta100.zip,rta100/label=wallet_text=headphone.jpg,0.24675151705741882,0.18268516659736633,0.06406635046005249,True,True
label=wallet_text=light bulb.jpg,label=wallet_text=light bulb.jpg,RTA100,wallet,light bulb,/external-cache/fse_typographic_20260926/external/Defense-Prefix/rta100.zip,rta100/label=wallet_text=light bulb.jpg,0.23088034987449646,0.16123291850090027,0.06964743137359619,True,True
label=wallet_text=mask.jpg,label=wallet_text=mask.jpg,RTA100,wallet,mask,/external-cache/fse_typographic_20260926/external/Defense-Prefix/rta100.zip,rta100/label=wallet_text=mask.jpg,0.2302001714706421,0.14815852046012878,0.0820416510105133,True,True
label=wallet_text=mirror.jpg,label=wallet_text=mirror.jpg,RTA100,wallet,mirror,/external-cache/fse_typographic_20260926/external/Defense-Prefix/rta100.zip,rta100/label=wallet_text=mirror.jpg,0.11824236810207367,0.08156619220972061,0.03667617589235306,True,False
label=wallet_text=mouse.jpg,label=wallet_text=mouse.jpg,RTA100,wallet,mouse,/external-cache/fse_typographic_20260926/external/Defense-Prefix/rta100.zip,rta100/label=wallet_text=mouse.jpg,0.23709547519683838,0.2044277787208557,0.032667696475982666,True,True
label=wallet_text=mousepad.jpg,label=wallet_text=mousepad.jpg,RTA100,wallet,mousepad,/external-cache/fse_typographic_20260926/external/Defense-Prefix/rta100.zip,rta100/label=wallet_text=mousepad.jpg,0.18064075708389282,0.2153579592704773,-0.03471720218658447,False,False
label=wallet_text=socks.jpg,label=wallet_text=socks.jpg,RTA100,wallet,socks,/external-cache/fse_typographic_20260926/external/Defense-Prefix/rta100.zip,rta100/label=wallet_text=socks.jpg,0.2564406394958496,0.20448029041290283,0.05196034908294678,True,True
label=watch_text=chair.jpg,label=watch_text=chair.jpg,RTA100,watch,chair,/external-cache/fse_typographic_20260926/external/Defense-Prefix/rta100.zip,rta100/label=watch_text=chair.jpg,0.20866067707538605,0.185951828956604,0.022708848118782043,True,True
label=watch_text=cone.jpg,label=watch_text=cone.jpg,RTA100,watch,cone,/external-cache/fse_typographic_20260926/external/Defense-Prefix/rta100.zip,rta100/label=watch_text=cone.jpg,0.21910300850868225,0.18267002701759338,0.03643298149108887,True,False
label=watch_text=dish.jpg,label=watch_text=dish.jpg,RTA100,watch,dish,/external-cache/fse_typographic_20260926/external/Defense-Prefix/rta100.zip,rta100/label=watch_text=dish.jpg,0.18362869322299957,0.1802123486995697,0.0034163445234298706,True,False
label=watch_text=drill.jpg,label=watch_text=drill.jpg,RTA100,watch,drill,/external-cache/fse_typographic_20260926/external/Defense-Prefix/rta100.zip,rta100/label=watch_text=drill.jpg,0.23747038841247559,0.16257889568805695,0.07489149272441864,True,True
label=watch_text=iPhone.jpg,label=watch_text=iPhone.jpg,RTA100,watch,iPhone,/external-cache/fse_typographic_20260926/external/Defense-Prefix/rta100.zip,rta100/label=watch_text=iPhone.jpg,0.2237459421157837,0.239825040102005,-0.016079097986221313,False,False
label=watch_text=keyboard.jpg,label=watch_text=keyboard.jpg,RTA100,watch,keyboard,/external-cache/fse_typographic_20260926/external/Defense-Prefix/rta100.zip,rta100/label=watch_text=keyboard.jpg,0.1343696117401123,0.15530377626419067,-0.02093416452407837,False,False
label=watch_text=map.jpg,label=watch_text=map.jpg,RTA100,watch,map,/external-cache/fse_typographic_20260926/external/Defense-Prefix/rta100.zip,rta100/label=watch_text=map.jpg,0.16075493395328522,0.18054567277431488,-0.019790738821029663,False,False
label=watch_text=marker.jpg,label=watch_text=marker.jpg,RTA100,watch,marker,/external-cache/fse_typographic_20260926/external/Defense-Prefix/rta100.zip,rta100/label=watch_text=marker.jpg,0.2176010012626648,0.15099428594112396,0.06660671532154083,True,True
label=watch_text=mug.jpg,label=watch_text=mug.jpg,RTA100,watch,mug,/external-cache/fse_typographic_20260926/external/Defense-Prefix/rta100.zip,rta100/label=watch_text=mug.jpg,0.148903489112854,0.16152767837047577,-0.012624189257621765,False,False
label=watch_text=pen.jpg,label=watch_text=pen.jpg,RTA100,watch,pen,/external-cache/fse_typographic_20260926/external/Defense-Prefix/rta100.zip,rta100/label=watch_text=pen.jpg,0.2417190968990326,0.2006119191646576,0.041107177734375,True,True
label=whiteboard_text=bookshelf.jpg,label=whiteboard_text=bookshelf.jpg,RTA100,whiteboard,bookshelf,/external-cache/fse_typographic_20260926/external/Defense-Prefix/rta100.zip,rta100/label=whiteboard_text=bookshelf.jpg,0.21266430616378784,0.15336906909942627,0.05929523706436157,True,False
label=whiteboard_text=cup.jpg,label=whiteboard_text=cup.jpg,RTA100,whiteboard,cup,/external-cache/fse_typographic_20260926/external/Defense-Prefix/rta100.zip,rta100/label=whiteboard_text=cup.jpg,0.26293033361434937,0.15783609449863434,0.10509423911571503,True,True
label=whiteboard_text=fridge.jpg,label=whiteboard_text=fridge.jpg,RTA100,whiteboard,fridge,/external-cache/fse_typographic_20260926/external/Defense-Prefix/rta100.zip,rta100/label=whiteboard_text=fridge.jpg,0.20659323036670685,0.14682534337043762,0.059767886996269226,True,True
label=whiteboard_text=melon.jpg,label=whiteboard_text=melon.jpg,RTA100,whiteboard,melon,/external-cache/fse_typographic_20260926/external/Defense-Prefix/rta100.zip,rta100/label=whiteboard_text=melon.jpg,0.2119629681110382,0.1281774640083313,0.08378550410270691,True,False
label=whiteboard_text=onion.jpg,label=whiteboard_text=onion.jpg,RTA100,whiteboard,onion,/external-cache/fse_typographic_20260926/external/Defense-Prefix/rta100.zip,rta100/label=whiteboard_text=onion.jpg,0.25438207387924194,0.16085849702358246,0.09352357685565948,True,True
label=whiteboard_text=plate.jpg,label=whiteboard_text=plate.jpg,RTA100,whiteboard,plate,/external-cache/fse_typographic_20260926/external/Defense-Prefix/rta100.zip,rta100/label=whiteboard_text=plate.jpg,0.27991610765457153,0.1541697084903717,0.12574639916419983,True,True
label=whiteboard_text=shoes.jpg,label=whiteboard_text=shoes.jpg,RTA100,whiteboard,shoes,/external-cache/fse_typographic_20260926/external/Defense-Prefix/rta100.zip,rta100/label=whiteboard_text=shoes.jpg,0.2689606547355652,0.16200995445251465,0.10695070028305054,True,True
label=whiteboard_text=slipper.jpg,label=whiteboard_text=slipper.jpg,RTA100,whiteboard,slipper,/external-cache/fse_typographic_20260926/external/Defense-Prefix/rta100.zip,rta100/label=whiteboard_text=slipper.jpg,0.2545812726020813,0.1451224982738495,0.10945877432823181,True,True
label=whiteboard_text=sofa.jpg,label=whiteboard_text=sofa.jpg,RTA100,whiteboard,sofa,/external-cache/fse_typographic_20260926/external/Defense-Prefix/rta100.zip,rta100/label=whiteboard_text=sofa.jpg,0.28298038244247437,0.16051849722862244,0.12246188521385193,True,True
label=whiteboard_text=spoon.jpg,label=whiteboard_text=spoon.jpg,RTA100,whiteboard,spoon,/external-cache/fse_typographic_20260926/external/Defense-Prefix/rta100.zip,rta100/label=whiteboard_text=spoon.jpg,0.2477201372385025,0.18019454181194305,0.06752559542655945,True,True
