id,source_id,bank,object_label,attack_word,archive,member,object_score,attack_score,margin,correct,top1
label=DVD_text=adapter.jpg,label=DVD_text=adapter.jpg,RTA100,DVD,adapter,/external-cache/fse_typographic_20260926/external/Defense-Prefix/rta100.zip,rta100/label=DVD_text=adapter.jpg,0.3149247467517853,0.24387198686599731,0.07105275988578796,True,True
label=DVD_text=bag.jpg,label=DVD_text=bag.jpg,RTA100,DVD,bag,/external-cache/fse_typographic_20260926/external/Defense-Prefix/rta100.zip,rta100/label=DVD_text=bag.jpg,0.3013535737991333,0.18544483184814453,0.11590874195098877,True,True
label=DVD_text=ball.jpg,label=DVD_text=ball.jpg,RTA100,DVD,ball,/external-cache/fse_typographic_20260926/external/Defense-Prefix/rta100.zip,rta100/label=DVD_text=ball.jpg,0.26018452644348145,0.21902629733085632,0.04115822911262512,True,True
label=DVD_text=bed.jpg,label=DVD_text=bed.jpg,RTA100,DVD,bed,/external-cache/fse_typographic_20260926/external/Defense-Prefix/rta100.zip,rta100/label=DVD_text=bed.jpg,0.31675469875335693,0.21531303226947784,0.10144166648387909,True,True
label=DVD_text=controller.jpg,label=DVD_text=controller.jpg,RTA100,DVD,controller,/external-cache/fse_typographic_20260926/external/Defense-Prefix/rta100.zip,rta100/label=DVD_text=controller.jpg,0.24216048419475555,0.21703776717185974,0.025122717022895813,True,True
label=DVD_text=frisbee.jpg,label=DVD_text=frisbee.jpg,RTA100,DVD,frisbee,/external-cache/fse_typographic_20260926/external/Defense-Prefix/rta100.zip,rta100/label=DVD_text=frisbee.jpg,0.28463971614837646,0.19895558059215546,0.08568413555622101,True,True
label=DVD_text=mango.jpg,label=DVD_text=mango.jpg,RTA100,DVD,mango,/external-cache/fse_typographic_20260926/external/Defense-Prefix/rta100.zip,rta100/label=DVD_text=mango.jpg,0.2624927759170532,0.18926306068897247,0.07322971522808075,True,True
label=DVD_text=oven.jpg,label=DVD_text=oven.jpg,RTA100,DVD,oven,/external-cache/fse_typographic_20260926/external/Defense-Prefix/rta100.zip,rta100/label=DVD_text=oven.jpg,0.2535181939601898,0.2057097852230072,0.04780840873718262,True,True
label=DVD_text=slipper.jpg,label=DVD_text=slipper.jpg,RTA100,DVD,slipper,/external-cache/fse_typographic_20260926/external/Defense-Prefix/rta100.zip,rta100/label=DVD_text=slipper.jpg,0.3095044493675232,0.19424748420715332,0.11525696516036987,True,True
label=DVD_text=umbrella.jpg,label=DVD_text=umbrella.jpg,RTA100,DVD,umbrella,/external-cache/fse_typographic_20260926/external/Defense-Prefix/rta100.zip,rta100/label=DVD_text=umbrella.jpg,0.2917923927307129,0.1755782961845398,0.1162140965461731,True,True
label=adapter_text=apple.jpg,label=adapter_text=apple.jpg,RTA100,adapter,apple,/external-cache/fse_typographic_20260926/external/Defense-Prefix/rta100.zip,rta100/label=adapter_text=apple.jpg,0.19416692852973938,0.20211930572986603,-0.007952377200126648,False,False
label=adapter_text=basket.jpg,label=adapter_text=basket.jpg,RTA100,adapter,basket,/external-cache/fse_typographic_20260926/external/Defense-Prefix/rta100.zip,rta100/label=adapter_text=basket.jpg,0.21999013423919678,0.1409643441438675,0.07902579009532928,True,True
label=adapter_text=hand.jpg,label=adapter_text=hand.jpg,RTA100,adapter,hand,/external-cache/fse_typographic_20260926/external/Defense-Prefix/rta100.zip,rta100/label=adapter_text=hand.jpg,0.24031886458396912,0.20621773600578308,0.034101128578186035,True,True
label=adapter_text=jacket.jpg,label=adapter_text=jacket.jpg,RTA100,adapter,jacket,/external-cache/fse_typographic_20260926/external/Defense-Prefix/rta100.zip,rta100/label=adapter_text=jacket.jpg,0.25250929594039917,0.23936915397644043,0.01314014196395874,True,True
label=adapter_text=mic.jpg,label=adapter_text=mic.jpg,RTA100,adapter,mic,/external-cache/fse_typographic_20260926/external/Defense-Prefix/rta100.zip,rta100/label=adapter_text=mic.jpg,0.22652068734169006,0.22353368997573853,0.002986997365951538,True,False
label=adapter_text=microwave.jpg,label=adapter_text=microwave.jpg,RTA100,adapter,microwave,/external-cache/fse_typographic_20260926/external/Defense-Prefix/rta100.zip,rta100/label=adapter_text=microwave.jpg,0.19070187211036682,0.2681952118873596,-0.0774933397769928,False,False
label=adapter_text=ruler.jpg,label=adapter_text=ruler.jpg,RTA100,adapter,ruler,/external-cache/fse_typographic_20260926/external/Defense-Prefix/rta100.zip,rta100/label=adapter_text=ruler.jpg,0.24326439201831818,0.20896589756011963,0.03429849445819855,True,False
label=adapter_text=speaker.jpg,label=adapter_text=speaker.jpg,RTA100,adapter,speaker,/external-cache/fse_typographic_20260926/external/Defense-Prefix/rta100.zip,rta100/label=adapter_text=speaker.jpg,0.23278549313545227,0.2498393952846527,-0.01705390214920044,False,False
label=adapter_text=thermometer.jpg,label=adapter_text=thermometer.jpg,RTA100,adapter,thermometer,/external-cache/fse_typographic_20260926/external/Defense-Prefix/rta100.zip,rta100/label=adapter_text=thermometer.jpg,0.20557217299938202,0.25123921036720276,-0.04566703736782074,False,False
label=adapter_text=trash box.jpg,label=adapter_text=trash box.jpg,RTA100,adapter,trash box,/external-cache/fse_typographic_20260926/external/Defense-Prefix/rta100.zip,rta100/label=adapter_text=trash box.jpg,0.10047837346792221,0.16195613145828247,-0.06147775799036026,False,False
label=airconditioner_text=bag.jpg,label=airconditioner_text=bag.jpg,RTA100,airconditioner,bag,/external-cache/fse_typographic_20260926/external/Defense-Prefix/rta100.zip,rta100/label=airconditioner_text=bag.jpg,0.2995631992816925,0.2705719470977783,0.028991252183914185,True,True
label=airconditioner_text=bookshelf.jpg,label=airconditioner_text=bookshelf.jpg,RTA100,airconditioner,bookshelf,/external-cache/fse_typographic_20260926/external/Defense-Prefix/rta100.zip,rta100/label=airconditioner_text=bookshelf.jpg,0.31052738428115845,0.19839611649513245,0.112131267786026,True,True
label=airconditioner_text=keyboard.jpg,label=airconditioner_text=keyboard.jpg,RTA100,airconditioner,keyboard,/external-cache/fse_typographic_20260926/external/Defense-Prefix/rta100.zip,rta100/label=airconditioner_text=keyboard.jpg,0.29536741971969604,0.2030484825372696,0.09231893718242645,True,True
label=airconditioner_text=light bulb.jpg,label=airconditioner_text=light bulb.jpg,RTA100,airconditioner,light bulb,/external-cache/fse_typographic_20260926/external/Defense-Prefix/rta100.zip,rta100/label=airconditioner_text=light bulb.jpg,0.28304535150527954,0.18896658718585968,0.09407876431941986,True,True
label=airconditioner_text=pants.jpg,label=airconditioner_text=pants.jpg,RTA100,airconditioner,pants,/external-cache/fse_typographic_20260926/external/Defense-Prefix/rta100.zip,rta100/label=airconditioner_text=pants.jpg,0.2642451524734497,0.217274010181427,0.046971142292022705,True,True
label=airconditioner_text=pen.jpg,label=airconditioner_text=pen.jpg,RTA100,airconditioner,pen,/external-cache/fse_typographic_20260926/external/Defense-Prefix/rta100.zip,rta100/label=airconditioner_text=pen.jpg,0.308292031288147,0.18351352214813232,0.12477850914001465,True,True
label=airconditioner_text=plate.jpg,label=airconditioner_text=plate.jpg,RTA100,airconditioner,plate,/external-cache/fse_typographic_20260926/external/Defense-Prefix/rta100.zip,rta100/label=airconditioner_text=plate.jpg,0.31216490268707275,0.20760399103164673,0.10456091165542603,True,True
label=airconditioner_text=scissors.jpg,label=airconditioner_text=scissors.jpg,RTA100,airconditioner,scissors,/external-cache/fse_typographic_20260926/external/Defense-Prefix/rta100.zip,rta100/label=airconditioner_text=scissors.jpg,0.30994659662246704,0.214284285902977,0.09566231071949005,True,True
label=airconditioner_text=tissue.jpg,label=airconditioner_text=tissue.jpg,RTA100,airconditioner,tissue,/external-cache/fse_typographic_20260926/external/Defense-Prefix/rta100.zip,rta100/label=airconditioner_text=tissue.jpg,0.273922860622406,0.20861312747001648,0.06530973315238953,True,True
label=airconditioner_text=towel.jpg,label=airconditioner_text=towel.jpg,RTA100,airconditioner,towel,/external-cache/fse_typographic_20260926/external/Defense-Prefix/rta100.zip,rta100/label=airconditioner_text=towel.jpg,0.2727622389793396,0.19358500838279724,0.07917723059654236,True,True
label=apple_text=airconditioner.jpg,label=apple_text=airconditioner.jpg,RTA100,apple,airconditioner,/external-cache/fse_typographic_20260926/external/Defense-Prefix/rta100.zip,rta100/label=apple_text=airconditioner.jpg,0.274020791053772,0.1812233030796051,0.09279748797416687,True,False
label=apple_text=bag.jpg,label=apple_text=bag.jpg,RTA100,apple,bag,/external-cache/fse_typographic_20260926/external/Defense-Prefix/rta100.zip,rta100/label=apple_text=bag.jpg,0.28538432717323303,0.2171630710363388,0.06822125613689423,True,True
label=apple_text=doll.jpg,label=apple_text=doll.jpg,RTA100,apple,doll,/external-cache/fse_typographic_20260926/external/Defense-Prefix/rta100.zip,rta100/label=apple_text=doll.jpg,0.2609863877296448,0.17493809759616852,0.08604829013347626,True,True
label=apple_text=drill.jpg,label=apple_text=drill.jpg,RTA100,apple,drill,/external-cache/fse_typographic_20260926/external/Defense-Prefix/rta100.zip,rta100/label=apple_text=drill.jpg,0.2548914849758148,0.16050653159618378,0.09438495337963104,True,False
label=apple_text=earphones.jpg,label=apple_text=earphones.jpg,RTA100,apple,earphones,/external-cache/fse_typographic_20260926/external/Defense-Prefix/rta100.zip,rta100/label=apple_text=earphones.jpg,0.23232170939445496,0.21279512345790863,0.019526585936546326,True,True
label=apple_text=glasses.jpg,label=apple_text=glasses.jpg,RTA100,apple,glasses,/external-cache/fse_typographic_20260926/external/Defense-Prefix/rta100.zip,rta100/label=apple_text=glasses.jpg,0.31771135330200195,0.2674448490142822,0.05026650428771973,True,True
label=apple_text=glove.jpg,label=apple_text=glove.jpg,RTA100,apple,glove,/external-cache/fse_typographic_20260926/external/Defense-Prefix/rta100.zip,rta100/label=apple_text=glove.jpg,0.2778647243976593,0.14080911874771118,0.13705560564994812,True,True
label=apple_text=pen.jpg,label=apple_text=pen.jpg,RTA100,apple,pen,/external-cache/fse_typographic_20260926/external/Defense-Prefix/rta100.zip,rta100/label=apple_text=pen.jpg,0.2784026265144348,0.19852659106254578,0.07987603545188904,True,True
label=apple_text=scissors.jpg,label=apple_text=scissors.jpg,RTA100,apple,scissors,/external-cache/fse_typographic_20260926/external/Defense-Prefix/rta100.zip,rta100/label=apple_text=scissors.jpg,0.2950916290283203,0.1867956966161728,0.10829593241214752,True,True
label=apple_text=whiteboard.jpg,label=apple_text=whiteboard.jpg,RTA100,apple,whiteboard,/external-cache/fse_typographic_20260926/external/Defense-Prefix/rta100.zip,rta100/label=apple_text=whiteboard.jpg,0.24510155618190765,0.20379795134067535,0.0413036048412323,True,True
label=bag_text=card.jpg,label=bag_text=card.jpg,RTA100,bag,card,/external-cache/fse_typographic_20260926/external/Defense-Prefix/rta100.zip,rta100/label=bag_text=card.jpg,0.2813941240310669,0.1379118710756302,0.1434822529554367,True,True
label=bag_text=chair.jpg,label=bag_text=chair.jpg,RTA100,bag,chair,/external-cache/fse_typographic_20260926/external/Defense-Prefix/rta100.zip,rta100/label=bag_text=chair.jpg,0.2887166142463684,0.15892884135246277,0.12978777289390564,True,True
label=bag_text=dog.jpg,label=bag_text=dog.jpg,RTA100,bag,dog,/external-cache/fse_typographic_20260926/external/Defense-Prefix/rta100.zip,rta100/label=bag_text=dog.jpg,0.27046114206314087,0.12476962059736252,0.14569151401519775,True,True
label=bag_text=fridge.jpg,label=bag_text=fridge.jpg,RTA100,bag,fridge,/external-cache/fse_typographic_20260926/external/Defense-Prefix/rta100.zip,rta100/label=bag_text=fridge.jpg,0.24814081192016602,0.12681350111961365,0.12132731080055237,True,True
label=bag_text=iron.jpg,label=bag_text=iron.jpg,RTA100,bag,iron,/external-cache/fse_typographic_20260926/external/Defense-Prefix/rta100.zip,rta100/label=bag_text=iron.jpg,0.2770909070968628,0.18810057640075684,0.08899033069610596,True,True
label=bag_text=key.jpg,label=bag_text=key.jpg,RTA100,bag,key,/external-cache/fse_typographic_20260926/external/Defense-Prefix/rta100.zip,rta100/label=bag_text=key.jpg,0.24456408619880676,0.10358281433582306,0.1409812718629837,True,True
label=bag_text=melon.jpg,label=bag_text=melon.jpg,RTA100,bag,melon,/external-cache/fse_typographic_20260926/external/Defense-Prefix/rta100.zip,rta100/label=bag_text=melon.jpg,0.2630554139614105,0.06890106946229935,0.19415435194969177,True,True
label=bag_text=monitor.jpg,label=bag_text=monitor.jpg,RTA100,bag,monitor,/external-cache/fse_typographic_20260926/external/Defense-Prefix/rta100.zip,rta100/label=bag_text=monitor.jpg,0.27476444840431213,0.19397994875907898,0.08078449964523315,True,True
label=bag_text=sofa.jpg,label=bag_text=sofa.jpg,RTA100,bag,sofa,/external-cache/fse_typographic_20260926/external/Defense-Prefix/rta100.zip,rta100/label=bag_text=sofa.jpg,0.31344640254974365,0.18235932290554047,0.13108707964420319,True,True
label=bag_text=toothbrush.jpg,label=bag_text=toothbrush.jpg,RTA100,bag,toothbrush,/external-cache/fse_typographic_20260926/external/Defense-Prefix/rta100.zip,rta100/label=bag_text=toothbrush.jpg,0.23086893558502197,0.1523410677909851,0.07852786779403687,True,False
label=ball_text=bag.jpg,label=ball_text=bag.jpg,RTA100,ball,bag,/external-cache/fse_typographic_20260926/external/Defense-Prefix/rta100.zip,rta100/label=ball_text=bag.jpg,0.27023550868034363,0.21806353330612183,0.0521719753742218,True,True
label=ball_text=chair.jpg,label=ball_text=chair.jpg,RTA100,ball,chair,/external-cache/fse_typographic_20260926/external/Defense-Prefix/rta100.zip,rta100/label=ball_text=chair.jpg,0.27266740798950195,0.16322024166584015,0.1094471663236618,True,True
label=ball_text=frisbee.jpg,label=ball_text=frisbee.jpg,RTA100,ball,frisbee,/external-cache/fse_typographic_20260926/external/Defense-Prefix/rta100.zip,rta100/label=ball_text=frisbee.jpg,0.22542980313301086,0.14015518128871918,0.08527462184429169,True,True
label=ball_text=hat.jpg,label=ball_text=hat.jpg,RTA100,ball,hat,/external-cache/fse_typographic_20260926/external/Defense-Prefix/rta100.zip,rta100/label=ball_text=hat.jpg,0.2700233459472656,0.24388840794563293,0.02613493800163269,True,True
label=ball_text=headphone.jpg,label=ball_text=headphone.jpg,RTA100,ball,headphone,/external-cache/fse_typographic_20260926/external/Defense-Prefix/rta100.zip,rta100/label=ball_text=headphone.jpg,0.2593417763710022,0.2191910743713379,0.04015070199966431,True,True
label=ball_text=light bulb.jpg,label=ball_text=light bulb.jpg,RTA100,ball,light bulb,/external-cache/fse_typographic_20260926/external/Defense-Prefix/rta100.zip,rta100/label=ball_text=light bulb.jpg,0.2500722110271454,0.1146688163280487,0.13540339469909668,True,True
label=ball_text=mirror.jpg,label=ball_text=mirror.jpg,RTA100,ball,mirror,/external-cache/fse_typographic_20260926/external/Defense-Prefix/rta100.zip,rta100/label=ball_text=mirror.jpg,0.21733097732067108,0.17211678624153137,0.04521419107913971,True,True
label=ball_text=pen case.jpg,label=ball_text=pen case.jpg,RTA100,ball,pen case,/external-cache/fse_typographic_20260926/external/Defense-Prefix/rta100.zip,rta100/label=ball_text=pen case.jpg,0.2612980306148529,0.12828677892684937,0.13301125168800354,True,True
label=ball_text=towel.jpg,label=ball_text=towel.jpg,RTA100,ball,towel,/external-cache/fse_typographic_20260926/external/Defense-Prefix/rta100.zip,rta100/label=ball_text=towel.jpg,0.2482486218214035,0.1471935212612152,0.1010551005601883,True,True
label=ball_text=umbrella.jpg,label=ball_text=umbrella.jpg,RTA100,ball,umbrella,/external-cache/fse_typographic_20260926/external/Defense-Prefix/rta100.zip,rta100/label=ball_text=umbrella.jpg,0.20530623197555542,0.17873051762580872,0.026575714349746704,True,True
label=basket_text=can.jpg,label=basket_text=can.jpg,RTA100,basket,can,/external-cache/fse_typographic_20260926/external/Defense-Prefix/rta100.zip,rta100/label=basket_text=can.jpg,0.24998439848423004,0.1896710842847824,0.06031331419944763,True,False
label=basket_text=dog.jpg,label=basket_text=dog.jpg,RTA100,basket,dog,/external-cache/fse_typographic_20260926/external/Defense-Prefix/rta100.zip,rta100/label=basket_text=dog.jpg,0.3010760545730591,0.13332130014896393,0.16775475442409515,True,True
label=basket_text=earphones.jpg,label=basket_text=earphones.jpg,RTA100,basket,earphones,/external-cache/fse_typographic_20260926/external/Defense-Prefix/rta100.zip,rta100/label=basket_text=earphones.jpg,0.21986153721809387,0.1806267946958542,0.039234742522239685,True,False
label=basket_text=keyboard.jpg,label=basket_text=keyboard.jpg,RTA100,basket,keyboard,/external-cache/fse_typographic_20260926/external/Defense-Prefix/rta100.zip,rta100/label=basket_text=keyboard.jpg,0.3120896518230438,0.16923464834690094,0.14285500347614288,True,True
label=basket_text=lemon.jpg,label=basket_text=lemon.jpg,RTA100,basket,lemon,/external-cache/fse_typographic_20260926/external/Defense-Prefix/rta100.zip,rta100/label=basket_text=lemon.jpg,0.29367995262145996,0.13865751028060913,0.15502244234085083,True,True
label=basket_text=microwave.jpg,label=basket_text=microwave.jpg,RTA100,basket,microwave,/external-cache/fse_typographic_20260926/external/Defense-Prefix/rta100.zip,rta100/label=basket_text=microwave.jpg,0.19629618525505066,0.2055371254682541,-0.00924094021320343,False,False
label=basket_text=plate.jpg,label=basket_text=plate.jpg,RTA100,basket,plate,/external-cache/fse_typographic_20260926/external/Defense-Prefix/rta100.zip,rta100/label=basket_text=plate.jpg,0.24490144848823547,0.2026405930519104,0.04226085543632507,True,False
label=basket_text=shoes.jpg,label=basket_text=shoes.jpg,RTA100,basket,shoes,/external-cache/fse_typographic_20260926/external/Defense-Prefix/rta100.zip,rta100/label=basket_text=shoes.jpg,0.2828874886035919,0.2129104733467102,0.06997701525688171,True,True
label=basket_text=t-shirt.jpg,label=basket_text=t-shirt.jpg,RTA100,basket,t-shirt,/external-cache/fse_typographic_20260926/external/Defense-Prefix/rta100.zip,rta100/label=basket_text=t-shirt.jpg,0.2854463756084442,0.1191442459821701,0.1663021296262741,True,True
label=basket_text=wallet.jpg,label=basket_text=wallet.jpg,RTA100,basket,wallet,/external-cache/fse_typographic_20260926/external/Defense-Prefix/rta100.zip,rta100/label=basket_text=wallet.jpg,0.17418132722377777,0.1484958678483963,0.02568545937538147,True,False
label=bed_text=adapter.jpg,label=bed_text=adapter.jpg,RTA100,bed,adapter,/external-cache/fse_typographic_20260926/external/Defense-Prefix/rta100.zip,rta100/label=bed_text=adapter.jpg,0.2905535399913788,0.14441776275634766,0.14613577723503113,True,True
label=bed_text=chopsticks.jpg,label=bed_text=chopsticks.jpg,RTA100,bed,chopsticks,/external-cache/fse_typographic_20260926/external/Defense-Prefix/rta100.zip,rta100/label=bed_text=chopsticks.jpg,0.2766495645046234,0.14717119932174683,0.1294783651828766,True,True
label=bed_text=cone.jpg,label=bed_text=cone.jpg,RTA100,bed,cone,/external-cache/fse_typographic_20260926/external/Defense-Prefix/rta100.zip,rta100/label=bed_text=cone.jpg,0.29912540316581726,0.17760227620601654,0.12152312695980072,True,True
label=bed_text=hair dryer.jpg,label=bed_text=hair dryer.jpg,RTA100,bed,hair dryer,/external-cache/fse_typographic_20260926/external/Defense-Prefix/rta100.zip,rta100/label=bed_text=hair dryer.jpg,0.25927460193634033,0.13940086960792542,0.11987373232841492,True,True
label=bed_text=lemon.jpg,label=bed_text=lemon.jpg,RTA100,bed,lemon,/external-cache/fse_typographic_20260926/external/Defense-Prefix/rta100.zip,rta100/label=bed_text=lemon.jpg,0.2897183895111084,0.10611563175916672,0.18360275030136108,True,True
label=bed_text=mask.jpg,label=bed_text=mask.jpg,RTA100,bed,mask,/external-cache/fse_typographic_20260926/external/Defense-Prefix/rta100.zip,rta100/label=bed_text=mask.jpg,0.275118887424469,0.13626545667648315,0.13885343074798584,True,True
label=bed_text=onion.jpg,label=bed_text=onion.jpg,RTA100,bed,onion,/external-cache/fse_typographic_20260926/external/Defense-Prefix/rta100.zip,rta100/label=bed_text=onion.jpg,0.19035449624061584,0.13305313885211945,0.0573013573884964,True,True
label=bed_text=pot.jpg,label=bed_text=pot.jpg,RTA100,bed,pot,/external-cache/fse_typographic_20260926/external/Defense-Prefix/rta100.zip,rta100/label=bed_text=pot.jpg,0.2898588478565216,0.1761103719472885,0.1137484759092331,True,True
label=bed_text=shoes.jpg,label=bed_text=shoes.jpg,RTA100,bed,shoes,/external-cache/fse_typographic_20260926/external/Defense-Prefix/rta100.zip,rta100/label=bed_text=shoes.jpg,0.2942443788051605,0.15066853165626526,0.14357584714889526,True,True
label=bed_text=suitcase.jpg,label=bed_text=suitcase.jpg,RTA100,bed,suitcase,/external-cache/fse_typographic_20260926/external/Defense-Prefix/rta100.zip,rta100/label=bed_text=suitcase.jpg,0.23251454532146454,0.2351851910352707,-0.0026706457138061523,False,False
label=book_text=adapter.jpg,label=book_text=adapter.jpg,RTA100,book,adapter,/external-cache/fse_typographic_20260926/external/Defense-Prefix/rta100.zip,rta100/label=book_text=adapter.jpg,0.24415844678878784,0.21684196591377258,0.02731648087501526,True,True
label=book_text=bottle.jpg,label=book_text=bottle.jpg,RTA100,book,bottle,/external-cache/fse_typographic_20260926/external/Defense-Prefix/rta100.zip,rta100/label=book_text=bottle.jpg,0.14161276817321777,0.16007250547409058,-0.018459737300872803,False,False
label=book_text=floor.jpg,label=book_text=floor.jpg,RTA100,book,floor,/external-cache/fse_typographic_20260926/external/Defense-Prefix/rta100.zip,rta100/label=book_text=floor.jpg,0.19264663755893707,0.20261511206626892,-0.009968474507331848,False,False
label=book_text=glove.jpg,label=book_text=glove.jpg,RTA100,book,glove,/external-cache/fse_typographic_20260926/external/Defense-Prefix/rta100.zip,rta100/label=book_text=glove.jpg,0.21274662017822266,0.17940175533294678,0.03334486484527588,True,True
label=book_text=light bulb.jpg,label=book_text=light bulb.jpg,RTA100,book,light bulb,/external-cache/fse_typographic_20260926/external/Defense-Prefix/rta100.zip,rta100/label=book_text=light bulb.jpg,0.1756383627653122,0.10937453806400299,0.0662638247013092,True,True
label=book_text=marker.jpg,label=book_text=marker.jpg,RTA100,book,marker,/external-cache/fse_typographic_20260926/external/Defense-Prefix/rta100.zip,rta100/label=book_text=marker.jpg,0.23099619150161743,0.16892580687999725,0.06207038462162018,True,True
label=book_text=mug.jpg,label=book_text=mug.jpg,RTA100,book,mug,/external-cache/fse_typographic_20260926/external/Defense-Prefix/rta100.zip,rta100/label=book_text=mug.jpg,0.19232170283794403,0.11386008560657501,0.07846161723136902,True,True
label=book_text=pen case.jpg,label=book_text=pen case.jpg,RTA100,book,pen case,/external-cache/fse_typographic_20260926/external/Defense-Prefix/rta100.zip,rta100/label=book_text=pen case.jpg,0.19244027137756348,0.09363256394863129,0.09880770742893219,True,True
label=book_text=table.jpg,label=book_text=table.jpg,RTA100,book,table,/external-cache/fse_typographic_20260926/external/Defense-Prefix/rta100.zip,rta100/label=book_text=table.jpg,0.23055754601955414,0.24737295508384705,-0.016815409064292908,False,False
label=book_text=vacuum cleaner.jpg,label=book_text=vacuum cleaner.jpg,RTA100,book,vacuum cleaner,/external-cache/fse_typographic_20260926/external/Defense-Prefix/rta100.zip,rta100/label=book_text=vacuum cleaner.jpg,0.1536121964454651,0.1258050799369812,0.027807116508483887,True,True
label=bookshelf_text=airconditioner.jpg,label=bookshelf_text=airconditioner.jpg,RTA100,bookshelf,airconditioner,/external-cache/fse_typographic_20260926/external/Defense-Prefix/rta100.zip,rta100/label=bookshelf_text=airconditioner.jpg,0.2970741391181946,0.14132754504680634,0.15574659407138824,True,True
label=bookshelf_text=can.jpg,label=bookshelf_text=can.jpg,RTA100,bookshelf,can,/external-cache/fse_typographic_20260926/external/Defense-Prefix/rta100.zip,rta100/label=bookshelf_text=can.jpg,0.3031356930732727,0.1376405954360962,0.1654950976371765,True,True
label=bookshelf_text=hair dryer.jpg,label=bookshelf_text=hair dryer.jpg,RTA100,bookshelf,hair dryer,/external-cache/fse_typographic_20260926/external/Defense-Prefix/rta100.zip,rta100/label=bookshelf_text=hair dryer.jpg,0.22367969155311584,0.08491085469722748,0.13876883685588837,True,False
label=bookshelf_text=headphone.jpg,label=bookshelf_text=headphone.jpg,RTA100,bookshelf,headphone,/external-cache/fse_typographic_20260926/external/Defense-Prefix/rta100.zip,rta100/label=bookshelf_text=headphone.jpg,0.32737985253334045,0.2036052942276001,0.12377455830574036,True,True
label=bookshelf_text=iPhone.jpg,label=bookshelf_text=iPhone.jpg,RTA100,bookshelf,iPhone,/external-cache/fse_typographic_20260926/external/Defense-Prefix/rta100.zip,rta100/label=bookshelf_text=iPhone.jpg,0.24221380054950714,0.22303372621536255,0.019180074334144592,True,True
label=bookshelf_text=laptop.jpg,label=bookshelf_text=laptop.jpg,RTA100,bookshelf,laptop,/external-cache/fse_typographic_20260926/external/Defense-Prefix/rta100.zip,rta100/label=bookshelf_text=laptop.jpg,0.2908329367637634,0.16629046201705933,0.1245424747467041,True,True
label=bookshelf_text=pen case.jpg,label=bookshelf_text=pen case.jpg,RTA100,bookshelf,pen case,/external-cache/fse_typographic_20260926/external/Defense-Prefix/rta100.zip,rta100/label=bookshelf_text=pen case.jpg,0.2330506443977356,0.15542057156562805,0.07763007283210754,True,True
label=bookshelf_text=remote.jpg,label=bookshelf_text=remote.jpg,RTA100,bookshelf,remote,/external-cache/fse_typographic_20260926/external/Defense-Prefix/rta100.zip,rta100/label=bookshelf_text=remote.jpg,0.16849517822265625,0.18827882409095764,-0.01978364586830139,False,False
label=bookshelf_text=tissue.jpg,label=bookshelf_text=tissue.jpg,RTA100,bookshelf,tissue,/external-cache/fse_typographic_20260926/external/Defense-Prefix/rta100.zip,rta100/label=bookshelf_text=tissue.jpg,0.20992262661457062,0.10615181922912598,0.10377080738544464,True,True
label=bookshelf_text=watch.jpg,label=bookshelf_text=watch.jpg,RTA100,bookshelf,watch,/external-cache/fse_typographic_20260926/external/Defense-Prefix/rta100.zip,rta100/label=bookshelf_text=watch.jpg,0.26857271790504456,0.15496784448623657,0.11360487341880798,True,True
label=bottle_text=cookie.jpg,label=bottle_text=cookie.jpg,RTA100,bottle,cookie,/external-cache/fse_typographic_20260926/external/Defense-Prefix/rta100.zip,rta100/label=bottle_text=cookie.jpg,0.23273694515228271,0.20485614240169525,0.027880802750587463,True,True
label=bottle_text=cup.jpg,label=bottle_text=cup.jpg,RTA100,bottle,cup,/external-cache/fse_typographic_20260926/external/Defense-Prefix/rta100.zip,rta100/label=bottle_text=cup.jpg,0.27349936962127686,0.29464226961135864,-0.021142899990081787,False,False
label=bottle_text=glove.jpg,label=bottle_text=glove.jpg,RTA100,bottle,glove,/external-cache/fse_typographic_20260926/external/Defense-Prefix/rta100.zip,rta100/label=bottle_text=glove.jpg,0.17031259834766388,0.1493261307477951,0.020986467599868774,True,False
label=bottle_text=mirror.jpg,label=bottle_text=mirror.jpg,RTA100,bottle,mirror,/external-cache/fse_typographic_20260926/external/Defense-Prefix/rta100.zip,rta100/label=bottle_text=mirror.jpg,0.2030046582221985,0.21215344965457916,-0.009148791432380676,False,False
label=bottle_text=oven.jpg,label=bottle_text=oven.jpg,RTA100,bottle,oven,/external-cache/fse_typographic_20260926/external/Defense-Prefix/rta100.zip,rta100/label=bottle_text=oven.jpg,0.2121378779411316,0.18143388628959656,0.030703991651535034,True,False
label=bottle_text=thermometer.jpg,label=bottle_text=thermometer.jpg,RTA100,bottle,thermometer,/external-cache/fse_typographic_20260926/external/Defense-Prefix/rta100.zip,rta100/label=bottle_text=thermometer.jpg,0.19052135944366455,0.22094476222991943,-0.030423402786254883,False,False
label=bottle_text=toothbrush.jpg,label=bottle_text=toothbrush.jpg,RTA100,bottle,toothbrush,/external-cache/fse_typographic_20260926/external/Defense-Prefix/rta100.zip,rta100/label=bottle_text=toothbrush.jpg,0.16193854808807373,0.22431182861328125,-0.06237328052520752,False,False
label=bottle_text=towel.jpg,label=bottle_text=towel.jpg,RTA100,bottle,towel,/external-cache/fse_typographic_20260926/external/Defense-Prefix/rta100.zip,rta100/label=bottle_text=towel.jpg,0.14837199449539185,0.1742069125175476,-0.02583491802215576,False,False
label=bottle_text=tray.jpg,label=bottle_text=tray.jpg,RTA100,bottle,tray,/external-cache/fse_typographic_20260926/external/Defense-Prefix/rta100.zip,rta100/label=bottle_text=tray.jpg,0.20911234617233276,0.23550540208816528,-0.02639305591583252,False,False
label=bottle_text=vacuum cleaner.jpg,label=bottle_text=vacuum cleaner.jpg,RTA100,bottle,vacuum cleaner,/external-cache/fse_typographic_20260926/external/Defense-Prefix/rta100.zip,rta100/label=bottle_text=vacuum cleaner.jpg,0.19564196467399597,0.2730228304862976,-0.07738086581230164,False,False
label=bowl_text=DVD.jpg,label=bowl_text=DVD.jpg,RTA100,bowl,DVD,/external-cache/fse_typographic_20260926/external/Defense-Prefix/rta100.zip,rta100/label=bowl_text=DVD.jpg,0.288055956363678,0.21384182572364807,0.07421413064002991,True,True
label=bowl_text=airconditioner.jpg,label=bowl_text=airconditioner.jpg,RTA100,bowl,airconditioner,/external-cache/fse_typographic_20260926/external/Defense-Prefix/rta100.zip,rta100/label=bowl_text=airconditioner.jpg,0.20112180709838867,0.13682155311107635,0.06430025398731232,True,True
label=bowl_text=cookie.jpg,label=bowl_text=cookie.jpg,RTA100,bowl,cookie,/external-cache/fse_typographic_20260926/external/Defense-Prefix/rta100.zip,rta100/label=bowl_text=cookie.jpg,0.25063222646713257,0.22762690484523773,0.023005321621894836,True,True
label=bowl_text=hand.jpg,label=bowl_text=hand.jpg,RTA100,bowl,hand,/external-cache/fse_typographic_20260926/external/Defense-Prefix/rta100.zip,rta100/label=bowl_text=hand.jpg,0.2698444128036499,0.21949467062950134,0.05034974217414856,True,True
label=bowl_text=key.jpg,label=bowl_text=key.jpg,RTA100,bowl,key,/external-cache/fse_typographic_20260926/external/Defense-Prefix/rta100.zip,rta100/label=bowl_text=key.jpg,0.21792301535606384,0.24830663204193115,-0.03038361668586731,False,False
label=bowl_text=map.jpg,label=bowl_text=map.jpg,RTA100,bowl,map,/external-cache/fse_typographic_20260926/external/Defense-Prefix/rta100.zip,rta100/label=bowl_text=map.jpg,0.24061812460422516,0.13928556442260742,0.10133256018161774,True,True
label=bowl_text=monitor.jpg,label=bowl_text=monitor.jpg,RTA100,bowl,monitor,/external-cache/fse_typographic_20260926/external/Defense-Prefix/rta100.zip,rta100/label=bowl_text=monitor.jpg,0.2625606656074524,0.16638626158237457,0.09617440402507782,True,True
label=bowl_text=onion.jpg,label=bowl_text=onion.jpg,RTA100,bowl,onion,/external-cache/fse_typographic_20260926/external/Defense-Prefix/rta100.zip,rta100/label=bowl_text=onion.jpg,0.22486832737922668,0.15875506401062012,0.06611326336860657,True,True
label=bowl_text=suitcase.jpg,label=bowl_text=suitcase.jpg,RTA100,bowl,suitcase,/external-cache/fse_typographic_20260926/external/Defense-Prefix/rta100.zip,rta100/label=bowl_text=suitcase.jpg,0.32209312915802,0.25007644295692444,0.07201668620109558,True,True
label=bowl_text=toothbrush.jpg,label=bowl_text=toothbrush.jpg,RTA100,bowl,toothbrush,/external-cache/fse_typographic_20260926/external/Defense-Prefix/rta100.zip,rta100/label=bowl_text=toothbrush.jpg,0.22592413425445557,0.19820338487625122,0.027720749378204346,True,True
label=camera_text=basket.jpg,label=camera_text=basket.jpg,RTA100,camera,basket,/external-cache/fse_typographic_20260926/external/Defense-Prefix/rta100.zip,rta100/label=camera_text=basket.jpg,0.262838214635849,0.22145666182041168,0.04138155281543732,True,True
label=camera_text=dog.jpg,label=camera_text=dog.jpg,RTA100,camera,dog,/external-cache/fse_typographic_20260926/external/Defense-Prefix/rta100.zip,rta100/label=camera_text=dog.jpg,0.27113547921180725,0.23886661231517792,0.032268866896629333,True,True
label=camera_text=egg.jpg,label=camera_text=egg.jpg,RTA100,camera,egg,/external-cache/fse_typographic_20260926/external/Defense-Prefix/rta100.zip,rta100/label=camera_text=egg.jpg,0.2681659460067749,0.1676884889602661,0.10047745704650879,True,True
label=camera_text=floor.jpg,label=camera_text=floor.jpg,RTA100,camera,floor,/external-cache/fse_typographic_20260926/external/Defense-Prefix/rta100.zip,rta100/label=camera_text=floor.jpg,0.24023470282554626,0.2468155324459076,-0.006580829620361328,False,False
label=camera_text=glove.jpg,label=camera_text=glove.jpg,RTA100,camera,glove,/external-cache/fse_typographic_20260926/external/Defense-Prefix/rta100.zip,rta100/label=camera_text=glove.jpg,0.2303604781627655,0.1812373846769333,0.049123093485832214,True,False
label=camera_text=iPad.jpg,label=camera_text=iPad.jpg,RTA100,camera,iPad,/external-cache/fse_typographic_20260926/external/Defense-Prefix/rta100.zip,rta100/label=camera_text=iPad.jpg,0.21469351649284363,0.19234871864318848,0.02234479784965515,True,False
label=camera_text=sofa.jpg,label=camera_text=sofa.jpg,RTA100,camera,sofa,/external-cache/fse_typographic_20260926/external/Defense-Prefix/rta100.zip,rta100/label=camera_text=sofa.jpg,0.24920538067817688,0.18178397417068481,0.06742140650749207,True,True
label=camera_text=suitcase.jpg,label=camera_text=suitcase.jpg,RTA100,camera,suitcase,/external-cache/fse_typographic_20260926/external/Defense-Prefix/rta100.zip,rta100/label=camera_text=suitcase.jpg,0.20613902807235718,0.2283836156129837,-0.022244587540626526,False,False
label=camera_text=tissue.jpg,label=camera_text=tissue.jpg,RTA100,camera,tissue,/external-cache/fse_typographic_20260926/external/Defense-Prefix/rta100.zip,rta100/label=camera_text=tissue.jpg,0.2647817134857178,0.19645249843597412,0.06832921504974365,True,True
label=camera_text=tray.jpg,label=camera_text=tray.jpg,RTA100,camera,tray,/external-cache/fse_typographic_20260926/external/Defense-Prefix/rta100.zip,rta100/label=camera_text=tray.jpg,0.2116502821445465,0.22271057963371277,-0.01106029748916626,False,False
label=can_text=bottle.jpg,label=can_text=bottle.jpg,RTA100,can,bottle,/external-cache/fse_typographic_20260926/external/Defense-Prefix/rta100.zip,rta100/label=can_text=bottle.jpg,0.23733755946159363,0.22802582383155823,0.0093117356300354,True,False
label=can_text=dog.jpg,label=can_text=dog.jpg,RTA100,can,dog,/external-cache/fse_typographic_20260926/external/Defense-Prefix/rta100.zip,rta100/label=can_text=dog.jpg,0.2310599982738495,0.21426087617874146,0.016799122095108032,True,True
label=can_text=fridge.jpg,label=can_text=fridge.jpg,RTA100,can,fridge,/external-cache/fse_typographic_20260926/external/Defense-Prefix/rta100.zip,rta100/label=can_text=fridge.jpg,0.27079182863235474,0.26304084062576294,0.007750988006591797,True,True
label=can_text=iPad.jpg,label=can_text=iPad.jpg,RTA100,can,iPad,/external-cache/fse_typographic_20260926/external/Defense-Prefix/rta100.zip,rta100/label=can_text=iPad.jpg,0.19946624338626862,0.20863845944404602,-0.009172216057777405,False,False
label=can_text=monitor.jpg,label=can_text=monitor.jpg,RTA100,can,monitor,/external-cache/fse_typographic_20260926/external/Defense-Prefix/rta100.zip,rta100/label=can_text=monitor.jpg,0.24403877556324005,0.15660661458969116,0.08743216097354889,True,True
label=can_text=mug.jpg,label=can_text=mug.jpg,RTA100,can,mug,/external-cache/fse_typographic_20260926/external/Defense-Prefix/rta100.zip,rta100/label=can_text=mug.jpg,0.29237619042396545,0.21803221106529236,0.0743439793586731,True,True
label=can_text=scissors.jpg,label=can_text=scissors.jpg,RTA100,can,scissors,/external-cache/fse_typographic_20260926/external/Defense-Prefix/rta100.zip,rta100/label=can_text=scissors.jpg,0.3023661673069,0.20068421959877014,0.10168194770812988,True,True
label=can_text=sofa.jpg,label=can_text=sofa.jpg,RTA100,can,sofa,/external-cache/fse_typographic_20260926/external/Defense-Prefix/rta100.zip,rta100/label=can_text=sofa.jpg,0.21272310614585876,0.19787411391735077,0.014848992228507996,True,False
label=can_text=suitcase.jpg,label=can_text=suitcase.jpg,RTA100,can,suitcase,/external-cache/fse_typographic_20260926/external/Defense-Prefix/rta100.zip,rta100/label=can_text=suitcase.jpg,0.2298075258731842,0.16685102880001068,0.06295649707317352,True,False
label=can_text=thermometer.jpg,label=can_text=thermometer.jpg,RTA100,can,thermometer,/external-cache/fse_typographic_20260926/external/Defense-Prefix/rta100.zip,rta100/label=can_text=thermometer.jpg,0.1683020293712616,0.20908676087856293,-0.04078473150730133,False,False
label=card_text=chopsticks.jpg,label=card_text=chopsticks.jpg,RTA100,card,chopsticks,/external-cache/fse_typographic_20260926/external/Defense-Prefix/rta100.zip,rta100/label=card_text=chopsticks.jpg,0.2083607316017151,0.19899879395961761,0.009361937642097473,True,True
label=card_text=dog.jpg,label=card_text=dog.jpg,RTA100,card,dog,/external-cache/fse_typographic_20260926/external/Defense-Prefix/rta100.zip,rta100/label=card_text=dog.jpg,0.3003871440887451,0.1899532675743103,0.11043387651443481,True,True
label=card_text=egg.jpg,label=card_text=egg.jpg,RTA100,card,egg,/external-cache/fse_typographic_20260926/external/Defense-Prefix/rta100.zip,rta100/label=card_text=egg.jpg,0.25135037302970886,0.17375387251377106,0.0775965005159378,True,True
label=card_text=headphone.jpg,label=card_text=headphone.jpg,RTA100,card,headphone,/external-cache/fse_typographic_20260926/external/Defense-Prefix/rta100.zip,rta100/label=card_text=headphone.jpg,0.23739351332187653,0.21138882637023926,0.026004686951637268,True,False
label=card_text=marker.jpg,label=card_text=marker.jpg,RTA100,card,marker,/external-cache/fse_typographic_20260926/external/Defense-Prefix/rta100.zip,rta100/label=card_text=marker.jpg,0.2392752766609192,0.21116244792938232,0.028112828731536865,True,True
label=card_text=plate.jpg,label=card_text=plate.jpg,RTA100,card,plate,/external-cache/fse_typographic_20260926/external/Defense-Prefix/rta100.zip,rta100/label=card_text=plate.jpg,0.19433847069740295,0.19994400441646576,-0.005605533719062805,False,False
label=card_text=shoes.jpg,label=card_text=shoes.jpg,RTA100,card,shoes,/external-cache/fse_typographic_20260926/external/Defense-Prefix/rta100.zip,rta100/label=card_text=shoes.jpg,0.23317737877368927,0.2428557276725769,-0.009678348898887634,False,False
label=card_text=toaster.jpg,label=card_text=toaster.jpg,RTA100,card,toaster,/external-cache/fse_typographic_20260926/external/Defense-Prefix/rta100.zip,rta100/label=card_text=toaster.jpg,0.2459598183631897,0.22861284017562866,0.017346978187561035,True,True
label=card_text=umbrella.jpg,label=card_text=umbrella.jpg,RTA100,card,umbrella,/external-cache/fse_typographic_20260926/external/Defense-Prefix/rta100.zip,rta100/label=card_text=umbrella.jpg,0.19904418289661407,0.1557852327823639,0.04325895011425018,True,True
label=card_text=whiteboard.jpg,label=card_text=whiteboard.jpg,RTA100,card,whiteboard,/external-cache/fse_typographic_20260926/external/Defense-Prefix/rta100.zip,rta100/label=card_text=whiteboard.jpg,0.24699902534484863,0.26471564173698425,-0.01771661639213562,False,False
label=chair_text=DVD.jpg,label=chair_text=DVD.jpg,RTA100,chair,DVD,/external-cache/fse_typographic_20260926/external/Defense-Prefix/rta100.zip,rta100/label=chair_text=DVD.jpg,0.23745793104171753,0.25581833720207214,-0.018360406160354614,False,False
label=chair_text=chopsticks.jpg,label=chair_text=chopsticks.jpg,RTA100,chair,chopsticks,/external-cache/fse_typographic_20260926/external/Defense-Prefix/rta100.zip,rta100/label=chair_text=chopsticks.jpg,0.21358928084373474,0.10467454791069031,0.10891473293304443,True,True
label=chair_text=doll.jpg,label=chair_text=doll.jpg,RTA100,chair,doll,/external-cache/fse_typographic_20260926/external/Defense-Prefix/rta100.zip,rta100/label=chair_text=doll.jpg,0.25521376729011536,0.1528913825750351,0.10232238471508026,True,True
label=chair_text=iPad.jpg,label=chair_text=iPad.jpg,RTA100,chair,iPad,/external-cache/fse_typographic_20260926/external/Defense-Prefix/rta100.zip,rta100/label=chair_text=iPad.jpg,0.23456957936286926,0.15861859917640686,0.0759509801864624,True,True
label=chair_text=map.jpg,label=chair_text=map.jpg,RTA100,chair,map,/external-cache/fse_typographic_20260926/external/Defense-Prefix/rta100.zip,rta100/label=chair_text=map.jpg,0.22281014919281006,0.21081426739692688,0.011995881795883179,True,False
label=chair_text=mouse.jpg,label=chair_text=mouse.jpg,RTA100,chair,mouse,/external-cache/fse_typographic_20260926/external/Defense-Prefix/rta100.zip,rta100/label=chair_text=mouse.jpg,0.2706066071987152,0.1465238332748413,0.1240827739238739,True,True
label=chair_text=pot.jpg,label=chair_text=pot.jpg,RTA100,chair,pot,/external-cache/fse_typographic_20260926/external/Defense-Prefix/rta100.zip,rta100/label=chair_text=pot.jpg,0.27432820200920105,0.14519469439983368,0.12913350760936737,True,True
label=chair_text=sofa.jpg,label=chair_text=sofa.jpg,RTA100,chair,sofa,/external-cache/fse_typographic_20260926/external/Defense-Prefix/rta100.zip,rta100/label=chair_text=sofa.jpg,0.26842713356018066,0.23858638107776642,0.029840752482414246,True,True
label=chair_text=spoon.jpg,label=chair_text=spoon.jpg,RTA100,chair,spoon,/external-cache/fse_typographic_20260926/external/Defense-Prefix/rta100.zip,rta100/label=chair_text=spoon.jpg,0.2815161347389221,0.17204183340072632,0.1094743013381958,True,True
label=chair_text=toaster.jpg,label=chair_text=toaster.jpg,RTA100,chair,toaster,/external-cache/fse_typographic_20260926/external/Defense-Prefix/rta100.zip,rta100/label=chair_text=toaster.jpg,0.2492312490940094,0.2304171621799469,0.0188140869140625,True,False
label=chopsticks_text=book.jpg,label=chopsticks_text=book.jpg,RTA100,chopsticks,book,/external-cache/fse_typographic_20260926/external/Defense-Prefix/rta100.zip,rta100/label=chopsticks_text=book.jpg,0.29596129059791565,0.2637529671192169,0.03220832347869873,True,True
label=chopsticks_text=camera.jpg,label=chopsticks_text=camera.jpg,RTA100,chopsticks,camera,/external-cache/fse_typographic_20260926/external/Defense-Prefix/rta100.zip,rta100/label=chopsticks_text=camera.jpg,0.2766695022583008,0.22311857342720032,0.053550928831100464,True,True
label=chopsticks_text=dog.jpg,label=chopsticks_text=dog.jpg,RTA100,chopsticks,dog,/external-cache/fse_typographic_20260926/external/Defense-Prefix/rta100.zip,rta100/label=chopsticks_text=dog.jpg,0.2820163369178772,0.2129523605108261,0.06906397640705109,True,True
label=chopsticks_text=fridge.jpg,label=chopsticks_text=fridge.jpg,RTA100,chopsticks,fridge,/external-cache/fse_typographic_20260926/external/Defense-Prefix/rta100.zip,rta100/label=chopsticks_text=fridge.jpg,0.3098394274711609,0.21948209404945374,0.09035733342170715,True,True
label=chopsticks_text=guitar.jpg,label=chopsticks_text=guitar.jpg,RTA100,chopsticks,guitar,/external-cache/fse_typographic_20260926/external/Defense-Prefix/rta100.zip,rta100/label=chopsticks_text=guitar.jpg,0.2872350215911865,0.22678565979003906,0.06044936180114746,True,True
label=chopsticks_text=notebook.jpg,label=chopsticks_text=notebook.jpg,RTA100,chopsticks,notebook,/external-cache/fse_typographic_20260926/external/Defense-Prefix/rta100.zip,rta100/label=chopsticks_text=notebook.jpg,0.28687530755996704,0.24779783189296722,0.03907747566699982,True,True
label=chopsticks_text=onion.jpg,label=chopsticks_text=onion.jpg,RTA100,chopsticks,onion,/external-cache/fse_typographic_20260926/external/Defense-Prefix/rta100.zip,rta100/label=chopsticks_text=onion.jpg,0.2850804626941681,0.15888532996177673,0.12619513273239136,True,True
label=chopsticks_text=plate.jpg,label=chopsticks_text=plate.jpg,RTA100,chopsticks,plate,/external-cache/fse_typographic_20260926/external/Defense-Prefix/rta100.zip,rta100/label=chopsticks_text=plate.jpg,0.30808496475219727,0.2661324143409729,0.041952550411224365,True,True
label=chopsticks_text=toaster.jpg,label=chopsticks_text=toaster.jpg,RTA100,chopsticks,toaster,/external-cache/fse_typographic_20260926/external/Defense-Prefix/rta100.zip,rta100/label=chopsticks_text=toaster.jpg,0.25859570503234863,0.20880892872810364,0.049786776304244995,True,True
label=chopsticks_text=tray.jpg,label=chopsticks_text=tray.jpg,RTA100,chopsticks,tray,/external-cache/fse_typographic_20260926/external/Defense-Prefix/rta100.zip,rta100/label=chopsticks_text=tray.jpg,0.2941037118434906,0.20739085972309113,0.08671285212039948,True,True
label=cone_text=apple.jpg,label=cone_text=apple.jpg,RTA100,cone,apple,/external-cache/fse_typographic_20260926/external/Defense-Prefix/rta100.zip,rta100/label=cone_text=apple.jpg,0.28916269540786743,0.0853252112865448,0.20383748412132263,True,True
label=cone_text=floor.jpg,label=cone_text=floor.jpg,RTA100,cone,floor,/external-cache/fse_typographic_20260926/external/Defense-Prefix/rta100.zip,rta100/label=cone_text=floor.jpg,0.22079868614673615,0.24397724866867065,-0.02317856252193451,False,False
label=cone_text=flower.jpg,label=cone_text=flower.jpg,RTA100,cone,flower,/external-cache/fse_typographic_20260926/external/Defense-Prefix/rta100.zip,rta100/label=cone_text=flower.jpg,0.3204934000968933,0.16486558318138123,0.15562781691551208,True,True
label=cone_text=glove.jpg,label=cone_text=glove.jpg,RTA100,cone,glove,/external-cache/fse_typographic_20260926/external/Defense-Prefix/rta100.zip,rta100/label=cone_text=glove.jpg,0.18628156185150146,0.14626553654670715,0.04001602530479431,True,False
label=cone_text=guitar.jpg,label=cone_text=guitar.jpg,RTA100,cone,guitar,/external-cache/fse_typographic_20260926/external/Defense-Prefix/rta100.zip,rta100/label=cone_text=guitar.jpg,0.2794512212276459,0.12961146235466003,0.14983975887298584,True,True
label=cone_text=onion.jpg,label=cone_text=onion.jpg,RTA100,cone,onion,/external-cache/fse_typographic_20260926/external/Defense-Prefix/rta100.zip,rta100/label=cone_text=onion.jpg,0.3214547634124756,0.10386694222688675,0.21758782863616943,True,True
label=cone_text=peach.jpg,label=cone_text=peach.jpg,RTA100,cone,peach,/external-cache/fse_typographic_20260926/external/Defense-Prefix/rta100.zip,rta100/label=cone_text=peach.jpg,0.28712964057922363,0.11985476315021515,0.16727487742900848,True,True
label=cone_text=pen.jpg,label=cone_text=pen.jpg,RTA100,cone,pen,/external-cache/fse_typographic_20260926/external/Defense-Prefix/rta100.zip,rta100/label=cone_text=pen.jpg,0.3333655595779419,0.2155127227306366,0.1178528368473053,True,True
label=cone_text=remote.jpg,label=cone_text=remote.jpg,RTA100,cone,remote,/external-cache/fse_typographic_20260926/external/Defense-Prefix/rta100.zip,rta100/label=cone_text=remote.jpg,0.3225823640823364,0.16142511367797852,0.1611572504043579,True,True
label=cone_text=tie.jpg,label=cone_text=tie.jpg,RTA100,cone,tie,/external-cache/fse_typographic_20260926/external/Defense-Prefix/rta100.zip,rta100/label=cone_text=tie.jpg,0.3080178201198578,0.16647019982337952,0.14154762029647827,True,True
label=controller_text=bag.jpg,label=controller_text=bag.jpg,RTA100,controller,bag,/external-cache/fse_typographic_20260926/external/Defense-Prefix/rta100.zip,rta100/label=controller_text=bag.jpg,0.278639554977417,0.2341112196445465,0.04452833533287048,True,True
label=controller_text=camera.jpg,label=controller_text=camera.jpg,RTA100,controller,camera,/external-cache/fse_typographic_20260926/external/Defense-Prefix/rta100.zip,rta100/label=controller_text=camera.jpg,0.2712160348892212,0.24540923535823822,0.02580679953098297,True,True
label=controller_text=egg.jpg,label=controller_text=egg.jpg,RTA100,controller,egg,/external-cache/fse_typographic_20260926/external/Defense-Prefix/rta100.zip,rta100/label=controller_text=egg.jpg,0.29782092571258545,0.1841161847114563,0.11370474100112915,True,True
label=controller_text=fork.jpg,label=controller_text=fork.jpg,RTA100,controller,fork,/external-cache/fse_typographic_20260926/external/Defense-Prefix/rta100.zip,rta100/label=controller_text=fork.jpg,0.22882139682769775,0.08593510091304779,0.14288629591464996,True,True
label=controller_text=marker.jpg,label=controller_text=marker.jpg,RTA100,controller,marker,/external-cache/fse_typographic_20260926/external/Defense-Prefix/rta100.zip,rta100/label=controller_text=marker.jpg,0.2599666118621826,0.18059372901916504,0.07937288284301758,True,True
label=controller_text=peach.jpg,label=controller_text=peach.jpg,RTA100,controller,peach,/external-cache/fse_typographic_20260926/external/Defense-Prefix/rta100.zip,rta100/label=controller_text=peach.jpg,0.28495901823043823,0.2057570070028305,0.07920201122760773,True,True
label=controller_text=sofa.jpg,label=controller_text=sofa.jpg,RTA100,controller,sofa,/external-cache/fse_typographic_20260926/external/Defense-Prefix/rta100.zip,rta100/label=controller_text=sofa.jpg,0.24317733943462372,0.1662726253271103,0.07690471410751343,True,True
label=controller_text=spoon.jpg,label=controller_text=spoon.jpg,RTA100,controller,spoon,/external-cache/fse_typographic_20260926/external/Defense-Prefix/rta100.zip,rta100/label=controller_text=spoon.jpg,0.27202722430229187,0.1406273990869522,0.13139982521533966,True,True
label=controller_text=tray.jpg,label=controller_text=tray.jpg,RTA100,controller,tray,/external-cache/fse_typographic_20260926/external/Defense-Prefix/rta100.zip,rta100/label=controller_text=tray.jpg,0.24274741113185883,0.16600224375724792,0.0767451673746109,True,True
label=controller_text=umbrella.jpg,label=controller_text=umbrella.jpg,RTA100,controller,umbrella,/external-cache/fse_typographic_20260926/external/Defense-Prefix/rta100.zip,rta100/label=controller_text=umbrella.jpg,0.21710962057113647,0.09130548685789108,0.1258041262626648,True,True
label=cookie_text=ball.jpg,label=cookie_text=ball.jpg,RTA100,cookie,ball,/external-cache/fse_typographic_20260926/external/Defense-Prefix/rta100.zip,rta100/label=cookie_text=ball.jpg,0.22224268317222595,0.1997467279434204,0.022495955228805542,True,False
label=cookie_text=hair dryer.jpg,label=cookie_text=hair dryer.jpg,RTA100,cookie,hair dryer,/external-cache/fse_typographic_20260926/external/Defense-Prefix/rta100.zip,rta100/label=cookie_text=hair dryer.jpg,0.19963109493255615,0.21595939993858337,-0.01632830500602722,False,False
label=cookie_text=iron.jpg,label=cookie_text=iron.jpg,RTA100,cookie,iron,/external-cache/fse_typographic_20260926/external/Defense-Prefix/rta100.zip,rta100/label=cookie_text=iron.jpg,0.21023890376091003,0.20945048332214355,0.0007884204387664795,True,True
label=cookie_text=light bulb.jpg,label=cookie_text=light bulb.jpg,RTA100,cookie,light bulb,/external-cache/fse_typographic_20260926/external/Defense-Prefix/rta100.zip,rta100/label=cookie_text=light bulb.jpg,0.20444172620773315,0.1695519983768463,0.03488972783088684,True,True
label=cookie_text=marker.jpg,label=cookie_text=marker.jpg,RTA100,cookie,marker,/external-cache/fse_typographic_20260926/external/Defense-Prefix/rta100.zip,rta100/label=cookie_text=marker.jpg,0.2250255048274994,0.1560336798429489,0.06899182498455048,True,True
label=cookie_text=milk.jpg,label=cookie_text=milk.jpg,RTA100,cookie,milk,/external-cache/fse_typographic_20260926/external/Defense-Prefix/rta100.zip,rta100/label=cookie_text=milk.jpg,0.21717816591262817,0.20546847581863403,0.01170969009399414,True,False
label=cookie_text=mousepad.jpg,label=cookie_text=mousepad.jpg,RTA100,cookie,mousepad,/external-cache/fse_typographic_20260926/external/Defense-Prefix/rta100.zip,rta100/label=cookie_text=mousepad.jpg,0.21803829073905945,0.20389492809772491,0.014143362641334534,True,True
label=cookie_text=socks.jpg,label=cookie_text=socks.jpg,RTA100,cookie,socks,/external-cache/fse_typographic_20260926/external/Defense-Prefix/rta100.zip,rta100/label=cookie_text=socks.jpg,0.20226667821407318,0.26968926191329956,-0.06742258369922638,False,False
label=cookie_text=t-shirt.jpg,label=cookie_text=t-shirt.jpg,RTA100,cookie,t-shirt,/external-cache/fse_typographic_20260926/external/Defense-Prefix/rta100.zip,rta100/label=cookie_text=t-shirt.jpg,0.24672317504882812,0.1632416844367981,0.08348149061203003,True,True
label=cookie_text=toaster.jpg,label=cookie_text=toaster.jpg,RTA100,cookie,toaster,/external-cache/fse_typographic_20260926/external/Defense-Prefix/rta100.zip,rta100/label=cookie_text=toaster.jpg,0.22759239375591278,0.20854249596595764,0.01904989778995514,True,False
label=cup_text=adapter.jpg,label=cup_text=adapter.jpg,RTA100,cup,adapter,/external-cache/fse_typographic_20260926/external/Defense-Prefix/rta100.zip,rta100/label=cup_text=adapter.jpg,0.28636807203292847,0.2168487161397934,0.06951935589313507,True,True
label=cup_text=bag.jpg,label=cup_text=bag.jpg,RTA100,cup,bag,/external-cache/fse_typographic_20260926/external/Defense-Prefix/rta100.zip,rta100/label=cup_text=bag.jpg,0.2698501646518707,0.1841234564781189,0.08572670817375183,True,False
label=cup_text=book.jpg,label=cup_text=book.jpg,RTA100,cup,book,/external-cache/fse_typographic_20260926/external/Defense-Prefix/rta100.zip,rta100/label=cup_text=book.jpg,0.2527104914188385,0.24575462937355042,0.006955862045288086,True,True
label=cup_text=cone.jpg,label=cup_text=cone.jpg,RTA100,cup,cone,/external-cache/fse_typographic_20260926/external/Defense-Prefix/rta100.zip,rta100/label=cup_text=cone.jpg,0.26215043663978577,0.23296642303466797,0.029184013605117798,True,True
label=cup_text=controller.jpg,label=cup_text=controller.jpg,RTA100,cup,controller,/external-cache/fse_typographic_20260926/external/Defense-Prefix/rta100.zip,rta100/label=cup_text=controller.jpg,0.16539520025253296,0.165276899933815,0.00011830031871795654,True,False
label=cup_text=iPad.jpg,label=cup_text=iPad.jpg,RTA100,cup,iPad,/external-cache/fse_typographic_20260926/external/Defense-Prefix/rta100.zip,rta100/label=cup_text=iPad.jpg,0.27762001752853394,0.24204373359680176,0.03557628393173218,True,False
label=cup_text=iPhone.jpg,label=cup_text=iPhone.jpg,RTA100,cup,iPhone,/external-cache/fse_typographic_20260926/external/Defense-Prefix/rta100.zip,rta100/label=cup_text=iPhone.jpg,0.1885545253753662,0.21282680332660675,-0.02427227795124054,False,False
label=cup_text=mango.jpg,label=cup_text=mango.jpg,RTA100,cup,mango,/external-cache/fse_typographic_20260926/external/Defense-Prefix/rta100.zip,rta100/label=cup_text=mango.jpg,0.25455424189567566,0.21105973422527313,0.04349450767040253,True,True
label=cup_text=pillow.jpg,label=cup_text=pillow.jpg,RTA100,cup,pillow,/external-cache/fse_typographic_20260926/external/Defense-Prefix/rta100.zip,rta100/label=cup_text=pillow.jpg,0.22297129034996033,0.23014730215072632,-0.007176011800765991,False,False
label=cup_text=toothbrush.jpg,label=cup_text=toothbrush.jpg,RTA100,cup,toothbrush,/external-cache/fse_typographic_20260926/external/Defense-Prefix/rta100.zip,rta100/label=cup_text=toothbrush.jpg,0.20918002724647522,0.24575623869895935,-0.03657621145248413,False,False
label=curtain_text=book.jpg,label=curtain_text=book.jpg,RTA100,curtain,book,/external-cache/fse_typographic_20260926/external/Defense-Prefix/rta100.zip,rta100/label=curtain_text=book.jpg,0.28960108757019043,0.20609846711158752,0.0835026204586029,True,True
label=curtain_text=cone.jpg,label=curtain_text=cone.jpg,RTA100,curtain,cone,/external-cache/fse_typographic_20260926/external/Defense-Prefix/rta100.zip,rta100/label=curtain_text=cone.jpg,0.23045259714126587,0.18855690956115723,0.04189568758010864,True,False
label=curtain_text=controller.jpg,label=curtain_text=controller.jpg,RTA100,curtain,controller,/external-cache/fse_typographic_20260926/external/Defense-Prefix/rta100.zip,rta100/label=curtain_text=controller.jpg,0.17556625604629517,0.09687622636556625,0.07869002968072891,True,True
label=curtain_text=doll.jpg,label=curtain_text=doll.jpg,RTA100,curtain,doll,/external-cache/fse_typographic_20260926/external/Defense-Prefix/rta100.zip,rta100/label=curtain_text=doll.jpg,0.31056177616119385,0.20138326287269592,0.10917851328849792,True,True
label=curtain_text=floor.jpg,label=curtain_text=floor.jpg,RTA100,curtain,floor,/external-cache/fse_typographic_20260926/external/Defense-Prefix/rta100.zip,rta100/label=curtain_text=floor.jpg,0.27482035756111145,0.2316700518131256,0.04315030574798584,True,True
label=curtain_text=map.jpg,label=curtain_text=map.jpg,RTA100,curtain,map,/external-cache/fse_typographic_20260926/external/Defense-Prefix/rta100.zip,rta100/label=curtain_text=map.jpg,0.278364896774292,0.2673037648200989,0.011061131954193115,True,True
label=curtain_text=mask.jpg,label=curtain_text=mask.jpg,RTA100,curtain,mask,/external-cache/fse_typographic_20260926/external/Defense-Prefix/rta100.zip,rta100/label=curtain_text=mask.jpg,0.30988627672195435,0.19463352859020233,0.11525274813175201,True,True
label=curtain_text=ruler.jpg,label=curtain_text=ruler.jpg,RTA100,curtain,ruler,/external-cache/fse_typographic_20260926/external/Defense-Prefix/rta100.zip,rta100/label=curtain_text=ruler.jpg,0.20066441595554352,0.19689616560935974,0.003768250346183777,True,False
label=curtain_text=slipper.jpg,label=curtain_text=slipper.jpg,RTA100,curtain,slipper,/external-cache/fse_typographic_20260926/external/Defense-Prefix/rta100.zip,rta100/label=curtain_text=slipper.jpg,0.28580358624458313,0.18817691504955292,0.09762667119503021,True,True
label=curtain_text=tie.jpg,label=curtain_text=tie.jpg,RTA100,curtain,tie,/external-cache/fse_typographic_20260926/external/Defense-Prefix/rta100.zip,rta100/label=curtain_text=tie.jpg,0.312886506319046,0.19354340434074402,0.119343101978302,True,True
label=dish_text=card.jpg,label=dish_text=card.jpg,RTA100,dish,card,/external-cache/fse_typographic_20260926/external/Defense-Prefix/rta100.zip,rta100/label=dish_text=card.jpg,0.2479703724384308,0.3017919063568115,-0.05382153391838074,False,False
label=dish_text=cone.jpg,label=dish_text=cone.jpg,RTA100,dish,cone,/external-cache/fse_typographic_20260926/external/Defense-Prefix/rta100.zip,rta100/label=dish_text=cone.jpg,0.20165720582008362,0.21190069615840912,-0.0102434903383255,False,False
label=dish_text=dog.jpg,label=dish_text=dog.jpg,RTA100,dish,dog,/external-cache/fse_typographic_20260926/external/Defense-Prefix/rta100.zip,rta100/label=dish_text=dog.jpg,0.22878864407539368,0.23285335302352905,-0.004064708948135376,False,False
label=dish_text=frisbee.jpg,label=dish_text=frisbee.jpg,RTA100,dish,frisbee,/external-cache/fse_typographic_20260926/external/Defense-Prefix/rta100.zip,rta100/label=dish_text=frisbee.jpg,0.17560036480426788,0.17335966229438782,0.002240702509880066,True,False
label=dish_text=iPhone.jpg,label=dish_text=iPhone.jpg,RTA100,dish,iPhone,/external-cache/fse_typographic_20260926/external/Defense-Prefix/rta100.zip,rta100/label=dish_text=iPhone.jpg,0.17522644996643066,0.2150966376066208,-0.039870187640190125,False,False
label=dish_text=map.jpg,label=dish_text=map.jpg,RTA100,dish,map,/external-cache/fse_typographic_20260926/external/Defense-Prefix/rta100.zip,rta100/label=dish_text=map.jpg,0.18875053524971008,0.2601737380027771,-0.07142320275306702,False,False
label=dish_text=pen case.jpg,label=dish_text=pen case.jpg,RTA100,dish,pen case,/external-cache/fse_typographic_20260926/external/Defense-Prefix/rta100.zip,rta100/label=dish_text=pen case.jpg,0.20077432692050934,0.20130041241645813,-0.0005260854959487915,False,False
label=dish_text=racquet.jpg,label=dish_text=racquet.jpg,RTA100,dish,racquet,/external-cache/fse_typographic_20260926/external/Defense-Prefix/rta100.zip,rta100/label=dish_text=racquet.jpg,0.2555805444717407,0.24723899364471436,0.008341550827026367,True,False
label=dish_text=umbrella.jpg,label=dish_text=umbrella.jpg,RTA100,dish,umbrella,/external-cache/fse_typographic_20260926/external/Defense-Prefix/rta100.zip,rta100/label=dish_text=umbrella.jpg,0.10416268557310104,0.11395635455846786,-0.009793668985366821,False,False
label=dish_text=watch.jpg,label=dish_text=watch.jpg,RTA100,dish,watch,/external-cache/fse_typographic_20260926/external/Defense-Prefix/rta100.zip,rta100/label=dish_text=watch.jpg,0.21032440662384033,0.21402855217456818,-0.0037041455507278442,False,False
label=dog_text=book.jpg,label=dog_text=book.jpg,RTA100,dog,book,/external-cache/fse_typographic_20260926/external/Defense-Prefix/rta100.zip,rta100/label=dog_text=book.jpg,0.27109095454216003,0.17578476667404175,0.09530618786811829,True,True
label=dog_text=hat.jpg,label=dog_text=hat.jpg,RTA100,dog,hat,/external-cache/fse_typographic_20260926/external/Defense-Prefix/rta100.zip,rta100/label=dog_text=hat.jpg,0.17268595099449158,0.16800090670585632,0.004685044288635254,True,False
label=dog_text=iPhone.jpg,label=dog_text=iPhone.jpg,RTA100,dog,iPhone,/external-cache/fse_typographic_20260926/external/Defense-Prefix/rta100.zip,rta100/label=dog_text=iPhone.jpg,0.22157703340053558,0.2120806872844696,0.009496346116065979,True,True
label=dog_text=iron.jpg,label=dog_text=iron.jpg,RTA100,dog,iron,/external-cache/fse_typographic_20260926/external/Defense-Prefix/rta100.zip,rta100/label=dog_text=iron.jpg,0.2467399686574936,0.16558590531349182,0.08115406334400177,True,True
label=dog_text=key.jpg,label=dog_text=key.jpg,RTA100,dog,key,/external-cache/fse_typographic_20260926/external/Defense-Prefix/rta100.zip,rta100/label=dog_text=key.jpg,0.24070128798484802,0.24197086691856384,-0.0012695789337158203,False,False
label=dog_text=onion.jpg,label=dog_text=onion.jpg,RTA100,dog,onion,/external-cache/fse_typographic_20260926/external/Defense-Prefix/rta100.zip,rta100/label=dog_text=onion.jpg,0.22020620107650757,0.0990431159734726,0.12116308510303497,True,True
label=dog_text=racquet.jpg,label=dog_text=racquet.jpg,RTA100,dog,racquet,/external-cache/fse_typographic_20260926/external/Defense-Prefix/rta100.zip,rta100/label=dog_text=racquet.jpg,0.27451300621032715,0.16749095916748047,0.10702204704284668,True,True
label=dog_text=sofa.jpg,label=dog_text=sofa.jpg,RTA100,dog,sofa,/external-cache/fse_typographic_20260926/external/Defense-Prefix/rta100.zip,rta100/label=dog_text=sofa.jpg,0.2036058008670807,0.19138410687446594,0.012221693992614746,True,True
label=dog_text=watch.jpg,label=dog_text=watch.jpg,RTA100,dog,watch,/external-cache/fse_typographic_20260926/external/Defense-Prefix/rta100.zip,rta100/label=dog_text=watch.jpg,0.22480645775794983,0.17841044068336487,0.04639601707458496,True,True
label=dog_text=whiteboard.jpg,label=dog_text=whiteboard.jpg,RTA100,dog,whiteboard,/external-cache/fse_typographic_20260926/external/Defense-Prefix/rta100.zip,rta100/label=dog_text=whiteboard.jpg,0.24448584020137787,0.18112361431121826,0.0633622258901596,True,True
label=doll_text=cone.jpg,label=doll_text=cone.jpg,RTA100,doll,cone,/external-cache/fse_typographic_20260926/external/Defense-Prefix/rta100.zip,rta100/label=doll_text=cone.jpg,0.21014833450317383,0.224069744348526,-0.013921409845352173,False,False
label=doll_text=controller.jpg,label=doll_text=controller.jpg,RTA100,doll,controller,/external-cache/fse_typographic_20260926/external/Defense-Prefix/rta100.zip,rta100/label=doll_text=controller.jpg,0.1816258728504181,0.2023569643497467,-0.020731091499328613,False,False
label=doll_text=flower.jpg,label=doll_text=flower.jpg,RTA100,doll,flower,/external-cache/fse_typographic_20260926/external/Defense-Prefix/rta100.zip,rta100/label=doll_text=flower.jpg,0.244536355137825,0.1977527141571045,0.04678364098072052,True,True
label=doll_text=guitar.jpg,label=doll_text=guitar.jpg,RTA100,doll,guitar,/external-cache/fse_typographic_20260926/external/Defense-Prefix/rta100.zip,rta100/label=doll_text=guitar.jpg,0.18836435675621033,0.13721583783626556,0.05114851891994476,True,False
label=doll_text=iPad.jpg,label=doll_text=iPad.jpg,RTA100,doll,iPad,/external-cache/fse_typographic_20260926/external/Defense-Prefix/rta100.zip,rta100/label=doll_text=iPad.jpg,0.19959835708141327,0.22369378805160522,-0.024095430970191956,False,False
label=doll_text=lemon.jpg,label=doll_text=lemon.jpg,RTA100,doll,lemon,/external-cache/fse_typographic_20260926/external/Defense-Prefix/rta100.zip,rta100/label=doll_text=lemon.jpg,0.18923752009868622,0.17311644554138184,0.016121074557304382,True,True
label=doll_text=shoes.jpg,label=doll_text=shoes.jpg,RTA100,doll,shoes,/external-cache/fse_typographic_20260926/external/Defense-Prefix/rta100.zip,rta100/label=doll_text=shoes.jpg,0.2318459153175354,0.24016332626342773,-0.008317410945892334,False,False
label=doll_text=speaker.jpg,label=doll_text=speaker.jpg,RTA100,doll,speaker,/external-cache/fse_typographic_20260926/external/Defense-Prefix/rta100.zip,rta100/label=doll_text=speaker.jpg,0.19617155194282532,0.1571826934814453,0.038988858461380005,True,True
label=doll_text=towel.jpg,label=doll_text=towel.jpg,RTA100,doll,towel,/external-cache/fse_typographic_20260926/external/Defense-Prefix/rta100.zip,rta100/label=doll_text=towel.jpg,0.2244103103876114,0.1937589943408966,0.030651316046714783,True,True
label=doll_text=watch.jpg,label=doll_text=watch.jpg,RTA100,doll,watch,/external-cache/fse_typographic_20260926/external/Defense-Prefix/rta100.zip,rta100/label=doll_text=watch.jpg,0.20791061222553253,0.17860248684883118,0.029308125376701355,True,True
label=drill_text=earphones.jpg,label=drill_text=earphones.jpg,RTA100,drill,earphones,/external-cache/fse_typographic_20260926/external/Defense-Prefix/rta100.zip,rta100/label=drill_text=earphones.jpg,0.14498722553253174,0.2355341911315918,-0.09054696559906006,False,False
label=drill_text=melon.jpg,label=drill_text=melon.jpg,RTA100,drill,melon,/external-cache/fse_typographic_20260926/external/Defense-Prefix/rta100.zip,rta100/label=drill_text=melon.jpg,0.1803145706653595,0.11126098781824112,0.06905358284711838,True,False
label=drill_text=mouse.jpg,label=drill_text=mouse.jpg,RTA100,drill,mouse,/external-cache/fse_typographic_20260926/external/Defense-Prefix/rta100.zip,rta100/label=drill_text=mouse.jpg,0.21368107199668884,0.23457279801368713,-0.02089172601699829,False,False
label=drill_text=onion.jpg,label=drill_text=onion.jpg,RTA100,drill,onion,/external-cache/fse_typographic_20260926/external/Defense-Prefix/rta100.zip,rta100/label=drill_text=onion.jpg,0.16615118086338043,0.10299456864595413,0.0631566122174263,True,False
label=drill_text=oven.jpg,label=drill_text=oven.jpg,RTA100,drill,oven,/external-cache/fse_typographic_20260926/external/Defense-Prefix/rta100.zip,rta100/label=drill_text=oven.jpg,0.2146056592464447,0.17218488454818726,0.042420774698257446,True,False
label=drill_text=pen.jpg,label=drill_text=pen.jpg,RTA100,drill,pen,/external-cache/fse_typographic_20260926/external/Defense-Prefix/rta100.zip,rta100/label=drill_text=pen.jpg,0.16626811027526855,0.17420440912246704,-0.007936298847198486,False,False
label=drill_text=pillow.jpg,label=drill_text=pillow.jpg,RTA100,drill,pillow,/external-cache/fse_typographic_20260926/external/Defense-Prefix/rta100.zip,rta100/label=drill_text=pillow.jpg,0.1869068741798401,0.1924133598804474,-0.0055064857006073,False,False
label=drill_text=tie.jpg,label=drill_text=tie.jpg,RTA100,drill,tie,/external-cache/fse_typographic_20260926/external/Defense-Prefix/rta100.zip,rta100/label=drill_text=tie.jpg,0.24048981070518494,0.14162887632846832,0.09886093437671661,True,True
label=drill_text=umbrella.jpg,label=drill_text=umbrella.jpg,RTA100,drill,umbrella,/external-cache/fse_typographic_20260926/external/Defense-Prefix/rta100.zip,rta100/label=drill_text=umbrella.jpg,0.1520332545042038,0.1350058913230896,0.017027363181114197,True,False
label=drill_text=wallet.jpg,label=drill_text=wallet.jpg,RTA100,drill,wallet,/external-cache/fse_typographic_20260926/external/Defense-Prefix/rta100.zip,rta100/label=drill_text=wallet.jpg,0.1851760447025299,0.2357110232114792,-0.05053497850894928,False,False
label=earphones_text=DVD.jpg,label=earphones_text=DVD.jpg,RTA100,earphones,DVD,/external-cache/fse_typographic_20260926/external/Defense-Prefix/rta100.zip,rta100/label=earphones_text=DVD.jpg,0.2765071392059326,0.2573072910308838,0.019199848175048828,True,True
label=earphones_text=adapter.jpg,label=earphones_text=adapter.jpg,RTA100,earphones,adapter,/external-cache/fse_typographic_20260926/external/Defense-Prefix/rta100.zip,rta100/label=earphones_text=adapter.jpg,0.23707430064678192,0.21986062824726105,0.017213672399520874,True,False
label=earphones_text=bag.jpg,label=earphones_text=bag.jpg,RTA100,earphones,bag,/external-cache/fse_typographic_20260926/external/Defense-Prefix/rta100.zip,rta100/label=earphones_text=bag.jpg,0.22871777415275574,0.22534684836864471,0.003370925784111023,True,True
label=earphones_text=cone.jpg,label=earphones_text=cone.jpg,RTA100,earphones,cone,/external-cache/fse_typographic_20260926/external/Defense-Prefix/rta100.zip,rta100/label=earphones_text=cone.jpg,0.298237681388855,0.16964733600616455,0.12859034538269043,True,True
label=earphones_text=hand.jpg,label=earphones_text=hand.jpg,RTA100,earphones,hand,/external-cache/fse_typographic_20260926/external/Defense-Prefix/rta100.zip,rta100/label=earphones_text=hand.jpg,0.2603198289871216,0.20439675450325012,0.05592307448387146,True,True
label=earphones_text=hat.jpg,label=earphones_text=hat.jpg,RTA100,earphones,hat,/external-cache/fse_typographic_20260926/external/Defense-Prefix/rta100.zip,rta100/label=earphones_text=hat.jpg,0.27956584095954895,0.1975478231906891,0.08201801776885986,True,True
label=earphones_text=map.jpg,label=earphones_text=map.jpg,RTA100,earphones,map,/external-cache/fse_typographic_20260926/external/Defense-Prefix/rta100.zip,rta100/label=earphones_text=map.jpg,0.21737214922904968,0.1898251324892044,0.027547016739845276,True,True
label=earphones_text=mic.jpg,label=earphones_text=mic.jpg,RTA100,earphones,mic,/external-cache/fse_typographic_20260926/external/Defense-Prefix/rta100.zip,rta100/label=earphones_text=mic.jpg,0.22021883726119995,0.19126710295677185,0.0289517343044281,True,False
label=earphones_text=milk.jpg,label=earphones_text=milk.jpg,RTA100,earphones,milk,/external-cache/fse_typographic_20260926/external/Defense-Prefix/rta100.zip,rta100/label=earphones_text=milk.jpg,0.22331511974334717,0.16946732997894287,0.0538477897644043,True,False
label=earphones_text=toaster.jpg,label=earphones_text=toaster.jpg,RTA100,earphones,toaster,/external-cache/fse_typographic_20260926/external/Defense-Prefix/rta100.zip,rta100/label=earphones_text=toaster.jpg,0.1413860023021698,0.21858230233192444,-0.07719630002975464,False,False
label=egg_text=apple.jpg,label=egg_text=apple.jpg,RTA100,egg,apple,/external-cache/fse_typographic_20260926/external/Defense-Prefix/rta100.zip,rta100/label=egg_text=apple.jpg,0.26703310012817383,0.22236868739128113,0.0446644127368927,True,True
label=egg_text=chopsticks.jpg,label=egg_text=chopsticks.jpg,RTA100,egg,chopsticks,/external-cache/fse_typographic_20260926/external/Defense-Prefix/rta100.zip,rta100/label=egg_text=chopsticks.jpg,0.25399643182754517,0.20349116623401642,0.05050526559352875,True,True
label=egg_text=drill.jpg,label=egg_text=drill.jpg,RTA100,egg,drill,/external-cache/fse_typographic_20260926/external/Defense-Prefix/rta100.zip,rta100/label=egg_text=drill.jpg,0.24272222816944122,0.16480079293251038,0.07792143523693085,True,True
label=egg_text=eraser.jpg,label=egg_text=eraser.jpg,RTA100,egg,eraser,/external-cache/fse_typographic_20260926/external/Defense-Prefix/rta100.zip,rta100/label=egg_text=eraser.jpg,0.24150343239307404,0.16628220677375793,0.0752212256193161,True,True
label=egg_text=floor.jpg,label=egg_text=floor.jpg,RTA100,egg,floor,/external-cache/fse_typographic_20260926/external/Defense-Prefix/rta100.zip,rta100/label=egg_text=floor.jpg,0.26679176092147827,0.2030811458826065,0.06371061503887177,True,True
label=egg_text=hair dryer.jpg,label=egg_text=hair dryer.jpg,RTA100,egg,hair dryer,/external-cache/fse_typographic_20260926/external/Defense-Prefix/rta100.zip,rta100/label=egg_text=hair dryer.jpg,0.23874230682849884,0.11658407747745514,0.1221582293510437,True,True
label=egg_text=mirror.jpg,label=egg_text=mirror.jpg,RTA100,egg,mirror,/external-cache/fse_typographic_20260926/external/Defense-Prefix/rta100.zip,rta100/label=egg_text=mirror.jpg,0.23482167720794678,0.18591848015785217,0.048903197050094604,True,True
label=egg_text=paper.jpg,label=egg_text=paper.jpg,RTA100,egg,paper,/external-cache/fse_typographic_20260926/external/Defense-Prefix/rta100.zip,rta100/label=egg_text=paper.jpg,0.2427661120891571,0.20198696851730347,0.04077914357185364,True,True
label=egg_text=pen.jpg,label=egg_text=pen.jpg,RTA100,egg,pen,/external-cache/fse_typographic_20260926/external/Defense-Prefix/rta100.zip,rta100/label=egg_text=pen.jpg,0.2525915503501892,0.20717665553092957,0.045414894819259644,True,True
label=egg_text=tie.jpg,label=egg_text=tie.jpg,RTA100,egg,tie,/external-cache/fse_typographic_20260926/external/Defense-Prefix/rta100.zip,rta100/label=egg_text=tie.jpg,0.26113584637641907,0.1206880435347557,0.14044779539108276,True,True
label=eraser_text=can.jpg,label=eraser_text=can.jpg,RTA100,eraser,can,/external-cache/fse_typographic_20260926/external/Defense-Prefix/rta100.zip,rta100/label=eraser_text=can.jpg,0.24686434864997864,0.2582041621208191,-0.011339813470840454,False,False
label=eraser_text=glasses.jpg,label=eraser_text=glasses.jpg,RTA100,eraser,glasses,/external-cache/fse_typographic_20260926/external/Defense-Prefix/rta100.zip,rta100/label=eraser_text=glasses.jpg,0.30998045206069946,0.28812870383262634,0.02185174822807312,True,True
label=eraser_text=map.jpg,label=eraser_text=map.jpg,RTA100,eraser,map,/external-cache/fse_typographic_20260926/external/Defense-Prefix/rta100.zip,rta100/label=eraser_text=map.jpg,0.31091171503067017,0.2502177357673645,0.060693979263305664,True,True
label=eraser_text=mic.jpg,label=eraser_text=mic.jpg,RTA100,eraser,mic,/external-cache/fse_typographic_20260926/external/Defense-Prefix/rta100.zip,rta100/label=eraser_text=mic.jpg,0.2497064620256424,0.19213703274726868,0.05756942927837372,True,True
label=eraser_text=peach.jpg,label=eraser_text=peach.jpg,RTA100,eraser,peach,/external-cache/fse_typographic_20260926/external/Defense-Prefix/rta100.zip,rta100/label=eraser_text=peach.jpg,0.23654207587242126,0.20527520775794983,0.031266868114471436,True,True
label=eraser_text=sofa.jpg,label=eraser_text=sofa.jpg,RTA100,eraser,sofa,/external-cache/fse_typographic_20260926/external/Defense-Prefix/rta100.zip,rta100/label=eraser_text=sofa.jpg,0.1983577311038971,0.17868122458457947,0.019676506519317627,True,False
label=eraser_text=t-shirt.jpg,label=eraser_text=t-shirt.jpg,RTA100,eraser,t-shirt,/external-cache/fse_typographic_20260926/external/Defense-Prefix/rta100.zip,rta100/label=eraser_text=t-shirt.jpg,0.14324980974197388,0.21072152256965637,-0.0674717128276825,False,False
label=eraser_text=tissue.jpg,label=eraser_text=tissue.jpg,RTA100,eraser,tissue,/external-cache/fse_typographic_20260926/external/Defense-Prefix/rta100.zip,rta100/label=eraser_text=tissue.jpg,0.2681604027748108,0.24894949793815613,0.019210904836654663,True,True
label=eraser_text=toaster.jpg,label=eraser_text=toaster.jpg,RTA100,eraser,toaster,/external-cache/fse_typographic_20260926/external/Defense-Prefix/rta100.zip,rta100/label=eraser_text=toaster.jpg,0.22456294298171997,0.21307002007961273,0.011492922902107239,True,True
label=eraser_text=tray.jpg,label=eraser_text=tray.jpg,RTA100,eraser,tray,/external-cache/fse_typographic_20260926/external/Defense-Prefix/rta100.zip,rta100/label=eraser_text=tray.jpg,0.2775266468524933,0.19750124216079712,0.08002540469169617,True,True
label=floor_text=camera.jpg,label=floor_text=camera.jpg,RTA100,floor,camera,/external-cache/fse_typographic_20260926/external/Defense-Prefix/rta100.zip,rta100/label=floor_text=camera.jpg,0.24082304537296295,0.26569634675979614,-0.02487330138683319,False,False
label=floor_text=can.jpg,label=floor_text=can.jpg,RTA100,floor,can,/external-cache/fse_typographic_20260926/external/Defense-Prefix/rta100.zip,rta100/label=floor_text=can.jpg,0.2489364743232727,0.2205885648727417,0.028347909450531006,True,False
label=floor_text=controller.jpg,label=floor_text=controller.jpg,RTA100,floor,controller,/external-cache/fse_typographic_20260926/external/Defense-Prefix/rta100.zip,rta100/label=floor_text=controller.jpg,0.2433588206768036,0.17872074246406555,0.06463807821273804,True,True
label=floor_text=guitar.jpg,label=floor_text=guitar.jpg,RTA100,floor,guitar,/external-cache/fse_typographic_20260926/external/Defense-Prefix/rta100.zip,rta100/label=floor_text=guitar.jpg,0.23397698998451233,0.2476264387369156,-0.01364944875240326,False,False
label=floor_text=hat.jpg,label=floor_text=hat.jpg,RTA100,floor,hat,/external-cache/fse_typographic_20260926/external/Defense-Prefix/rta100.zip,rta100/label=floor_text=hat.jpg,0.25449979305267334,0.1908642053604126,0.06363558769226074,True,False
label=floor_text=key.jpg,label=floor_text=key.jpg,RTA100,floor,key,/external-cache/fse_typographic_20260926/external/Defense-Prefix/rta100.zip,rta100/label=floor_text=key.jpg,0.16858449578285217,0.25404980778694153,-0.08546531200408936,False,False
label=floor_text=pen case.jpg,label=floor_text=pen case.jpg,RTA100,floor,pen case,/external-cache/fse_typographic_20260926/external/Defense-Prefix/rta100.zip,rta100/label=floor_text=pen case.jpg,0.19615766406059265,0.1569913625717163,0.03916630148887634,True,False
label=floor_text=ruler.jpg,label=floor_text=ruler.jpg,RTA100,floor,ruler,/external-cache/fse_typographic_20260926/external/Defense-Prefix/rta100.zip,rta100/label=floor_text=ruler.jpg,0.1991427093744278,0.19731228053569794,0.0018304288387298584,True,False
label=floor_text=speaker.jpg,label=floor_text=speaker.jpg,RTA100,floor,speaker,/external-cache/fse_typographic_20260926/external/Defense-Prefix/rta100.zip,rta100/label=floor_text=speaker.jpg,0.2443087249994278,0.26411259174346924,-0.019803866744041443,False,False
label=floor_text=umbrella.jpg,label=floor_text=umbrella.jpg,RTA100,floor,umbrella,/external-cache/fse_typographic_20260926/external/Defense-Prefix/rta100.zip,rta100/label=floor_text=umbrella.jpg,0.16955211758613586,0.15686726570129395,0.012684851884841919,True,True
label=flower_text=DVD.jpg,label=flower_text=DVD.jpg,RTA100,flower,DVD,/external-cache/fse_typographic_20260926/external/Defense-Prefix/rta100.zip,rta100/label=flower_text=DVD.jpg,0.20680809020996094,0.2471671998500824,-0.04035910964012146,False,False
label=flower_text=card.jpg,label=flower_text=card.jpg,RTA100,flower,card,/external-cache/fse_typographic_20260926/external/Defense-Prefix/rta100.zip,rta100/label=flower_text=card.jpg,0.21425992250442505,0.2776721119880676,-0.06341218948364258,False,False
label=flower_text=egg.jpg,label=flower_text=egg.jpg,RTA100,flower,egg,/external-cache/fse_typographic_20260926/external/Defense-Prefix/rta100.zip,rta100/label=flower_text=egg.jpg,0.1498110294342041,0.20348738133907318,-0.05367635190486908,False,False
label=flower_text=jacket.jpg,label=flower_text=jacket.jpg,RTA100,flower,jacket,/external-cache/fse_typographic_20260926/external/Defense-Prefix/rta100.zip,rta100/label=flower_text=jacket.jpg,0.2662813067436218,0.21990910172462463,0.04637220501899719,True,True
label=flower_text=key.jpg,label=flower_text=key.jpg,RTA100,flower,key,/external-cache/fse_typographic_20260926/external/Defense-Prefix/rta100.zip,rta100/label=flower_text=key.jpg,0.2406541407108307,0.2590261995792389,-0.018372058868408203,False,False
label=flower_text=pants.jpg,label=flower_text=pants.jpg,RTA100,flower,pants,/external-cache/fse_typographic_20260926/external/Defense-Prefix/rta100.zip,rta100/label=flower_text=pants.jpg,0.19990675151348114,0.22785048186779022,-0.027943730354309082,False,False
label=flower_text=ruler.jpg,label=flower_text=ruler.jpg,RTA100,flower,ruler,/external-cache/fse_typographic_20260926/external/Defense-Prefix/rta100.zip,rta100/label=flower_text=ruler.jpg,0.19421368837356567,0.1639992892742157,0.030214399099349976,True,False
label=flower_text=slipper.jpg,label=flower_text=slipper.jpg,RTA100,flower,slipper,/external-cache/fse_typographic_20260926/external/Defense-Prefix/rta100.zip,rta100/label=flower_text=slipper.jpg,0.195859894156456,0.1988440603017807,-0.002984166145324707,False,False
label=flower_text=thermometer.jpg,label=flower_text=thermometer.jpg,RTA100,flower,thermometer,/external-cache/fse_typographic_20260926/external/Defense-Prefix/rta100.zip,rta100/label=flower_text=thermometer.jpg,0.14002129435539246,0.20665878057479858,-0.06663748621940613,False,False
label=flower_text=umbrella.jpg,label=flower_text=umbrella.jpg,RTA100,flower,umbrella,/external-cache/fse_typographic_20260926/external/Defense-Prefix/rta100.zip,rta100/label=flower_text=umbrella.jpg,0.12970256805419922,0.13327327370643616,-0.0035707056522369385,False,False
label=fork_text=basket.jpg,label=fork_text=basket.jpg,RTA100,fork,basket,/external-cache/fse_typographic_20260926/external/Defense-Prefix/rta100.zip,rta100/label=fork_text=basket.jpg,0.2512265145778656,0.25124600529670715,-1.9490718841552734e-05,False,False
label=fork_text=bookshelf.jpg,label=fork_text=bookshelf.jpg,RTA100,fork,bookshelf,/external-cache/fse_typographic_20260926/external/Defense-Prefix/rta100.zip,rta100/label=fork_text=bookshelf.jpg,0.2598714232444763,0.20569784939289093,0.05417357385158539,True,True
label=fork_text=cookie.jpg,label=fork_text=cookie.jpg,RTA100,fork,cookie,/external-cache/fse_typographic_20260926/external/Defense-Prefix/rta100.zip,rta100/label=fork_text=cookie.jpg,0.2906680107116699,0.2247636914253235,0.06590431928634644,True,True
label=fork_text=eraser.jpg,label=fork_text=eraser.jpg,RTA100,fork,eraser,/external-cache/fse_typographic_20260926/external/Defense-Prefix/rta100.zip,rta100/label=fork_text=eraser.jpg,0.25036558508872986,0.20626325905323029,0.04410232603549957,True,True
label=fork_text=glasses.jpg,label=fork_text=glasses.jpg,RTA100,fork,glasses,/external-cache/fse_typographic_20260926/external/Defense-Prefix/rta100.zip,rta100/label=fork_text=glasses.jpg,0.29323047399520874,0.2683829665184021,0.02484750747680664,True,True
label=fork_text=jacket.jpg,label=fork_text=jacket.jpg,RTA100,fork,jacket,/external-cache/fse_typographic_20260926/external/Defense-Prefix/rta100.zip,rta100/label=fork_text=jacket.jpg,0.2938563823699951,0.2179148942232132,0.07594148814678192,True,True
label=fork_text=key.jpg,label=fork_text=key.jpg,RTA100,fork,key,/external-cache/fse_typographic_20260926/external/Defense-Prefix/rta100.zip,rta100/label=fork_text=key.jpg,0.2810400426387787,0.24125145375728607,0.039788588881492615,True,True
label=fork_text=tissue.jpg,label=fork_text=tissue.jpg,RTA100,fork,tissue,/external-cache/fse_typographic_20260926/external/Defense-Prefix/rta100.zip,rta100/label=fork_text=tissue.jpg,0.27269548177719116,0.20460425317287445,0.06809122860431671,True,True
label=fork_text=toaster.jpg,label=fork_text=toaster.jpg,RTA100,fork,toaster,/external-cache/fse_typographic_20260926/external/Defense-Prefix/rta100.zip,rta100/label=fork_text=toaster.jpg,0.2751118540763855,0.21360881626605988,0.06150303781032562,True,True
label=fork_text=umbrella.jpg,label=fork_text=umbrella.jpg,RTA100,fork,umbrella,/external-cache/fse_typographic_20260926/external/Defense-Prefix/rta100.zip,rta100/label=fork_text=umbrella.jpg,0.22565430402755737,0.14634722471237183,0.07930707931518555,True,True
label=fridge_text=airconditioner.jpg,label=fridge_text=airconditioner.jpg,RTA100,fridge,airconditioner,/external-cache/fse_typographic_20260926/external/Defense-Prefix/rta100.zip,rta100/label=fridge_text=airconditioner.jpg,0.32615166902542114,0.24206310510635376,0.08408856391906738,True,True
label=fridge_text=bowl.jpg,label=fridge_text=bowl.jpg,RTA100,fridge,bowl,/external-cache/fse_typographic_20260926/external/Defense-Prefix/rta100.zip,rta100/label=fridge_text=bowl.jpg,0.1883104145526886,0.17521145939826965,0.013098955154418945,True,False
label=fridge_text=eraser.jpg,label=fridge_text=eraser.jpg,RTA100,fridge,eraser,/external-cache/fse_typographic_20260926/external/Defense-Prefix/rta100.zip,rta100/label=fridge_text=eraser.jpg,0.28450214862823486,0.27057963609695435,0.013922512531280518,True,False
label=fridge_text=hair dryer.jpg,label=fridge_text=hair dryer.jpg,RTA100,fridge,hair dryer,/external-cache/fse_typographic_20260926/external/Defense-Prefix/rta100.zip,rta100/label=fridge_text=hair dryer.jpg,0.29746732115745544,0.16994395852088928,0.12752336263656616,True,True
label=fridge_text=headphone.jpg,label=fridge_text=headphone.jpg,RTA100,fridge,headphone,/external-cache/fse_typographic_20260926/external/Defense-Prefix/rta100.zip,rta100/label=fridge_text=headphone.jpg,0.2307920753955841,0.17977479100227356,0.05101728439331055,True,False
label=fridge_text=iPhone.jpg,label=fridge_text=iPhone.jpg,RTA100,fridge,iPhone,/external-cache/fse_typographic_20260926/external/Defense-Prefix/rta100.zip,rta100/label=fridge_text=iPhone.jpg,0.27289047837257385,0.2229388952255249,0.04995158314704895,True,True
label=fridge_text=iron.jpg,label=fridge_text=iron.jpg,RTA100,fridge,iron,/external-cache/fse_typographic_20260926/external/Defense-Prefix/rta100.zip,rta100/label=fridge_text=iron.jpg,0.29176196455955505,0.16748203337192535,0.1242799311876297,True,True
label=fridge_text=melon.jpg,label=fridge_text=melon.jpg,RTA100,fridge,melon,/external-cache/fse_typographic_20260926/external/Defense-Prefix/rta100.zip,rta100/label=fridge_text=melon.jpg,0.2871214747428894,0.11983849853277206,0.16728296875953674,True,True
label=fridge_text=pillow.jpg,label=fridge_text=pillow.jpg,RTA100,fridge,pillow,/external-cache/fse_typographic_20260926/external/Defense-Prefix/rta100.zip,rta100/label=fridge_text=pillow.jpg,0.2761983871459961,0.16267472505569458,0.11352366209030151,True,True
label=fridge_text=umbrella.jpg,label=fridge_text=umbrella.jpg,RTA100,fridge,umbrella,/external-cache/fse_typographic_20260926/external/Defense-Prefix/rta100.zip,rta100/label=fridge_text=umbrella.jpg,0.19246825575828552,0.13194282352924347,0.06052543222904205,True,False
label=frisbee_text=apple.jpg,label=frisbee_text=apple.jpg,RTA100,frisbee,apple,/external-cache/fse_typographic_20260926/external/Defense-Prefix/rta100.zip,rta100/label=frisbee_text=apple.jpg,0.23581953346729279,0.24035823345184326,-0.004538699984550476,False,False
label=frisbee_text=bookshelf.jpg,label=frisbee_text=bookshelf.jpg,RTA100,frisbee,bookshelf,/external-cache/fse_typographic_20260926/external/Defense-Prefix/rta100.zip,rta100/label=frisbee_text=bookshelf.jpg,0.2874246835708618,0.20478403568267822,0.0826406478881836,True,True
label=frisbee_text=chopsticks.jpg,label=frisbee_text=chopsticks.jpg,RTA100,frisbee,chopsticks,/external-cache/fse_typographic_20260926/external/Defense-Prefix/rta100.zip,rta100/label=frisbee_text=chopsticks.jpg,0.28847360610961914,0.1884876936674118,0.09998591244220734,True,True
label=frisbee_text=controller.jpg,label=frisbee_text=controller.jpg,RTA100,frisbee,controller,/external-cache/fse_typographic_20260926/external/Defense-Prefix/rta100.zip,rta100/label=frisbee_text=controller.jpg,0.25178033113479614,0.19847485423088074,0.053305476903915405,True,True
label=frisbee_text=cup.jpg,label=frisbee_text=cup.jpg,RTA100,frisbee,cup,/external-cache/fse_typographic_20260926/external/Defense-Prefix/rta100.zip,rta100/label=frisbee_text=cup.jpg,0.2855091094970703,0.29454416036605835,-0.009035050868988037,False,False
label=frisbee_text=headphone.jpg,label=frisbee_text=headphone.jpg,RTA100,frisbee,headphone,/external-cache/fse_typographic_20260926/external/Defense-Prefix/rta100.zip,rta100/label=frisbee_text=headphone.jpg,0.30444711446762085,0.25535300374031067,0.04909411072731018,True,True
label=frisbee_text=key.jpg,label=frisbee_text=key.jpg,RTA100,frisbee,key,/external-cache/fse_typographic_20260926/external/Defense-Prefix/rta100.zip,rta100/label=frisbee_text=key.jpg,0.3026372194290161,0.20589052140712738,0.09674669802188873,True,True
label=frisbee_text=suitcase.jpg,label=frisbee_text=suitcase.jpg,RTA100,frisbee,suitcase,/external-cache/fse_typographic_20260926/external/Defense-Prefix/rta100.zip,rta100/label=frisbee_text=suitcase.jpg,0.36326247453689575,0.23932835459709167,0.12393411993980408,True,True
label=frisbee_text=toothbrush.jpg,label=frisbee_text=toothbrush.jpg,RTA100,frisbee,toothbrush,/external-cache/fse_typographic_20260926/external/Defense-Prefix/rta100.zip,rta100/label=frisbee_text=toothbrush.jpg,0.2594509720802307,0.24576470255851746,0.013686269521713257,True,True
label=frisbee_text=trash box.jpg,label=frisbee_text=trash box.jpg,RTA100,frisbee,trash box,/external-cache/fse_typographic_20260926/external/Defense-Prefix/rta100.zip,rta100/label=frisbee_text=trash box.jpg,0.24768558144569397,0.26121366024017334,-0.01352807879447937,False,False
label=glasses_text=bag.jpg,label=glasses_text=bag.jpg,RTA100,glasses,bag,/external-cache/fse_typographic_20260926/external/Defense-Prefix/rta100.zip,rta100/label=glasses_text=bag.jpg,0.2824138104915619,0.24651673436164856,0.03589707612991333,True,True
label=glasses_text=fridge.jpg,label=glasses_text=fridge.jpg,RTA100,glasses,fridge,/external-cache/fse_typographic_20260926/external/Defense-Prefix/rta100.zip,rta100/label=glasses_text=fridge.jpg,0.22814211249351501,0.16747508943080902,0.060667023062705994,True,True
label=glasses_text=guitar.jpg,label=glasses_text=guitar.jpg,RTA100,glasses,guitar,/external-cache/fse_typographic_20260926/external/Defense-Prefix/rta100.zip,rta100/label=glasses_text=guitar.jpg,0.2611643373966217,0.2171814739704132,0.043982863426208496,True,True
label=glasses_text=lemon.jpg,label=glasses_text=lemon.jpg,RTA100,glasses,lemon,/external-cache/fse_typographic_20260926/external/Defense-Prefix/rta100.zip,rta100/label=glasses_text=lemon.jpg,0.22703999280929565,0.1575636863708496,0.06947630643844604,True,True
label=glasses_text=light bulb.jpg,label=glasses_text=light bulb.jpg,RTA100,glasses,light bulb,/external-cache/fse_typographic_20260926/external/Defense-Prefix/rta100.zip,rta100/label=glasses_text=light bulb.jpg,0.21992315351963043,0.12986163794994354,0.09006151556968689,True,True
label=glasses_text=mango.jpg,label=glasses_text=mango.jpg,RTA100,glasses,mango,/external-cache/fse_typographic_20260926/external/Defense-Prefix/rta100.zip,rta100/label=glasses_text=mango.jpg,0.19555729627609253,0.19497880339622498,0.0005784928798675537,True,False
label=glasses_text=mousepad.jpg,label=glasses_text=mousepad.jpg,RTA100,glasses,mousepad,/external-cache/fse_typographic_20260926/external/Defense-Prefix/rta100.zip,rta100/label=glasses_text=mousepad.jpg,0.2764211595058441,0.27878671884536743,-0.0023655593395233154,False,False
label=glasses_text=notebook.jpg,label=glasses_text=notebook.jpg,RTA100,glasses,notebook,/external-cache/fse_typographic_20260926/external/Defense-Prefix/rta100.zip,rta100/label=glasses_text=notebook.jpg,0.22241978347301483,0.24497824907302856,-0.022558465600013733,False,False
label=glasses_text=slipper.jpg,label=glasses_text=slipper.jpg,RTA100,glasses,slipper,/external-cache/fse_typographic_20260926/external/Defense-Prefix/rta100.zip,rta100/label=glasses_text=slipper.jpg,0.26878681778907776,0.20603914558887482,0.06274767220020294,True,True
label=glasses_text=watch.jpg,label=glasses_text=watch.jpg,RTA100,glasses,watch,/external-cache/fse_typographic_20260926/external/Defense-Prefix/rta100.zip,rta100/label=glasses_text=watch.jpg,0.29043665528297424,0.23630473017692566,0.054131925106048584,True,True
label=glove_text=chair.jpg,label=glove_text=chair.jpg,RTA100,glove,chair,/external-cache/fse_typographic_20260926/external/Defense-Prefix/rta100.zip,rta100/label=glove_text=chair.jpg,0.24004460871219635,0.27976536750793457,-0.03972075879573822,False,False
label=glove_text=flower.jpg,label=glove_text=flower.jpg,RTA100,glove,flower,/external-cache/fse_typographic_20260926/external/Defense-Prefix/rta100.zip,rta100/label=glove_text=flower.jpg,0.25431352853775024,0.2194727510213852,0.03484077751636505,True,True
label=glove_text=fork.jpg,label=glove_text=fork.jpg,RTA100,glove,fork,/external-cache/fse_typographic_20260926/external/Defense-Prefix/rta100.zip,rta100/label=glove_text=fork.jpg,0.23069673776626587,0.13850246369838715,0.09219427406787872,True,True
label=glove_text=hand.jpg,label=glove_text=hand.jpg,RTA100,glove,hand,/external-cache/fse_typographic_20260926/external/Defense-Prefix/rta100.zip,rta100/label=glove_text=hand.jpg,0.29854702949523926,0.23381996154785156,0.0647270679473877,True,True
label=glove_text=laptop.jpg,label=glove_text=laptop.jpg,RTA100,glove,laptop,/external-cache/fse_typographic_20260926/external/Defense-Prefix/rta100.zip,rta100/label=glove_text=laptop.jpg,0.19199144840240479,0.08336079120635986,0.10863065719604492,True,True
label=glove_text=mask.jpg,label=glove_text=mask.jpg,RTA100,glove,mask,/external-cache/fse_typographic_20260926/external/Defense-Prefix/rta100.zip,rta100/label=glove_text=mask.jpg,0.20558080077171326,0.2001754492521286,0.005405351519584656,True,True
label=glove_text=paper.jpg,label=glove_text=paper.jpg,RTA100,glove,paper,/external-cache/fse_typographic_20260926/external/Defense-Prefix/rta100.zip,rta100/label=glove_text=paper.jpg,0.23977361619472504,0.11854088306427002,0.12123273313045502,True,True
label=glove_text=t-shirt.jpg,label=glove_text=t-shirt.jpg,RTA100,glove,t-shirt,/external-cache/fse_typographic_20260926/external/Defense-Prefix/rta100.zip,rta100/label=glove_text=t-shirt.jpg,0.24934136867523193,0.16750292479991913,0.0818384438753128,True,True
label=glove_text=tissue.jpg,label=glove_text=tissue.jpg,RTA100,glove,tissue,/external-cache/fse_typographic_20260926/external/Defense-Prefix/rta100.zip,rta100/label=glove_text=tissue.jpg,0.23891383409500122,0.1418956220149994,0.09701821208000183,True,True
label=glove_text=tray.jpg,label=glove_text=tray.jpg,RTA100,glove,tray,/external-cache/fse_typographic_20260926/external/Defense-Prefix/rta100.zip,rta100/label=glove_text=tray.jpg,0.24171893298625946,0.15418779850006104,0.08753113448619843,True,True
label=guitar_text=bookshelf.jpg,label=guitar_text=bookshelf.jpg,RTA100,guitar,bookshelf,/external-cache/fse_typographic_20260926/external/Defense-Prefix/rta100.zip,rta100/label=guitar_text=bookshelf.jpg,0.23277544975280762,0.23789186775684357,-0.00511641800403595,False,False
label=guitar_text=chopsticks.jpg,label=guitar_text=chopsticks.jpg,RTA100,guitar,chopsticks,/external-cache/fse_typographic_20260926/external/Defense-Prefix/rta100.zip,rta100/label=guitar_text=chopsticks.jpg,0.26812073588371277,0.07381714135408401,0.19430360198020935,True,True
label=guitar_text=doll.jpg,label=guitar_text=doll.jpg,RTA100,guitar,doll,/external-cache/fse_typographic_20260926/external/Defense-Prefix/rta100.zip,rta100/label=guitar_text=doll.jpg,0.27491772174835205,0.16466715931892395,0.1102505624294281,True,True
label=guitar_text=frisbee.jpg,label=guitar_text=frisbee.jpg,RTA100,guitar,frisbee,/external-cache/fse_typographic_20260926/external/Defense-Prefix/rta100.zip,rta100/label=guitar_text=frisbee.jpg,0.24065075814723969,0.07203248143196106,0.16861827671527863,True,True
label=guitar_text=marker.jpg,label=guitar_text=marker.jpg,RTA100,guitar,marker,/external-cache/fse_typographic_20260926/external/Defense-Prefix/rta100.zip,rta100/label=guitar_text=marker.jpg,0.2806415855884552,0.18874219059944153,0.09189939498901367,True,True
label=guitar_text=microwave.jpg,label=guitar_text=microwave.jpg,RTA100,guitar,microwave,/external-cache/fse_typographic_20260926/external/Defense-Prefix/rta100.zip,rta100/label=guitar_text=microwave.jpg,0.2477482557296753,0.17381732165813446,0.07393093407154083,True,True
label=guitar_text=onion.jpg,label=guitar_text=onion.jpg,RTA100,guitar,onion,/external-cache/fse_typographic_20260926/external/Defense-Prefix/rta100.zip,rta100/label=guitar_text=onion.jpg,0.2639635503292084,0.12619303166866302,0.13777051866054535,True,True
label=guitar_text=plate.jpg,label=guitar_text=plate.jpg,RTA100,guitar,plate,/external-cache/fse_typographic_20260926/external/Defense-Prefix/rta100.zip,rta100/label=guitar_text=plate.jpg,0.27252331376075745,0.1530722826719284,0.11945103108882904,True,True
label=guitar_text=toaster.jpg,label=guitar_text=toaster.jpg,RTA100,guitar,toaster,/external-cache/fse_typographic_20260926/external/Defense-Prefix/rta100.zip,rta100/label=guitar_text=toaster.jpg,0.23590150475502014,0.17372927069664001,0.06217223405838013,True,True
label=guitar_text=wallet.jpg,label=guitar_text=wallet.jpg,RTA100,guitar,wallet,/external-cache/fse_typographic_20260926/external/Defense-Prefix/rta100.zip,rta100/label=guitar_text=wallet.jpg,0.26842212677001953,0.11835784465074539,0.15006428956985474,True,True
label=hair dryer_text=bowl.jpg,label=hair dryer_text=bowl.jpg,RTA100,hair dryer,bowl,/external-cache/fse_typographic_20260926/external/Defense-Prefix/rta100.zip,rta100/label=hair dryer_text=bowl.jpg,0.26789772510528564,0.1483541876077652,0.11954353749752045,True,True
label=hair dryer_text=flower.jpg,label=hair dryer_text=flower.jpg,RTA100,hair dryer,flower,/external-cache/fse_typographic_20260926/external/Defense-Prefix/rta100.zip,rta100/label=hair dryer_text=flower.jpg,0.3184162974357605,0.18525639176368713,0.13315990567207336,True,True
label=hair dryer_text=iPhone.jpg,label=hair dryer_text=iPhone.jpg,RTA100,hair dryer,iPhone,/external-cache/fse_typographic_20260926/external/Defense-Prefix/rta100.zip,rta100/label=hair dryer_text=iPhone.jpg,0.20834773778915405,0.2162884771823883,-0.007940739393234253,False,False
label=hair dryer_text=jacket.jpg,label=hair dryer_text=jacket.jpg,RTA100,hair dryer,jacket,/external-cache/fse_typographic_20260926/external/Defense-Prefix/rta100.zip,rta100/label=hair dryer_text=jacket.jpg,0.31240254640579224,0.24451944231987,0.06788310408592224,True,True
label=hair dryer_text=milk.jpg,label=hair dryer_text=milk.jpg,RTA100,hair dryer,milk,/external-cache/fse_typographic_20260926/external/Defense-Prefix/rta100.zip,rta100/label=hair dryer_text=milk.jpg,0.24535536766052246,0.17565517127513885,0.0697001963853836,True,True
label=hair dryer_text=mousepad.jpg,label=hair dryer_text=mousepad.jpg,RTA100,hair dryer,mousepad,/external-cache/fse_typographic_20260926/external/Defense-Prefix/rta100.zip,rta100/label=hair dryer_text=mousepad.jpg,0.25670841336250305,0.23452059924602509,0.022187814116477966,True,False
label=hair dryer_text=pants.jpg,label=hair dryer_text=pants.jpg,RTA100,hair dryer,pants,/external-cache/fse_typographic_20260926/external/Defense-Prefix/rta100.zip,rta100/label=hair dryer_text=pants.jpg,0.21865832805633545,0.1635623425245285,0.055095985531806946,True,False
label=hair dryer_text=pen.jpg,label=hair dryer_text=pen.jpg,RTA100,hair dryer,pen,/external-cache/fse_typographic_20260926/external/Defense-Prefix/rta100.zip,rta100/label=hair dryer_text=pen.jpg,0.23564863204956055,0.21984830498695374,0.01580032706260681,True,True
label=hair dryer_text=plate.jpg,label=hair dryer_text=plate.jpg,RTA100,hair dryer,plate,/external-cache/fse_typographic_20260926/external/Defense-Prefix/rta100.zip,rta100/label=hair dryer_text=plate.jpg,0.2473641186952591,0.2102733552455902,0.037090763449668884,True,False
label=hair dryer_text=ruler.jpg,label=hair dryer_text=ruler.jpg,RTA100,hair dryer,ruler,/external-cache/fse_typographic_20260926/external/Defense-Prefix/rta100.zip,rta100/label=hair dryer_text=ruler.jpg,0.3128143548965454,0.1758841872215271,0.1369301676750183,True,True
label=hand_text=controller.jpg,label=hand_text=controller.jpg,RTA100,hand,controller,/external-cache/fse_typographic_20260926/external/Defense-Prefix/rta100.zip,rta100/label=hand_text=controller.jpg,0.2259080410003662,0.22571368515491486,0.00019435584545135498,True,True
label=hand_text=curtain.jpg,label=hand_text=curtain.jpg,RTA100,hand,curtain,/external-cache/fse_typographic_20260926/external/Defense-Prefix/rta100.zip,rta100/label=hand_text=curtain.jpg,0.28840118646621704,0.2171519547700882,0.07124923169612885,True,True
label=hand_text=fridge.jpg,label=hand_text=fridge.jpg,RTA100,hand,fridge,/external-cache/fse_typographic_20260926/external/Defense-Prefix/rta100.zip,rta100/label=hand_text=fridge.jpg,0.2757892906665802,0.24195200204849243,0.03383728861808777,True,True
label=hand_text=glasses.jpg,label=hand_text=glasses.jpg,RTA100,hand,glasses,/external-cache/fse_typographic_20260926/external/Defense-Prefix/rta100.zip,rta100/label=hand_text=glasses.jpg,0.2935251295566559,0.24717958271503448,0.0463455468416214,True,True
label=hand_text=glove.jpg,label=hand_text=glove.jpg,RTA100,hand,glove,/external-cache/fse_typographic_20260926/external/Defense-Prefix/rta100.zip,rta100/label=hand_text=glove.jpg,0.23876655101776123,0.20886020362377167,0.029906347393989563,True,True
label=hand_text=lemon.jpg,label=hand_text=lemon.jpg,RTA100,hand,lemon,/external-cache/fse_typographic_20260926/external/Defense-Prefix/rta100.zip,rta100/label=hand_text=lemon.jpg,0.23311978578567505,0.2198881208896637,0.013231664896011353,True,True
label=hand_text=onion.jpg,label=hand_text=onion.jpg,RTA100,hand,onion,/external-cache/fse_typographic_20260926/external/Defense-Prefix/rta100.zip,rta100/label=hand_text=onion.jpg,0.19948390126228333,0.15591983497142792,0.04356406629085541,True,True
label=hand_text=oven.jpg,label=hand_text=oven.jpg,RTA100,hand,oven,/external-cache/fse_typographic_20260926/external/Defense-Prefix/rta100.zip,rta100/label=hand_text=oven.jpg,0.1964074820280075,0.17966368794441223,0.016743794083595276,True,True
label=hand_text=speaker.jpg,label=hand_text=speaker.jpg,RTA100,hand,speaker,/external-cache/fse_typographic_20260926/external/Defense-Prefix/rta100.zip,rta100/label=hand_text=speaker.jpg,0.24118095636367798,0.220463827252388,0.020717129111289978,True,False
label=hand_text=spoon.jpg,label=hand_text=spoon.jpg,RTA100,hand,spoon,/external-cache/fse_typographic_20260926/external/Defense-Prefix/rta100.zip,rta100/label=hand_text=spoon.jpg,0.21738946437835693,0.19707679748535156,0.02031266689300537,True,True
label=hat_text=bookshelf.jpg,label=hat_text=bookshelf.jpg,RTA100,hat,bookshelf,/external-cache/fse_typographic_20260926/external/Defense-Prefix/rta100.zip,rta100/label=hat_text=bookshelf.jpg,0.2469482719898224,0.1595809906721115,0.08736728131771088,True,True
label=hat_text=controller.jpg,label=hat_text=controller.jpg,RTA100,hat,controller,/external-cache/fse_typographic_20260926/external/Defense-Prefix/rta100.zip,rta100/label=hat_text=controller.jpg,0.2857603430747986,0.11282600462436676,0.17293433845043182,True,True
label=hat_text=cup.jpg,label=hat_text=cup.jpg,RTA100,hat,cup,/external-cache/fse_typographic_20260926/external/Defense-Prefix/rta100.zip,rta100/label=hat_text=cup.jpg,0.3106040358543396,0.1800874024629593,0.1305166333913803,True,True
label=hat_text=doll.jpg,label=hat_text=doll.jpg,RTA100,hat,doll,/external-cache/fse_typographic_20260926/external/Defense-Prefix/rta100.zip,rta100/label=hat_text=doll.jpg,0.2108626514673233,0.18649156391620636,0.024371087551116943,True,False
label=hat_text=iPhone.jpg,label=hat_text=iPhone.jpg,RTA100,hat,iPhone,/external-cache/fse_typographic_20260926/external/Defense-Prefix/rta100.zip,rta100/label=hat_text=iPhone.jpg,0.23468288779258728,0.18878838419914246,0.045894503593444824,True,True
label=hat_text=pen case.jpg,label=hat_text=pen case.jpg,RTA100,hat,pen case,/external-cache/fse_typographic_20260926/external/Defense-Prefix/rta100.zip,rta100/label=hat_text=pen case.jpg,0.2856856882572174,0.1692427396774292,0.11644294857978821,True,True
label=hat_text=tissue.jpg,label=hat_text=tissue.jpg,RTA100,hat,tissue,/external-cache/fse_typographic_20260926/external/Defense-Prefix/rta100.zip,rta100/label=hat_text=tissue.jpg,0.2712153196334839,0.13299685716629028,0.1382184624671936,True,True
label=hat_text=towel.jpg,label=hat_text=towel.jpg,RTA100,hat,towel,/external-cache/fse_typographic_20260926/external/Defense-Prefix/rta100.zip,rta100/label=hat_text=towel.jpg,0.2610420882701874,0.19703036546707153,0.06401172280311584,True,True
label=hat_text=watch.jpg,label=hat_text=watch.jpg,RTA100,hat,watch,/external-cache/fse_typographic_20260926/external/Defense-Prefix/rta100.zip,rta100/label=hat_text=watch.jpg,0.23643165826797485,0.202053964138031,0.03437769412994385,True,True
label=hat_text=whiteboard.jpg,label=hat_text=whiteboard.jpg,RTA100,hat,whiteboard,/external-cache/fse_typographic_20260926/external/Defense-Prefix/rta100.zip,rta100/label=hat_text=whiteboard.jpg,0.29234516620635986,0.17321369051933289,0.11913147568702698,True,True
label=headphone_text=chair.jpg,label=headphone_text=chair.jpg,RTA100,headphone,chair,/external-cache/fse_typographic_20260926/external/Defense-Prefix/rta100.zip,rta100/label=headphone_text=chair.jpg,0.29860323667526245,0.226100355386734,0.07250288128852844,True,True
label=headphone_text=cup.jpg,label=headphone_text=cup.jpg,RTA100,headphone,cup,/external-cache/fse_typographic_20260926/external/Defense-Prefix/rta100.zip,rta100/label=headphone_text=cup.jpg,0.27148187160491943,0.2244204729795456,0.04706139862537384,True,True
label=headphone_text=eraser.jpg,label=headphone_text=eraser.jpg,RTA100,headphone,eraser,/external-cache/fse_typographic_20260926/external/Defense-Prefix/rta100.zip,rta100/label=headphone_text=eraser.jpg,0.27066025137901306,0.18343235552310944,0.08722789585590363,True,True
label=headphone_text=fridge.jpg,label=headphone_text=fridge.jpg,RTA100,headphone,fridge,/external-cache/fse_typographic_20260926/external/Defense-Prefix/rta100.zip,rta100/label=headphone_text=fridge.jpg,0.27946943044662476,0.19070246815681458,0.08876696228981018,True,True
label=headphone_text=mirror.jpg,label=headphone_text=mirror.jpg,RTA100,headphone,mirror,/external-cache/fse_typographic_20260926/external/Defense-Prefix/rta100.zip,rta100/label=headphone_text=mirror.jpg,0.21009105443954468,0.12923280894756317,0.0808582454919815,True,True
label=headphone_text=paper.jpg,label=headphone_text=paper.jpg,RTA100,headphone,paper,/external-cache/fse_typographic_20260926/external/Defense-Prefix/rta100.zip,rta100/label=headphone_text=paper.jpg,0.24314680695533752,0.17551222443580627,0.06763458251953125,True,True
label=headphone_text=peach.jpg,label=headphone_text=peach.jpg,RTA100,headphone,peach,/external-cache/fse_typographic_20260926/external/Defense-Prefix/rta100.zip,rta100/label=headphone_text=peach.jpg,0.2585817575454712,0.15270192921161652,0.10587982833385468,True,True
label=headphone_text=socks.jpg,label=headphone_text=socks.jpg,RTA100,headphone,socks,/external-cache/fse_typographic_20260926/external/Defense-Prefix/rta100.zip,rta100/label=headphone_text=socks.jpg,0.27125227451324463,0.25736838579177856,0.013883888721466064,True,True
label=headphone_text=sofa.jpg,label=headphone_text=sofa.jpg,RTA100,headphone,sofa,/external-cache/fse_typographic_20260926/external/Defense-Prefix/rta100.zip,rta100/label=headphone_text=sofa.jpg,0.2672077715396881,0.14716042578220367,0.12004734575748444,True,True
label=headphone_text=toothbrush.jpg,label=headphone_text=toothbrush.jpg,RTA100,headphone,toothbrush,/external-cache/fse_typographic_20260926/external/Defense-Prefix/rta100.zip,rta100/label=headphone_text=toothbrush.jpg,0.18855437636375427,0.165433868765831,0.02312050759792328,True,True
label=iPad_text=bookshelf.jpg,label=iPad_text=bookshelf.jpg,RTA100,iPad,bookshelf,/external-cache/fse_typographic_20260926/external/Defense-Prefix/rta100.zip,rta100/label=iPad_text=bookshelf.jpg,0.24640941619873047,0.13346371054649353,0.11294570565223694,True,True
label=iPad_text=drill.jpg,label=iPad_text=drill.jpg,RTA100,iPad,drill,/external-cache/fse_typographic_20260926/external/Defense-Prefix/rta100.zip,rta100/label=iPad_text=drill.jpg,0.26826947927474976,0.11132849752902985,0.1569409817457199,True,True
label=iPad_text=glove.jpg,label=iPad_text=glove.jpg,RTA100,iPad,glove,/external-cache/fse_typographic_20260926/external/Defense-Prefix/rta100.zip,rta100/label=iPad_text=glove.jpg,0.25728440284729004,0.16716106235980988,0.09012334048748016,True,True
label=iPad_text=mango.jpg,label=iPad_text=mango.jpg,RTA100,iPad,mango,/external-cache/fse_typographic_20260926/external/Defense-Prefix/rta100.zip,rta100/label=iPad_text=mango.jpg,0.289555162191391,0.22229856252670288,0.06725659966468811,True,True
label=iPad_text=mask.jpg,label=iPad_text=mask.jpg,RTA100,iPad,mask,/external-cache/fse_typographic_20260926/external/Defense-Prefix/rta100.zip,rta100/label=iPad_text=mask.jpg,0.22575733065605164,0.18619368970394135,0.03956364095211029,True,False
label=iPad_text=onion.jpg,label=iPad_text=onion.jpg,RTA100,iPad,onion,/external-cache/fse_typographic_20260926/external/Defense-Prefix/rta100.zip,rta100/label=iPad_text=onion.jpg,0.21514169871807098,0.10705439746379852,0.10808730125427246,True,True
label=iPad_text=oven.jpg,label=iPad_text=oven.jpg,RTA100,iPad,oven,/external-cache/fse_typographic_20260926/external/Defense-Prefix/rta100.zip,rta100/label=iPad_text=oven.jpg,0.21556618809700012,0.11732828617095947,0.09823790192604065,True,True
label=iPad_text=plate.jpg,label=iPad_text=plate.jpg,RTA100,iPad,plate,/external-cache/fse_typographic_20260926/external/Defense-Prefix/rta100.zip,rta100/label=iPad_text=plate.jpg,0.26877233386039734,0.20249518752098083,0.0662771463394165,True,True
label=iPad_text=racquet.jpg,label=iPad_text=racquet.jpg,RTA100,iPad,racquet,/external-cache/fse_typographic_20260926/external/Defense-Prefix/rta100.zip,rta100/label=iPad_text=racquet.jpg,0.29343271255493164,0.17031046748161316,0.12312224507331848,True,True
label=iPad_text=speaker.jpg,label=iPad_text=speaker.jpg,RTA100,iPad,speaker,/external-cache/fse_typographic_20260926/external/Defense-Prefix/rta100.zip,rta100/label=iPad_text=speaker.jpg,0.2814156413078308,0.2606610059738159,0.020754635334014893,True,True
label=iPhone_text=apple.jpg,label=iPhone_text=apple.jpg,RTA100,iPhone,apple,/external-cache/fse_typographic_20260926/external/Defense-Prefix/rta100.zip,rta100/label=iPhone_text=apple.jpg,0.24081675708293915,0.21004614233970642,0.030770614743232727,True,True
label=iPhone_text=guitar.jpg,label=iPhone_text=guitar.jpg,RTA100,iPhone,guitar,/external-cache/fse_typographic_20260926/external/Defense-Prefix/rta100.zip,rta100/label=iPhone_text=guitar.jpg,0.21676546335220337,0.21458956599235535,0.0021758973598480225,True,True
label=iPhone_text=laptop.jpg,label=iPhone_text=laptop.jpg,RTA100,iPhone,laptop,/external-cache/fse_typographic_20260926/external/Defense-Prefix/rta100.zip,rta100/label=iPhone_text=laptop.jpg,0.19500713050365448,0.11884349584579468,0.0761636346578598,True,True
label=iPhone_text=light bulb.jpg,label=iPhone_text=light bulb.jpg,RTA100,iPhone,light bulb,/external-cache/fse_typographic_20260926/external/Defense-Prefix/rta100.zip,rta100/label=iPhone_text=light bulb.jpg,0.22354190051555634,0.14392593502998352,0.07961596548557281,True,True
label=iPhone_text=mask.jpg,label=iPhone_text=mask.jpg,RTA100,iPhone,mask,/external-cache/fse_typographic_20260926/external/Defense-Prefix/rta100.zip,rta100/label=iPhone_text=mask.jpg,0.22655867040157318,0.17534080147743225,0.05121786892414093,True,True
label=iPhone_text=monitor.jpg,label=iPhone_text=monitor.jpg,RTA100,iPhone,monitor,/external-cache/fse_typographic_20260926/external/Defense-Prefix/rta100.zip,rta100/label=iPhone_text=monitor.jpg,0.1995091289281845,0.11522471904754639,0.08428440988063812,True,True
label=iPhone_text=pants.jpg,label=iPhone_text=pants.jpg,RTA100,iPhone,pants,/external-cache/fse_typographic_20260926/external/Defense-Prefix/rta100.zip,rta100/label=iPhone_text=pants.jpg,0.1947125494480133,0.14580166339874268,0.04891088604927063,True,True
label=iPhone_text=paper.jpg,label=iPhone_text=paper.jpg,RTA100,iPhone,paper,/external-cache/fse_typographic_20260926/external/Defense-Prefix/rta100.zip,rta100/label=iPhone_text=paper.jpg,0.20763549208641052,0.15573154389858246,0.051903948187828064,True,True
label=iPhone_text=speaker.jpg,label=iPhone_text=speaker.jpg,RTA100,iPhone,speaker,/external-cache/fse_typographic_20260926/external/Defense-Prefix/rta100.zip,rta100/label=iPhone_text=speaker.jpg,0.2181018590927124,0.1442604809999466,0.07384137809276581,True,True
label=iPhone_text=spoon.jpg,label=iPhone_text=spoon.jpg,RTA100,iPhone,spoon,/external-cache/fse_typographic_20260926/external/Defense-Prefix/rta100.zip,rta100/label=iPhone_text=spoon.jpg,0.25349801778793335,0.16579873859882355,0.0876992791891098,True,True
label=iron_text=book.jpg,label=iron_text=book.jpg,RTA100,iron,book,/external-cache/fse_typographic_20260926/external/Defense-Prefix/rta100.zip,rta100/label=iron_text=book.jpg,0.24198207259178162,0.215670645236969,0.026311427354812622,True,False
label=iron_text=bottle.jpg,label=iron_text=bottle.jpg,RTA100,iron,bottle,/external-cache/fse_typographic_20260926/external/Defense-Prefix/rta100.zip,rta100/label=iron_text=bottle.jpg,0.25795531272888184,0.20472782850265503,0.05322748422622681,True,False
label=iron_text=cookie.jpg,label=iron_text=cookie.jpg,RTA100,iron,cookie,/external-cache/fse_typographic_20260926/external/Defense-Prefix/rta100.zip,rta100/label=iron_text=cookie.jpg,0.23026129603385925,0.18044552206993103,0.04981577396392822,True,False
label=iron_text=glove.jpg,label=iron_text=glove.jpg,RTA100,iron,glove,/external-cache/fse_typographic_20260926/external/Defense-Prefix/rta100.zip,rta100/label=iron_text=glove.jpg,0.25787240266799927,0.1817401945590973,0.07613220810890198,True,False
label=iron_text=jacket.jpg,label=iron_text=jacket.jpg,RTA100,iron,jacket,/external-cache/fse_typographic_20260926/external/Defense-Prefix/rta100.zip,rta100/label=iron_text=jacket.jpg,0.2695814371109009,0.15946874022483826,0.11011269688606262,True,False
label=iron_text=light bulb.jpg,label=iron_text=light bulb.jpg,RTA100,iron,light bulb,/external-cache/fse_typographic_20260926/external/Defense-Prefix/rta100.zip,rta100/label=iron_text=light bulb.jpg,0.2421184778213501,0.1827159821987152,0.05940249562263489,True,False
label=iron_text=mango.jpg,label=iron_text=mango.jpg,RTA100,iron,mango,/external-cache/fse_typographic_20260926/external/Defense-Prefix/rta100.zip,rta100/label=iron_text=mango.jpg,0.25370901823043823,0.1624765545129776,0.09123246371746063,True,False
label=iron_text=peach.jpg,label=iron_text=peach.jpg,RTA100,iron,peach,/external-cache/fse_typographic_20260926/external/Defense-Prefix/rta100.zip,rta100/label=iron_text=peach.jpg,0.22320418059825897,0.20399217307567596,0.019212007522583008,True,False
label=iron_text=plate.jpg,label=iron_text=plate.jpg,RTA100,iron,plate,/external-cache/fse_typographic_20260926/external/Defense-Prefix/rta100.zip,rta100/label=iron_text=plate.jpg,0.325914204120636,0.24879717826843262,0.07711702585220337,True,True
label=iron_text=racquet.jpg,label=iron_text=racquet.jpg,RTA100,iron,racquet,/external-cache/fse_typographic_20260926/external/Defense-Prefix/rta100.zip,rta100/label=iron_text=racquet.jpg,0.26129984855651855,0.16928300261497498,0.09201684594154358,True,False
label=jacket_text=bookshelf.jpg,label=jacket_text=bookshelf.jpg,RTA100,jacket,bookshelf,/external-cache/fse_typographic_20260926/external/Defense-Prefix/rta100.zip,rta100/label=jacket_text=bookshelf.jpg,0.3019384443759918,0.13839958608150482,0.163538858294487,True,True
label=jacket_text=bottle.jpg,label=jacket_text=bottle.jpg,RTA100,jacket,bottle,/external-cache/fse_typographic_20260926/external/Defense-Prefix/rta100.zip,rta100/label=jacket_text=bottle.jpg,0.28989434242248535,0.1771644949913025,0.11272984743118286,True,True
label=jacket_text=can.jpg,label=jacket_text=can.jpg,RTA100,jacket,can,/external-cache/fse_typographic_20260926/external/Defense-Prefix/rta100.zip,rta100/label=jacket_text=can.jpg,0.3016031086444855,0.14233578741550446,0.15926732122898102,True,True
label=jacket_text=mango.jpg,label=jacket_text=mango.jpg,RTA100,jacket,mango,/external-cache/fse_typographic_20260926/external/Defense-Prefix/rta100.zip,rta100/label=jacket_text=mango.jpg,0.29708996415138245,0.1609199345111847,0.13617002964019775,True,True
label=jacket_text=mirror.jpg,label=jacket_text=mirror.jpg,RTA100,jacket,mirror,/external-cache/fse_typographic_20260926/external/Defense-Prefix/rta100.zip,rta100/label=jacket_text=mirror.jpg,0.275799036026001,0.20469483733177185,0.07110419869422913,True,True
label=jacket_text=peach.jpg,label=jacket_text=peach.jpg,RTA100,jacket,peach,/external-cache/fse_typographic_20260926/external/Defense-Prefix/rta100.zip,rta100/label=jacket_text=peach.jpg,0.2750675678253174,0.14525650441646576,0.12981106340885162,True,True
label=jacket_text=pillow.jpg,label=jacket_text=pillow.jpg,RTA100,jacket,pillow,/external-cache/fse_typographic_20260926/external/Defense-Prefix/rta100.zip,rta100/label=jacket_text=pillow.jpg,0.1910540610551834,0.16633525490760803,0.02471880614757538,True,False
label=jacket_text=plate.jpg,label=jacket_text=plate.jpg,RTA100,jacket,plate,/external-cache/fse_typographic_20260926/external/Defense-Prefix/rta100.zip,rta100/label=jacket_text=plate.jpg,0.2961445152759552,0.19332998991012573,0.10281452536582947,True,True
label=jacket_text=towel.jpg,label=jacket_text=towel.jpg,RTA100,jacket,towel,/external-cache/fse_typographic_20260926/external/Defense-Prefix/rta100.zip,rta100/label=jacket_text=towel.jpg,0.2781747877597809,0.29695621132850647,-0.018781423568725586,False,False
label=jacket_text=vacuum cleaner.jpg,label=jacket_text=vacuum cleaner.jpg,RTA100,jacket,vacuum cleaner,/external-cache/fse_typographic_20260926/external/Defense-Prefix/rta100.zip,rta100/label=jacket_text=vacuum cleaner.jpg,0.25027909874916077,0.13165944814682007,0.1186196506023407,True,True
label=key_text=adapter.jpg,label=key_text=adapter.jpg,RTA100,key,adapter,/external-cache/fse_typographic_20260926/external/Defense-Prefix/rta100.zip,rta100/label=key_text=adapter.jpg,0.23430290818214417,0.2406390756368637,-0.0063361674547195435,False,False
label=key_text=dish.jpg,label=key_text=dish.jpg,RTA100,key,dish,/external-cache/fse_typographic_20260926/external/Defense-Prefix/rta100.zip,rta100/label=key_text=dish.jpg,0.182216078042984,0.1264350414276123,0.055781036615371704,True,False
label=key_text=drill.jpg,label=key_text=drill.jpg,RTA100,key,drill,/external-cache/fse_typographic_20260926/external/Defense-Prefix/rta100.zip,rta100/label=key_text=drill.jpg,0.21226534247398376,0.17134878039360046,0.0409165620803833,True,False
label=key_text=floor.jpg,label=key_text=floor.jpg,RTA100,key,floor,/external-cache/fse_typographic_20260926/external/Defense-Prefix/rta100.zip,rta100/label=key_text=floor.jpg,0.23460108041763306,0.21511369943618774,0.019487380981445312,True,False
label=key_text=frisbee.jpg,label=key_text=frisbee.jpg,RTA100,key,frisbee,/external-cache/fse_typographic_20260926/external/Defense-Prefix/rta100.zip,rta100/label=key_text=frisbee.jpg,0.1657899022102356,0.07158009707927704,0.09420980513095856,True,False
label=key_text=iPad.jpg,label=key_text=iPad.jpg,RTA100,key,iPad,/external-cache/fse_typographic_20260926/external/Defense-Prefix/rta100.zip,rta100/label=key_text=iPad.jpg,0.21302124857902527,0.19353333115577698,0.01948791742324829,True,False
label=key_text=jacket.jpg,label=key_text=jacket.jpg,RTA100,key,jacket,/external-cache/fse_typographic_20260926/external/Defense-Prefix/rta100.zip,rta100/label=key_text=jacket.jpg,0.21798425912857056,0.1144680455327034,0.10351621359586716,True,False
label=key_text=pants.jpg,label=key_text=pants.jpg,RTA100,key,pants,/external-cache/fse_typographic_20260926/external/Defense-Prefix/rta100.zip,rta100/label=key_text=pants.jpg,0.19638031721115112,0.23705899715423584,-0.04067867994308472,False,False
label=key_text=remote.jpg,label=key_text=remote.jpg,RTA100,key,remote,/external-cache/fse_typographic_20260926/external/Defense-Prefix/rta100.zip,rta100/label=key_text=remote.jpg,0.20456287264823914,0.1835925579071045,0.020970314741134644,True,True
label=key_text=ruler.jpg,label=key_text=ruler.jpg,RTA100,key,ruler,/external-cache/fse_typographic_20260926/external/Defense-Prefix/rta100.zip,rta100/label=key_text=ruler.jpg,0.2091737687587738,0.16604375839233398,0.04313001036643982,True,False
label=keyboard_text=airconditioner.jpg,label=keyboard_text=airconditioner.jpg,RTA100,keyboard,airconditioner,/external-cache/fse_typographic_20260926/external/Defense-Prefix/rta100.zip,rta100/label=keyboard_text=airconditioner.jpg,0.2488919496536255,0.20477142930030823,0.04412052035331726,True,True
label=keyboard_text=bookshelf.jpg,label=keyboard_text=bookshelf.jpg,RTA100,keyboard,bookshelf,/external-cache/fse_typographic_20260926/external/Defense-Prefix/rta100.zip,rta100/label=keyboard_text=bookshelf.jpg,0.25290951132774353,0.1849534809589386,0.06795603036880493,True,True
label=keyboard_text=guitar.jpg,label=keyboard_text=guitar.jpg,RTA100,keyboard,guitar,/external-cache/fse_typographic_20260926/external/Defense-Prefix/rta100.zip,rta100/label=keyboard_text=guitar.jpg,0.30361852049827576,0.16777169704437256,0.1358468234539032,True,True
label=keyboard_text=lemon.jpg,label=keyboard_text=lemon.jpg,RTA100,keyboard,lemon,/external-cache/fse_typographic_20260926/external/Defense-Prefix/rta100.zip,rta100/label=keyboard_text=lemon.jpg,0.23183700442314148,0.15638360381126404,0.07545340061187744,True,True
label=keyboard_text=notebook.jpg,label=keyboard_text=notebook.jpg,RTA100,keyboard,notebook,/external-cache/fse_typographic_20260926/external/Defense-Prefix/rta100.zip,rta100/label=keyboard_text=notebook.jpg,0.23454293608665466,0.24153438210487366,-0.006991446018218994,False,False
label=keyboard_text=pen case.jpg,label=keyboard_text=pen case.jpg,RTA100,keyboard,pen case,/external-cache/fse_typographic_20260926/external/Defense-Prefix/rta100.zip,rta100/label=keyboard_text=pen case.jpg,0.29454177618026733,0.1886385679244995,0.10590320825576782,True,True
label=keyboard_text=slipper.jpg,label=keyboard_text=slipper.jpg,RTA100,keyboard,slipper,/external-cache/fse_typographic_20260926/external/Defense-Prefix/rta100.zip,rta100/label=keyboard_text=slipper.jpg,0.2554526925086975,0.13396386802196503,0.12148882448673248,True,True
label=keyboard_text=tie.jpg,label=keyboard_text=tie.jpg,RTA100,keyboard,tie,/external-cache/fse_typographic_20260926/external/Defense-Prefix/rta100.zip,rta100/label=keyboard_text=tie.jpg,0.2865549921989441,0.14599253237247467,0.14056245982646942,True,True
label=keyboard_text=toaster.jpg,label=keyboard_text=toaster.jpg,RTA100,keyboard,toaster,/external-cache/fse_typographic_20260926/external/Defense-Prefix/rta100.zip,rta100/label=keyboard_text=toaster.jpg,0.24861690402030945,0.14405858516693115,0.1045583188533783,True,True
label=keyboard_text=vacuum cleaner.jpg,label=keyboard_text=vacuum cleaner.jpg,RTA100,keyboard,vacuum cleaner,/external-cache/fse_typographic_20260926/external/Defense-Prefix/rta100.zip,rta100/label=keyboard_text=vacuum cleaner.jpg,0.28738933801651,0.23993946611881256,0.04744987189769745,True,True
label=laptop_text=adapter.jpg,label=laptop_text=adapter.jpg,RTA100,laptop,adapter,/external-cache/fse_typographic_20260926/external/Defense-Prefix/rta100.zip,rta100/label=laptop_text=adapter.jpg,0.2514788806438446,0.1378282904624939,0.11365059018135071,True,True
label=laptop_text=airconditioner.jpg,label=laptop_text=airconditioner.jpg,RTA100,laptop,airconditioner,/external-cache/fse_typographic_20260926/external/Defense-Prefix/rta100.zip,rta100/label=laptop_text=airconditioner.jpg,0.24287456274032593,0.16008001565933228,0.08279454708099365,True,True
label=laptop_text=bed.jpg,label=laptop_text=bed.jpg,RTA100,laptop,bed,/external-cache/fse_typographic_20260926/external/Defense-Prefix/rta100.zip,rta100/label=laptop_text=bed.jpg,0.26335766911506653,0.19475457072257996,0.06860309839248657,True,True
label=laptop_text=can.jpg,label=laptop_text=can.jpg,RTA100,laptop,can,/external-cache/fse_typographic_20260926/external/Defense-Prefix/rta100.zip,rta100/label=laptop_text=can.jpg,0.23084792494773865,0.13794098794460297,0.09290693700313568,True,True
label=laptop_text=glasses.jpg,label=laptop_text=glasses.jpg,RTA100,laptop,glasses,/external-cache/fse_typographic_20260926/external/Defense-Prefix/rta100.zip,rta100/label=laptop_text=glasses.jpg,0.26264581084251404,0.2794025242328644,-0.016756713390350342,False,False
label=laptop_text=keyboard.jpg,label=laptop_text=keyboard.jpg,RTA100,laptop,keyboard,/external-cache/fse_typographic_20260926/external/Defense-Prefix/rta100.zip,rta100/label=laptop_text=keyboard.jpg,0.24388965964317322,0.2196851670742035,0.024204492568969727,True,True
label=laptop_text=pen case.jpg,label=laptop_text=pen case.jpg,RTA100,laptop,pen case,/external-cache/fse_typographic_20260926/external/Defense-Prefix/rta100.zip,rta100/label=laptop_text=pen case.jpg,0.2085639089345932,0.16836968064308167,0.040194228291511536,True,True
label=laptop_text=speaker.jpg,label=laptop_text=speaker.jpg,RTA100,laptop,speaker,/external-cache/fse_typographic_20260926/external/Defense-Prefix/rta100.zip,rta100/label=laptop_text=speaker.jpg,0.24089324474334717,0.20290686190128326,0.037986382842063904,True,True
label=laptop_text=suitcase.jpg,label=laptop_text=suitcase.jpg,RTA100,laptop,suitcase,/external-cache/fse_typographic_20260926/external/Defense-Prefix/rta100.zip,rta100/label=laptop_text=suitcase.jpg,0.27578654885292053,0.16079667210578918,0.11498987674713135,True,True
label=laptop_text=trash box.jpg,label=laptop_text=trash box.jpg,RTA100,laptop,trash box,/external-cache/fse_typographic_20260926/external/Defense-Prefix/rta100.zip,rta100/label=laptop_text=trash box.jpg,0.24120068550109863,0.1371280997991562,0.10407258570194244,True,True
label=lemon_text=apple.jpg,label=lemon_text=apple.jpg,RTA100,lemon,apple,/external-cache/fse_typographic_20260926/external/Defense-Prefix/rta100.zip,rta100/label=lemon_text=apple.jpg,0.23107098042964935,0.2566635012626648,-0.025592520833015442,False,False
label=lemon_text=egg.jpg,label=lemon_text=egg.jpg,RTA100,lemon,egg,/external-cache/fse_typographic_20260926/external/Defense-Prefix/rta100.zip,rta100/label=lemon_text=egg.jpg,0.34106236696243286,0.2813590466976166,0.059703320264816284,True,True
label=lemon_text=floor.jpg,label=lemon_text=floor.jpg,RTA100,lemon,floor,/external-cache/fse_typographic_20260926/external/Defense-Prefix/rta100.zip,rta100/label=lemon_text=floor.jpg,0.2727770209312439,0.2768998146057129,-0.004122793674468994,False,False
label=lemon_text=flower.jpg,label=lemon_text=flower.jpg,RTA100,lemon,flower,/external-cache/fse_typographic_20260926/external/Defense-Prefix/rta100.zip,rta100/label=lemon_text=flower.jpg,0.28544023633003235,0.23446661233901978,0.05097362399101257,True,True
label=lemon_text=hair dryer.jpg,label=lemon_text=hair dryer.jpg,RTA100,lemon,hair dryer,/external-cache/fse_typographic_20260926/external/Defense-Prefix/rta100.zip,rta100/label=lemon_text=hair dryer.jpg,0.23411208391189575,0.20510756969451904,0.02900451421737671,True,True
label=lemon_text=hat.jpg,label=lemon_text=hat.jpg,RTA100,lemon,hat,/external-cache/fse_typographic_20260926/external/Defense-Prefix/rta100.zip,rta100/label=lemon_text=hat.jpg,0.32894015312194824,0.24440404772758484,0.0845361053943634,True,True
label=lemon_text=mask.jpg,label=lemon_text=mask.jpg,RTA100,lemon,mask,/external-cache/fse_typographic_20260926/external/Defense-Prefix/rta100.zip,rta100/label=lemon_text=mask.jpg,0.2547556161880493,0.2515614330768585,0.003194183111190796,True,True
label=lemon_text=notebook.jpg,label=lemon_text=notebook.jpg,RTA100,lemon,notebook,/external-cache/fse_typographic_20260926/external/Defense-Prefix/rta100.zip,rta100/label=lemon_text=notebook.jpg,0.2274492084980011,0.2548622488975525,-0.02741304039955139,False,False
label=lemon_text=plate.jpg,label=lemon_text=plate.jpg,RTA100,lemon,plate,/external-cache/fse_typographic_20260926/external/Defense-Prefix/rta100.zip,rta100/label=lemon_text=plate.jpg,0.28722453117370605,0.2579439878463745,0.029280543327331543,True,True
label=lemon_text=spoon.jpg,label=lemon_text=spoon.jpg,RTA100,lemon,spoon,/external-cache/fse_typographic_20260926/external/Defense-Prefix/rta100.zip,rta100/label=lemon_text=spoon.jpg,0.2695101499557495,0.2013198882341385,0.06819026172161102,True,True
label=light bulb_text=adapter.jpg,label=light bulb_text=adapter.jpg,RTA100,light bulb,adapter,/external-cache/fse_typographic_20260926/external/Defense-Prefix/rta100.zip,rta100/label=light bulb_text=adapter.jpg,0.26878461241722107,0.23401397466659546,0.03477063775062561,True,True
label=light bulb_text=bed.jpg,label=light bulb_text=bed.jpg,RTA100,light bulb,bed,/external-cache/fse_typographic_20260926/external/Defense-Prefix/rta100.zip,rta100/label=light bulb_text=bed.jpg,0.292691707611084,0.2295440435409546,0.0631476640701294,True,True
label=light bulb_text=flower.jpg,label=light bulb_text=flower.jpg,RTA100,light bulb,flower,/external-cache/fse_typographic_20260926/external/Defense-Prefix/rta100.zip,rta100/label=light bulb_text=flower.jpg,0.2638574242591858,0.2195214182138443,0.04433600604534149,True,True
label=light bulb_text=laptop.jpg,label=light bulb_text=laptop.jpg,RTA100,light bulb,laptop,/external-cache/fse_typographic_20260926/external/Defense-Prefix/rta100.zip,rta100/label=light bulb_text=laptop.jpg,0.2173633873462677,0.14887893199920654,0.06848445534706116,True,False
label=light bulb_text=onion.jpg,label=light bulb_text=onion.jpg,RTA100,light bulb,onion,/external-cache/fse_typographic_20260926/external/Defense-Prefix/rta100.zip,rta100/label=light bulb_text=onion.jpg,0.24270975589752197,0.15482744574546814,0.08788231015205383,True,True
label=light bulb_text=pants.jpg,label=light bulb_text=pants.jpg,RTA100,light bulb,pants,/external-cache/fse_typographic_20260926/external/Defense-Prefix/rta100.zip,rta100/label=light bulb_text=pants.jpg,0.2555069923400879,0.20529943704605103,0.050207555294036865,True,True
label=light bulb_text=pillow.jpg,label=light bulb_text=pillow.jpg,RTA100,light bulb,pillow,/external-cache/fse_typographic_20260926/external/Defense-Prefix/rta100.zip,rta100/label=light bulb_text=pillow.jpg,0.2421601116657257,0.17914998531341553,0.06301012635231018,True,True
label=light bulb_text=t-shirt.jpg,label=light bulb_text=t-shirt.jpg,RTA100,light bulb,t-shirt,/external-cache/fse_typographic_20260926/external/Defense-Prefix/rta100.zip,rta100/label=light bulb_text=t-shirt.jpg,0.21387997269630432,0.24714356660842896,-0.033263593912124634,False,False
label=light bulb_text=tie.jpg,label=light bulb_text=tie.jpg,RTA100,light bulb,tie,/external-cache/fse_typographic_20260926/external/Defense-Prefix/rta100.zip,rta100/label=light bulb_text=tie.jpg,0.26125651597976685,0.14726273715496063,0.11399377882480621,True,True
label=light bulb_text=vacuum cleaner.jpg,label=light bulb_text=vacuum cleaner.jpg,RTA100,light bulb,vacuum cleaner,/external-cache/fse_typographic_20260926/external/Defense-Prefix/rta100.zip,rta100/label=light bulb_text=vacuum cleaner.jpg,0.2967686951160431,0.25890877842903137,0.03785991668701172,True,True
label=mango_text=adapter.jpg,label=mango_text=adapter.jpg,RTA100,mango,adapter,/external-cache/fse_typographic_20260926/external/Defense-Prefix/rta100.zip,rta100/label=mango_text=adapter.jpg,0.2115250527858734,0.2063596546649933,0.005165398120880127,True,False
label=mango_text=apple.jpg,label=mango_text=apple.jpg,RTA100,mango,apple,/external-cache/fse_typographic_20260926/external/Defense-Prefix/rta100.zip,rta100/label=mango_text=apple.jpg,0.25661614537239075,0.2764450013637543,-0.019828855991363525,False,False
label=mango_text=egg.jpg,label=mango_text=egg.jpg,RTA100,mango,egg,/external-cache/fse_typographic_20260926/external/Defense-Prefix/rta100.zip,rta100/label=mango_text=egg.jpg,0.260318398475647,0.2677599787712097,-0.007441580295562744,False,False
label=mango_text=floor.jpg,label=mango_text=floor.jpg,RTA100,mango,floor,/external-cache/fse_typographic_20260926/external/Defense-Prefix/rta100.zip,rta100/label=mango_text=floor.jpg,0.2804197371006012,0.2595809996128082,0.02083873748779297,True,False
label=mango_text=fork.jpg,label=mango_text=fork.jpg,RTA100,mango,fork,/external-cache/fse_typographic_20260926/external/Defense-Prefix/rta100.zip,rta100/label=mango_text=fork.jpg,0.22530052065849304,0.15487255156040192,0.07042796909809113,True,False
label=mango_text=key.jpg,label=mango_text=key.jpg,RTA100,mango,key,/external-cache/fse_typographic_20260926/external/Defense-Prefix/rta100.zip,rta100/label=mango_text=key.jpg,0.30844277143478394,0.23459774255752563,0.0738450288772583,True,True
label=mango_text=racquet.jpg,label=mango_text=racquet.jpg,RTA100,mango,racquet,/external-cache/fse_typographic_20260926/external/Defense-Prefix/rta100.zip,rta100/label=mango_text=racquet.jpg,0.27784743905067444,0.2182828187942505,0.05956462025642395,True,False
label=mango_text=scissors.jpg,label=mango_text=scissors.jpg,RTA100,mango,scissors,/external-cache/fse_typographic_20260926/external/Defense-Prefix/rta100.zip,rta100/label=mango_text=scissors.jpg,0.2738338112831116,0.1802031695842743,0.09363064169883728,True,True
label=mango_text=socks.jpg,label=mango_text=socks.jpg,RTA100,mango,socks,/external-cache/fse_typographic_20260926/external/Defense-Prefix/rta100.zip,rta100/label=mango_text=socks.jpg,0.2456727772951126,0.287412166595459,-0.041739389300346375,False,False
label=mango_text=towel.jpg,label=mango_text=towel.jpg,RTA100,mango,towel,/external-cache/fse_typographic_20260926/external/Defense-Prefix/rta100.zip,rta100/label=mango_text=towel.jpg,0.2550230622291565,0.26075613498687744,-0.005733072757720947,False,False
label=map_text=bed.jpg,label=map_text=bed.jpg,RTA100,map,bed,/external-cache/fse_typographic_20260926/external/Defense-Prefix/rta100.zip,rta100/label=map_text=bed.jpg,0.29095888137817383,0.2911127805709839,-0.0001538991928100586,False,False
label=map_text=camera.jpg,label=map_text=camera.jpg,RTA100,map,camera,/external-cache/fse_typographic_20260926/external/Defense-Prefix/rta100.zip,rta100/label=map_text=camera.jpg,0.3050168752670288,0.15195265412330627,0.15306422114372253,True,True
label=map_text=cookie.jpg,label=map_text=cookie.jpg,RTA100,map,cookie,/external-cache/fse_typographic_20260926/external/Defense-Prefix/rta100.zip,rta100/label=map_text=cookie.jpg,0.2944578528404236,0.13924925029277802,0.15520860254764557,True,True
label=map_text=eraser.jpg,label=map_text=eraser.jpg,RTA100,map,eraser,/external-cache/fse_typographic_20260926/external/Defense-Prefix/rta100.zip,rta100/label=map_text=eraser.jpg,0.2950701117515564,0.1254882663488388,0.1695818454027176,True,True
label=map_text=fork.jpg,label=map_text=fork.jpg,RTA100,map,fork,/external-cache/fse_typographic_20260926/external/Defense-Prefix/rta100.zip,rta100/label=map_text=fork.jpg,0.30903738737106323,0.15776371955871582,0.1512736678123474,True,True
label=map_text=frisbee.jpg,label=map_text=frisbee.jpg,RTA100,map,frisbee,/external-cache/fse_typographic_20260926/external/Defense-Prefix/rta100.zip,rta100/label=map_text=frisbee.jpg,0.26694774627685547,0.14557556807994843,0.12137217819690704,True,True
label=map_text=glasses.jpg,label=map_text=glasses.jpg,RTA100,map,glasses,/external-cache/fse_typographic_20260926/external/Defense-Prefix/rta100.zip,rta100/label=map_text=glasses.jpg,0.291836142539978,0.15909115970134735,0.13274498283863068,True,True
label=map_text=hat.jpg,label=map_text=hat.jpg,RTA100,map,hat,/external-cache/fse_typographic_20260926/external/Defense-Prefix/rta100.zip,rta100/label=map_text=hat.jpg,0.2692944407463074,0.11558946222066879,0.15370497107505798,True,True
label=map_text=melon.jpg,label=map_text=melon.jpg,RTA100,map,melon,/external-cache/fse_typographic_20260926/external/Defense-Prefix/rta100.zip,rta100/label=map_text=melon.jpg,0.274139404296875,0.1180661991238594,0.1560732126235962,True,True
label=map_text=mug.jpg,label=map_text=mug.jpg,RTA100,map,mug,/external-cache/fse_typographic_20260926/external/Defense-Prefix/rta100.zip,rta100/label=map_text=mug.jpg,0.29304108023643494,0.15089929103851318,0.14214178919792175,True,True
label=marker_text=chopsticks.jpg,label=marker_text=chopsticks.jpg,RTA100,marker,chopsticks,/external-cache/fse_typographic_20260926/external/Defense-Prefix/rta100.zip,rta100/label=marker_text=chopsticks.jpg,0.23987293243408203,0.24719375371932983,-0.007320821285247803,False,False
label=marker_text=hand.jpg,label=marker_text=hand.jpg,RTA100,marker,hand,/external-cache/fse_typographic_20260926/external/Defense-Prefix/rta100.zip,rta100/label=marker_text=hand.jpg,0.2803996503353119,0.21712923049926758,0.06327041983604431,True,False
label=marker_text=key.jpg,label=marker_text=key.jpg,RTA100,marker,key,/external-cache/fse_typographic_20260926/external/Defense-Prefix/rta100.zip,rta100/label=marker_text=key.jpg,0.2524542510509491,0.23824118077754974,0.014213070273399353,True,True
label=marker_text=laptop.jpg,label=marker_text=laptop.jpg,RTA100,marker,laptop,/external-cache/fse_typographic_20260926/external/Defense-Prefix/rta100.zip,rta100/label=marker_text=laptop.jpg,0.20110869407653809,0.21387794613838196,-0.012769252061843872,False,False
label=marker_text=light bulb.jpg,label=marker_text=light bulb.jpg,RTA100,marker,light bulb,/external-cache/fse_typographic_20260926/external/Defense-Prefix/rta100.zip,rta100/label=marker_text=light bulb.jpg,0.22890561819076538,0.19960102438926697,0.029304593801498413,True,True
label=marker_text=milk.jpg,label=marker_text=milk.jpg,RTA100,marker,milk,/external-cache/fse_typographic_20260926/external/Defense-Prefix/rta100.zip,rta100/label=marker_text=milk.jpg,0.2318844199180603,0.2336501181125641,-0.0017656981945037842,False,False
label=marker_text=onion.jpg,label=marker_text=onion.jpg,RTA100,marker,onion,/external-cache/fse_typographic_20260926/external/Defense-Prefix/rta100.zip,rta100/label=marker_text=onion.jpg,0.20573285222053528,0.12999817728996277,0.07573467493057251,True,True
label=marker_text=pillow.jpg,label=marker_text=pillow.jpg,RTA100,marker,pillow,/external-cache/fse_typographic_20260926/external/Defense-Prefix/rta100.zip,rta100/label=marker_text=pillow.jpg,0.1696820855140686,0.17521044611930847,-0.005528360605239868,False,False
label=marker_text=table.jpg,label=marker_text=table.jpg,RTA100,marker,table,/external-cache/fse_typographic_20260926/external/Defense-Prefix/rta100.zip,rta100/label=marker_text=table.jpg,0.23283421993255615,0.22675853967666626,0.006075680255889893,True,False
label=marker_text=towel.jpg,label=marker_text=towel.jpg,RTA100,marker,towel,/external-cache/fse_typographic_20260926/external/Defense-Prefix/rta100.zip,rta100/label=marker_text=towel.jpg,0.24179713428020477,0.21649916470050812,0.025297969579696655,True,True
label=mask_text=bag.jpg,label=mask_text=bag.jpg,RTA100,mask,bag,/external-cache/fse_typographic_20260926/external/Defense-Prefix/rta100.zip,rta100/label=mask_text=bag.jpg,0.19426973164081573,0.2502024173736572,-0.05593268573284149,False,False
label=mask_text=bottle.jpg,label=mask_text=bottle.jpg,RTA100,mask,bottle,/external-cache/fse_typographic_20260926/external/Defense-Prefix/rta100.zip,rta100/label=mask_text=bottle.jpg,0.21944701671600342,0.19133354723453522,0.0281134694814682,True,False
label=mask_text=cup.jpg,label=mask_text=cup.jpg,RTA100,mask,cup,/external-cache/fse_typographic_20260926/external/Defense-Prefix/rta100.zip,rta100/label=mask_text=cup.jpg,0.23392120003700256,0.26571547985076904,-0.03179427981376648,False,False
label=mask_text=curtain.jpg,label=mask_text=curtain.jpg,RTA100,mask,curtain,/external-cache/fse_typographic_20260926/external/Defense-Prefix/rta100.zip,rta100/label=mask_text=curtain.jpg,0.2144809067249298,0.1860485076904297,0.028432399034500122,True,False
label=mask_text=earphones.jpg,label=mask_text=earphones.jpg,RTA100,mask,earphones,/external-cache/fse_typographic_20260926/external/Defense-Prefix/rta100.zip,rta100/label=mask_text=earphones.jpg,0.1993715763092041,0.2191283404827118,-0.01975676417350769,False,False
label=mask_text=mango.jpg,label=mask_text=mango.jpg,RTA100,mask,mango,/external-cache/fse_typographic_20260926/external/Defense-Prefix/rta100.zip,rta100/label=mask_text=mango.jpg,0.22157423198223114,0.17263850569725037,0.048935726284980774,True,True
label=mask_text=mug.jpg,label=mask_text=mug.jpg,RTA100,mask,mug,/external-cache/fse_typographic_20260926/external/Defense-Prefix/rta100.zip,rta100/label=mask_text=mug.jpg,0.23084242641925812,0.23170354962348938,-0.0008611232042312622,False,False
label=mask_text=suitcase.jpg,label=mask_text=suitcase.jpg,RTA100,mask,suitcase,/external-cache/fse_typographic_20260926/external/Defense-Prefix/rta100.zip,rta100/label=mask_text=suitcase.jpg,0.225025475025177,0.1949421614408493,0.030083313584327698,True,False
label=mask_text=toothbrush.jpg,label=mask_text=toothbrush.jpg,RTA100,mask,toothbrush,/external-cache/fse_typographic_20260926/external/Defense-Prefix/rta100.zip,rta100/label=mask_text=toothbrush.jpg,0.1907193958759308,0.22515474259853363,-0.034435346722602844,False,False
label=mask_text=whiteboard.jpg,label=mask_text=whiteboard.jpg,RTA100,mask,whiteboard,/external-cache/fse_typographic_20260926/external/Defense-Prefix/rta100.zip,rta100/label=mask_text=whiteboard.jpg,0.18863217532634735,0.21596340835094452,-0.027331233024597168,False,False
label=melon_text=camera.jpg,label=melon_text=camera.jpg,RTA100,melon,camera,/external-cache/fse_typographic_20260926/external/Defense-Prefix/rta100.zip,rta100/label=melon_text=camera.jpg,0.2260075956583023,0.2505896985530853,-0.02458210289478302,False,False
label=melon_text=floor.jpg,label=melon_text=floor.jpg,RTA100,melon,floor,/external-cache/fse_typographic_20260926/external/Defense-Prefix/rta100.zip,rta100/label=melon_text=floor.jpg,0.23291349411010742,0.27471041679382324,-0.04179692268371582,False,False
label=melon_text=fork.jpg,label=melon_text=fork.jpg,RTA100,melon,fork,/external-cache/fse_typographic_20260926/external/Defense-Prefix/rta100.zip,rta100/label=melon_text=fork.jpg,0.24195650219917297,0.10380271077156067,0.1381537914276123,True,True
label=melon_text=fridge.jpg,label=melon_text=fridge.jpg,RTA100,melon,fridge,/external-cache/fse_typographic_20260926/external/Defense-Prefix/rta100.zip,rta100/label=melon_text=fridge.jpg,0.3098069727420807,0.16834856569766998,0.1414584070444107,True,True
label=melon_text=hat.jpg,label=melon_text=hat.jpg,RTA100,melon,hat,/external-cache/fse_typographic_20260926/external/Defense-Prefix/rta100.zip,rta100/label=melon_text=hat.jpg,0.27369609475135803,0.27843138575553894,-0.004735291004180908,False,False
label=melon_text=light bulb.jpg,label=melon_text=light bulb.jpg,RTA100,melon,light bulb,/external-cache/fse_typographic_20260926/external/Defense-Prefix/rta100.zip,rta100/label=melon_text=light bulb.jpg,0.25222325325012207,0.15974047780036926,0.09248277544975281,True,True
label=melon_text=marker.jpg,label=melon_text=marker.jpg,RTA100,melon,marker,/external-cache/fse_typographic_20260926/external/Defense-Prefix/rta100.zip,rta100/label=melon_text=marker.jpg,0.2973637282848358,0.21943920850753784,0.07792451977729797,True,True
label=melon_text=pen.jpg,label=melon_text=pen.jpg,RTA100,melon,pen,/external-cache/fse_typographic_20260926/external/Defense-Prefix/rta100.zip,rta100/label=melon_text=pen.jpg,0.25698304176330566,0.16131624579429626,0.0956667959690094,True,True
label=melon_text=plate.jpg,label=melon_text=plate.jpg,RTA100,melon,plate,/external-cache/fse_typographic_20260926/external/Defense-Prefix/rta100.zip,rta100/label=melon_text=plate.jpg,0.3096470236778259,0.26088544726371765,0.048761576414108276,True,True
label=melon_text=pot.jpg,label=melon_text=pot.jpg,RTA100,melon,pot,/external-cache/fse_typographic_20260926/external/Defense-Prefix/rta100.zip,rta100/label=melon_text=pot.jpg,0.2850913107395172,0.2175375521183014,0.06755375862121582,True,True
label=mic_text=book.jpg,label=mic_text=book.jpg,RTA100,mic,book,/external-cache/fse_typographic_20260926/external/Defense-Prefix/rta100.zip,rta100/label=mic_text=book.jpg,0.23028308153152466,0.19854861497879028,0.031734466552734375,True,False
label=mic_text=cone.jpg,label=mic_text=cone.jpg,RTA100,mic,cone,/external-cache/fse_typographic_20260926/external/Defense-Prefix/rta100.zip,rta100/label=mic_text=cone.jpg,0.25319164991378784,0.18258026242256165,0.0706113874912262,True,True
label=mic_text=iPhone.jpg,label=mic_text=iPhone.jpg,RTA100,mic,iPhone,/external-cache/fse_typographic_20260926/external/Defense-Prefix/rta100.zip,rta100/label=mic_text=iPhone.jpg,0.25464093685150146,0.20152591168880463,0.05311502516269684,True,True
label=mic_text=laptop.jpg,label=mic_text=laptop.jpg,RTA100,mic,laptop,/external-cache/fse_typographic_20260926/external/Defense-Prefix/rta100.zip,rta100/label=mic_text=laptop.jpg,0.28109318017959595,0.1386251598596573,0.14246802031993866,True,True
label=mic_text=onion.jpg,label=mic_text=onion.jpg,RTA100,mic,onion,/external-cache/fse_typographic_20260926/external/Defense-Prefix/rta100.zip,rta100/label=mic_text=onion.jpg,0.23076891899108887,0.1013106256723404,0.12945829331874847,True,True
label=mic_text=oven.jpg,label=mic_text=oven.jpg,RTA100,mic,oven,/external-cache/fse_typographic_20260926/external/Defense-Prefix/rta100.zip,rta100/label=mic_text=oven.jpg,0.2037934809923172,0.18031185865402222,0.023481622338294983,True,False
label=mic_text=peach.jpg,label=mic_text=peach.jpg,RTA100,mic,peach,/external-cache/fse_typographic_20260926/external/Defense-Prefix/rta100.zip,rta100/label=mic_text=peach.jpg,0.2021164894104004,0.15955722332000732,0.042559266090393066,True,False
label=mic_text=scissors.jpg,label=mic_text=scissors.jpg,RTA100,mic,scissors,/external-cache/fse_typographic_20260926/external/Defense-Prefix/rta100.zip,rta100/label=mic_text=scissors.jpg,0.2551557123661041,0.19013376533985138,0.06502194702625275,True,True
label=mic_text=table.jpg,label=mic_text=table.jpg,RTA100,mic,table,/external-cache/fse_typographic_20260926/external/Defense-Prefix/rta100.zip,rta100/label=mic_text=table.jpg,0.24461272358894348,0.23026427626609802,0.014348447322845459,True,True
label=mic_text=trash box.jpg,label=mic_text=trash box.jpg,RTA100,mic,trash box,/external-cache/fse_typographic_20260926/external/Defense-Prefix/rta100.zip,rta100/label=mic_text=trash box.jpg,0.2480562925338745,0.2163621187210083,0.03169417381286621,True,True
label=microwave_text=adapter.jpg,label=microwave_text=adapter.jpg,RTA100,microwave,adapter,/external-cache/fse_typographic_20260926/external/Defense-Prefix/rta100.zip,rta100/label=microwave_text=adapter.jpg,0.31031012535095215,0.15663017332553864,0.1536799520254135,True,True
label=microwave_text=fridge.jpg,label=microwave_text=fridge.jpg,RTA100,microwave,fridge,/external-cache/fse_typographic_20260926/external/Defense-Prefix/rta100.zip,rta100/label=microwave_text=fridge.jpg,0.2767445743083954,0.29485681653022766,-0.018112242221832275,False,False
label=microwave_text=glasses.jpg,label=microwave_text=glasses.jpg,RTA100,microwave,glasses,/external-cache/fse_typographic_20260926/external/Defense-Prefix/rta100.zip,rta100/label=microwave_text=glasses.jpg,0.23722699284553528,0.2608382999897003,-0.02361130714416504,False,False
label=microwave_text=hat.jpg,label=microwave_text=hat.jpg,RTA100,microwave,hat,/external-cache/fse_typographic_20260926/external/Defense-Prefix/rta100.zip,rta100/label=microwave_text=hat.jpg,0.3050393760204315,0.16562168300151825,0.13941769301891327,True,False
label=microwave_text=iPad.jpg,label=microwave_text=iPad.jpg,RTA100,microwave,iPad,/external-cache/fse_typographic_20260926/external/Defense-Prefix/rta100.zip,rta100/label=microwave_text=iPad.jpg,0.27413880825042725,0.20868194103240967,0.06545686721801758,True,False
label=microwave_text=mango.jpg,label=microwave_text=mango.jpg,RTA100,microwave,mango,/external-cache/fse_typographic_20260926/external/Defense-Prefix/rta100.zip,rta100/label=microwave_text=mango.jpg,0.29361701011657715,0.18352271616458893,0.11009429395198822,True,True
label=microwave_text=mask.jpg,label=microwave_text=mask.jpg,RTA100,microwave,mask,/external-cache/fse_typographic_20260926/external/Defense-Prefix/rta100.zip,rta100/label=microwave_text=mask.jpg,0.28434598445892334,0.18797090649604797,0.09637507796287537,True,True
label=microwave_text=mousepad.jpg,label=microwave_text=mousepad.jpg,RTA100,microwave,mousepad,/external-cache/fse_typographic_20260926/external/Defense-Prefix/rta100.zip,rta100/label=microwave_text=mousepad.jpg,0.3212953805923462,0.15488570928573608,0.1664096713066101,True,True
label=microwave_text=table.jpg,label=microwave_text=table.jpg,RTA100,microwave,table,/external-cache/fse_typographic_20260926/external/Defense-Prefix/rta100.zip,rta100/label=microwave_text=table.jpg,0.23599892854690552,0.22840526700019836,0.007593661546707153,True,True
label=microwave_text=toothbrush.jpg,label=microwave_text=toothbrush.jpg,RTA100,microwave,toothbrush,/external-cache/fse_typographic_20260926/external/Defense-Prefix/rta100.zip,rta100/label=microwave_text=toothbrush.jpg,0.231035977602005,0.13598814606666565,0.09504783153533936,True,False
label=milk_text=bookshelf.jpg,label=milk_text=bookshelf.jpg,RTA100,milk,bookshelf,/external-cache/fse_typographic_20260926/external/Defense-Prefix/rta100.zip,rta100/label=milk_text=bookshelf.jpg,0.2642363905906677,0.19307401776313782,0.07116237282752991,True,True
label=milk_text=cookie.jpg,label=milk_text=cookie.jpg,RTA100,milk,cookie,/external-cache/fse_typographic_20260926/external/Defense-Prefix/rta100.zip,rta100/label=milk_text=cookie.jpg,0.19757726788520813,0.2564026713371277,-0.058825403451919556,False,False
label=milk_text=light bulb.jpg,label=milk_text=light bulb.jpg,RTA100,milk,light bulb,/external-cache/fse_typographic_20260926/external/Defense-Prefix/rta100.zip,rta100/label=milk_text=light bulb.jpg,0.2567898631095886,0.17457076907157898,0.08221909403800964,True,True
label=milk_text=map.jpg,label=milk_text=map.jpg,RTA100,milk,map,/external-cache/fse_typographic_20260926/external/Defense-Prefix/rta100.zip,rta100/label=milk_text=map.jpg,0.29969117045402527,0.24158814549446106,0.05810302495956421,True,True
label=milk_text=onion.jpg,label=milk_text=onion.jpg,RTA100,milk,onion,/external-cache/fse_typographic_20260926/external/Defense-Prefix/rta100.zip,rta100/label=milk_text=onion.jpg,0.2960475981235504,0.1800244301557541,0.11602316796779633,True,True
label=milk_text=paper.jpg,label=milk_text=paper.jpg,RTA100,milk,paper,/external-cache/fse_typographic_20260926/external/Defense-Prefix/rta100.zip,rta100/label=milk_text=paper.jpg,0.2826702892780304,0.2780952751636505,0.004575014114379883,True,True
label=milk_text=sofa.jpg,label=milk_text=sofa.jpg,RTA100,milk,sofa,/external-cache/fse_typographic_20260926/external/Defense-Prefix/rta100.zip,rta100/label=milk_text=sofa.jpg,0.22130577266216278,0.18681350350379944,0.03449226915836334,True,False
label=milk_text=umbrella.jpg,label=milk_text=umbrella.jpg,RTA100,milk,umbrella,/external-cache/fse_typographic_20260926/external/Defense-Prefix/rta100.zip,rta100/label=milk_text=umbrella.jpg,0.19582821428775787,0.07884306460618973,0.11698514968156815,True,True
label=milk_text=vacuum cleaner.jpg,label=milk_text=vacuum cleaner.jpg,RTA100,milk,vacuum cleaner,/external-cache/fse_typographic_20260926/external/Defense-Prefix/rta100.zip,rta100/label=milk_text=vacuum cleaner.jpg,0.2415562868118286,0.22046616673469543,0.02109012007713318,True,True
label=milk_text=watch.jpg,label=milk_text=watch.jpg,RTA100,milk,watch,/external-cache/fse_typographic_20260926/external/Defense-Prefix/rta100.zip,rta100/label=milk_text=watch.jpg,0.2688075006008148,0.19579073786735535,0.07301676273345947,True,True
label=mirror_text=chair.jpg,label=mirror_text=chair.jpg,RTA100,mirror,chair,/external-cache/fse_typographic_20260926/external/Defense-Prefix/rta100.zip,rta100/label=mirror_text=chair.jpg,0.20080627501010895,0.25657206773757935,-0.0557657927274704,False,False
label=mirror_text=cone.jpg,label=mirror_text=cone.jpg,RTA100,mirror,cone,/external-cache/fse_typographic_20260926/external/Defense-Prefix/rta100.zip,rta100/label=mirror_text=cone.jpg,0.16791951656341553,0.1928645372390747,-0.02494502067565918,False,False
label=mirror_text=curtain.jpg,label=mirror_text=curtain.jpg,RTA100,mirror,curtain,/external-cache/fse_typographic_20260926/external/Defense-Prefix/rta100.zip,rta100/label=mirror_text=curtain.jpg,0.26754632592201233,0.23747068643569946,0.030075639486312866,True,False
label=mirror_text=doll.jpg,label=mirror_text=doll.jpg,RTA100,mirror,doll,/external-cache/fse_typographic_20260926/external/Defense-Prefix/rta100.zip,rta100/label=mirror_text=doll.jpg,0.161687970161438,0.17675942182540894,-0.015071451663970947,False,False
label=mirror_text=flower.jpg,label=mirror_text=flower.jpg,RTA100,mirror,flower,/external-cache/fse_typographic_20260926/external/Defense-Prefix/rta100.zip,rta100/label=mirror_text=flower.jpg,0.2233664095401764,0.17501935362815857,0.04834705591201782,True,True
label=mirror_text=mouse.jpg,label=mirror_text=mouse.jpg,RTA100,mirror,mouse,/external-cache/fse_typographic_20260926/external/Defense-Prefix/rta100.zip,rta100/label=mirror_text=mouse.jpg,0.1928122341632843,0.2085462212562561,-0.015733987092971802,False,False
label=mirror_text=onion.jpg,label=mirror_text=onion.jpg,RTA100,mirror,onion,/external-cache/fse_typographic_20260926/external/Defense-Prefix/rta100.zip,rta100/label=mirror_text=onion.jpg,0.20526152849197388,0.15526054799556732,0.050000980496406555,True,False
label=mirror_text=racquet.jpg,label=mirror_text=racquet.jpg,RTA100,mirror,racquet,/external-cache/fse_typographic_20260926/external/Defense-Prefix/rta100.zip,rta100/label=mirror_text=racquet.jpg,0.26149094104766846,0.23853111267089844,0.02295982837677002,True,False
label=mirror_text=thermometer.jpg,label=mirror_text=thermometer.jpg,RTA100,mirror,thermometer,/external-cache/fse_typographic_20260926/external/Defense-Prefix/rta100.zip,rta100/label=mirror_text=thermometer.jpg,0.15293055772781372,0.16052313148975372,-0.0075925737619400024,False,False
label=mirror_text=watch.jpg,label=mirror_text=watch.jpg,RTA100,mirror,watch,/external-cache/fse_typographic_20260926/external/Defense-Prefix/rta100.zip,rta100/label=mirror_text=watch.jpg,0.207325279712677,0.18008112907409668,0.027244150638580322,True,True
label=monitor_text=basket.jpg,label=monitor_text=basket.jpg,RTA100,monitor,basket,/external-cache/fse_typographic_20260926/external/Defense-Prefix/rta100.zip,rta100/label=monitor_text=basket.jpg,0.3067171573638916,0.18529635667800903,0.12142080068588257,True,True
label=monitor_text=chair.jpg,label=monitor_text=chair.jpg,RTA100,monitor,chair,/external-cache/fse_typographic_20260926/external/Defense-Prefix/rta100.zip,rta100/label=monitor_text=chair.jpg,0.22386033833026886,0.26454246044158936,-0.040682122111320496,False,False
label=monitor_text=marker.jpg,label=monitor_text=marker.jpg,RTA100,monitor,marker,/external-cache/fse_typographic_20260926/external/Defense-Prefix/rta100.zip,rta100/label=monitor_text=marker.jpg,0.22585177421569824,0.22248415648937225,0.0033676177263259888,True,True
label=monitor_text=pen case.jpg,label=monitor_text=pen case.jpg,RTA100,monitor,pen case,/external-cache/fse_typographic_20260926/external/Defense-Prefix/rta100.zip,rta100/label=monitor_text=pen case.jpg,0.28342655301094055,0.13653354346752167,0.14689300954341888,True,True
label=monitor_text=pillow.jpg,label=monitor_text=pillow.jpg,RTA100,monitor,pillow,/external-cache/fse_typographic_20260926/external/Defense-Prefix/rta100.zip,rta100/label=monitor_text=pillow.jpg,0.2975989878177643,0.13841399550437927,0.159184992313385,True,True
label=monitor_text=plate.jpg,label=monitor_text=plate.jpg,RTA100,monitor,plate,/external-cache/fse_typographic_20260926/external/Defense-Prefix/rta100.zip,rta100/label=monitor_text=plate.jpg,0.3051997423171997,0.1850108504295349,0.1201888918876648,True,True
label=monitor_text=pot.jpg,label=monitor_text=pot.jpg,RTA100,monitor,pot,/external-cache/fse_typographic_20260926/external/Defense-Prefix/rta100.zip,rta100/label=monitor_text=pot.jpg,0.28397077322006226,0.193355992436409,0.09061478078365326,True,True
label=monitor_text=socks.jpg,label=monitor_text=socks.jpg,RTA100,monitor,socks,/external-cache/fse_typographic_20260926/external/Defense-Prefix/rta100.zip,rta100/label=monitor_text=socks.jpg,0.2750495672225952,0.1140594333410263,0.1609901338815689,True,True
label=monitor_text=thermometer.jpg,label=monitor_text=thermometer.jpg,RTA100,monitor,thermometer,/external-cache/fse_typographic_20260926/external/Defense-Prefix/rta100.zip,rta100/label=monitor_text=thermometer.jpg,0.2801781892776489,0.12419192492961884,0.1559862643480301,True,True
label=monitor_text=tissue.jpg,label=monitor_text=tissue.jpg,RTA100,monitor,tissue,/external-cache/fse_typographic_20260926/external/Defense-Prefix/rta100.zip,rta100/label=monitor_text=tissue.jpg,0.2837778925895691,0.1511649489402771,0.132612943649292,True,True
label=mouse_text=apple.jpg,label=mouse_text=apple.jpg,RTA100,mouse,apple,/external-cache/fse_typographic_20260926/external/Defense-Prefix/rta100.zip,rta100/label=mouse_text=apple.jpg,0.23982734978199005,0.20985102653503418,0.02997632324695587,True,False
label=mouse_text=controller.jpg,label=mouse_text=controller.jpg,RTA100,mouse,controller,/external-cache/fse_typographic_20260926/external/Defense-Prefix/rta100.zip,rta100/label=mouse_text=controller.jpg,0.12732522189617157,0.208776593208313,-0.08145137131214142,False,False
label=mouse_text=cup.jpg,label=mouse_text=cup.jpg,RTA100,mouse,cup,/external-cache/fse_typographic_20260926/external/Defense-Prefix/rta100.zip,rta100/label=mouse_text=cup.jpg,0.2542928457260132,0.28280648589134216,-0.02851364016532898,False,False
label=mouse_text=flower.jpg,label=mouse_text=flower.jpg,RTA100,mouse,flower,/external-cache/fse_typographic_20260926/external/Defense-Prefix/rta100.zip,rta100/label=mouse_text=flower.jpg,0.23690789937973022,0.22804200649261475,0.008865892887115479,True,False
label=mouse_text=jacket.jpg,label=mouse_text=jacket.jpg,RTA100,mouse,jacket,/external-cache/fse_typographic_20260926/external/Defense-Prefix/rta100.zip,rta100/label=mouse_text=jacket.jpg,0.25966066122055054,0.2140137255191803,0.04564693570137024,True,False
label=mouse_text=key.jpg,label=mouse_text=key.jpg,RTA100,mouse,key,/external-cache/fse_typographic_20260926/external/Defense-Prefix/rta100.zip,rta100/label=mouse_text=key.jpg,0.21493849158287048,0.24321463704109192,-0.028276145458221436,False,False
label=mouse_text=keyboard.jpg,label=mouse_text=keyboard.jpg,RTA100,mouse,keyboard,/external-cache/fse_typographic_20260926/external/Defense-Prefix/rta100.zip,rta100/label=mouse_text=keyboard.jpg,0.2236853986978531,0.22556141018867493,-0.0018760114908218384,False,False
label=mouse_text=milk.jpg,label=mouse_text=milk.jpg,RTA100,mouse,milk,/external-cache/fse_typographic_20260926/external/Defense-Prefix/rta100.zip,rta100/label=mouse_text=milk.jpg,0.2397453486919403,0.18033264577388763,0.05941270291805267,True,True
label=mouse_text=oven.jpg,label=mouse_text=oven.jpg,RTA100,mouse,oven,/external-cache/fse_typographic_20260926/external/Defense-Prefix/rta100.zip,rta100/label=mouse_text=oven.jpg,0.16943630576133728,0.18180978298187256,-0.012373477220535278,False,False
label=mouse_text=scissors.jpg,label=mouse_text=scissors.jpg,RTA100,mouse,scissors,/external-cache/fse_typographic_20260926/external/Defense-Prefix/rta100.zip,rta100/label=mouse_text=scissors.jpg,0.23874390125274658,0.20052611827850342,0.038217782974243164,True,False
label=mousepad_text=can.jpg,label=mousepad_text=can.jpg,RTA100,mousepad,can,/external-cache/fse_typographic_20260926/external/Defense-Prefix/rta100.zip,rta100/label=mousepad_text=can.jpg,0.25539395213127136,0.22699564695358276,0.0283983051776886,True,True
label=mousepad_text=card.jpg,label=mousepad_text=card.jpg,RTA100,mousepad,card,/external-cache/fse_typographic_20260926/external/Defense-Prefix/rta100.zip,rta100/label=mousepad_text=card.jpg,0.23704107105731964,0.29503560066223145,-0.057994529604911804,False,False
label=mousepad_text=cup.jpg,label=mousepad_text=cup.jpg,RTA100,mousepad,cup,/external-cache/fse_typographic_20260926/external/Defense-Prefix/rta100.zip,rta100/label=mousepad_text=cup.jpg,0.2872844636440277,0.1817874163389206,0.10549704730510712,True,True
label=mousepad_text=drill.jpg,label=mousepad_text=drill.jpg,RTA100,mousepad,drill,/external-cache/fse_typographic_20260926/external/Defense-Prefix/rta100.zip,rta100/label=mousepad_text=drill.jpg,0.2724291682243347,0.18626928329467773,0.08615988492965698,True,True
label=mousepad_text=hat.jpg,label=mousepad_text=hat.jpg,RTA100,mousepad,hat,/external-cache/fse_typographic_20260926/external/Defense-Prefix/rta100.zip,rta100/label=mousepad_text=hat.jpg,0.2735055088996887,0.261043518781662,0.012461990118026733,True,True
label=mousepad_text=marker.jpg,label=mousepad_text=marker.jpg,RTA100,mousepad,marker,/external-cache/fse_typographic_20260926/external/Defense-Prefix/rta100.zip,rta100/label=mousepad_text=marker.jpg,0.3179982006549835,0.2272241711616516,0.09077402949333191,True,True
label=mousepad_text=mirror.jpg,label=mousepad_text=mirror.jpg,RTA100,mousepad,mirror,/external-cache/fse_typographic_20260926/external/Defense-Prefix/rta100.zip,rta100/label=mousepad_text=mirror.jpg,0.2202564775943756,0.2109535038471222,0.009302973747253418,True,True
label=mousepad_text=pillow.jpg,label=mousepad_text=pillow.jpg,RTA100,mousepad,pillow,/external-cache/fse_typographic_20260926/external/Defense-Prefix/rta100.zip,rta100/label=mousepad_text=pillow.jpg,0.2262566089630127,0.21945275366306305,0.006803855299949646,True,True
label=mousepad_text=vacuum cleaner.jpg,label=mousepad_text=vacuum cleaner.jpg,RTA100,mousepad,vacuum cleaner,/external-cache/fse_typographic_20260926/external/Defense-Prefix/rta100.zip,rta100/label=mousepad_text=vacuum cleaner.jpg,0.259300172328949,0.1597905308008194,0.09950964152812958,True,True
label=mousepad_text=wallet.jpg,label=mousepad_text=wallet.jpg,RTA100,mousepad,wallet,/external-cache/fse_typographic_20260926/external/Defense-Prefix/rta100.zip,rta100/label=mousepad_text=wallet.jpg,0.1780674308538437,0.17665314674377441,0.001414284110069275,True,False
label=mug_text=apple.jpg,label=mug_text=apple.jpg,RTA100,mug,apple,/external-cache/fse_typographic_20260926/external/Defense-Prefix/rta100.zip,rta100/label=mug_text=apple.jpg,0.1793513149023056,0.19334860146045685,-0.013997286558151245,False,False
label=mug_text=bookshelf.jpg,label=mug_text=bookshelf.jpg,RTA100,mug,bookshelf,/external-cache/fse_typographic_20260926/external/Defense-Prefix/rta100.zip,rta100/label=mug_text=bookshelf.jpg,0.218242809176445,0.14262798428535461,0.0756148248910904,True,True
label=mug_text=floor.jpg,label=mug_text=floor.jpg,RTA100,mug,floor,/external-cache/fse_typographic_20260926/external/Defense-Prefix/rta100.zip,rta100/label=mug_text=floor.jpg,0.30486685037612915,0.26723867654800415,0.037628173828125,True,True
label=mug_text=flower.jpg,label=mug_text=flower.jpg,RTA100,mug,flower,/external-cache/fse_typographic_20260926/external/Defense-Prefix/rta100.zip,rta100/label=mug_text=flower.jpg,0.23897498846054077,0.16365861892700195,0.07531636953353882,True,True
label=mug_text=iPhone.jpg,label=mug_text=iPhone.jpg,RTA100,mug,iPhone,/external-cache/fse_typographic_20260926/external/Defense-Prefix/rta100.zip,rta100/label=mug_text=iPhone.jpg,0.20891329646110535,0.21638470888137817,-0.007471412420272827,False,False
label=mug_text=mask.jpg,label=mug_text=mask.jpg,RTA100,mug,mask,/external-cache/fse_typographic_20260926/external/Defense-Prefix/rta100.zip,rta100/label=mug_text=mask.jpg,0.2532413899898529,0.22477617859840393,0.028465211391448975,True,True
label=mug_text=ruler.jpg,label=mug_text=ruler.jpg,RTA100,mug,ruler,/external-cache/fse_typographic_20260926/external/Defense-Prefix/rta100.zip,rta100/label=mug_text=ruler.jpg,0.23703129589557648,0.1746615618467331,0.062369734048843384,True,False
label=mug_text=sofa.jpg,label=mug_text=sofa.jpg,RTA100,mug,sofa,/external-cache/fse_typographic_20260926/external/Defense-Prefix/rta100.zip,rta100/label=mug_text=sofa.jpg,0.282978355884552,0.20431792736053467,0.07866042852401733,True,True
label=mug_text=toaster.jpg,label=mug_text=toaster.jpg,RTA100,mug,toaster,/external-cache/fse_typographic_20260926/external/Defense-Prefix/rta100.zip,rta100/label=mug_text=toaster.jpg,0.22485633194446564,0.21562102437019348,0.009235307574272156,True,True
label=mug_text=towel.jpg,label=mug_text=towel.jpg,RTA100,mug,towel,/external-cache/fse_typographic_20260926/external/Defense-Prefix/rta100.zip,rta100/label=mug_text=towel.jpg,0.1734522134065628,0.19345468282699585,-0.020002469420433044,False,False
label=notebook_text=DVD.jpg,label=notebook_text=DVD.jpg,RTA100,notebook,DVD,/external-cache/fse_typographic_20260926/external/Defense-Prefix/rta100.zip,rta100/label=notebook_text=DVD.jpg,0.27945616841316223,0.2388678342103958,0.04058833420276642,True,True
label=notebook_text=chopsticks.jpg,label=notebook_text=chopsticks.jpg,RTA100,notebook,chopsticks,/external-cache/fse_typographic_20260926/external/Defense-Prefix/rta100.zip,rta100/label=notebook_text=chopsticks.jpg,0.26403242349624634,0.251552015542984,0.012480407953262329,True,True
label=notebook_text=cookie.jpg,label=notebook_text=cookie.jpg,RTA100,notebook,cookie,/external-cache/fse_typographic_20260926/external/Defense-Prefix/rta100.zip,rta100/label=notebook_text=cookie.jpg,0.20986869931221008,0.22215113043785095,-0.01228243112564087,False,False
label=notebook_text=cup.jpg,label=notebook_text=cup.jpg,RTA100,notebook,cup,/external-cache/fse_typographic_20260926/external/Defense-Prefix/rta100.zip,rta100/label=notebook_text=cup.jpg,0.27956199645996094,0.29731523990631104,-0.017753243446350098,False,False
label=notebook_text=curtain.jpg,label=notebook_text=curtain.jpg,RTA100,notebook,curtain,/external-cache/fse_typographic_20260926/external/Defense-Prefix/rta100.zip,rta100/label=notebook_text=curtain.jpg,0.30063673853874207,0.25569987297058105,0.04493686556816101,True,False
label=notebook_text=dish.jpg,label=notebook_text=dish.jpg,RTA100,notebook,dish,/external-cache/fse_typographic_20260926/external/Defense-Prefix/rta100.zip,rta100/label=notebook_text=dish.jpg,0.20621541142463684,0.1343998908996582,0.07181552052497864,True,True
label=notebook_text=dog.jpg,label=notebook_text=dog.jpg,RTA100,notebook,dog,/external-cache/fse_typographic_20260926/external/Defense-Prefix/rta100.zip,rta100/label=notebook_text=dog.jpg,0.26982757449150085,0.20565785467624664,0.06416971981525421,True,True
label=notebook_text=glove.jpg,label=notebook_text=glove.jpg,RTA100,notebook,glove,/external-cache/fse_typographic_20260926/external/Defense-Prefix/rta100.zip,rta100/label=notebook_text=glove.jpg,0.2480260133743286,0.141680508852005,0.10634550452232361,True,True
label=notebook_text=pot.jpg,label=notebook_text=pot.jpg,RTA100,notebook,pot,/external-cache/fse_typographic_20260926/external/Defense-Prefix/rta100.zip,rta100/label=notebook_text=pot.jpg,0.23714743554592133,0.16343291103839874,0.07371452450752258,True,True
label=notebook_text=toothbrush.jpg,label=notebook_text=toothbrush.jpg,RTA100,notebook,toothbrush,/external-cache/fse_typographic_20260926/external/Defense-Prefix/rta100.zip,rta100/label=notebook_text=toothbrush.jpg,0.24639621376991272,0.22209006547927856,0.024306148290634155,True,True
label=onion_text=earphones.jpg,label=onion_text=earphones.jpg,RTA100,onion,earphones,/external-cache/fse_typographic_20260926/external/Defense-Prefix/rta100.zip,rta100/label=onion_text=earphones.jpg,0.23764267563819885,0.2253439724445343,0.01229870319366455,True,True
label=onion_text=fork.jpg,label=onion_text=fork.jpg,RTA100,onion,fork,/external-cache/fse_typographic_20260926/external/Defense-Prefix/rta100.zip,rta100/label=onion_text=fork.jpg,0.2254636585712433,0.16106712818145752,0.06439653038978577,True,True
label=onion_text=hair dryer.jpg,label=onion_text=hair dryer.jpg,RTA100,onion,hair dryer,/external-cache/fse_typographic_20260926/external/Defense-Prefix/rta100.zip,rta100/label=onion_text=hair dryer.jpg,0.2522795796394348,0.2014753520488739,0.05080422759056091,True,True
label=onion_text=marker.jpg,label=onion_text=marker.jpg,RTA100,onion,marker,/external-cache/fse_typographic_20260926/external/Defense-Prefix/rta100.zip,rta100/label=onion_text=marker.jpg,0.26253753900527954,0.20768478512763977,0.05485275387763977,True,True
label=onion_text=mic.jpg,label=onion_text=mic.jpg,RTA100,onion,mic,/external-cache/fse_typographic_20260926/external/Defense-Prefix/rta100.zip,rta100/label=onion_text=mic.jpg,0.297072172164917,0.14196637272834778,0.1551057994365692,True,True
label=onion_text=mouse.jpg,label=onion_text=mouse.jpg,RTA100,onion,mouse,/external-cache/fse_typographic_20260926/external/Defense-Prefix/rta100.zip,rta100/label=onion_text=mouse.jpg,0.3056766390800476,0.21710170805454254,0.08857493102550507,True,True
label=onion_text=pot.jpg,label=onion_text=pot.jpg,RTA100,onion,pot,/external-cache/fse_typographic_20260926/external/Defense-Prefix/rta100.zip,rta100/label=onion_text=pot.jpg,0.2263021469116211,0.21803370118141174,0.00826844573020935,True,True
label=onion_text=speaker.jpg,label=onion_text=speaker.jpg,RTA100,onion,speaker,/external-cache/fse_typographic_20260926/external/Defense-Prefix/rta100.zip,rta100/label=onion_text=speaker.jpg,0.24968256056308746,0.2863410413265228,-0.036658480763435364,False,False
label=onion_text=toaster.jpg,label=onion_text=toaster.jpg,RTA100,onion,toaster,/external-cache/fse_typographic_20260926/external/Defense-Prefix/rta100.zip,rta100/label=onion_text=toaster.jpg,0.2536781132221222,0.1641765683889389,0.08950154483318329,True,True
label=onion_text=wallet.jpg,label=onion_text=wallet.jpg,RTA100,onion,wallet,/external-cache/fse_typographic_20260926/external/Defense-Prefix/rta100.zip,rta100/label=onion_text=wallet.jpg,0.21517468988895416,0.2090335488319397,0.006141141057014465,True,False
label=oven_text=earphones.jpg,label=oven_text=earphones.jpg,RTA100,oven,earphones,/external-cache/fse_typographic_20260926/external/Defense-Prefix/rta100.zip,rta100/label=oven_text=earphones.jpg,0.2642110586166382,0.16805113852024078,0.0961599200963974,True,False
label=oven_text=fork.jpg,label=oven_text=fork.jpg,RTA100,oven,fork,/external-cache/fse_typographic_20260926/external/Defense-Prefix/rta100.zip,rta100/label=oven_text=fork.jpg,0.24928094446659088,0.0937851294875145,0.15549582242965698,True,False
label=oven_text=hair dryer.jpg,label=oven_text=hair dryer.jpg,RTA100,oven,hair dryer,/external-cache/fse_typographic_20260926/external/Defense-Prefix/rta100.zip,rta100/label=oven_text=hair dryer.jpg,0.2676255404949188,0.250912606716156,0.016712933778762817,True,False
label=oven_text=marker.jpg,label=oven_text=marker.jpg,RTA100,oven,marker,/external-cache/fse_typographic_20260926/external/Defense-Prefix/rta100.zip,rta100/label=oven_text=marker.jpg,0.3055901825428009,0.17119015753269196,0.13440002501010895,True,True
label=oven_text=mic.jpg,label=oven_text=mic.jpg,RTA100,oven,mic,/external-cache/fse_typographic_20260926/external/Defense-Prefix/rta100.zip,rta100/label=oven_text=mic.jpg,0.30465269088745117,0.1672307848930359,0.13742190599441528,True,False
label=oven_text=mouse.jpg,label=oven_text=mouse.jpg,RTA100,oven,mouse,/external-cache/fse_typographic_20260926/external/Defense-Prefix/rta100.zip,rta100/label=oven_text=mouse.jpg,0.2685626149177551,0.1903075873851776,0.07825502753257751,True,False
label=oven_text=pot.jpg,label=oven_text=pot.jpg,RTA100,oven,pot,/external-cache/fse_typographic_20260926/external/Defense-Prefix/rta100.zip,rta100/label=oven_text=pot.jpg,0.24926185607910156,0.18376006186008453,0.06550179421901703,True,False
label=oven_text=speaker.jpg,label=oven_text=speaker.jpg,RTA100,oven,speaker,/external-cache/fse_typographic_20260926/external/Defense-Prefix/rta100.zip,rta100/label=oven_text=speaker.jpg,0.2728375494480133,0.26911067962646484,0.003726869821548462,True,False
label=oven_text=toaster.jpg,label=oven_text=toaster.jpg,RTA100,oven,toaster,/external-cache/fse_typographic_20260926/external/Defense-Prefix/rta100.zip,rta100/label=oven_text=toaster.jpg,0.2515629827976227,0.2612726092338562,-0.00970962643623352,False,False
label=oven_text=wallet.jpg,label=oven_text=wallet.jpg,RTA100,oven,wallet,/external-cache/fse_typographic_20260926/external/Defense-Prefix/rta100.zip,rta100/label=oven_text=wallet.jpg,0.20151300728321075,0.17364175617694855,0.027871251106262207,True,False
label=pants_text=chair.jpg,label=pants_text=chair.jpg,RTA100,pants,chair,/external-cache/fse_typographic_20260926/external/Defense-Prefix/rta100.zip,rta100/label=pants_text=chair.jpg,0.24807508289813995,0.17950794100761414,0.06856714189052582,True,True
label=pants_text=cup.jpg,label=pants_text=cup.jpg,RTA100,pants,cup,/external-cache/fse_typographic_20260926/external/Defense-Prefix/rta100.zip,rta100/label=pants_text=cup.jpg,0.2853051424026489,0.13234439492225647,0.15296074748039246,True,True
label=pants_text=curtain.jpg,label=pants_text=curtain.jpg,RTA100,pants,curtain,/external-cache/fse_typographic_20260926/external/Defense-Prefix/rta100.zip,rta100/label=pants_text=curtain.jpg,0.28872203826904297,0.17400258779525757,0.1147194504737854,True,True
label=pants_text=iron.jpg,label=pants_text=iron.jpg,RTA100,pants,iron,/external-cache/fse_typographic_20260926/external/Defense-Prefix/rta100.zip,rta100/label=pants_text=iron.jpg,0.2550278902053833,0.1374296396970749,0.11759825050830841,True,True
label=pants_text=pen case.jpg,label=pants_text=pen case.jpg,RTA100,pants,pen case,/external-cache/fse_typographic_20260926/external/Defense-Prefix/rta100.zip,rta100/label=pants_text=pen case.jpg,0.2726457417011261,0.15529319643974304,0.11735254526138306,True,True
label=pants_text=pot.jpg,label=pants_text=pot.jpg,RTA100,pants,pot,/external-cache/fse_typographic_20260926/external/Defense-Prefix/rta100.zip,rta100/label=pants_text=pot.jpg,0.2731381058692932,0.22278417646884918,0.05035392940044403,True,False
label=pants_text=slipper.jpg,label=pants_text=slipper.jpg,RTA100,pants,slipper,/external-cache/fse_typographic_20260926/external/Defense-Prefix/rta100.zip,rta100/label=pants_text=slipper.jpg,0.2848564386367798,0.19354046881198883,0.09131596982479095,True,True
label=pants_text=t-shirt.jpg,label=pants_text=t-shirt.jpg,RTA100,pants,t-shirt,/external-cache/fse_typographic_20260926/external/Defense-Prefix/rta100.zip,rta100/label=pants_text=t-shirt.jpg,0.29163745045661926,0.17371365427970886,0.1179237961769104,True,True
label=pants_text=tissue.jpg,label=pants_text=tissue.jpg,RTA100,pants,tissue,/external-cache/fse_typographic_20260926/external/Defense-Prefix/rta100.zip,rta100/label=pants_text=tissue.jpg,0.2806686758995056,0.16104143857955933,0.11962723731994629,True,True
label=pants_text=tray.jpg,label=pants_text=tray.jpg,RTA100,pants,tray,/external-cache/fse_typographic_20260926/external/Defense-Prefix/rta100.zip,rta100/label=pants_text=tray.jpg,0.2706524133682251,0.12915459275245667,0.14149782061576843,True,True
label=paper_text=bed.jpg,label=paper_text=bed.jpg,RTA100,paper,bed,/external-cache/fse_typographic_20260926/external/Defense-Prefix/rta100.zip,rta100/label=paper_text=bed.jpg,0.3202313780784607,0.25561314821243286,0.06461822986602783,True,True
label=paper_text=earphones.jpg,label=paper_text=earphones.jpg,RTA100,paper,earphones,/external-cache/fse_typographic_20260926/external/Defense-Prefix/rta100.zip,rta100/label=paper_text=earphones.jpg,0.1583929806947708,0.1699327677488327,-0.01153978705406189,False,False
label=paper_text=hat.jpg,label=paper_text=hat.jpg,RTA100,paper,hat,/external-cache/fse_typographic_20260926/external/Defense-Prefix/rta100.zip,rta100/label=paper_text=hat.jpg,0.20710255205631256,0.1862267553806305,0.020875796675682068,True,False
label=paper_text=iron.jpg,label=paper_text=iron.jpg,RTA100,paper,iron,/external-cache/fse_typographic_20260926/external/Defense-Prefix/rta100.zip,rta100/label=paper_text=iron.jpg,0.27715614438056946,0.24177441000938416,0.0353817343711853,True,True
label=paper_text=keyboard.jpg,label=paper_text=keyboard.jpg,RTA100,paper,keyboard,/external-cache/fse_typographic_20260926/external/Defense-Prefix/rta100.zip,rta100/label=paper_text=keyboard.jpg,0.2711283564567566,0.22997301816940308,0.041155338287353516,True,True
label=paper_text=milk.jpg,label=paper_text=milk.jpg,RTA100,paper,milk,/external-cache/fse_typographic_20260926/external/Defense-Prefix/rta100.zip,rta100/label=paper_text=milk.jpg,0.25584501028060913,0.26988649368286133,-0.014041483402252197,False,False
label=paper_text=oven.jpg,label=paper_text=oven.jpg,RTA100,paper,oven,/external-cache/fse_typographic_20260926/external/Defense-Prefix/rta100.zip,rta100/label=paper_text=oven.jpg,0.3045751452445984,0.20954497158527374,0.09503017365932465,True,True
label=paper_text=pants.jpg,label=paper_text=pants.jpg,RTA100,paper,pants,/external-cache/fse_typographic_20260926/external/Defense-Prefix/rta100.zip,rta100/label=paper_text=pants.jpg,0.24839764833450317,0.19213972985744476,0.05625791847705841,True,True
label=paper_text=speaker.jpg,label=paper_text=speaker.jpg,RTA100,paper,speaker,/external-cache/fse_typographic_20260926/external/Defense-Prefix/rta100.zip,rta100/label=paper_text=speaker.jpg,0.2886062264442444,0.24216479063034058,0.04644143581390381,True,True
label=paper_text=toothbrush.jpg,label=paper_text=toothbrush.jpg,RTA100,paper,toothbrush,/external-cache/fse_typographic_20260926/external/Defense-Prefix/rta100.zip,rta100/label=paper_text=toothbrush.jpg,0.2205999791622162,0.18807575106620789,0.0325242280960083,True,True
label=peach_text=can.jpg,label=peach_text=can.jpg,RTA100,peach,can,/external-cache/fse_typographic_20260926/external/Defense-Prefix/rta100.zip,rta100/label=peach_text=can.jpg,0.299746572971344,0.20047038793563843,0.09927618503570557,True,True
label=peach_text=controller.jpg,label=peach_text=controller.jpg,RTA100,peach,controller,/external-cache/fse_typographic_20260926/external/Defense-Prefix/rta100.zip,rta100/label=peach_text=controller.jpg,0.24736058712005615,0.20207712054252625,0.04528346657752991,True,True
label=peach_text=eraser.jpg,label=peach_text=eraser.jpg,RTA100,peach,eraser,/external-cache/fse_typographic_20260926/external/Defense-Prefix/rta100.zip,rta100/label=peach_text=eraser.jpg,0.22456316649913788,0.13724680244922638,0.0873163640499115,True,True
label=peach_text=glove.jpg,label=peach_text=glove.jpg,RTA100,peach,glove,/external-cache/fse_typographic_20260926/external/Defense-Prefix/rta100.zip,rta100/label=peach_text=glove.jpg,0.2591102123260498,0.18985766172409058,0.06925255060195923,True,False
label=peach_text=map.jpg,label=peach_text=map.jpg,RTA100,peach,map,/external-cache/fse_typographic_20260926/external/Defense-Prefix/rta100.zip,rta100/label=peach_text=map.jpg,0.2894096374511719,0.16320450603961945,0.12620513141155243,True,True
label=peach_text=mousepad.jpg,label=peach_text=mousepad.jpg,RTA100,peach,mousepad,/external-cache/fse_typographic_20260926/external/Defense-Prefix/rta100.zip,rta100/label=peach_text=mousepad.jpg,0.29895007610321045,0.263791561126709,0.035158514976501465,True,True
label=peach_text=plate.jpg,label=peach_text=plate.jpg,RTA100,peach,plate,/external-cache/fse_typographic_20260926/external/Defense-Prefix/rta100.zip,rta100/label=peach_text=plate.jpg,0.2704230546951294,0.2609480917453766,0.009474962949752808,True,True
label=peach_text=remote.jpg,label=peach_text=remote.jpg,RTA100,peach,remote,/external-cache/fse_typographic_20260926/external/Defense-Prefix/rta100.zip,rta100/label=peach_text=remote.jpg,0.2729684114456177,0.17227207124233246,0.10069634020328522,True,True
label=peach_text=table.jpg,label=peach_text=table.jpg,RTA100,peach,table,/external-cache/fse_typographic_20260926/external/Defense-Prefix/rta100.zip,rta100/label=peach_text=table.jpg,0.2824656367301941,0.2380036860704422,0.04446195065975189,True,True
label=peach_text=toothbrush.jpg,label=peach_text=toothbrush.jpg,RTA100,peach,toothbrush,/external-cache/fse_typographic_20260926/external/Defense-Prefix/rta100.zip,rta100/label=peach_text=toothbrush.jpg,0.21245157718658447,0.20607009530067444,0.006381481885910034,True,True
label=pen case_text=airconditioner.jpg,label=pen case_text=airconditioner.jpg,RTA100,pen case,airconditioner,/external-cache/fse_typographic_20260926/external/Defense-Prefix/rta100.zip,rta100/label=pen case_text=airconditioner.jpg,0.24176594614982605,0.18542715907096863,0.05633878707885742,True,False
label=pen case_text=bookshelf.jpg,label=pen case_text=bookshelf.jpg,RTA100,pen case,bookshelf,/external-cache/fse_typographic_20260926/external/Defense-Prefix/rta100.zip,rta100/label=pen case_text=bookshelf.jpg,0.2404993772506714,0.19808067381381989,0.0424187034368515,True,True
label=pen case_text=eraser.jpg,label=pen case_text=eraser.jpg,RTA100,pen case,eraser,/external-cache/fse_typographic_20260926/external/Defense-Prefix/rta100.zip,rta100/label=pen case_text=eraser.jpg,0.2655266523361206,0.2472492754459381,0.018277376890182495,True,True
label=pen case_text=flower.jpg,label=pen case_text=flower.jpg,RTA100,pen case,flower,/external-cache/fse_typographic_20260926/external/Defense-Prefix/rta100.zip,rta100/label=pen case_text=flower.jpg,0.2356446385383606,0.20406463742256165,0.03158000111579895,True,True
label=pen case_text=fork.jpg,label=pen case_text=fork.jpg,RTA100,pen case,fork,/external-cache/fse_typographic_20260926/external/Defense-Prefix/rta100.zip,rta100/label=pen case_text=fork.jpg,0.19746434688568115,0.11503241956233978,0.08243192732334137,True,True
label=pen case_text=frisbee.jpg,label=pen case_text=frisbee.jpg,RTA100,pen case,frisbee,/external-cache/fse_typographic_20260926/external/Defense-Prefix/rta100.zip,rta100/label=pen case_text=frisbee.jpg,0.2019079327583313,0.12660926580429077,0.07529866695404053,True,True
label=pen case_text=lemon.jpg,label=pen case_text=lemon.jpg,RTA100,pen case,lemon,/external-cache/fse_typographic_20260926/external/Defense-Prefix/rta100.zip,rta100/label=pen case_text=lemon.jpg,0.24217762053012848,0.1988082230091095,0.04336939752101898,True,True
label=pen case_text=microwave.jpg,label=pen case_text=microwave.jpg,RTA100,pen case,microwave,/external-cache/fse_typographic_20260926/external/Defense-Prefix/rta100.zip,rta100/label=pen case_text=microwave.jpg,0.20018640160560608,0.18088261783123016,0.019303783774375916,True,True
label=pen case_text=remote.jpg,label=pen case_text=remote.jpg,RTA100,pen case,remote,/external-cache/fse_typographic_20260926/external/Defense-Prefix/rta100.zip,rta100/label=pen case_text=remote.jpg,0.24362169206142426,0.17839652299880981,0.06522516906261444,True,True
label=pen case_text=slipper.jpg,label=pen case_text=slipper.jpg,RTA100,pen case,slipper,/external-cache/fse_typographic_20260926/external/Defense-Prefix/rta100.zip,rta100/label=pen case_text=slipper.jpg,0.2627858817577362,0.25287410616874695,0.009911775588989258,True,False
label=pen_text=bed.jpg,label=pen_text=bed.jpg,RTA100,pen,bed,/external-cache/fse_typographic_20260926/external/Defense-Prefix/rta100.zip,rta100/label=pen_text=bed.jpg,0.2318853735923767,0.26506829261779785,-0.03318291902542114,False,False
label=pen_text=camera.jpg,label=pen_text=camera.jpg,RTA100,pen,camera,/external-cache/fse_typographic_20260926/external/Defense-Prefix/rta100.zip,rta100/label=pen_text=camera.jpg,0.2362280786037445,0.2158544361591339,0.020373642444610596,True,False
label=pen_text=can.jpg,label=pen_text=can.jpg,RTA100,pen,can,/external-cache/fse_typographic_20260926/external/Defense-Prefix/rta100.zip,rta100/label=pen_text=can.jpg,0.2922433912754059,0.21730421483516693,0.07493917644023895,True,True
label=pen_text=drill.jpg,label=pen_text=drill.jpg,RTA100,pen,drill,/external-cache/fse_typographic_20260926/external/Defense-Prefix/rta100.zip,rta100/label=pen_text=drill.jpg,0.19970601797103882,0.20914486050605774,-0.009438842535018921,False,False
label=pen_text=hair dryer.jpg,label=pen_text=hair dryer.jpg,RTA100,pen,hair dryer,/external-cache/fse_typographic_20260926/external/Defense-Prefix/rta100.zip,rta100/label=pen_text=hair dryer.jpg,0.23950570821762085,0.2044643759727478,0.03504133224487305,True,True
label=pen_text=pants.jpg,label=pen_text=pants.jpg,RTA100,pen,pants,/external-cache/fse_typographic_20260926/external/Defense-Prefix/rta100.zip,rta100/label=pen_text=pants.jpg,0.21363896131515503,0.15300361812114716,0.060635343194007874,True,True
label=pen_text=racquet.jpg,label=pen_text=racquet.jpg,RTA100,pen,racquet,/external-cache/fse_typographic_20260926/external/Defense-Prefix/rta100.zip,rta100/label=pen_text=racquet.jpg,0.33555787801742554,0.23949304223060608,0.09606483578681946,True,True
label=pen_text=scissors.jpg,label=pen_text=scissors.jpg,RTA100,pen,scissors,/external-cache/fse_typographic_20260926/external/Defense-Prefix/rta100.zip,rta100/label=pen_text=scissors.jpg,0.23518207669258118,0.2081371545791626,0.02704492211341858,True,True
label=pen_text=spoon.jpg,label=pen_text=spoon.jpg,RTA100,pen,spoon,/external-cache/fse_typographic_20260926/external/Defense-Prefix/rta100.zip,rta100/label=pen_text=spoon.jpg,0.2243804633617401,0.1632736325263977,0.06110683083534241,True,False
label=pen_text=towel.jpg,label=pen_text=towel.jpg,RTA100,pen,towel,/external-cache/fse_typographic_20260926/external/Defense-Prefix/rta100.zip,rta100/label=pen_text=towel.jpg,0.24225199222564697,0.23629364371299744,0.005958348512649536,True,False
label=pillow_text=frisbee.jpg,label=pillow_text=frisbee.jpg,RTA100,pillow,frisbee,/external-cache/fse_typographic_20260926/external/Defense-Prefix/rta100.zip,rta100/label=pillow_text=frisbee.jpg,0.22123226523399353,0.09293479472398758,0.12829747796058655,True,True
label=pillow_text=iron.jpg,label=pillow_text=iron.jpg,RTA100,pillow,iron,/external-cache/fse_typographic_20260926/external/Defense-Prefix/rta100.zip,rta100/label=pillow_text=iron.jpg,0.2540366053581238,0.16448631882667542,0.08955028653144836,True,True
label=pillow_text=laptop.jpg,label=pillow_text=laptop.jpg,RTA100,pillow,laptop,/external-cache/fse_typographic_20260926/external/Defense-Prefix/rta100.zip,rta100/label=pillow_text=laptop.jpg,0.2806159257888794,0.1711740791797638,0.1094418466091156,True,True
label=pillow_text=microwave.jpg,label=pillow_text=microwave.jpg,RTA100,pillow,microwave,/external-cache/fse_typographic_20260926/external/Defense-Prefix/rta100.zip,rta100/label=pillow_text=microwave.jpg,0.2554183006286621,0.14263756573200226,0.11278073489665985,True,True
label=pillow_text=monitor.jpg,label=pillow_text=monitor.jpg,RTA100,pillow,monitor,/external-cache/fse_typographic_20260926/external/Defense-Prefix/rta100.zip,rta100/label=pillow_text=monitor.jpg,0.2223380208015442,0.15175721049308777,0.07058081030845642,True,True
label=pillow_text=oven.jpg,label=pillow_text=oven.jpg,RTA100,pillow,oven,/external-cache/fse_typographic_20260926/external/Defense-Prefix/rta100.zip,rta100/label=pillow_text=oven.jpg,0.2758997976779938,0.16609252989292145,0.10980726778507233,True,True
label=pillow_text=pants.jpg,label=pillow_text=pants.jpg,RTA100,pillow,pants,/external-cache/fse_typographic_20260926/external/Defense-Prefix/rta100.zip,rta100/label=pillow_text=pants.jpg,0.2586958706378937,0.18517328798770905,0.07352258265018463,True,False
label=pillow_text=spoon.jpg,label=pillow_text=spoon.jpg,RTA100,pillow,spoon,/external-cache/fse_typographic_20260926/external/Defense-Prefix/rta100.zip,rta100/label=pillow_text=spoon.jpg,0.22533856332302094,0.05362403392791748,0.17171452939510345,True,True
label=pillow_text=tie.jpg,label=pillow_text=tie.jpg,RTA100,pillow,tie,/external-cache/fse_typographic_20260926/external/Defense-Prefix/rta100.zip,rta100/label=pillow_text=tie.jpg,0.2693576216697693,0.16352027654647827,0.10583734512329102,True,True
label=pillow_text=toothbrush.jpg,label=pillow_text=toothbrush.jpg,RTA100,pillow,toothbrush,/external-cache/fse_typographic_20260926/external/Defense-Prefix/rta100.zip,rta100/label=pillow_text=toothbrush.jpg,0.2316904067993164,0.23101270198822021,0.0006777048110961914,True,True
label=plate_text=bottle.jpg,label=plate_text=bottle.jpg,RTA100,plate,bottle,/external-cache/fse_typographic_20260926/external/Defense-Prefix/rta100.zip,rta100/label=plate_text=bottle.jpg,0.21300330758094788,0.18454088270664215,0.028462424874305725,True,True
label=plate_text=cookie.jpg,label=plate_text=cookie.jpg,RTA100,plate,cookie,/external-cache/fse_typographic_20260926/external/Defense-Prefix/rta100.zip,rta100/label=plate_text=cookie.jpg,0.2801797091960907,0.22682680189609528,0.05335290729999542,True,True
label=plate_text=fork.jpg,label=plate_text=fork.jpg,RTA100,plate,fork,/external-cache/fse_typographic_20260926/external/Defense-Prefix/rta100.zip,rta100/label=plate_text=fork.jpg,0.22058549523353577,0.12114711105823517,0.0994383841753006,True,True
label=plate_text=glasses.jpg,label=plate_text=glasses.jpg,RTA100,plate,glasses,/external-cache/fse_typographic_20260926/external/Defense-Prefix/rta100.zip,rta100/label=plate_text=glasses.jpg,0.30534628033638,0.26956313848495483,0.03578314185142517,True,True
label=plate_text=light bulb.jpg,label=plate_text=light bulb.jpg,RTA100,plate,light bulb,/external-cache/fse_typographic_20260926/external/Defense-Prefix/rta100.zip,rta100/label=plate_text=light bulb.jpg,0.21299433708190918,0.19034400582313538,0.022650331258773804,True,True
label=plate_text=melon.jpg,label=plate_text=melon.jpg,RTA100,plate,melon,/external-cache/fse_typographic_20260926/external/Defense-Prefix/rta100.zip,rta100/label=plate_text=melon.jpg,0.23818600177764893,0.1664498746395111,0.07173612713813782,True,True
label=plate_text=microwave.jpg,label=plate_text=microwave.jpg,RTA100,plate,microwave,/external-cache/fse_typographic_20260926/external/Defense-Prefix/rta100.zip,rta100/label=plate_text=microwave.jpg,0.25082042813301086,0.21736127138137817,0.03345915675163269,True,False
label=plate_text=paper.jpg,label=plate_text=paper.jpg,RTA100,plate,paper,/external-cache/fse_typographic_20260926/external/Defense-Prefix/rta100.zip,rta100/label=plate_text=paper.jpg,0.24830873310565948,0.19352015852928162,0.05478857457637787,True,True
label=plate_text=slipper.jpg,label=plate_text=slipper.jpg,RTA100,plate,slipper,/external-cache/fse_typographic_20260926/external/Defense-Prefix/rta100.zip,rta100/label=plate_text=slipper.jpg,0.24641838669776917,0.22253361344337463,0.02388477325439453,True,False
label=plate_text=toaster.jpg,label=plate_text=toaster.jpg,RTA100,plate,toaster,/external-cache/fse_typographic_20260926/external/Defense-Prefix/rta100.zip,rta100/label=plate_text=toaster.jpg,0.2403721809387207,0.1967577189207077,0.043614462018013,True,True
label=pot_text=ball.jpg,label=pot_text=ball.jpg,RTA100,pot,ball,/external-cache/fse_typographic_20260926/external/Defense-Prefix/rta100.zip,rta100/label=pot_text=ball.jpg,0.22745707631111145,0.12288491427898407,0.10457216203212738,True,True
label=pot_text=bookshelf.jpg,label=pot_text=bookshelf.jpg,RTA100,pot,bookshelf,/external-cache/fse_typographic_20260926/external/Defense-Prefix/rta100.zip,rta100/label=pot_text=bookshelf.jpg,0.21670369803905487,0.20159417390823364,0.015109524130821228,True,False
label=pot_text=dog.jpg,label=pot_text=dog.jpg,RTA100,pot,dog,/external-cache/fse_typographic_20260926/external/Defense-Prefix/rta100.zip,rta100/label=pot_text=dog.jpg,0.2540801167488098,0.21187889575958252,0.042201220989227295,True,True
label=pot_text=iPad.jpg,label=pot_text=iPad.jpg,RTA100,pot,iPad,/external-cache/fse_typographic_20260926/external/Defense-Prefix/rta100.zip,rta100/label=pot_text=iPad.jpg,0.22664585709571838,0.21725748479366302,0.009388372302055359,True,True
label=pot_text=marker.jpg,label=pot_text=marker.jpg,RTA100,pot,marker,/external-cache/fse_typographic_20260926/external/Defense-Prefix/rta100.zip,rta100/label=pot_text=marker.jpg,0.18731114268302917,0.19345946609973907,-0.0061483234167099,False,False
label=pot_text=plate.jpg,label=pot_text=plate.jpg,RTA100,pot,plate,/external-cache/fse_typographic_20260926/external/Defense-Prefix/rta100.zip,rta100/label=pot_text=plate.jpg,0.23436665534973145,0.24454186856746674,-0.01017521321773529,False,False
label=pot_text=remote.jpg,label=pot_text=remote.jpg,RTA100,pot,remote,/external-cache/fse_typographic_20260926/external/Defense-Prefix/rta100.zip,rta100/label=pot_text=remote.jpg,0.18383824825286865,0.20549163222312927,-0.02165338397026062,False,False
label=pot_text=sofa.jpg,label=pot_text=sofa.jpg,RTA100,pot,sofa,/external-cache/fse_typographic_20260926/external/Defense-Prefix/rta100.zip,rta100/label=pot_text=sofa.jpg,0.23325759172439575,0.1689530313014984,0.06430456042289734,True,True
label=pot_text=t-shirt.jpg,label=pot_text=t-shirt.jpg,RTA100,pot,t-shirt,/external-cache/fse_typographic_20260926/external/Defense-Prefix/rta100.zip,rta100/label=pot_text=t-shirt.jpg,0.19691374897956848,0.13652542233467102,0.06038832664489746,True,False
label=pot_text=watch.jpg,label=pot_text=watch.jpg,RTA100,pot,watch,/external-cache/fse_typographic_20260926/external/Defense-Prefix/rta100.zip,rta100/label=pot_text=watch.jpg,0.19325555860996246,0.2052309215068817,-0.01197536289691925,False,False
label=racquet_text=DVD.jpg,label=racquet_text=DVD.jpg,RTA100,racquet,DVD,/external-cache/fse_typographic_20260926/external/Defense-Prefix/rta100.zip,rta100/label=racquet_text=DVD.jpg,0.31432050466537476,0.18622249364852905,0.1280980110168457,True,True
label=racquet_text=bowl.jpg,label=racquet_text=bowl.jpg,RTA100,racquet,bowl,/external-cache/fse_typographic_20260926/external/Defense-Prefix/rta100.zip,rta100/label=racquet_text=bowl.jpg,0.33155906200408936,0.17964595556259155,0.1519131064414978,True,True
label=racquet_text=camera.jpg,label=racquet_text=camera.jpg,RTA100,racquet,camera,/external-cache/fse_typographic_20260926/external/Defense-Prefix/rta100.zip,rta100/label=racquet_text=camera.jpg,0.36601805686950684,0.26068800687789917,0.10533004999160767,True,True
label=racquet_text=controller.jpg,label=racquet_text=controller.jpg,RTA100,racquet,controller,/external-cache/fse_typographic_20260926/external/Defense-Prefix/rta100.zip,rta100/label=racquet_text=controller.jpg,0.2965100407600403,0.162554070353508,0.1339559704065323,True,True
label=racquet_text=cookie.jpg,label=racquet_text=cookie.jpg,RTA100,racquet,cookie,/external-cache/fse_typographic_20260926/external/Defense-Prefix/rta100.zip,rta100/label=racquet_text=cookie.jpg,0.2855796813964844,0.19708362221717834,0.08849605917930603,True,True
label=racquet_text=flower.jpg,label=racquet_text=flower.jpg,RTA100,racquet,flower,/external-cache/fse_typographic_20260926/external/Defense-Prefix/rta100.zip,rta100/label=racquet_text=flower.jpg,0.31942686438560486,0.19280225038528442,0.12662461400032043,True,True
label=racquet_text=mask.jpg,label=racquet_text=mask.jpg,RTA100,racquet,mask,/external-cache/fse_typographic_20260926/external/Defense-Prefix/rta100.zip,rta100/label=racquet_text=mask.jpg,0.2523703873157501,0.24012219905853271,0.012248188257217407,True,True
label=racquet_text=mug.jpg,label=racquet_text=mug.jpg,RTA100,racquet,mug,/external-cache/fse_typographic_20260926/external/Defense-Prefix/rta100.zip,rta100/label=racquet_text=mug.jpg,0.32634425163269043,0.19304783642292023,0.1332964152097702,True,True
label=racquet_text=tie.jpg,label=racquet_text=tie.jpg,RTA100,racquet,tie,/external-cache/fse_typographic_20260926/external/Defense-Prefix/rta100.zip,rta100/label=racquet_text=tie.jpg,0.32035040855407715,0.17836390435695648,0.14198650419712067,True,True
label=racquet_text=vacuum cleaner.jpg,label=racquet_text=vacuum cleaner.jpg,RTA100,racquet,vacuum cleaner,/external-cache/fse_typographic_20260926/external/Defense-Prefix/rta100.zip,rta100/label=racquet_text=vacuum cleaner.jpg,0.3449268341064453,0.18147554993629456,0.16345128417015076,True,True
label=remote_text=apple.jpg,label=remote_text=apple.jpg,RTA100,remote,apple,/external-cache/fse_typographic_20260926/external/Defense-Prefix/rta100.zip,rta100/label=remote_text=apple.jpg,0.1563834547996521,0.21785610914230347,-0.06147265434265137,False,False
label=remote_text=drill.jpg,label=remote_text=drill.jpg,RTA100,remote,drill,/external-cache/fse_typographic_20260926/external/Defense-Prefix/rta100.zip,rta100/label=remote_text=drill.jpg,0.26177817583084106,0.17445699870586395,0.08732117712497711,True,True
label=remote_text=egg.jpg,label=remote_text=egg.jpg,RTA100,remote,egg,/external-cache/fse_typographic_20260926/external/Defense-Prefix/rta100.zip,rta100/label=remote_text=egg.jpg,0.26520654559135437,0.15478746592998505,0.11041907966136932,True,True
label=remote_text=fork.jpg,label=remote_text=fork.jpg,RTA100,remote,fork,/external-cache/fse_typographic_20260926/external/Defense-Prefix/rta100.zip,rta100/label=remote_text=fork.jpg,0.2813125550746918,0.1372489631175995,0.14406359195709229,True,True
label=remote_text=key.jpg,label=remote_text=key.jpg,RTA100,remote,key,/external-cache/fse_typographic_20260926/external/Defense-Prefix/rta100.zip,rta100/label=remote_text=key.jpg,0.26368287205696106,0.23697233200073242,0.026710540056228638,True,True
label=remote_text=pen.jpg,label=remote_text=pen.jpg,RTA100,remote,pen,/external-cache/fse_typographic_20260926/external/Defense-Prefix/rta100.zip,rta100/label=remote_text=pen.jpg,0.24268576502799988,0.1998216062784195,0.04286415874958038,True,True
label=remote_text=scissors.jpg,label=remote_text=scissors.jpg,RTA100,remote,scissors,/external-cache/fse_typographic_20260926/external/Defense-Prefix/rta100.zip,rta100/label=remote_text=scissors.jpg,0.30396637320518494,0.17827622592449188,0.12569014728069305,True,True
label=remote_text=sofa.jpg,label=remote_text=sofa.jpg,RTA100,remote,sofa,/external-cache/fse_typographic_20260926/external/Defense-Prefix/rta100.zip,rta100/label=remote_text=sofa.jpg,0.29091671109199524,0.19602333009243011,0.09489338099956512,True,True
label=remote_text=towel.jpg,label=remote_text=towel.jpg,RTA100,remote,towel,/external-cache/fse_typographic_20260926/external/Defense-Prefix/rta100.zip,rta100/label=remote_text=towel.jpg,0.288478821516037,0.1807793825864792,0.1076994389295578,True,True
label=remote_text=umbrella.jpg,label=remote_text=umbrella.jpg,RTA100,remote,umbrella,/external-cache/fse_typographic_20260926/external/Defense-Prefix/rta100.zip,rta100/label=remote_text=umbrella.jpg,0.21731221675872803,0.137605682015419,0.07970653474330902,True,True
label=ruler_text=basket.jpg,label=ruler_text=basket.jpg,RTA100,ruler,basket,/external-cache/fse_typographic_20260926/external/Defense-Prefix/rta100.zip,rta100/label=ruler_text=basket.jpg,0.21125943958759308,0.2560062110424042,-0.044746771454811096,False,False
label=ruler_text=book.jpg,label=ruler_text=book.jpg,RTA100,ruler,book,/external-cache/fse_typographic_20260926/external/Defense-Prefix/rta100.zip,rta100/label=ruler_text=book.jpg,0.15597867965698242,0.25262799859046936,-0.09664931893348694,False,False
label=ruler_text=dish.jpg,label=ruler_text=dish.jpg,RTA100,ruler,dish,/external-cache/fse_typographic_20260926/external/Defense-Prefix/rta100.zip,rta100/label=ruler_text=dish.jpg,0.18815216422080994,0.12411286681890488,0.06403929740190506,True,True
label=ruler_text=drill.jpg,label=ruler_text=drill.jpg,RTA100,ruler,drill,/external-cache/fse_typographic_20260926/external/Defense-Prefix/rta100.zip,rta100/label=ruler_text=drill.jpg,0.25308215618133545,0.15632741153240204,0.09675474464893341,True,True
label=ruler_text=glove.jpg,label=ruler_text=glove.jpg,RTA100,ruler,glove,/external-cache/fse_typographic_20260926/external/Defense-Prefix/rta100.zip,rta100/label=ruler_text=glove.jpg,0.23032504320144653,0.16720280051231384,0.06312224268913269,True,False
label=ruler_text=marker.jpg,label=ruler_text=marker.jpg,RTA100,ruler,marker,/external-cache/fse_typographic_20260926/external/Defense-Prefix/rta100.zip,rta100/label=ruler_text=marker.jpg,0.18669167160987854,0.18830165266990662,-0.0016099810600280762,False,False
label=ruler_text=pillow.jpg,label=ruler_text=pillow.jpg,RTA100,ruler,pillow,/external-cache/fse_typographic_20260926/external/Defense-Prefix/rta100.zip,rta100/label=ruler_text=pillow.jpg,0.2138555943965912,0.22929564118385315,-0.015440046787261963,False,False
label=ruler_text=remote.jpg,label=ruler_text=remote.jpg,RTA100,ruler,remote,/external-cache/fse_typographic_20260926/external/Defense-Prefix/rta100.zip,rta100/label=ruler_text=remote.jpg,0.18281279504299164,0.1555238515138626,0.02728894352912903,True,True
label=ruler_text=thermometer.jpg,label=ruler_text=thermometer.jpg,RTA100,ruler,thermometer,/external-cache/fse_typographic_20260926/external/Defense-Prefix/rta100.zip,rta100/label=ruler_text=thermometer.jpg,0.2905009984970093,0.2542787492275238,0.036222249269485474,True,True
label=ruler_text=tray.jpg,label=ruler_text=tray.jpg,RTA100,ruler,tray,/external-cache/fse_typographic_20260926/external/Defense-Prefix/rta100.zip,rta100/label=ruler_text=tray.jpg,0.22222541272640228,0.19721053540706635,0.025014877319335938,True,False
label=scissors_text=bag.jpg,label=scissors_text=bag.jpg,RTA100,scissors,bag,/external-cache/fse_typographic_20260926/external/Defense-Prefix/rta100.zip,rta100/label=scissors_text=bag.jpg,0.303486704826355,0.23169517517089844,0.07179152965545654,True,True
label=scissors_text=cup.jpg,label=scissors_text=cup.jpg,RTA100,scissors,cup,/external-cache/fse_typographic_20260926/external/Defense-Prefix/rta100.zip,rta100/label=scissors_text=cup.jpg,0.3409356474876404,0.24120600521564484,0.09972964227199554,True,True
label=scissors_text=drill.jpg,label=scissors_text=drill.jpg,RTA100,scissors,drill,/external-cache/fse_typographic_20260926/external/Defense-Prefix/rta100.zip,rta100/label=scissors_text=drill.jpg,0.26329874992370605,0.2289271056652069,0.034371644258499146,True,True
label=scissors_text=eraser.jpg,label=scissors_text=eraser.jpg,RTA100,scissors,eraser,/external-cache/fse_typographic_20260926/external/Defense-Prefix/rta100.zip,rta100/label=scissors_text=eraser.jpg,0.276126891374588,0.2078624665737152,0.0682644248008728,True,True
label=scissors_text=headphone.jpg,label=scissors_text=headphone.jpg,RTA100,scissors,headphone,/external-cache/fse_typographic_20260926/external/Defense-Prefix/rta100.zip,rta100/label=scissors_text=headphone.jpg,0.27871647477149963,0.21952928602695465,0.05918718874454498,True,True
label=scissors_text=map.jpg,label=scissors_text=map.jpg,RTA100,scissors,map,/external-cache/fse_typographic_20260926/external/Defense-Prefix/rta100.zip,rta100/label=scissors_text=map.jpg,0.2745306193828583,0.2593534588813782,0.015177160501480103,True,True
label=scissors_text=pen case.jpg,label=scissors_text=pen case.jpg,RTA100,scissors,pen case,/external-cache/fse_typographic_20260926/external/Defense-Prefix/rta100.zip,rta100/label=scissors_text=pen case.jpg,0.27240270376205444,0.26828521490097046,0.004117488861083984,True,True
label=scissors_text=pot.jpg,label=scissors_text=pot.jpg,RTA100,scissors,pot,/external-cache/fse_typographic_20260926/external/Defense-Prefix/rta100.zip,rta100/label=scissors_text=pot.jpg,0.22672677040100098,0.1323215663433075,0.09440520405769348,True,True
label=scissors_text=towel.jpg,label=scissors_text=towel.jpg,RTA100,scissors,towel,/external-cache/fse_typographic_20260926/external/Defense-Prefix/rta100.zip,rta100/label=scissors_text=towel.jpg,0.2910023629665375,0.16205838322639465,0.12894397974014282,True,True
label=scissors_text=umbrella.jpg,label=scissors_text=umbrella.jpg,RTA100,scissors,umbrella,/external-cache/fse_typographic_20260926/external/Defense-Prefix/rta100.zip,rta100/label=scissors_text=umbrella.jpg,0.29184550046920776,0.16709566116333008,0.12474983930587769,True,True
label=shoes_text=egg.jpg,label=shoes_text=egg.jpg,RTA100,shoes,egg,/external-cache/fse_typographic_20260926/external/Defense-Prefix/rta100.zip,rta100/label=shoes_text=egg.jpg,0.2433130294084549,0.12754368782043457,0.11576934158802032,True,True
label=shoes_text=fridge.jpg,label=shoes_text=fridge.jpg,RTA100,shoes,fridge,/external-cache/fse_typographic_20260926/external/Defense-Prefix/rta100.zip,rta100/label=shoes_text=fridge.jpg,0.27797430753707886,0.14817334711551666,0.1298009604215622,True,True
label=shoes_text=jacket.jpg,label=shoes_text=jacket.jpg,RTA100,shoes,jacket,/external-cache/fse_typographic_20260926/external/Defense-Prefix/rta100.zip,rta100/label=shoes_text=jacket.jpg,0.2687665820121765,0.16038505733013153,0.10838152468204498,True,True
label=shoes_text=lemon.jpg,label=shoes_text=lemon.jpg,RTA100,shoes,lemon,/external-cache/fse_typographic_20260926/external/Defense-Prefix/rta100.zip,rta100/label=shoes_text=lemon.jpg,0.22306010127067566,0.09664437174797058,0.12641572952270508,True,True
label=shoes_text=marker.jpg,label=shoes_text=marker.jpg,RTA100,shoes,marker,/external-cache/fse_typographic_20260926/external/Defense-Prefix/rta100.zip,rta100/label=shoes_text=marker.jpg,0.2349894642829895,0.18180817365646362,0.05318129062652588,True,False
label=shoes_text=mirror.jpg,label=shoes_text=mirror.jpg,RTA100,shoes,mirror,/external-cache/fse_typographic_20260926/external/Defense-Prefix/rta100.zip,rta100/label=shoes_text=mirror.jpg,0.22585034370422363,0.20840734243392944,0.01744300127029419,True,True
label=shoes_text=remote.jpg,label=shoes_text=remote.jpg,RTA100,shoes,remote,/external-cache/fse_typographic_20260926/external/Defense-Prefix/rta100.zip,rta100/label=shoes_text=remote.jpg,0.2147558629512787,0.13395991921424866,0.08079594373703003,True,True
label=shoes_text=spoon.jpg,label=shoes_text=spoon.jpg,RTA100,shoes,spoon,/external-cache/fse_typographic_20260926/external/Defense-Prefix/rta100.zip,rta100/label=shoes_text=spoon.jpg,0.21016304194927216,0.13094976544380188,0.07921327650547028,True,True
label=shoes_text=table.jpg,label=shoes_text=table.jpg,RTA100,shoes,table,/external-cache/fse_typographic_20260926/external/Defense-Prefix/rta100.zip,rta100/label=shoes_text=table.jpg,0.22396695613861084,0.22653073072433472,-0.002563774585723877,False,False
label=shoes_text=tissue.jpg,label=shoes_text=tissue.jpg,RTA100,shoes,tissue,/external-cache/fse_typographic_20260926/external/Defense-Prefix/rta100.zip,rta100/label=shoes_text=tissue.jpg,0.29380160570144653,0.1956557333469391,0.09814587235450745,True,True
label=slipper_text=bag.jpg,label=slipper_text=bag.jpg,RTA100,slipper,bag,/external-cache/fse_typographic_20260926/external/Defense-Prefix/rta100.zip,rta100/label=slipper_text=bag.jpg,0.2779999375343323,0.21650581061840057,0.0614941269159317,True,True
label=slipper_text=bowl.jpg,label=slipper_text=bowl.jpg,RTA100,slipper,bowl,/external-cache/fse_typographic_20260926/external/Defense-Prefix/rta100.zip,rta100/label=slipper_text=bowl.jpg,0.2045227587223053,0.1934995949268341,0.011023163795471191,True,True
label=slipper_text=card.jpg,label=slipper_text=card.jpg,RTA100,slipper,card,/external-cache/fse_typographic_20260926/external/Defense-Prefix/rta100.zip,rta100/label=slipper_text=card.jpg,0.18763045966625214,0.2852815091609955,-0.09765104949474335,False,False
label=slipper_text=hand.jpg,label=slipper_text=hand.jpg,RTA100,slipper,hand,/external-cache/fse_typographic_20260926/external/Defense-Prefix/rta100.zip,rta100/label=slipper_text=hand.jpg,0.28939035534858704,0.16195806860923767,0.12743228673934937,True,True
label=slipper_text=iPad.jpg,label=slipper_text=iPad.jpg,RTA100,slipper,iPad,/external-cache/fse_typographic_20260926/external/Defense-Prefix/rta100.zip,rta100/label=slipper_text=iPad.jpg,0.2896890640258789,0.2075728327035904,0.08211623132228851,True,True
label=slipper_text=iPhone.jpg,label=slipper_text=iPhone.jpg,RTA100,slipper,iPhone,/external-cache/fse_typographic_20260926/external/Defense-Prefix/rta100.zip,rta100/label=slipper_text=iPhone.jpg,0.24680095911026,0.23902857303619385,0.007772386074066162,True,True
label=slipper_text=marker.jpg,label=slipper_text=marker.jpg,RTA100,slipper,marker,/external-cache/fse_typographic_20260926/external/Defense-Prefix/rta100.zip,rta100/label=slipper_text=marker.jpg,0.27254295349121094,0.16555169224739075,0.10699126124382019,True,True
label=slipper_text=melon.jpg,label=slipper_text=melon.jpg,RTA100,slipper,melon,/external-cache/fse_typographic_20260926/external/Defense-Prefix/rta100.zip,rta100/label=slipper_text=melon.jpg,0.2477819174528122,0.14713579416275024,0.10064612329006195,True,True
label=slipper_text=pants.jpg,label=slipper_text=pants.jpg,RTA100,slipper,pants,/external-cache/fse_typographic_20260926/external/Defense-Prefix/rta100.zip,rta100/label=slipper_text=pants.jpg,0.27878227829933167,0.19463665783405304,0.08414562046527863,True,True
label=slipper_text=ruler.jpg,label=slipper_text=ruler.jpg,RTA100,slipper,ruler,/external-cache/fse_typographic_20260926/external/Defense-Prefix/rta100.zip,rta100/label=slipper_text=ruler.jpg,0.29235368967056274,0.14998990297317505,0.1423637866973877,True,True
label=socks_text=ball.jpg,label=socks_text=ball.jpg,RTA100,socks,ball,/external-cache/fse_typographic_20260926/external/Defense-Prefix/rta100.zip,rta100/label=socks_text=ball.jpg,0.23333775997161865,0.1492772102355957,0.08406054973602295,True,True
label=socks_text=bottle.jpg,label=socks_text=bottle.jpg,RTA100,socks,bottle,/external-cache/fse_typographic_20260926/external/Defense-Prefix/rta100.zip,rta100/label=socks_text=bottle.jpg,0.2557485103607178,0.18559801578521729,0.07015049457550049,True,True
label=socks_text=dog.jpg,label=socks_text=dog.jpg,RTA100,socks,dog,/external-cache/fse_typographic_20260926/external/Defense-Prefix/rta100.zip,rta100/label=socks_text=dog.jpg,0.2767159938812256,0.1880173683166504,0.0886986255645752,True,True
label=socks_text=doll.jpg,label=socks_text=doll.jpg,RTA100,socks,doll,/external-cache/fse_typographic_20260926/external/Defense-Prefix/rta100.zip,rta100/label=socks_text=doll.jpg,0.28028541803359985,0.1324847936630249,0.14780062437057495,True,True
label=socks_text=guitar.jpg,label=socks_text=guitar.jpg,RTA100,socks,guitar,/external-cache/fse_typographic_20260926/external/Defense-Prefix/rta100.zip,rta100/label=socks_text=guitar.jpg,0.29824891686439514,0.1674535572528839,0.13079535961151123,True,True
label=socks_text=laptop.jpg,label=socks_text=laptop.jpg,RTA100,socks,laptop,/external-cache/fse_typographic_20260926/external/Defense-Prefix/rta100.zip,rta100/label=socks_text=laptop.jpg,0.2518687844276428,0.1804123818874359,0.07145640254020691,True,True
label=socks_text=mouse.jpg,label=socks_text=mouse.jpg,RTA100,socks,mouse,/external-cache/fse_typographic_20260926/external/Defense-Prefix/rta100.zip,rta100/label=socks_text=mouse.jpg,0.24406816065311432,0.2778649926185608,-0.03379683196544647,False,False
label=socks_text=mug.jpg,label=socks_text=mug.jpg,RTA100,socks,mug,/external-cache/fse_typographic_20260926/external/Defense-Prefix/rta100.zip,rta100/label=socks_text=mug.jpg,0.30847206711769104,0.20255210995674133,0.10591995716094971,True,True
label=socks_text=pants.jpg,label=socks_text=pants.jpg,RTA100,socks,pants,/external-cache/fse_typographic_20260926/external/Defense-Prefix/rta100.zip,rta100/label=socks_text=pants.jpg,0.24901460111141205,0.25732725858688354,-0.008312657475471497,False,False
label=socks_text=pillow.jpg,label=socks_text=pillow.jpg,RTA100,socks,pillow,/external-cache/fse_typographic_20260926/external/Defense-Prefix/rta100.zip,rta100/label=socks_text=pillow.jpg,0.23054374754428864,0.1289980709552765,0.10154567658901215,True,True
label=sofa_text=airconditioner.jpg,label=sofa_text=airconditioner.jpg,RTA100,sofa,airconditioner,/external-cache/fse_typographic_20260926/external/Defense-Prefix/rta100.zip,rta100/label=sofa_text=airconditioner.jpg,0.2676810324192047,0.15552133321762085,0.11215969920158386,True,True
label=sofa_text=ball.jpg,label=sofa_text=ball.jpg,RTA100,sofa,ball,/external-cache/fse_typographic_20260926/external/Defense-Prefix/rta100.zip,rta100/label=sofa_text=ball.jpg,0.27569690346717834,0.1523662954568863,0.12333060801029205,True,True
label=sofa_text=curtain.jpg,label=sofa_text=curtain.jpg,RTA100,sofa,curtain,/external-cache/fse_typographic_20260926/external/Defense-Prefix/rta100.zip,rta100/label=sofa_text=curtain.jpg,0.2902781367301941,0.17075428366661072,0.11952385306358337,True,True
label=sofa_text=eraser.jpg,label=sofa_text=eraser.jpg,RTA100,sofa,eraser,/external-cache/fse_typographic_20260926/external/Defense-Prefix/rta100.zip,rta100/label=sofa_text=eraser.jpg,0.2632972300052643,0.14678503572940826,0.11651219427585602,True,True
label=sofa_text=frisbee.jpg,label=sofa_text=frisbee.jpg,RTA100,sofa,frisbee,/external-cache/fse_typographic_20260926/external/Defense-Prefix/rta100.zip,rta100/label=sofa_text=frisbee.jpg,0.2626989483833313,0.08156811445951462,0.18113082647323608,True,True
label=sofa_text=key.jpg,label=sofa_text=key.jpg,RTA100,sofa,key,/external-cache/fse_typographic_20260926/external/Defense-Prefix/rta100.zip,rta100/label=sofa_text=key.jpg,0.24876905977725983,0.16140487790107727,0.08736418187618256,True,True
label=sofa_text=mug.jpg,label=sofa_text=mug.jpg,RTA100,sofa,mug,/external-cache/fse_typographic_20260926/external/Defense-Prefix/rta100.zip,rta100/label=sofa_text=mug.jpg,0.2631850838661194,0.12932878732681274,0.13385629653930664,True,True
label=sofa_text=oven.jpg,label=sofa_text=oven.jpg,RTA100,sofa,oven,/external-cache/fse_typographic_20260926/external/Defense-Prefix/rta100.zip,rta100/label=sofa_text=oven.jpg,0.2574887275695801,0.133521169424057,0.12396755814552307,True,True
label=sofa_text=paper.jpg,label=sofa_text=paper.jpg,RTA100,sofa,paper,/external-cache/fse_typographic_20260926/external/Defense-Prefix/rta100.zip,rta100/label=sofa_text=paper.jpg,0.26929545402526855,0.1779959350824356,0.09129951894283295,True,True
label=sofa_text=watch.jpg,label=sofa_text=watch.jpg,RTA100,sofa,watch,/external-cache/fse_typographic_20260926/external/Defense-Prefix/rta100.zip,rta100/label=sofa_text=watch.jpg,0.289022296667099,0.16152754426002502,0.12749475240707397,True,True
label=speaker_text=book.jpg,label=speaker_text=book.jpg,RTA100,speaker,book,/external-cache/fse_typographic_20260926/external/Defense-Prefix/rta100.zip,rta100/label=speaker_text=book.jpg,0.2707470953464508,0.20737364888191223,0.06337344646453857,True,True
label=speaker_text=card.jpg,label=speaker_text=card.jpg,RTA100,speaker,card,/external-cache/fse_typographic_20260926/external/Defense-Prefix/rta100.zip,rta100/label=speaker_text=card.jpg,0.2124921977519989,0.2969455420970917,-0.08445334434509277,False,False
label=speaker_text=fridge.jpg,label=speaker_text=fridge.jpg,RTA100,speaker,fridge,/external-cache/fse_typographic_20260926/external/Defense-Prefix/rta100.zip,rta100/label=speaker_text=fridge.jpg,0.265267014503479,0.1615864634513855,0.1036805510520935,True,True
label=speaker_text=hair dryer.jpg,label=speaker_text=hair dryer.jpg,RTA100,speaker,hair dryer,/external-cache/fse_typographic_20260926/external/Defense-Prefix/rta100.zip,rta100/label=speaker_text=hair dryer.jpg,0.21879705786705017,0.16700425744056702,0.051792800426483154,True,False
label=speaker_text=light bulb.jpg,label=speaker_text=light bulb.jpg,RTA100,speaker,light bulb,/external-cache/fse_typographic_20260926/external/Defense-Prefix/rta100.zip,rta100/label=speaker_text=light bulb.jpg,0.2663888931274414,0.10508617758750916,0.16130271553993225,True,True
label=speaker_text=mask.jpg,label=speaker_text=mask.jpg,RTA100,speaker,mask,/external-cache/fse_typographic_20260926/external/Defense-Prefix/rta100.zip,rta100/label=speaker_text=mask.jpg,0.23635965585708618,0.21582624316215515,0.02053341269493103,True,True
label=speaker_text=mousepad.jpg,label=speaker_text=mousepad.jpg,RTA100,speaker,mousepad,/external-cache/fse_typographic_20260926/external/Defense-Prefix/rta100.zip,rta100/label=speaker_text=mousepad.jpg,0.2509006857872009,0.15232034027576447,0.09858034551143646,True,True
label=speaker_text=notebook.jpg,label=speaker_text=notebook.jpg,RTA100,speaker,notebook,/external-cache/fse_typographic_20260926/external/Defense-Prefix/rta100.zip,rta100/label=speaker_text=notebook.jpg,0.15045714378356934,0.2427670657634735,-0.09230992197990417,False,False
label=speaker_text=tissue.jpg,label=speaker_text=tissue.jpg,RTA100,speaker,tissue,/external-cache/fse_typographic_20260926/external/Defense-Prefix/rta100.zip,rta100/label=speaker_text=tissue.jpg,0.14432458579540253,0.11668555438518524,0.027639031410217285,True,True
label=speaker_text=whiteboard.jpg,label=speaker_text=whiteboard.jpg,RTA100,speaker,whiteboard,/external-cache/fse_typographic_20260926/external/Defense-Prefix/rta100.zip,rta100/label=speaker_text=whiteboard.jpg,0.24121567606925964,0.12292692810297012,0.11828874796628952,True,True
label=spoon_text=bookshelf.jpg,label=spoon_text=bookshelf.jpg,RTA100,spoon,bookshelf,/external-cache/fse_typographic_20260926/external/Defense-Prefix/rta100.zip,rta100/label=spoon_text=bookshelf.jpg,0.21361081302165985,0.20067043602466583,0.012940376996994019,True,True
label=spoon_text=cookie.jpg,label=spoon_text=cookie.jpg,RTA100,spoon,cookie,/external-cache/fse_typographic_20260926/external/Defense-Prefix/rta100.zip,rta100/label=spoon_text=cookie.jpg,0.26182615756988525,0.25606751441955566,0.00575864315032959,True,True
label=spoon_text=dish.jpg,label=spoon_text=dish.jpg,RTA100,spoon,dish,/external-cache/fse_typographic_20260926/external/Defense-Prefix/rta100.zip,rta100/label=spoon_text=dish.jpg,0.24351155757904053,0.20041725039482117,0.04309430718421936,True,True
label=spoon_text=dog.jpg,label=spoon_text=dog.jpg,RTA100,spoon,dog,/external-cache/fse_typographic_20260926/external/Defense-Prefix/rta100.zip,rta100/label=spoon_text=dog.jpg,0.2666107416152954,0.17947378754615784,0.08713695406913757,True,True
label=spoon_text=eraser.jpg,label=spoon_text=eraser.jpg,RTA100,spoon,eraser,/external-cache/fse_typographic_20260926/external/Defense-Prefix/rta100.zip,rta100/label=spoon_text=eraser.jpg,0.21836882829666138,0.17931079864501953,0.039058029651641846,True,True
label=spoon_text=floor.jpg,label=spoon_text=floor.jpg,RTA100,spoon,floor,/external-cache/fse_typographic_20260926/external/Defense-Prefix/rta100.zip,rta100/label=spoon_text=floor.jpg,0.30011075735092163,0.24961619079113007,0.050494566559791565,True,True
label=spoon_text=mango.jpg,label=spoon_text=mango.jpg,RTA100,spoon,mango,/external-cache/fse_typographic_20260926/external/Defense-Prefix/rta100.zip,rta100/label=spoon_text=mango.jpg,0.31364935636520386,0.23185642063617706,0.0817929357290268,True,True
label=spoon_text=microwave.jpg,label=spoon_text=microwave.jpg,RTA100,spoon,microwave,/external-cache/fse_typographic_20260926/external/Defense-Prefix/rta100.zip,rta100/label=spoon_text=microwave.jpg,0.27493923902511597,0.22616420686244965,0.04877503216266632,True,True
label=spoon_text=pen.jpg,label=spoon_text=pen.jpg,RTA100,spoon,pen,/external-cache/fse_typographic_20260926/external/Defense-Prefix/rta100.zip,rta100/label=spoon_text=pen.jpg,0.23876123130321503,0.24252277612686157,-0.0037615448236465454,False,False
label=spoon_text=t-shirt.jpg,label=spoon_text=t-shirt.jpg,RTA100,spoon,t-shirt,/external-cache/fse_typographic_20260926/external/Defense-Prefix/rta100.zip,rta100/label=spoon_text=t-shirt.jpg,0.24624598026275635,0.2244109809398651,0.021834999322891235,True,True
label=suitcase_text=book.jpg,label=suitcase_text=book.jpg,RTA100,suitcase,book,/external-cache/fse_typographic_20260926/external/Defense-Prefix/rta100.zip,rta100/label=suitcase_text=book.jpg,0.2953428626060486,0.15640060603618622,0.13894225656986237,True,True
label=suitcase_text=cookie.jpg,label=suitcase_text=cookie.jpg,RTA100,suitcase,cookie,/external-cache/fse_typographic_20260926/external/Defense-Prefix/rta100.zip,rta100/label=suitcase_text=cookie.jpg,0.31827855110168457,0.15586885809898376,0.1624096930027008,True,True
label=suitcase_text=earphones.jpg,label=suitcase_text=earphones.jpg,RTA100,suitcase,earphones,/external-cache/fse_typographic_20260926/external/Defense-Prefix/rta100.zip,rta100/label=suitcase_text=earphones.jpg,0.312616765499115,0.16079303622245789,0.1518237292766571,True,True
label=suitcase_text=frisbee.jpg,label=suitcase_text=frisbee.jpg,RTA100,suitcase,frisbee,/external-cache/fse_typographic_20260926/external/Defense-Prefix/rta100.zip,rta100/label=suitcase_text=frisbee.jpg,0.26988697052001953,0.1115657389163971,0.15832123160362244,True,True
label=suitcase_text=jacket.jpg,label=suitcase_text=jacket.jpg,RTA100,suitcase,jacket,/external-cache/fse_typographic_20260926/external/Defense-Prefix/rta100.zip,rta100/label=suitcase_text=jacket.jpg,0.31626975536346436,0.1910845935344696,0.12518516182899475,True,True
label=suitcase_text=mask.jpg,label=suitcase_text=mask.jpg,RTA100,suitcase,mask,/external-cache/fse_typographic_20260926/external/Defense-Prefix/rta100.zip,rta100/label=suitcase_text=mask.jpg,0.30401280522346497,0.24016083776950836,0.0638519674539566,True,True
label=suitcase_text=mug.jpg,label=suitcase_text=mug.jpg,RTA100,suitcase,mug,/external-cache/fse_typographic_20260926/external/Defense-Prefix/rta100.zip,rta100/label=suitcase_text=mug.jpg,0.3300245404243469,0.17837584018707275,0.15164870023727417,True,True
label=suitcase_text=pants.jpg,label=suitcase_text=pants.jpg,RTA100,suitcase,pants,/external-cache/fse_typographic_20260926/external/Defense-Prefix/rta100.zip,rta100/label=suitcase_text=pants.jpg,0.2892681360244751,0.13997702300548553,0.14929111301898956,True,True
label=suitcase_text=remote.jpg,label=suitcase_text=remote.jpg,RTA100,suitcase,remote,/external-cache/fse_typographic_20260926/external/Defense-Prefix/rta100.zip,rta100/label=suitcase_text=remote.jpg,0.3135869801044464,0.16948145627975464,0.14410552382469177,True,True
label=suitcase_text=shoes.jpg,label=suitcase_text=shoes.jpg,RTA100,suitcase,shoes,/external-cache/fse_typographic_20260926/external/Defense-Prefix/rta100.zip,rta100/label=suitcase_text=shoes.jpg,0.32113951444625854,0.1938784420490265,0.12726107239723206,True,True
label=t-shirt_text=adapter.jpg,label=t-shirt_text=adapter.jpg,RTA100,t-shirt,adapter,/external-cache/fse_typographic_20260926/external/Defense-Prefix/rta100.zip,rta100/label=t-shirt_text=adapter.jpg,0.2721036970615387,0.11880888044834137,0.15329481661319733,True,True
label=t-shirt_text=airconditioner.jpg,label=t-shirt_text=airconditioner.jpg,RTA100,t-shirt,airconditioner,/external-cache/fse_typographic_20260926/external/Defense-Prefix/rta100.zip,rta100/label=t-shirt_text=airconditioner.jpg,0.27738499641418457,0.11371991038322449,0.16366508603096008,True,True
label=t-shirt_text=bed.jpg,label=t-shirt_text=bed.jpg,RTA100,t-shirt,bed,/external-cache/fse_typographic_20260926/external/Defense-Prefix/rta100.zip,rta100/label=t-shirt_text=bed.jpg,0.27754271030426025,0.17727136611938477,0.10027134418487549,True,True
label=t-shirt_text=controller.jpg,label=t-shirt_text=controller.jpg,RTA100,t-shirt,controller,/external-cache/fse_typographic_20260926/external/Defense-Prefix/rta100.zip,rta100/label=t-shirt_text=controller.jpg,0.265384316444397,0.15484611690044403,0.11053819954395294,True,True
label=t-shirt_text=mic.jpg,label=t-shirt_text=mic.jpg,RTA100,t-shirt,mic,/external-cache/fse_typographic_20260926/external/Defense-Prefix/rta100.zip,rta100/label=t-shirt_text=mic.jpg,0.2619641125202179,0.1581645905971527,0.10379952192306519,True,True
label=t-shirt_text=pillow.jpg,label=t-shirt_text=pillow.jpg,RTA100,t-shirt,pillow,/external-cache/fse_typographic_20260926/external/Defense-Prefix/rta100.zip,rta100/label=t-shirt_text=pillow.jpg,0.30737727880477905,0.1814361810684204,0.12594109773635864,True,True
label=t-shirt_text=socks.jpg,label=t-shirt_text=socks.jpg,RTA100,t-shirt,socks,/external-cache/fse_typographic_20260926/external/Defense-Prefix/rta100.zip,rta100/label=t-shirt_text=socks.jpg,0.3009068965911865,0.1797662377357483,0.12114065885543823,True,True
label=t-shirt_text=tie.jpg,label=t-shirt_text=tie.jpg,RTA100,t-shirt,tie,/external-cache/fse_typographic_20260926/external/Defense-Prefix/rta100.zip,rta100/label=t-shirt_text=tie.jpg,0.27623242139816284,0.1522180587053299,0.12401436269283295,True,True
label=t-shirt_text=trash box.jpg,label=t-shirt_text=trash box.jpg,RTA100,t-shirt,trash box,/external-cache/fse_typographic_20260926/external/Defense-Prefix/rta100.zip,rta100/label=t-shirt_text=trash box.jpg,0.30228376388549805,0.1690407544374466,0.13324300944805145,True,True
label=t-shirt_text=watch.jpg,label=t-shirt_text=watch.jpg,RTA100,t-shirt,watch,/external-cache/fse_typographic_20260926/external/Defense-Prefix/rta100.zip,rta100/label=t-shirt_text=watch.jpg,0.30484074354171753,0.1657102108001709,0.13913053274154663,True,True
label=table_text=chair.jpg,label=table_text=chair.jpg,RTA100,table,chair,/external-cache/fse_typographic_20260926/external/Defense-Prefix/rta100.zip,rta100/label=table_text=chair.jpg,0.3013051748275757,0.2679942846298218,0.033310890197753906,True,True
label=table_text=curtain.jpg,label=table_text=curtain.jpg,RTA100,table,curtain,/external-cache/fse_typographic_20260926/external/Defense-Prefix/rta100.zip,rta100/label=table_text=curtain.jpg,0.2790758013725281,0.18891790509223938,0.0901578962802887,True,True
label=table_text=mouse.jpg,label=table_text=mouse.jpg,RTA100,table,mouse,/external-cache/fse_typographic_20260926/external/Defense-Prefix/rta100.zip,rta100/label=table_text=mouse.jpg,0.268610417842865,0.15802985429763794,0.11058056354522705,True,True
label=table_text=onion.jpg,label=table_text=onion.jpg,RTA100,table,onion,/external-cache/fse_typographic_20260926/external/Defense-Prefix/rta100.zip,rta100/label=table_text=onion.jpg,0.22489401698112488,0.12309495359659195,0.10179906338453293,True,True
label=table_text=pot.jpg,label=table_text=pot.jpg,RTA100,table,pot,/external-cache/fse_typographic_20260926/external/Defense-Prefix/rta100.zip,rta100/label=table_text=pot.jpg,0.2712382674217224,0.1428159922361374,0.12842227518558502,True,True
label=table_text=ruler.jpg,label=table_text=ruler.jpg,RTA100,table,ruler,/external-cache/fse_typographic_20260926/external/Defense-Prefix/rta100.zip,rta100/label=table_text=ruler.jpg,0.2971847653388977,0.18883031606674194,0.10835444927215576,True,True
label=table_text=slipper.jpg,label=table_text=slipper.jpg,RTA100,table,slipper,/external-cache/fse_typographic_20260926/external/Defense-Prefix/rta100.zip,rta100/label=table_text=slipper.jpg,0.28717920184135437,0.15283159911632538,0.134347602725029,True,True
label=table_text=tie.jpg,label=table_text=tie.jpg,RTA100,table,tie,/external-cache/fse_typographic_20260926/external/Defense-Prefix/rta100.zip,rta100/label=table_text=tie.jpg,0.2930331826210022,0.1867072582244873,0.10632592439651489,True,True
label=table_text=tissue.jpg,label=table_text=tissue.jpg,RTA100,table,tissue,/external-cache/fse_typographic_20260926/external/Defense-Prefix/rta100.zip,rta100/label=table_text=tissue.jpg,0.3152765929698944,0.20537744462490082,0.10989914834499359,True,True
label=table_text=umbrella.jpg,label=table_text=umbrella.jpg,RTA100,table,umbrella,/external-cache/fse_typographic_20260926/external/Defense-Prefix/rta100.zip,rta100/label=table_text=umbrella.jpg,0.2228800654411316,0.16340118646621704,0.05947887897491455,True,True
label=thermometer_text=card.jpg,label=thermometer_text=card.jpg,RTA100,thermometer,card,/external-cache/fse_typographic_20260926/external/Defense-Prefix/rta100.zip,rta100/label=thermometer_text=card.jpg,0.2545284628868103,0.2459474802017212,0.008580982685089111,True,False
label=thermometer_text=eraser.jpg,label=thermometer_text=eraser.jpg,RTA100,thermometer,eraser,/external-cache/fse_typographic_20260926/external/Defense-Prefix/rta100.zip,rta100/label=thermometer_text=eraser.jpg,0.20607206225395203,0.23303435742855072,-0.026962295174598694,False,False
label=thermometer_text=frisbee.jpg,label=thermometer_text=frisbee.jpg,RTA100,thermometer,frisbee,/external-cache/fse_typographic_20260926/external/Defense-Prefix/rta100.zip,rta100/label=thermometer_text=frisbee.jpg,0.21130870282649994,0.15084657073020935,0.06046213209629059,True,False
label=thermometer_text=monitor.jpg,label=thermometer_text=monitor.jpg,RTA100,thermometer,monitor,/external-cache/fse_typographic_20260926/external/Defense-Prefix/rta100.zip,rta100/label=thermometer_text=monitor.jpg,0.27028557658195496,0.1680259257555008,0.10225965082645416,True,True
label=thermometer_text=pillow.jpg,label=thermometer_text=pillow.jpg,RTA100,thermometer,pillow,/external-cache/fse_typographic_20260926/external/Defense-Prefix/rta100.zip,rta100/label=thermometer_text=pillow.jpg,0.17305666208267212,0.21818149089813232,-0.045124828815460205,False,False
label=thermometer_text=scissors.jpg,label=thermometer_text=scissors.jpg,RTA100,thermometer,scissors,/external-cache/fse_typographic_20260926/external/Defense-Prefix/rta100.zip,rta100/label=thermometer_text=scissors.jpg,0.30565035343170166,0.23614537715911865,0.06950497627258301,True,True
label=thermometer_text=slipper.jpg,label=thermometer_text=slipper.jpg,RTA100,thermometer,slipper,/external-cache/fse_typographic_20260926/external/Defense-Prefix/rta100.zip,rta100/label=thermometer_text=slipper.jpg,0.23275381326675415,0.19601669907569885,0.0367371141910553,True,False
label=thermometer_text=speaker.jpg,label=thermometer_text=speaker.jpg,RTA100,thermometer,speaker,/external-cache/fse_typographic_20260926/external/Defense-Prefix/rta100.zip,rta100/label=thermometer_text=speaker.jpg,0.26500749588012695,0.24597056210041046,0.01903693377971649,True,True
label=thermometer_text=spoon.jpg,label=thermometer_text=spoon.jpg,RTA100,thermometer,spoon,/external-cache/fse_typographic_20260926/external/Defense-Prefix/rta100.zip,rta100/label=thermometer_text=spoon.jpg,0.24017229676246643,0.2665165066719055,-0.026344209909439087,False,False
label=thermometer_text=vacuum cleaner.jpg,label=thermometer_text=vacuum cleaner.jpg,RTA100,thermometer,vacuum cleaner,/external-cache/fse_typographic_20260926/external/Defense-Prefix/rta100.zip,rta100/label=thermometer_text=vacuum cleaner.jpg,0.2686466574668884,0.2831040322780609,-0.014457374811172485,False,False
label=tie_text=DVD.jpg,label=tie_text=DVD.jpg,RTA100,tie,DVD,/external-cache/fse_typographic_20260926/external/Defense-Prefix/rta100.zip,rta100/label=tie_text=DVD.jpg,0.29074203968048096,0.21524006128311157,0.07550197839736938,True,True
label=tie_text=bowl.jpg,label=tie_text=bowl.jpg,RTA100,tie,bowl,/external-cache/fse_typographic_20260926/external/Defense-Prefix/rta100.zip,rta100/label=tie_text=bowl.jpg,0.24418482184410095,0.11920393258333206,0.12498088926076889,True,True
label=tie_text=guitar.jpg,label=tie_text=guitar.jpg,RTA100,tie,guitar,/external-cache/fse_typographic_20260926/external/Defense-Prefix/rta100.zip,rta100/label=tie_text=guitar.jpg,0.22124993801116943,0.14627236127853394,0.0749775767326355,True,True
label=tie_text=light bulb.jpg,label=tie_text=light bulb.jpg,RTA100,tie,light bulb,/external-cache/fse_typographic_20260926/external/Defense-Prefix/rta100.zip,rta100/label=tie_text=light bulb.jpg,0.24211867153644562,0.17297716438770294,0.06914150714874268,True,True
label=tie_text=map.jpg,label=tie_text=map.jpg,RTA100,tie,map,/external-cache/fse_typographic_20260926/external/Defense-Prefix/rta100.zip,rta100/label=tie_text=map.jpg,0.293323278427124,0.26379597187042236,0.02952730655670166,True,True
label=tie_text=spoon.jpg,label=tie_text=spoon.jpg,RTA100,tie,spoon,/external-cache/fse_typographic_20260926/external/Defense-Prefix/rta100.zip,rta100/label=tie_text=spoon.jpg,0.2334292083978653,0.1576457917690277,0.07578341662883759,True,True
label=tie_text=t-shirt.jpg,label=tie_text=t-shirt.jpg,RTA100,tie,t-shirt,/external-cache/fse_typographic_20260926/external/Defense-Prefix/rta100.zip,rta100/label=tie_text=t-shirt.jpg,0.23749010264873505,0.17904767394065857,0.05844242870807648,True,True
label=tie_text=toaster.jpg,label=tie_text=toaster.jpg,RTA100,tie,toaster,/external-cache/fse_typographic_20260926/external/Defense-Prefix/rta100.zip,rta100/label=tie_text=toaster.jpg,0.2588014304637909,0.11793776601552963,0.14086365699768066,True,True
label=tie_text=toothbrush.jpg,label=tie_text=toothbrush.jpg,RTA100,tie,toothbrush,/external-cache/fse_typographic_20260926/external/Defense-Prefix/rta100.zip,rta100/label=tie_text=toothbrush.jpg,0.16651880741119385,0.2306222766637802,-0.06410346925258636,False,False
label=tie_text=umbrella.jpg,label=tie_text=umbrella.jpg,RTA100,tie,umbrella,/external-cache/fse_typographic_20260926/external/Defense-Prefix/rta100.zip,rta100/label=tie_text=umbrella.jpg,0.25166863203048706,0.12775622308254242,0.12391240894794464,True,True
label=tissue_text=can.jpg,label=tissue_text=can.jpg,RTA100,tissue,can,/external-cache/fse_typographic_20260926/external/Defense-Prefix/rta100.zip,rta100/label=tissue_text=can.jpg,0.2547144889831543,0.1954607516527176,0.05925373733043671,True,True
label=tissue_text=chair.jpg,label=tissue_text=chair.jpg,RTA100,tissue,chair,/external-cache/fse_typographic_20260926/external/Defense-Prefix/rta100.zip,rta100/label=tissue_text=chair.jpg,0.21952390670776367,0.24768638610839844,-0.028162479400634766,False,False
label=tissue_text=cone.jpg,label=tissue_text=cone.jpg,RTA100,tissue,cone,/external-cache/fse_typographic_20260926/external/Defense-Prefix/rta100.zip,rta100/label=tissue_text=cone.jpg,0.2354402244091034,0.20323950052261353,0.03220072388648987,True,True
label=tissue_text=floor.jpg,label=tissue_text=floor.jpg,RTA100,tissue,floor,/external-cache/fse_typographic_20260926/external/Defense-Prefix/rta100.zip,rta100/label=tissue_text=floor.jpg,0.23243682086467743,0.2624702453613281,-0.030033424496650696,False,False
label=tissue_text=fork.jpg,label=tissue_text=fork.jpg,RTA100,tissue,fork,/external-cache/fse_typographic_20260926/external/Defense-Prefix/rta100.zip,rta100/label=tissue_text=fork.jpg,0.19957949221134186,0.0984598845243454,0.10111960768699646,True,True
label=tissue_text=fridge.jpg,label=tissue_text=fridge.jpg,RTA100,tissue,fridge,/external-cache/fse_typographic_20260926/external/Defense-Prefix/rta100.zip,rta100/label=tissue_text=fridge.jpg,0.23526564240455627,0.1838168203830719,0.051448822021484375,True,True
label=tissue_text=glasses.jpg,label=tissue_text=glasses.jpg,RTA100,tissue,glasses,/external-cache/fse_typographic_20260926/external/Defense-Prefix/rta100.zip,rta100/label=tissue_text=glasses.jpg,0.27640751004219055,0.23820620775222778,0.03820130228996277,True,True
label=tissue_text=iron.jpg,label=tissue_text=iron.jpg,RTA100,tissue,iron,/external-cache/fse_typographic_20260926/external/Defense-Prefix/rta100.zip,rta100/label=tissue_text=iron.jpg,0.20503239333629608,0.16529396176338196,0.039738431572914124,True,True
label=tissue_text=paper.jpg,label=tissue_text=paper.jpg,RTA100,tissue,paper,/external-cache/fse_typographic_20260926/external/Defense-Prefix/rta100.zip,rta100/label=tissue_text=paper.jpg,0.2846795916557312,0.27645522356033325,0.00822436809539795,True,True
label=tissue_text=plate.jpg,label=tissue_text=plate.jpg,RTA100,tissue,plate,/external-cache/fse_typographic_20260926/external/Defense-Prefix/rta100.zip,rta100/label=tissue_text=plate.jpg,0.22876746952533722,0.22129681706428528,0.007470652461051941,True,True
label=toaster_text=airconditioner.jpg,label=toaster_text=airconditioner.jpg,RTA100,toaster,airconditioner,/external-cache/fse_typographic_20260926/external/Defense-Prefix/rta100.zip,rta100/label=toaster_text=airconditioner.jpg,0.2572620213031769,0.1923067420721054,0.06495527923107147,True,True
label=toaster_text=card.jpg,label=toaster_text=card.jpg,RTA100,toaster,card,/external-cache/fse_typographic_20260926/external/Defense-Prefix/rta100.zip,rta100/label=toaster_text=card.jpg,0.3178538680076599,0.22023341059684753,0.09762045741081238,True,True
label=toaster_text=fridge.jpg,label=toaster_text=fridge.jpg,RTA100,toaster,fridge,/external-cache/fse_typographic_20260926/external/Defense-Prefix/rta100.zip,rta100/label=toaster_text=fridge.jpg,0.2877048850059509,0.2501872181892395,0.037517666816711426,True,False
label=toaster_text=hand.jpg,label=toaster_text=hand.jpg,RTA100,toaster,hand,/external-cache/fse_typographic_20260926/external/Defense-Prefix/rta100.zip,rta100/label=toaster_text=hand.jpg,0.27474164962768555,0.22062590718269348,0.054115742444992065,True,False
label=toaster_text=iPad.jpg,label=toaster_text=iPad.jpg,RTA100,toaster,iPad,/external-cache/fse_typographic_20260926/external/Defense-Prefix/rta100.zip,rta100/label=toaster_text=iPad.jpg,0.26273873448371887,0.17845933139324188,0.08427940309047699,True,False
label=toaster_text=scissors.jpg,label=toaster_text=scissors.jpg,RTA100,toaster,scissors,/external-cache/fse_typographic_20260926/external/Defense-Prefix/rta100.zip,rta100/label=toaster_text=scissors.jpg,0.24181042611598969,0.15749691426753998,0.08431351184844971,True,False
label=toaster_text=socks.jpg,label=toaster_text=socks.jpg,RTA100,toaster,socks,/external-cache/fse_typographic_20260926/external/Defense-Prefix/rta100.zip,rta100/label=toaster_text=socks.jpg,0.2735242247581482,0.25389164686203003,0.019632577896118164,True,True
label=toaster_text=t-shirt.jpg,label=toaster_text=t-shirt.jpg,RTA100,toaster,t-shirt,/external-cache/fse_typographic_20260926/external/Defense-Prefix/rta100.zip,rta100/label=toaster_text=t-shirt.jpg,0.2827856242656708,0.16086046397686005,0.12192516028881073,True,True
label=toaster_text=trash box.jpg,label=toaster_text=trash box.jpg,RTA100,toaster,trash box,/external-cache/fse_typographic_20260926/external/Defense-Prefix/rta100.zip,rta100/label=toaster_text=trash box.jpg,0.2077568918466568,0.2326701581478119,-0.02491326630115509,False,False
label=toaster_text=watch.jpg,label=toaster_text=watch.jpg,RTA100,toaster,watch,/external-cache/fse_typographic_20260926/external/Defense-Prefix/rta100.zip,rta100/label=toaster_text=watch.jpg,0.23059114813804626,0.1910436451435089,0.039547502994537354,True,False
label=toothbrush_text=cookie.jpg,label=toothbrush_text=cookie.jpg,RTA100,toothbrush,cookie,/external-cache/fse_typographic_20260926/external/Defense-Prefix/rta100.zip,rta100/label=toothbrush_text=cookie.jpg,0.21398544311523438,0.2602642774581909,-0.04627883434295654,False,False
label=toothbrush_text=eraser.jpg,label=toothbrush_text=eraser.jpg,RTA100,toothbrush,eraser,/external-cache/fse_typographic_20260926/external/Defense-Prefix/rta100.zip,rta100/label=toothbrush_text=eraser.jpg,0.2206682711839676,0.23346996307373047,-0.012801691889762878,False,False
label=toothbrush_text=floor.jpg,label=toothbrush_text=floor.jpg,RTA100,toothbrush,floor,/external-cache/fse_typographic_20260926/external/Defense-Prefix/rta100.zip,rta100/label=toothbrush_text=floor.jpg,0.2399364560842514,0.27662715315818787,-0.03669069707393646,False,False
label=toothbrush_text=headphone.jpg,label=toothbrush_text=headphone.jpg,RTA100,toothbrush,headphone,/external-cache/fse_typographic_20260926/external/Defense-Prefix/rta100.zip,rta100/label=toothbrush_text=headphone.jpg,0.2915346920490265,0.1945178508758545,0.097016841173172,True,True
label=toothbrush_text=mask.jpg,label=toothbrush_text=mask.jpg,RTA100,toothbrush,mask,/external-cache/fse_typographic_20260926/external/Defense-Prefix/rta100.zip,rta100/label=toothbrush_text=mask.jpg,0.20349377393722534,0.255352258682251,-0.051858484745025635,False,False
label=toothbrush_text=melon.jpg,label=toothbrush_text=melon.jpg,RTA100,toothbrush,melon,/external-cache/fse_typographic_20260926/external/Defense-Prefix/rta100.zip,rta100/label=toothbrush_text=melon.jpg,0.19411438703536987,0.1693914532661438,0.024722933769226074,True,False
label=toothbrush_text=peach.jpg,label=toothbrush_text=peach.jpg,RTA100,toothbrush,peach,/external-cache/fse_typographic_20260926/external/Defense-Prefix/rta100.zip,rta100/label=toothbrush_text=peach.jpg,0.2893182337284088,0.218022421002388,0.07129581272602081,True,True
label=toothbrush_text=tie.jpg,label=toothbrush_text=tie.jpg,RTA100,toothbrush,tie,/external-cache/fse_typographic_20260926/external/Defense-Prefix/rta100.zip,rta100/label=toothbrush_text=tie.jpg,0.21588419377803802,0.15488052368164062,0.0610036700963974,True,False
label=toothbrush_text=toaster.jpg,label=toothbrush_text=toaster.jpg,RTA100,toothbrush,toaster,/external-cache/fse_typographic_20260926/external/Defense-Prefix/rta100.zip,rta100/label=toothbrush_text=toaster.jpg,0.20640182495117188,0.23281875252723694,-0.026416927576065063,False,False
label=toothbrush_text=trash box.jpg,label=toothbrush_text=trash box.jpg,RTA100,toothbrush,trash box,/external-cache/fse_typographic_20260926/external/Defense-Prefix/rta100.zip,rta100/label=toothbrush_text=trash box.jpg,0.1733551323413849,0.2548374533653259,-0.08148232102394104,False,False
label=towel_text=curtain.jpg,label=towel_text=curtain.jpg,RTA100,towel,curtain,/external-cache/fse_typographic_20260926/external/Defense-Prefix/rta100.zip,rta100/label=towel_text=curtain.jpg,0.2508043050765991,0.22402673959732056,0.026777565479278564,True,False
label=towel_text=frisbee.jpg,label=towel_text=frisbee.jpg,RTA100,towel,frisbee,/external-cache/fse_typographic_20260926/external/Defense-Prefix/rta100.zip,rta100/label=towel_text=frisbee.jpg,0.1869402676820755,0.13036119937896729,0.056579068303108215,True,True
label=towel_text=glove.jpg,label=towel_text=glove.jpg,RTA100,towel,glove,/external-cache/fse_typographic_20260926/external/Defense-Prefix/rta100.zip,rta100/label=towel_text=glove.jpg,0.24811500310897827,0.2737730145454407,-0.025658011436462402,False,False
label=towel_text=jacket.jpg,label=towel_text=jacket.jpg,RTA100,towel,jacket,/external-cache/fse_typographic_20260926/external/Defense-Prefix/rta100.zip,rta100/label=towel_text=jacket.jpg,0.2626100778579712,0.25867676734924316,0.003933310508728027,True,True
label=towel_text=mic.jpg,label=towel_text=mic.jpg,RTA100,towel,mic,/external-cache/fse_typographic_20260926/external/Defense-Prefix/rta100.zip,rta100/label=towel_text=mic.jpg,0.21644940972328186,0.17865531146526337,0.037794098258018494,True,False
label=towel_text=oven.jpg,label=towel_text=oven.jpg,RTA100,towel,oven,/external-cache/fse_typographic_20260926/external/Defense-Prefix/rta100.zip,rta100/label=towel_text=oven.jpg,0.21668405830860138,0.18457740545272827,0.03210665285587311,True,False
label=towel_text=plate.jpg,label=towel_text=plate.jpg,RTA100,towel,plate,/external-cache/fse_typographic_20260926/external/Defense-Prefix/rta100.zip,rta100/label=towel_text=plate.jpg,0.28164947032928467,0.2391478419303894,0.042501628398895264,True,True
label=towel_text=ruler.jpg,label=towel_text=ruler.jpg,RTA100,towel,ruler,/external-cache/fse_typographic_20260926/external/Defense-Prefix/rta100.zip,rta100/label=towel_text=ruler.jpg,0.22814790904521942,0.14998359978199005,0.07816430926322937,True,False
label=towel_text=sofa.jpg,label=towel_text=sofa.jpg,RTA100,towel,sofa,/external-cache/fse_typographic_20260926/external/Defense-Prefix/rta100.zip,rta100/label=towel_text=sofa.jpg,0.288385808467865,0.19157058000564575,0.09681522846221924,True,True
label=towel_text=trash box.jpg,label=towel_text=trash box.jpg,RTA100,towel,trash box,/external-cache/fse_typographic_20260926/external/Defense-Prefix/rta100.zip,rta100/label=towel_text=trash box.jpg,0.136577308177948,0.19120213389396667,-0.05462482571601868,False,False
label=trash box_text=can.jpg,label=trash box_text=can.jpg,RTA100,trash box,can,/external-cache/fse_typographic_20260926/external/Defense-Prefix/rta100.zip,rta100/label=trash box_text=can.jpg,0.34221577644348145,0.2640453577041626,0.07817041873931885,True,True
label=trash box_text=dish.jpg,label=trash box_text=dish.jpg,RTA100,trash box,dish,/external-cache/fse_typographic_20260926/external/Defense-Prefix/rta100.zip,rta100/label=trash box_text=dish.jpg,0.2014448642730713,0.13238093256950378,0.0690639317035675,True,False
label=trash box_text=eraser.jpg,label=trash box_text=eraser.jpg,RTA100,trash box,eraser,/external-cache/fse_typographic_20260926/external/Defense-Prefix/rta100.zip,rta100/label=trash box_text=eraser.jpg,0.29832974076271057,0.16711421310901642,0.13121552765369415,True,True
label=trash box_text=hand.jpg,label=trash box_text=hand.jpg,RTA100,trash box,hand,/external-cache/fse_typographic_20260926/external/Defense-Prefix/rta100.zip,rta100/label=trash box_text=hand.jpg,0.29615071415901184,0.15060797333717346,0.14554274082183838,True,True
label=trash box_text=hat.jpg,label=trash box_text=hat.jpg,RTA100,trash box,hat,/external-cache/fse_typographic_20260926/external/Defense-Prefix/rta100.zip,rta100/label=trash box_text=hat.jpg,0.26946014165878296,0.20030155777931213,0.06915858387947083,True,False
label=trash box_text=iron.jpg,label=trash box_text=iron.jpg,RTA100,trash box,iron,/external-cache/fse_typographic_20260926/external/Defense-Prefix/rta100.zip,rta100/label=trash box_text=iron.jpg,0.230020210146904,0.14743918180465698,0.08258102834224701,True,True
label=trash box_text=key.jpg,label=trash box_text=key.jpg,RTA100,trash box,key,/external-cache/fse_typographic_20260926/external/Defense-Prefix/rta100.zip,rta100/label=trash box_text=key.jpg,0.2976478338241577,0.1442001461982727,0.153447687625885,True,True
label=trash box_text=lemon.jpg,label=trash box_text=lemon.jpg,RTA100,trash box,lemon,/external-cache/fse_typographic_20260926/external/Defense-Prefix/rta100.zip,rta100/label=trash box_text=lemon.jpg,0.31195762753486633,0.11703606694936752,0.1949215531349182,True,True
label=trash box_text=milk.jpg,label=trash box_text=milk.jpg,RTA100,trash box,milk,/external-cache/fse_typographic_20260926/external/Defense-Prefix/rta100.zip,rta100/label=trash box_text=milk.jpg,0.18877148628234863,0.1845412254333496,0.0042302608489990234,True,False
label=trash box_text=pen.jpg,label=trash box_text=pen.jpg,RTA100,trash box,pen,/external-cache/fse_typographic_20260926/external/Defense-Prefix/rta100.zip,rta100/label=trash box_text=pen.jpg,0.2529442608356476,0.1647026240825653,0.08824163675308228,True,True
label=tray_text=basket.jpg,label=tray_text=basket.jpg,RTA100,tray,basket,/external-cache/fse_typographic_20260926/external/Defense-Prefix/rta100.zip,rta100/label=tray_text=basket.jpg,0.2757747769355774,0.22584278881549835,0.04993198812007904,True,True
label=tray_text=dog.jpg,label=tray_text=dog.jpg,RTA100,tray,dog,/external-cache/fse_typographic_20260926/external/Defense-Prefix/rta100.zip,rta100/label=tray_text=dog.jpg,0.24454449117183685,0.1991887241601944,0.045355767011642456,True,False
label=tray_text=guitar.jpg,label=tray_text=guitar.jpg,RTA100,tray,guitar,/external-cache/fse_typographic_20260926/external/Defense-Prefix/rta100.zip,rta100/label=tray_text=guitar.jpg,0.2316018044948578,0.16805073618888855,0.06355106830596924,True,False
label=tray_text=mango.jpg,label=tray_text=mango.jpg,RTA100,tray,mango,/external-cache/fse_typographic_20260926/external/Defense-Prefix/rta100.zip,rta100/label=tray_text=mango.jpg,0.2052687704563141,0.1514676809310913,0.05380108952522278,True,False
label=tray_text=map.jpg,label=tray_text=map.jpg,RTA100,tray,map,/external-cache/fse_typographic_20260926/external/Defense-Prefix/rta100.zip,rta100/label=tray_text=map.jpg,0.24550490081310272,0.19360649585723877,0.05189840495586395,True,True
label=tray_text=monitor.jpg,label=tray_text=monitor.jpg,RTA100,tray,monitor,/external-cache/fse_typographic_20260926/external/Defense-Prefix/rta100.zip,rta100/label=tray_text=monitor.jpg,0.22832345962524414,0.1979968100786209,0.03032664954662323,True,True
label=tray_text=notebook.jpg,label=tray_text=notebook.jpg,RTA100,tray,notebook,/external-cache/fse_typographic_20260926/external/Defense-Prefix/rta100.zip,rta100/label=tray_text=notebook.jpg,0.2339727282524109,0.2033766210079193,0.030596107244491577,True,True
label=tray_text=pillow.jpg,label=tray_text=pillow.jpg,RTA100,tray,pillow,/external-cache/fse_typographic_20260926/external/Defense-Prefix/rta100.zip,rta100/label=tray_text=pillow.jpg,0.17594188451766968,0.21035335958003998,-0.0344114750623703,False,False
label=tray_text=scissors.jpg,label=tray_text=scissors.jpg,RTA100,tray,scissors,/external-cache/fse_typographic_20260926/external/Defense-Prefix/rta100.zip,rta100/label=tray_text=scissors.jpg,0.21177878975868225,0.1745913177728653,0.037187471985816956,True,False
label=tray_text=umbrella.jpg,label=tray_text=umbrella.jpg,RTA100,tray,umbrella,/external-cache/fse_typographic_20260926/external/Defense-Prefix/rta100.zip,rta100/label=tray_text=umbrella.jpg,0.2825039029121399,0.11202532052993774,0.17047858238220215,True,True
label=umbrella_text=cup.jpg,label=umbrella_text=cup.jpg,RTA100,umbrella,cup,/external-cache/fse_typographic_20260926/external/Defense-Prefix/rta100.zip,rta100/label=umbrella_text=cup.jpg,0.3152051568031311,0.21953114867210388,0.09567400813102722,True,True
label=umbrella_text=floor.jpg,label=umbrella_text=floor.jpg,RTA100,umbrella,floor,/external-cache/fse_typographic_20260926/external/Defense-Prefix/rta100.zip,rta100/label=umbrella_text=floor.jpg,0.23512428998947144,0.25197097659111023,-0.016846686601638794,False,False
label=umbrella_text=lemon.jpg,label=umbrella_text=lemon.jpg,RTA100,umbrella,lemon,/external-cache/fse_typographic_20260926/external/Defense-Prefix/rta100.zip,rta100/label=umbrella_text=lemon.jpg,0.22193613648414612,0.19540846347808838,0.02652767300605774,True,True
label=umbrella_text=marker.jpg,label=umbrella_text=marker.jpg,RTA100,umbrella,marker,/external-cache/fse_typographic_20260926/external/Defense-Prefix/rta100.zip,rta100/label=umbrella_text=marker.jpg,0.2803058922290802,0.21515816450119019,0.06514772772789001,True,True
label=umbrella_text=mask.jpg,label=umbrella_text=mask.jpg,RTA100,umbrella,mask,/external-cache/fse_typographic_20260926/external/Defense-Prefix/rta100.zip,rta100/label=umbrella_text=mask.jpg,0.22453835606575012,0.21895940601825714,0.005578950047492981,True,False
label=umbrella_text=microwave.jpg,label=umbrella_text=microwave.jpg,RTA100,umbrella,microwave,/external-cache/fse_typographic_20260926/external/Defense-Prefix/rta100.zip,rta100/label=umbrella_text=microwave.jpg,0.32175174355506897,0.19631589949131012,0.12543584406375885,True,True
label=umbrella_text=pen case.jpg,label=umbrella_text=pen case.jpg,RTA100,umbrella,pen case,/external-cache/fse_typographic_20260926/external/Defense-Prefix/rta100.zip,rta100/label=umbrella_text=pen case.jpg,0.22598639130592346,0.2748306393623352,-0.04884424805641174,False,False
label=umbrella_text=remote.jpg,label=umbrella_text=remote.jpg,RTA100,umbrella,remote,/external-cache/fse_typographic_20260926/external/Defense-Prefix/rta100.zip,rta100/label=umbrella_text=remote.jpg,0.19453594088554382,0.18168312311172485,0.01285281777381897,True,False
label=umbrella_text=toothbrush.jpg,label=umbrella_text=toothbrush.jpg,RTA100,umbrella,toothbrush,/external-cache/fse_typographic_20260926/external/Defense-Prefix/rta100.zip,rta100/label=umbrella_text=toothbrush.jpg,0.24369244277477264,0.12067544460296631,0.12301699817180634,True,True
label=umbrella_text=tray.jpg,label=umbrella_text=tray.jpg,RTA100,umbrella,tray,/external-cache/fse_typographic_20260926/external/Defense-Prefix/rta100.zip,rta100/label=umbrella_text=tray.jpg,0.24011562764644623,0.23318342864513397,0.006932199001312256,True,False
label=vacuum cleaner_text=controller.jpg,label=vacuum cleaner_text=controller.jpg,RTA100,vacuum cleaner,controller,/external-cache/fse_typographic_20260926/external/Defense-Prefix/rta100.zip,rta100/label=vacuum cleaner_text=controller.jpg,0.2852576971054077,0.1647355556488037,0.120522141456604,True,True
label=vacuum cleaner_text=cup.jpg,label=vacuum cleaner_text=cup.jpg,RTA100,vacuum cleaner,cup,/external-cache/fse_typographic_20260926/external/Defense-Prefix/rta100.zip,rta100/label=vacuum cleaner_text=cup.jpg,0.32049423456192017,0.20138174295425415,0.11911249160766602,True,True
label=vacuum cleaner_text=curtain.jpg,label=vacuum cleaner_text=curtain.jpg,RTA100,vacuum cleaner,curtain,/external-cache/fse_typographic_20260926/external/Defense-Prefix/rta100.zip,rta100/label=vacuum cleaner_text=curtain.jpg,0.28864774107933044,0.12641766667366028,0.16223007440567017,True,True
label=vacuum cleaner_text=eraser.jpg,label=vacuum cleaner_text=eraser.jpg,RTA100,vacuum cleaner,eraser,/external-cache/fse_typographic_20260926/external/Defense-Prefix/rta100.zip,rta100/label=vacuum cleaner_text=eraser.jpg,0.31978780031204224,0.15045353770256042,0.1693342626094818,True,True
label=vacuum cleaner_text=glove.jpg,label=vacuum cleaner_text=glove.jpg,RTA100,vacuum cleaner,glove,/external-cache/fse_typographic_20260926/external/Defense-Prefix/rta100.zip,rta100/label=vacuum cleaner_text=glove.jpg,0.30717697739601135,0.17669636011123657,0.13048061728477478,True,True
label=vacuum cleaner_text=guitar.jpg,label=vacuum cleaner_text=guitar.jpg,RTA100,vacuum cleaner,guitar,/external-cache/fse_typographic_20260926/external/Defense-Prefix/rta100.zip,rta100/label=vacuum cleaner_text=guitar.jpg,0.29381614923477173,0.18730908632278442,0.1065070629119873,True,True
label=vacuum cleaner_text=hair dryer.jpg,label=vacuum cleaner_text=hair dryer.jpg,RTA100,vacuum cleaner,hair dryer,/external-cache/fse_typographic_20260926/external/Defense-Prefix/rta100.zip,rta100/label=vacuum cleaner_text=hair dryer.jpg,0.30223971605300903,0.2677542567253113,0.034485459327697754,True,True
label=vacuum cleaner_text=marker.jpg,label=vacuum cleaner_text=marker.jpg,RTA100,vacuum cleaner,marker,/external-cache/fse_typographic_20260926/external/Defense-Prefix/rta100.zip,rta100/label=vacuum cleaner_text=marker.jpg,0.31317663192749023,0.2185867577791214,0.09458987414836884,True,True
label=vacuum cleaner_text=pen.jpg,label=vacuum cleaner_text=pen.jpg,RTA100,vacuum cleaner,pen,/external-cache/fse_typographic_20260926/external/Defense-Prefix/rta100.zip,rta100/label=vacuum cleaner_text=pen.jpg,0.27353212237358093,0.23643893003463745,0.03709319233894348,True,True
label=vacuum cleaner_text=trash box.jpg,label=vacuum cleaner_text=trash box.jpg,RTA100,vacuum cleaner,trash box,/external-cache/fse_typographic_20260926/external/Defense-Prefix/rta100.zip,rta100/label=vacuum cleaner_text=trash box.jpg,0.30834490060806274,0.1883922815322876,0.11995261907577515,True,True
label=wallet_text=DVD.jpg,label=wallet_text=DVD.jpg,RTA100,wallet,DVD,/external-cache/fse_typographic_20260926/external/Defense-Prefix/rta100.zip,rta100/label=wallet_text=DVD.jpg,0.220201313495636,0.252543568611145,-0.03234225511550903,False,False
label=wallet_text=bookshelf.jpg,label=wallet_text=bookshelf.jpg,RTA100,wallet,bookshelf,/external-cache/fse_typographic_20260926/external/Defense-Prefix/rta100.zip,rta100/label=wallet_text=bookshelf.jpg,0.2168009728193283,0.21667228639125824,0.00012868642807006836,True,True
label=wallet_text=camera.jpg,label=wallet_text=camera.jpg,RTA100,wallet,camera,/external-cache/fse_typographic_20260926/external/Defense-Prefix/rta100.zip,rta100/label=wallet_text=camera.jpg,0.24826402962207794,0.2052452564239502,0.04301877319812775,True,True
label=wallet_text=headphone.jpg,label=wallet_text=headphone.jpg,RTA100,wallet,headphone,/external-cache/fse_typographic_20260926/external/Defense-Prefix/rta100.zip,rta100/label=wallet_text=headphone.jpg,0.27685636281967163,0.21130341291427612,0.06555294990539551,True,True
label=wallet_text=light bulb.jpg,label=wallet_text=light bulb.jpg,RTA100,wallet,light bulb,/external-cache/fse_typographic_20260926/external/Defense-Prefix/rta100.zip,rta100/label=wallet_text=light bulb.jpg,0.24366989731788635,0.15316899120807648,0.09050090610980988,True,True
label=wallet_text=mask.jpg,label=wallet_text=mask.jpg,RTA100,wallet,mask,/external-cache/fse_typographic_20260926/external/Defense-Prefix/rta100.zip,rta100/label=wallet_text=mask.jpg,0.27566656470298767,0.12617182731628418,0.1494947373867035,True,True
label=wallet_text=mirror.jpg,label=wallet_text=mirror.jpg,RTA100,wallet,mirror,/external-cache/fse_typographic_20260926/external/Defense-Prefix/rta100.zip,rta100/label=wallet_text=mirror.jpg,0.15166421234607697,0.1319793313741684,0.01968488097190857,True,False
label=wallet_text=mouse.jpg,label=wallet_text=mouse.jpg,RTA100,wallet,mouse,/external-cache/fse_typographic_20260926/external/Defense-Prefix/rta100.zip,rta100/label=wallet_text=mouse.jpg,0.25107645988464355,0.2404969036579132,0.010579556226730347,True,False
label=wallet_text=mousepad.jpg,label=wallet_text=mousepad.jpg,RTA100,wallet,mousepad,/external-cache/fse_typographic_20260926/external/Defense-Prefix/rta100.zip,rta100/label=wallet_text=mousepad.jpg,0.21336933970451355,0.3067604601383209,-0.09339112043380737,False,False
label=wallet_text=socks.jpg,label=wallet_text=socks.jpg,RTA100,wallet,socks,/external-cache/fse_typographic_20260926/external/Defense-Prefix/rta100.zip,rta100/label=wallet_text=socks.jpg,0.2559507489204407,0.23131275177001953,0.024637997150421143,True,True
label=watch_text=chair.jpg,label=watch_text=chair.jpg,RTA100,watch,chair,/external-cache/fse_typographic_20260926/external/Defense-Prefix/rta100.zip,rta100/label=watch_text=chair.jpg,0.2368173897266388,0.2323782593011856,0.004439130425453186,True,True
label=watch_text=cone.jpg,label=watch_text=cone.jpg,RTA100,watch,cone,/external-cache/fse_typographic_20260926/external/Defense-Prefix/rta100.zip,rta100/label=watch_text=cone.jpg,0.1813156008720398,0.16419321298599243,0.017122387886047363,True,False
label=watch_text=dish.jpg,label=watch_text=dish.jpg,RTA100,watch,dish,/external-cache/fse_typographic_20260926/external/Defense-Prefix/rta100.zip,rta100/label=watch_text=dish.jpg,0.11247827857732773,0.12876403331756592,-0.01628575474023819,False,False
label=watch_text=drill.jpg,label=watch_text=drill.jpg,RTA100,watch,drill,/external-cache/fse_typographic_20260926/external/Defense-Prefix/rta100.zip,rta100/label=watch_text=drill.jpg,0.2522314190864563,0.17680874466896057,0.07542267441749573,True,True
label=watch_text=iPhone.jpg,label=watch_text=iPhone.jpg,RTA100,watch,iPhone,/external-cache/fse_typographic_20260926/external/Defense-Prefix/rta100.zip,rta100/label=watch_text=iPhone.jpg,0.18228039145469666,0.2400883138179779,-0.05780792236328125,False,False
label=watch_text=keyboard.jpg,label=watch_text=keyboard.jpg,RTA100,watch,keyboard,/external-cache/fse_typographic_20260926/external/Defense-Prefix/rta100.zip,rta100/label=watch_text=keyboard.jpg,0.13671019673347473,0.21378637850284576,-0.07707618176937103,False,False
label=watch_text=map.jpg,label=watch_text=map.jpg,RTA100,watch,map,/external-cache/fse_typographic_20260926/external/Defense-Prefix/rta100.zip,rta100/label=watch_text=map.jpg,0.2069701850414276,0.24154186248779297,-0.034571677446365356,False,False
label=watch_text=marker.jpg,label=watch_text=marker.jpg,RTA100,watch,marker,/external-cache/fse_typographic_20260926/external/Defense-Prefix/rta100.zip,rta100/label=watch_text=marker.jpg,0.21740752458572388,0.15196073055267334,0.06544679403305054,True,True
label=watch_text=mug.jpg,label=watch_text=mug.jpg,RTA100,watch,mug,/external-cache/fse_typographic_20260926/external/Defense-Prefix/rta100.zip,rta100/label=watch_text=mug.jpg,0.18008726835250854,0.2389298975467682,-0.058842629194259644,False,False
label=watch_text=pen.jpg,label=watch_text=pen.jpg,RTA100,watch,pen,/external-cache/fse_typographic_20260926/external/Defense-Prefix/rta100.zip,rta100/label=watch_text=pen.jpg,0.22832033038139343,0.18774263560771942,0.04057769477367401,True,True
label=whiteboard_text=bookshelf.jpg,label=whiteboard_text=bookshelf.jpg,RTA100,whiteboard,bookshelf,/external-cache/fse_typographic_20260926/external/Defense-Prefix/rta100.zip,rta100/label=whiteboard_text=bookshelf.jpg,0.25737595558166504,0.18699327111244202,0.07038268446922302,True,False
label=whiteboard_text=cup.jpg,label=whiteboard_text=cup.jpg,RTA100,whiteboard,cup,/external-cache/fse_typographic_20260926/external/Defense-Prefix/rta100.zip,rta100/label=whiteboard_text=cup.jpg,0.33538225293159485,0.2204292267560959,0.11495302617549896,True,True
label=whiteboard_text=fridge.jpg,label=whiteboard_text=fridge.jpg,RTA100,whiteboard,fridge,/external-cache/fse_typographic_20260926/external/Defense-Prefix/rta100.zip,rta100/label=whiteboard_text=fridge.jpg,0.25559285283088684,0.1994103044271469,0.05618254840373993,True,True
label=whiteboard_text=melon.jpg,label=whiteboard_text=melon.jpg,RTA100,whiteboard,melon,/external-cache/fse_typographic_20260926/external/Defense-Prefix/rta100.zip,rta100/label=whiteboard_text=melon.jpg,0.22313565015792847,0.12301480025053024,0.10012084990739822,True,False
label=whiteboard_text=onion.jpg,label=whiteboard_text=onion.jpg,RTA100,whiteboard,onion,/external-cache/fse_typographic_20260926/external/Defense-Prefix/rta100.zip,rta100/label=whiteboard_text=onion.jpg,0.27667340636253357,0.1787872314453125,0.09788617491722107,True,True
label=whiteboard_text=plate.jpg,label=whiteboard_text=plate.jpg,RTA100,whiteboard,plate,/external-cache/fse_typographic_20260926/external/Defense-Prefix/rta100.zip,rta100/label=whiteboard_text=plate.jpg,0.3393273949623108,0.20036661624908447,0.13896077871322632,True,True
label=whiteboard_text=shoes.jpg,label=whiteboard_text=shoes.jpg,RTA100,whiteboard,shoes,/external-cache/fse_typographic_20260926/external/Defense-Prefix/rta100.zip,rta100/label=whiteboard_text=shoes.jpg,0.32134008407592773,0.18971757590770721,0.13162250816822052,True,True
label=whiteboard_text=slipper.jpg,label=whiteboard_text=slipper.jpg,RTA100,whiteboard,slipper,/external-cache/fse_typographic_20260926/external/Defense-Prefix/rta100.zip,rta100/label=whiteboard_text=slipper.jpg,0.3284667432308197,0.1956881731748581,0.1327785700559616,True,True
label=whiteboard_text=sofa.jpg,label=whiteboard_text=sofa.jpg,RTA100,whiteboard,sofa,/external-cache/fse_typographic_20260926/external/Defense-Prefix/rta100.zip,rta100/label=whiteboard_text=sofa.jpg,0.3488423228263855,0.20448537170886993,0.14435695111751556,True,True
label=whiteboard_text=spoon.jpg,label=whiteboard_text=spoon.jpg,RTA100,whiteboard,spoon,/external-cache/fse_typographic_20260926/external/Defense-Prefix/rta100.zip,rta100/label=whiteboard_text=spoon.jpg,0.29630082845687866,0.2087295949459076,0.08757123351097107,True,False
