id,source_id,bank,object_label,attack_word,archive,member,object_score,attack_score,margin,correct,top1
label=DVD_text=adapter.jpg,label=DVD_text=adapter.jpg,RTA100,DVD,adapter,/external-cache/fse_typographic_20260926/external/Defense-Prefix/rta100.zip,rta100/label=DVD_text=adapter.jpg,0.32677721977233887,0.2759924829006195,0.05078473687171936,True,True
label=DVD_text=bag.jpg,label=DVD_text=bag.jpg,RTA100,DVD,bag,/external-cache/fse_typographic_20260926/external/Defense-Prefix/rta100.zip,rta100/label=DVD_text=bag.jpg,0.3224167227745056,0.224032461643219,0.09838426113128662,True,True
label=DVD_text=ball.jpg,label=DVD_text=ball.jpg,RTA100,DVD,ball,/external-cache/fse_typographic_20260926/external/Defense-Prefix/rta100.zip,rta100/label=DVD_text=ball.jpg,0.2768872380256653,0.24781906604766846,0.029068171977996826,True,True
label=DVD_text=bed.jpg,label=DVD_text=bed.jpg,RTA100,DVD,bed,/external-cache/fse_typographic_20260926/external/Defense-Prefix/rta100.zip,rta100/label=DVD_text=bed.jpg,0.30249086022377014,0.2017490714788437,0.10074178874492645,True,True
label=DVD_text=controller.jpg,label=DVD_text=controller.jpg,RTA100,DVD,controller,/external-cache/fse_typographic_20260926/external/Defense-Prefix/rta100.zip,rta100/label=DVD_text=controller.jpg,0.2767329216003418,0.25682586431503296,0.019907057285308838,True,True
label=DVD_text=frisbee.jpg,label=DVD_text=frisbee.jpg,RTA100,DVD,frisbee,/external-cache/fse_typographic_20260926/external/Defense-Prefix/rta100.zip,rta100/label=DVD_text=frisbee.jpg,0.278486043214798,0.20885498821735382,0.06963105499744415,True,True
label=DVD_text=mango.jpg,label=DVD_text=mango.jpg,RTA100,DVD,mango,/external-cache/fse_typographic_20260926/external/Defense-Prefix/rta100.zip,rta100/label=DVD_text=mango.jpg,0.26157835125923157,0.20388220250606537,0.0576961487531662,True,True
label=DVD_text=oven.jpg,label=DVD_text=oven.jpg,RTA100,DVD,oven,/external-cache/fse_typographic_20260926/external/Defense-Prefix/rta100.zip,rta100/label=DVD_text=oven.jpg,0.27168184518814087,0.23106953501701355,0.04061231017112732,True,True
label=DVD_text=slipper.jpg,label=DVD_text=slipper.jpg,RTA100,DVD,slipper,/external-cache/fse_typographic_20260926/external/Defense-Prefix/rta100.zip,rta100/label=DVD_text=slipper.jpg,0.28208255767822266,0.18764179944992065,0.094440758228302,True,True
label=DVD_text=umbrella.jpg,label=DVD_text=umbrella.jpg,RTA100,DVD,umbrella,/external-cache/fse_typographic_20260926/external/Defense-Prefix/rta100.zip,rta100/label=DVD_text=umbrella.jpg,0.3067972660064697,0.20199289917945862,0.10480436682701111,True,True
label=adapter_text=apple.jpg,label=adapter_text=apple.jpg,RTA100,adapter,apple,/external-cache/fse_typographic_20260926/external/Defense-Prefix/rta100.zip,rta100/label=adapter_text=apple.jpg,0.2481212466955185,0.23513340950012207,0.012987837195396423,True,False
label=adapter_text=basket.jpg,label=adapter_text=basket.jpg,RTA100,adapter,basket,/external-cache/fse_typographic_20260926/external/Defense-Prefix/rta100.zip,rta100/label=adapter_text=basket.jpg,0.27761310338974,0.19393253326416016,0.08368057012557983,True,True
label=adapter_text=hand.jpg,label=adapter_text=hand.jpg,RTA100,adapter,hand,/external-cache/fse_typographic_20260926/external/Defense-Prefix/rta100.zip,rta100/label=adapter_text=hand.jpg,0.22367319464683533,0.18878820538520813,0.0348849892616272,True,True
label=adapter_text=jacket.jpg,label=adapter_text=jacket.jpg,RTA100,adapter,jacket,/external-cache/fse_typographic_20260926/external/Defense-Prefix/rta100.zip,rta100/label=adapter_text=jacket.jpg,0.30515119433403015,0.2703556418418884,0.034795552492141724,True,True
label=adapter_text=mic.jpg,label=adapter_text=mic.jpg,RTA100,adapter,mic,/external-cache/fse_typographic_20260926/external/Defense-Prefix/rta100.zip,rta100/label=adapter_text=mic.jpg,0.2695522606372833,0.24141481518745422,0.0281374454498291,True,False
label=adapter_text=microwave.jpg,label=adapter_text=microwave.jpg,RTA100,adapter,microwave,/external-cache/fse_typographic_20260926/external/Defense-Prefix/rta100.zip,rta100/label=adapter_text=microwave.jpg,0.22229206562042236,0.27040815353393555,-0.048116087913513184,False,False
label=adapter_text=ruler.jpg,label=adapter_text=ruler.jpg,RTA100,adapter,ruler,/external-cache/fse_typographic_20260926/external/Defense-Prefix/rta100.zip,rta100/label=adapter_text=ruler.jpg,0.26393061876296997,0.2284799963235855,0.03545062243938446,True,True
label=adapter_text=speaker.jpg,label=adapter_text=speaker.jpg,RTA100,adapter,speaker,/external-cache/fse_typographic_20260926/external/Defense-Prefix/rta100.zip,rta100/label=adapter_text=speaker.jpg,0.25324150919914246,0.24750006198883057,0.00574144721031189,True,True
label=adapter_text=thermometer.jpg,label=adapter_text=thermometer.jpg,RTA100,adapter,thermometer,/external-cache/fse_typographic_20260926/external/Defense-Prefix/rta100.zip,rta100/label=adapter_text=thermometer.jpg,0.2528873085975647,0.2684789001941681,-0.015591591596603394,False,False
label=adapter_text=trash box.jpg,label=adapter_text=trash box.jpg,RTA100,adapter,trash box,/external-cache/fse_typographic_20260926/external/Defense-Prefix/rta100.zip,rta100/label=adapter_text=trash box.jpg,0.1744135171175003,0.20758900046348572,-0.03317548334598541,False,False
label=airconditioner_text=bag.jpg,label=airconditioner_text=bag.jpg,RTA100,airconditioner,bag,/external-cache/fse_typographic_20260926/external/Defense-Prefix/rta100.zip,rta100/label=airconditioner_text=bag.jpg,0.28941604495048523,0.26334279775619507,0.02607324719429016,True,True
label=airconditioner_text=bookshelf.jpg,label=airconditioner_text=bookshelf.jpg,RTA100,airconditioner,bookshelf,/external-cache/fse_typographic_20260926/external/Defense-Prefix/rta100.zip,rta100/label=airconditioner_text=bookshelf.jpg,0.3126133680343628,0.20941701531410217,0.10319635272026062,True,True
label=airconditioner_text=keyboard.jpg,label=airconditioner_text=keyboard.jpg,RTA100,airconditioner,keyboard,/external-cache/fse_typographic_20260926/external/Defense-Prefix/rta100.zip,rta100/label=airconditioner_text=keyboard.jpg,0.2583528161048889,0.1677432507276535,0.09060956537723541,True,True
label=airconditioner_text=light bulb.jpg,label=airconditioner_text=light bulb.jpg,RTA100,airconditioner,light bulb,/external-cache/fse_typographic_20260926/external/Defense-Prefix/rta100.zip,rta100/label=airconditioner_text=light bulb.jpg,0.3007317781448364,0.21488428115844727,0.08584749698638916,True,True
label=airconditioner_text=pants.jpg,label=airconditioner_text=pants.jpg,RTA100,airconditioner,pants,/external-cache/fse_typographic_20260926/external/Defense-Prefix/rta100.zip,rta100/label=airconditioner_text=pants.jpg,0.27444419264793396,0.22449225187301636,0.0499519407749176,True,True
label=airconditioner_text=pen.jpg,label=airconditioner_text=pen.jpg,RTA100,airconditioner,pen,/external-cache/fse_typographic_20260926/external/Defense-Prefix/rta100.zip,rta100/label=airconditioner_text=pen.jpg,0.30973878502845764,0.19022440910339355,0.11951437592506409,True,True
label=airconditioner_text=plate.jpg,label=airconditioner_text=plate.jpg,RTA100,airconditioner,plate,/external-cache/fse_typographic_20260926/external/Defense-Prefix/rta100.zip,rta100/label=airconditioner_text=plate.jpg,0.301210880279541,0.19879618287086487,0.10241469740867615,True,False
label=airconditioner_text=scissors.jpg,label=airconditioner_text=scissors.jpg,RTA100,airconditioner,scissors,/external-cache/fse_typographic_20260926/external/Defense-Prefix/rta100.zip,rta100/label=airconditioner_text=scissors.jpg,0.26641201972961426,0.16849607229232788,0.09791594743728638,True,True
label=airconditioner_text=tissue.jpg,label=airconditioner_text=tissue.jpg,RTA100,airconditioner,tissue,/external-cache/fse_typographic_20260926/external/Defense-Prefix/rta100.zip,rta100/label=airconditioner_text=tissue.jpg,0.2593684494495392,0.1836995780467987,0.07566887140274048,True,True
label=airconditioner_text=towel.jpg,label=airconditioner_text=towel.jpg,RTA100,airconditioner,towel,/external-cache/fse_typographic_20260926/external/Defense-Prefix/rta100.zip,rta100/label=airconditioner_text=towel.jpg,0.27550822496414185,0.18636482954025269,0.08914339542388916,True,True
label=apple_text=airconditioner.jpg,label=apple_text=airconditioner.jpg,RTA100,apple,airconditioner,/external-cache/fse_typographic_20260926/external/Defense-Prefix/rta100.zip,rta100/label=apple_text=airconditioner.jpg,0.26472756266593933,0.17768678069114685,0.08704078197479248,True,False
label=apple_text=bag.jpg,label=apple_text=bag.jpg,RTA100,apple,bag,/external-cache/fse_typographic_20260926/external/Defense-Prefix/rta100.zip,rta100/label=apple_text=bag.jpg,0.3057705760002136,0.2461310476064682,0.05963952839374542,True,True
label=apple_text=doll.jpg,label=apple_text=doll.jpg,RTA100,apple,doll,/external-cache/fse_typographic_20260926/external/Defense-Prefix/rta100.zip,rta100/label=apple_text=doll.jpg,0.2847323417663574,0.19821059703826904,0.08652174472808838,True,False
label=apple_text=drill.jpg,label=apple_text=drill.jpg,RTA100,apple,drill,/external-cache/fse_typographic_20260926/external/Defense-Prefix/rta100.zip,rta100/label=apple_text=drill.jpg,0.278920441865921,0.20683899521827698,0.07208144664764404,True,False
label=apple_text=earphones.jpg,label=apple_text=earphones.jpg,RTA100,apple,earphones,/external-cache/fse_typographic_20260926/external/Defense-Prefix/rta100.zip,rta100/label=apple_text=earphones.jpg,0.25034964084625244,0.2332727611064911,0.017076879739761353,True,True
label=apple_text=glasses.jpg,label=apple_text=glasses.jpg,RTA100,apple,glasses,/external-cache/fse_typographic_20260926/external/Defense-Prefix/rta100.zip,rta100/label=apple_text=glasses.jpg,0.2933003902435303,0.2522182762622833,0.04108211398124695,True,True
label=apple_text=glove.jpg,label=apple_text=glove.jpg,RTA100,apple,glove,/external-cache/fse_typographic_20260926/external/Defense-Prefix/rta100.zip,rta100/label=apple_text=glove.jpg,0.29821377992630005,0.19264677166938782,0.10556700825691223,True,True
label=apple_text=pen.jpg,label=apple_text=pen.jpg,RTA100,apple,pen,/external-cache/fse_typographic_20260926/external/Defense-Prefix/rta100.zip,rta100/label=apple_text=pen.jpg,0.29355520009994507,0.22768154740333557,0.0658736526966095,True,True
label=apple_text=scissors.jpg,label=apple_text=scissors.jpg,RTA100,apple,scissors,/external-cache/fse_typographic_20260926/external/Defense-Prefix/rta100.zip,rta100/label=apple_text=scissors.jpg,0.2734842896461487,0.1785717010498047,0.094912588596344,True,True
label=apple_text=whiteboard.jpg,label=apple_text=whiteboard.jpg,RTA100,apple,whiteboard,/external-cache/fse_typographic_20260926/external/Defense-Prefix/rta100.zip,rta100/label=apple_text=whiteboard.jpg,0.2585061490535736,0.22651702165603638,0.03198912739753723,True,True
label=bag_text=card.jpg,label=bag_text=card.jpg,RTA100,bag,card,/external-cache/fse_typographic_20260926/external/Defense-Prefix/rta100.zip,rta100/label=bag_text=card.jpg,0.2936994135379791,0.14391833543777466,0.14978107810020447,True,True
label=bag_text=chair.jpg,label=bag_text=chair.jpg,RTA100,bag,chair,/external-cache/fse_typographic_20260926/external/Defense-Prefix/rta100.zip,rta100/label=bag_text=chair.jpg,0.2919631600379944,0.1658371239900589,0.12612603604793549,True,True
label=bag_text=dog.jpg,label=bag_text=dog.jpg,RTA100,bag,dog,/external-cache/fse_typographic_20260926/external/Defense-Prefix/rta100.zip,rta100/label=bag_text=dog.jpg,0.2891947329044342,0.1292548030614853,0.1599399298429489,True,True
label=bag_text=fridge.jpg,label=bag_text=fridge.jpg,RTA100,bag,fridge,/external-cache/fse_typographic_20260926/external/Defense-Prefix/rta100.zip,rta100/label=bag_text=fridge.jpg,0.2631438970565796,0.1367732584476471,0.1263706386089325,True,True
label=bag_text=iron.jpg,label=bag_text=iron.jpg,RTA100,bag,iron,/external-cache/fse_typographic_20260926/external/Defense-Prefix/rta100.zip,rta100/label=bag_text=iron.jpg,0.3316856920719147,0.2322118580341339,0.09947383403778076,True,True
label=bag_text=key.jpg,label=bag_text=key.jpg,RTA100,bag,key,/external-cache/fse_typographic_20260926/external/Defense-Prefix/rta100.zip,rta100/label=bag_text=key.jpg,0.2594202756881714,0.12162189930677414,0.13779836893081665,True,True
label=bag_text=melon.jpg,label=bag_text=melon.jpg,RTA100,bag,melon,/external-cache/fse_typographic_20260926/external/Defense-Prefix/rta100.zip,rta100/label=bag_text=melon.jpg,0.3017297089099884,0.097776398062706,0.2039533108472824,True,True
label=bag_text=monitor.jpg,label=bag_text=monitor.jpg,RTA100,bag,monitor,/external-cache/fse_typographic_20260926/external/Defense-Prefix/rta100.zip,rta100/label=bag_text=monitor.jpg,0.2768043875694275,0.18224261701107025,0.09456177055835724,True,True
label=bag_text=sofa.jpg,label=bag_text=sofa.jpg,RTA100,bag,sofa,/external-cache/fse_typographic_20260926/external/Defense-Prefix/rta100.zip,rta100/label=bag_text=sofa.jpg,0.33127596974372864,0.19416654109954834,0.1371094286441803,True,True
label=bag_text=toothbrush.jpg,label=bag_text=toothbrush.jpg,RTA100,bag,toothbrush,/external-cache/fse_typographic_20260926/external/Defense-Prefix/rta100.zip,rta100/label=bag_text=toothbrush.jpg,0.2344670444726944,0.1507319062948227,0.0837351381778717,True,False
label=ball_text=bag.jpg,label=ball_text=bag.jpg,RTA100,ball,bag,/external-cache/fse_typographic_20260926/external/Defense-Prefix/rta100.zip,rta100/label=ball_text=bag.jpg,0.2871106266975403,0.2523843050003052,0.03472632169723511,True,True
label=ball_text=chair.jpg,label=ball_text=chair.jpg,RTA100,ball,chair,/external-cache/fse_typographic_20260926/external/Defense-Prefix/rta100.zip,rta100/label=ball_text=chair.jpg,0.2747732996940613,0.18553534150123596,0.08923795819282532,True,True
label=ball_text=frisbee.jpg,label=ball_text=frisbee.jpg,RTA100,ball,frisbee,/external-cache/fse_typographic_20260926/external/Defense-Prefix/rta100.zip,rta100/label=ball_text=frisbee.jpg,0.23861302435398102,0.16566284000873566,0.07295018434524536,True,True
label=ball_text=hat.jpg,label=ball_text=hat.jpg,RTA100,ball,hat,/external-cache/fse_typographic_20260926/external/Defense-Prefix/rta100.zip,rta100/label=ball_text=hat.jpg,0.31458553671836853,0.28551310300827026,0.029072433710098267,True,True
label=ball_text=headphone.jpg,label=ball_text=headphone.jpg,RTA100,ball,headphone,/external-cache/fse_typographic_20260926/external/Defense-Prefix/rta100.zip,rta100/label=ball_text=headphone.jpg,0.2719404101371765,0.23935657739639282,0.03258383274078369,True,True
label=ball_text=light bulb.jpg,label=ball_text=light bulb.jpg,RTA100,ball,light bulb,/external-cache/fse_typographic_20260926/external/Defense-Prefix/rta100.zip,rta100/label=ball_text=light bulb.jpg,0.2572537958621979,0.1408078372478485,0.11644595861434937,True,True
label=ball_text=mirror.jpg,label=ball_text=mirror.jpg,RTA100,ball,mirror,/external-cache/fse_typographic_20260926/external/Defense-Prefix/rta100.zip,rta100/label=ball_text=mirror.jpg,0.2187124341726303,0.1706392467021942,0.048073187470436096,True,True
label=ball_text=pen case.jpg,label=ball_text=pen case.jpg,RTA100,ball,pen case,/external-cache/fse_typographic_20260926/external/Defense-Prefix/rta100.zip,rta100/label=ball_text=pen case.jpg,0.2617514133453369,0.14524973928928375,0.11650167405605316,True,True
label=ball_text=towel.jpg,label=ball_text=towel.jpg,RTA100,ball,towel,/external-cache/fse_typographic_20260926/external/Defense-Prefix/rta100.zip,rta100/label=ball_text=towel.jpg,0.30045032501220703,0.1994837522506714,0.10096657276153564,True,True
label=ball_text=umbrella.jpg,label=ball_text=umbrella.jpg,RTA100,ball,umbrella,/external-cache/fse_typographic_20260926/external/Defense-Prefix/rta100.zip,rta100/label=ball_text=umbrella.jpg,0.23250319063663483,0.20905199646949768,0.023451194167137146,True,True
label=basket_text=can.jpg,label=basket_text=can.jpg,RTA100,basket,can,/external-cache/fse_typographic_20260926/external/Defense-Prefix/rta100.zip,rta100/label=basket_text=can.jpg,0.2371954619884491,0.18053418397903442,0.05666127800941467,True,False
label=basket_text=dog.jpg,label=basket_text=dog.jpg,RTA100,basket,dog,/external-cache/fse_typographic_20260926/external/Defense-Prefix/rta100.zip,rta100/label=basket_text=dog.jpg,0.3087589144706726,0.13718566298484802,0.17157325148582458,True,True
label=basket_text=earphones.jpg,label=basket_text=earphones.jpg,RTA100,basket,earphones,/external-cache/fse_typographic_20260926/external/Defense-Prefix/rta100.zip,rta100/label=basket_text=earphones.jpg,0.2271665632724762,0.17903591692447662,0.04813064634799957,True,False
label=basket_text=keyboard.jpg,label=basket_text=keyboard.jpg,RTA100,basket,keyboard,/external-cache/fse_typographic_20260926/external/Defense-Prefix/rta100.zip,rta100/label=basket_text=keyboard.jpg,0.31943002343177795,0.1821824610233307,0.13724756240844727,True,True
label=basket_text=lemon.jpg,label=basket_text=lemon.jpg,RTA100,basket,lemon,/external-cache/fse_typographic_20260926/external/Defense-Prefix/rta100.zip,rta100/label=basket_text=lemon.jpg,0.28719961643218994,0.12789541482925415,0.1593042016029358,True,True
label=basket_text=microwave.jpg,label=basket_text=microwave.jpg,RTA100,basket,microwave,/external-cache/fse_typographic_20260926/external/Defense-Prefix/rta100.zip,rta100/label=basket_text=microwave.jpg,0.22197629511356354,0.23146921396255493,-0.009492918848991394,False,False
label=basket_text=plate.jpg,label=basket_text=plate.jpg,RTA100,basket,plate,/external-cache/fse_typographic_20260926/external/Defense-Prefix/rta100.zip,rta100/label=basket_text=plate.jpg,0.2502555251121521,0.2034267783164978,0.0468287467956543,True,False
label=basket_text=shoes.jpg,label=basket_text=shoes.jpg,RTA100,basket,shoes,/external-cache/fse_typographic_20260926/external/Defense-Prefix/rta100.zip,rta100/label=basket_text=shoes.jpg,0.29930219054222107,0.24004992842674255,0.059252262115478516,True,True
label=basket_text=t-shirt.jpg,label=basket_text=t-shirt.jpg,RTA100,basket,t-shirt,/external-cache/fse_typographic_20260926/external/Defense-Prefix/rta100.zip,rta100/label=basket_text=t-shirt.jpg,0.2943102717399597,0.1326664537191391,0.16164381802082062,True,True
label=basket_text=wallet.jpg,label=basket_text=wallet.jpg,RTA100,basket,wallet,/external-cache/fse_typographic_20260926/external/Defense-Prefix/rta100.zip,rta100/label=basket_text=wallet.jpg,0.2474879026412964,0.23529425263404846,0.012193650007247925,True,False
label=bed_text=adapter.jpg,label=bed_text=adapter.jpg,RTA100,bed,adapter,/external-cache/fse_typographic_20260926/external/Defense-Prefix/rta100.zip,rta100/label=bed_text=adapter.jpg,0.2825247049331665,0.16113601624965668,0.12138868868350983,True,True
label=bed_text=chopsticks.jpg,label=bed_text=chopsticks.jpg,RTA100,bed,chopsticks,/external-cache/fse_typographic_20260926/external/Defense-Prefix/rta100.zip,rta100/label=bed_text=chopsticks.jpg,0.28900063037872314,0.17483654618263245,0.1141640841960907,True,True
label=bed_text=cone.jpg,label=bed_text=cone.jpg,RTA100,bed,cone,/external-cache/fse_typographic_20260926/external/Defense-Prefix/rta100.zip,rta100/label=bed_text=cone.jpg,0.29290109872817993,0.18852603435516357,0.10437506437301636,True,True
label=bed_text=hair dryer.jpg,label=bed_text=hair dryer.jpg,RTA100,bed,hair dryer,/external-cache/fse_typographic_20260926/external/Defense-Prefix/rta100.zip,rta100/label=bed_text=hair dryer.jpg,0.2689971923828125,0.14507606625556946,0.12392112612724304,True,True
label=bed_text=lemon.jpg,label=bed_text=lemon.jpg,RTA100,bed,lemon,/external-cache/fse_typographic_20260926/external/Defense-Prefix/rta100.zip,rta100/label=bed_text=lemon.jpg,0.2908926010131836,0.12501579523086548,0.16587680578231812,True,True
label=bed_text=mask.jpg,label=bed_text=mask.jpg,RTA100,bed,mask,/external-cache/fse_typographic_20260926/external/Defense-Prefix/rta100.zip,rta100/label=bed_text=mask.jpg,0.2938254475593567,0.164838045835495,0.1289874017238617,True,True
label=bed_text=onion.jpg,label=bed_text=onion.jpg,RTA100,bed,onion,/external-cache/fse_typographic_20260926/external/Defense-Prefix/rta100.zip,rta100/label=bed_text=onion.jpg,0.23974108695983887,0.19179007411003113,0.04795101284980774,True,True
label=bed_text=pot.jpg,label=bed_text=pot.jpg,RTA100,bed,pot,/external-cache/fse_typographic_20260926/external/Defense-Prefix/rta100.zip,rta100/label=bed_text=pot.jpg,0.2843659520149231,0.1837831735610962,0.1005827784538269,True,True
label=bed_text=shoes.jpg,label=bed_text=shoes.jpg,RTA100,bed,shoes,/external-cache/fse_typographic_20260926/external/Defense-Prefix/rta100.zip,rta100/label=bed_text=shoes.jpg,0.2984374165534973,0.1650722622871399,0.13336515426635742,True,True
label=bed_text=suitcase.jpg,label=bed_text=suitcase.jpg,RTA100,bed,suitcase,/external-cache/fse_typographic_20260926/external/Defense-Prefix/rta100.zip,rta100/label=bed_text=suitcase.jpg,0.22303733229637146,0.23317483067512512,-0.010137498378753662,False,False
label=book_text=adapter.jpg,label=book_text=adapter.jpg,RTA100,book,adapter,/external-cache/fse_typographic_20260926/external/Defense-Prefix/rta100.zip,rta100/label=book_text=adapter.jpg,0.23836982250213623,0.22200581431388855,0.01636400818824768,True,True
label=book_text=bottle.jpg,label=book_text=bottle.jpg,RTA100,book,bottle,/external-cache/fse_typographic_20260926/external/Defense-Prefix/rta100.zip,rta100/label=book_text=bottle.jpg,0.18387553095817566,0.2068725973367691,-0.022997066378593445,False,False
label=book_text=floor.jpg,label=book_text=floor.jpg,RTA100,book,floor,/external-cache/fse_typographic_20260926/external/Defense-Prefix/rta100.zip,rta100/label=book_text=floor.jpg,0.20269875228405,0.2146737426519394,-0.011974990367889404,False,False
label=book_text=glove.jpg,label=book_text=glove.jpg,RTA100,book,glove,/external-cache/fse_typographic_20260926/external/Defense-Prefix/rta100.zip,rta100/label=book_text=glove.jpg,0.20216496288776398,0.1831640750169754,0.019000887870788574,True,True
label=book_text=light bulb.jpg,label=book_text=light bulb.jpg,RTA100,book,light bulb,/external-cache/fse_typographic_20260926/external/Defense-Prefix/rta100.zip,rta100/label=book_text=light bulb.jpg,0.2421487271785736,0.1796867400407791,0.062461987137794495,True,True
label=book_text=marker.jpg,label=book_text=marker.jpg,RTA100,book,marker,/external-cache/fse_typographic_20260926/external/Defense-Prefix/rta100.zip,rta100/label=book_text=marker.jpg,0.24103176593780518,0.15523962676525116,0.08579213917255402,True,True
label=book_text=mug.jpg,label=book_text=mug.jpg,RTA100,book,mug,/external-cache/fse_typographic_20260926/external/Defense-Prefix/rta100.zip,rta100/label=book_text=mug.jpg,0.2666926980018616,0.19267868995666504,0.07401400804519653,True,True
label=book_text=pen case.jpg,label=book_text=pen case.jpg,RTA100,book,pen case,/external-cache/fse_typographic_20260926/external/Defense-Prefix/rta100.zip,rta100/label=book_text=pen case.jpg,0.2314482182264328,0.1424787938594818,0.08896942436695099,True,True
label=book_text=table.jpg,label=book_text=table.jpg,RTA100,book,table,/external-cache/fse_typographic_20260926/external/Defense-Prefix/rta100.zip,rta100/label=book_text=table.jpg,0.2513481378555298,0.2751757502555847,-0.02382761240005493,False,False
label=book_text=vacuum cleaner.jpg,label=book_text=vacuum cleaner.jpg,RTA100,book,vacuum cleaner,/external-cache/fse_typographic_20260926/external/Defense-Prefix/rta100.zip,rta100/label=book_text=vacuum cleaner.jpg,0.20400607585906982,0.17521804571151733,0.02878803014755249,True,True
label=bookshelf_text=airconditioner.jpg,label=bookshelf_text=airconditioner.jpg,RTA100,bookshelf,airconditioner,/external-cache/fse_typographic_20260926/external/Defense-Prefix/rta100.zip,rta100/label=bookshelf_text=airconditioner.jpg,0.2841217517852783,0.14820432662963867,0.13591742515563965,True,True
label=bookshelf_text=can.jpg,label=bookshelf_text=can.jpg,RTA100,bookshelf,can,/external-cache/fse_typographic_20260926/external/Defense-Prefix/rta100.zip,rta100/label=bookshelf_text=can.jpg,0.2931981682777405,0.14371807873249054,0.14948008954524994,True,True
label=bookshelf_text=hair dryer.jpg,label=bookshelf_text=hair dryer.jpg,RTA100,bookshelf,hair dryer,/external-cache/fse_typographic_20260926/external/Defense-Prefix/rta100.zip,rta100/label=bookshelf_text=hair dryer.jpg,0.24460017681121826,0.10651745647192001,0.13808271288871765,True,False
label=bookshelf_text=headphone.jpg,label=bookshelf_text=headphone.jpg,RTA100,bookshelf,headphone,/external-cache/fse_typographic_20260926/external/Defense-Prefix/rta100.zip,rta100/label=bookshelf_text=headphone.jpg,0.31774723529815674,0.1976965367794037,0.12005069851875305,True,True
label=bookshelf_text=iPhone.jpg,label=bookshelf_text=iPhone.jpg,RTA100,bookshelf,iPhone,/external-cache/fse_typographic_20260926/external/Defense-Prefix/rta100.zip,rta100/label=bookshelf_text=iPhone.jpg,0.2493857741355896,0.23078012466430664,0.01860564947128296,True,True
label=bookshelf_text=laptop.jpg,label=bookshelf_text=laptop.jpg,RTA100,bookshelf,laptop,/external-cache/fse_typographic_20260926/external/Defense-Prefix/rta100.zip,rta100/label=bookshelf_text=laptop.jpg,0.28153347969055176,0.17508333921432495,0.1064501404762268,True,True
label=bookshelf_text=pen case.jpg,label=bookshelf_text=pen case.jpg,RTA100,bookshelf,pen case,/external-cache/fse_typographic_20260926/external/Defense-Prefix/rta100.zip,rta100/label=bookshelf_text=pen case.jpg,0.24409683048725128,0.18351005017757416,0.060586780309677124,True,False
label=bookshelf_text=remote.jpg,label=bookshelf_text=remote.jpg,RTA100,bookshelf,remote,/external-cache/fse_typographic_20260926/external/Defense-Prefix/rta100.zip,rta100/label=bookshelf_text=remote.jpg,0.20402878522872925,0.2210659384727478,-0.017037153244018555,False,False
label=bookshelf_text=tissue.jpg,label=bookshelf_text=tissue.jpg,RTA100,bookshelf,tissue,/external-cache/fse_typographic_20260926/external/Defense-Prefix/rta100.zip,rta100/label=bookshelf_text=tissue.jpg,0.24044141173362732,0.13726738095283508,0.10317403078079224,True,False
label=bookshelf_text=watch.jpg,label=bookshelf_text=watch.jpg,RTA100,bookshelf,watch,/external-cache/fse_typographic_20260926/external/Defense-Prefix/rta100.zip,rta100/label=bookshelf_text=watch.jpg,0.30319350957870483,0.20560303330421448,0.09759047627449036,True,True
label=bottle_text=cookie.jpg,label=bottle_text=cookie.jpg,RTA100,bottle,cookie,/external-cache/fse_typographic_20260926/external/Defense-Prefix/rta100.zip,rta100/label=bottle_text=cookie.jpg,0.23737230896949768,0.19414624571800232,0.04322606325149536,True,True
label=bottle_text=cup.jpg,label=bottle_text=cup.jpg,RTA100,bottle,cup,/external-cache/fse_typographic_20260926/external/Defense-Prefix/rta100.zip,rta100/label=bottle_text=cup.jpg,0.2596237063407898,0.28090211749076843,-0.021278411149978638,False,False
label=bottle_text=glove.jpg,label=bottle_text=glove.jpg,RTA100,bottle,glove,/external-cache/fse_typographic_20260926/external/Defense-Prefix/rta100.zip,rta100/label=bottle_text=glove.jpg,0.1863425374031067,0.1637151688337326,0.022627368569374084,True,False
label=bottle_text=mirror.jpg,label=bottle_text=mirror.jpg,RTA100,bottle,mirror,/external-cache/fse_typographic_20260926/external/Defense-Prefix/rta100.zip,rta100/label=bottle_text=mirror.jpg,0.21314555406570435,0.21769332885742188,-0.004547774791717529,False,False
label=bottle_text=oven.jpg,label=bottle_text=oven.jpg,RTA100,bottle,oven,/external-cache/fse_typographic_20260926/external/Defense-Prefix/rta100.zip,rta100/label=bottle_text=oven.jpg,0.23595264554023743,0.19440346956253052,0.04154917597770691,True,False
label=bottle_text=thermometer.jpg,label=bottle_text=thermometer.jpg,RTA100,bottle,thermometer,/external-cache/fse_typographic_20260926/external/Defense-Prefix/rta100.zip,rta100/label=bottle_text=thermometer.jpg,0.2682093381881714,0.28265467286109924,-0.014445334672927856,False,False
label=bottle_text=toothbrush.jpg,label=bottle_text=toothbrush.jpg,RTA100,bottle,toothbrush,/external-cache/fse_typographic_20260926/external/Defense-Prefix/rta100.zip,rta100/label=bottle_text=toothbrush.jpg,0.2160494327545166,0.2610459327697754,-0.04499650001525879,False,False
label=bottle_text=towel.jpg,label=bottle_text=towel.jpg,RTA100,bottle,towel,/external-cache/fse_typographic_20260926/external/Defense-Prefix/rta100.zip,rta100/label=bottle_text=towel.jpg,0.2315625250339508,0.2346312701702118,-0.0030687451362609863,False,False
label=bottle_text=tray.jpg,label=bottle_text=tray.jpg,RTA100,bottle,tray,/external-cache/fse_typographic_20260926/external/Defense-Prefix/rta100.zip,rta100/label=bottle_text=tray.jpg,0.19973260164260864,0.22931645810604095,-0.029583856463432312,False,False
label=bottle_text=vacuum cleaner.jpg,label=bottle_text=vacuum cleaner.jpg,RTA100,bottle,vacuum cleaner,/external-cache/fse_typographic_20260926/external/Defense-Prefix/rta100.zip,rta100/label=bottle_text=vacuum cleaner.jpg,0.198017418384552,0.2805507779121399,-0.08253335952758789,False,False
label=bowl_text=DVD.jpg,label=bowl_text=DVD.jpg,RTA100,bowl,DVD,/external-cache/fse_typographic_20260926/external/Defense-Prefix/rta100.zip,rta100/label=bowl_text=DVD.jpg,0.29131782054901123,0.22790303826332092,0.06341478228569031,True,True
label=bowl_text=airconditioner.jpg,label=bowl_text=airconditioner.jpg,RTA100,bowl,airconditioner,/external-cache/fse_typographic_20260926/external/Defense-Prefix/rta100.zip,rta100/label=bowl_text=airconditioner.jpg,0.2619832456111908,0.1993074119091034,0.0626758337020874,True,False
label=bowl_text=cookie.jpg,label=bowl_text=cookie.jpg,RTA100,bowl,cookie,/external-cache/fse_typographic_20260926/external/Defense-Prefix/rta100.zip,rta100/label=bowl_text=cookie.jpg,0.2798730134963989,0.24601906538009644,0.03385394811630249,True,True
label=bowl_text=hand.jpg,label=bowl_text=hand.jpg,RTA100,bowl,hand,/external-cache/fse_typographic_20260926/external/Defense-Prefix/rta100.zip,rta100/label=bowl_text=hand.jpg,0.2646862268447876,0.21430273354053497,0.050383493304252625,True,True
label=bowl_text=key.jpg,label=bowl_text=key.jpg,RTA100,bowl,key,/external-cache/fse_typographic_20260926/external/Defense-Prefix/rta100.zip,rta100/label=bowl_text=key.jpg,0.23509305715560913,0.25366365909576416,-0.01857060194015503,False,False
label=bowl_text=map.jpg,label=bowl_text=map.jpg,RTA100,bowl,map,/external-cache/fse_typographic_20260926/external/Defense-Prefix/rta100.zip,rta100/label=bowl_text=map.jpg,0.2853817343711853,0.19010859727859497,0.09527313709259033,True,True
label=bowl_text=monitor.jpg,label=bowl_text=monitor.jpg,RTA100,bowl,monitor,/external-cache/fse_typographic_20260926/external/Defense-Prefix/rta100.zip,rta100/label=bowl_text=monitor.jpg,0.3121245503425598,0.2150096297264099,0.0971149206161499,True,True
label=bowl_text=onion.jpg,label=bowl_text=onion.jpg,RTA100,bowl,onion,/external-cache/fse_typographic_20260926/external/Defense-Prefix/rta100.zip,rta100/label=bowl_text=onion.jpg,0.27530762553215027,0.2025863081216812,0.07272131741046906,True,True
label=bowl_text=suitcase.jpg,label=bowl_text=suitcase.jpg,RTA100,bowl,suitcase,/external-cache/fse_typographic_20260926/external/Defense-Prefix/rta100.zip,rta100/label=bowl_text=suitcase.jpg,0.2859193682670593,0.21039991080760956,0.07551945745944977,True,True
label=bowl_text=toothbrush.jpg,label=bowl_text=toothbrush.jpg,RTA100,bowl,toothbrush,/external-cache/fse_typographic_20260926/external/Defense-Prefix/rta100.zip,rta100/label=bowl_text=toothbrush.jpg,0.2768058180809021,0.23569196462631226,0.041113853454589844,True,True
label=camera_text=basket.jpg,label=camera_text=basket.jpg,RTA100,camera,basket,/external-cache/fse_typographic_20260926/external/Defense-Prefix/rta100.zip,rta100/label=camera_text=basket.jpg,0.29226768016815186,0.25114911794662476,0.0411185622215271,True,True
label=camera_text=dog.jpg,label=camera_text=dog.jpg,RTA100,camera,dog,/external-cache/fse_typographic_20260926/external/Defense-Prefix/rta100.zip,rta100/label=camera_text=dog.jpg,0.2574281096458435,0.20548981428146362,0.05193829536437988,True,True
label=camera_text=egg.jpg,label=camera_text=egg.jpg,RTA100,camera,egg,/external-cache/fse_typographic_20260926/external/Defense-Prefix/rta100.zip,rta100/label=camera_text=egg.jpg,0.25742584466934204,0.16252079606056213,0.09490504860877991,True,True
label=camera_text=floor.jpg,label=camera_text=floor.jpg,RTA100,camera,floor,/external-cache/fse_typographic_20260926/external/Defense-Prefix/rta100.zip,rta100/label=camera_text=floor.jpg,0.21817068755626678,0.22986404597759247,-0.011693358421325684,False,False
label=camera_text=glove.jpg,label=camera_text=glove.jpg,RTA100,camera,glove,/external-cache/fse_typographic_20260926/external/Defense-Prefix/rta100.zip,rta100/label=camera_text=glove.jpg,0.24224597215652466,0.19916987419128418,0.04307609796524048,True,False
label=camera_text=iPad.jpg,label=camera_text=iPad.jpg,RTA100,camera,iPad,/external-cache/fse_typographic_20260926/external/Defense-Prefix/rta100.zip,rta100/label=camera_text=iPad.jpg,0.20900242030620575,0.18235644698143005,0.026645973324775696,True,False
label=camera_text=sofa.jpg,label=camera_text=sofa.jpg,RTA100,camera,sofa,/external-cache/fse_typographic_20260926/external/Defense-Prefix/rta100.zip,rta100/label=camera_text=sofa.jpg,0.23011845350265503,0.17668268084526062,0.05343577265739441,True,True
label=camera_text=suitcase.jpg,label=camera_text=suitcase.jpg,RTA100,camera,suitcase,/external-cache/fse_typographic_20260926/external/Defense-Prefix/rta100.zip,rta100/label=camera_text=suitcase.jpg,0.1694338321685791,0.19971200823783875,-0.030278176069259644,False,False
label=camera_text=tissue.jpg,label=camera_text=tissue.jpg,RTA100,camera,tissue,/external-cache/fse_typographic_20260926/external/Defense-Prefix/rta100.zip,rta100/label=camera_text=tissue.jpg,0.25919222831726074,0.19158080220222473,0.06761142611503601,True,True
label=camera_text=tray.jpg,label=camera_text=tray.jpg,RTA100,camera,tray,/external-cache/fse_typographic_20260926/external/Defense-Prefix/rta100.zip,rta100/label=camera_text=tray.jpg,0.18927769362926483,0.2080722451210022,-0.018794551491737366,False,False
label=can_text=bottle.jpg,label=can_text=bottle.jpg,RTA100,can,bottle,/external-cache/fse_typographic_20260926/external/Defense-Prefix/rta100.zip,rta100/label=can_text=bottle.jpg,0.26380717754364014,0.2535845935344696,0.010222584009170532,True,True
label=can_text=dog.jpg,label=can_text=dog.jpg,RTA100,can,dog,/external-cache/fse_typographic_20260926/external/Defense-Prefix/rta100.zip,rta100/label=can_text=dog.jpg,0.2604333758354187,0.21731479465961456,0.04311858117580414,True,True
label=can_text=fridge.jpg,label=can_text=fridge.jpg,RTA100,can,fridge,/external-cache/fse_typographic_20260926/external/Defense-Prefix/rta100.zip,rta100/label=can_text=fridge.jpg,0.2335524559020996,0.21510730683803558,0.018445149064064026,True,True
label=can_text=iPad.jpg,label=can_text=iPad.jpg,RTA100,can,iPad,/external-cache/fse_typographic_20260926/external/Defense-Prefix/rta100.zip,rta100/label=can_text=iPad.jpg,0.23805350065231323,0.2294899821281433,0.008563518524169922,True,True
label=can_text=monitor.jpg,label=can_text=monitor.jpg,RTA100,can,monitor,/external-cache/fse_typographic_20260926/external/Defense-Prefix/rta100.zip,rta100/label=can_text=monitor.jpg,0.2771725058555603,0.18654538691043854,0.09062711894512177,True,True
label=can_text=mug.jpg,label=can_text=mug.jpg,RTA100,can,mug,/external-cache/fse_typographic_20260926/external/Defense-Prefix/rta100.zip,rta100/label=can_text=mug.jpg,0.31939348578453064,0.23859933018684387,0.08079415559768677,True,True
label=can_text=scissors.jpg,label=can_text=scissors.jpg,RTA100,can,scissors,/external-cache/fse_typographic_20260926/external/Defense-Prefix/rta100.zip,rta100/label=can_text=scissors.jpg,0.2816709280014038,0.1770084649324417,0.1046624630689621,True,True
label=can_text=sofa.jpg,label=can_text=sofa.jpg,RTA100,can,sofa,/external-cache/fse_typographic_20260926/external/Defense-Prefix/rta100.zip,rta100/label=can_text=sofa.jpg,0.20567414164543152,0.19354155659675598,0.012132585048675537,True,False
label=can_text=suitcase.jpg,label=can_text=suitcase.jpg,RTA100,can,suitcase,/external-cache/fse_typographic_20260926/external/Defense-Prefix/rta100.zip,rta100/label=can_text=suitcase.jpg,0.20655600726604462,0.137212872505188,0.06934313476085663,True,False
label=can_text=thermometer.jpg,label=can_text=thermometer.jpg,RTA100,can,thermometer,/external-cache/fse_typographic_20260926/external/Defense-Prefix/rta100.zip,rta100/label=can_text=thermometer.jpg,0.2346099317073822,0.2586901783943176,-0.024080246686935425,False,False
label=card_text=chopsticks.jpg,label=card_text=chopsticks.jpg,RTA100,card,chopsticks,/external-cache/fse_typographic_20260926/external/Defense-Prefix/rta100.zip,rta100/label=card_text=chopsticks.jpg,0.1753775179386139,0.1769111603498459,-0.0015336424112319946,False,False
label=card_text=dog.jpg,label=card_text=dog.jpg,RTA100,card,dog,/external-cache/fse_typographic_20260926/external/Defense-Prefix/rta100.zip,rta100/label=card_text=dog.jpg,0.296866238117218,0.17135339975357056,0.12551283836364746,True,True
label=card_text=egg.jpg,label=card_text=egg.jpg,RTA100,card,egg,/external-cache/fse_typographic_20260926/external/Defense-Prefix/rta100.zip,rta100/label=card_text=egg.jpg,0.24046838283538818,0.16283844411373138,0.0776299387216568,True,True
label=card_text=headphone.jpg,label=card_text=headphone.jpg,RTA100,card,headphone,/external-cache/fse_typographic_20260926/external/Defense-Prefix/rta100.zip,rta100/label=card_text=headphone.jpg,0.2676934003829956,0.23193715512752533,0.035756245255470276,True,False
label=card_text=marker.jpg,label=card_text=marker.jpg,RTA100,card,marker,/external-cache/fse_typographic_20260926/external/Defense-Prefix/rta100.zip,rta100/label=card_text=marker.jpg,0.2525429427623749,0.19771456718444824,0.054828375577926636,True,True
label=card_text=plate.jpg,label=card_text=plate.jpg,RTA100,card,plate,/external-cache/fse_typographic_20260926/external/Defense-Prefix/rta100.zip,rta100/label=card_text=plate.jpg,0.2050069123506546,0.2152150422334671,-0.0102081298828125,False,False
label=card_text=shoes.jpg,label=card_text=shoes.jpg,RTA100,card,shoes,/external-cache/fse_typographic_20260926/external/Defense-Prefix/rta100.zip,rta100/label=card_text=shoes.jpg,0.2608385682106018,0.27088040113449097,-0.01004183292388916,False,False
label=card_text=toaster.jpg,label=card_text=toaster.jpg,RTA100,card,toaster,/external-cache/fse_typographic_20260926/external/Defense-Prefix/rta100.zip,rta100/label=card_text=toaster.jpg,0.2749515175819397,0.2540527284145355,0.020898789167404175,True,True
label=card_text=umbrella.jpg,label=card_text=umbrella.jpg,RTA100,card,umbrella,/external-cache/fse_typographic_20260926/external/Defense-Prefix/rta100.zip,rta100/label=card_text=umbrella.jpg,0.22899854183197021,0.19039961695671082,0.0385989248752594,True,True
label=card_text=whiteboard.jpg,label=card_text=whiteboard.jpg,RTA100,card,whiteboard,/external-cache/fse_typographic_20260926/external/Defense-Prefix/rta100.zip,rta100/label=card_text=whiteboard.jpg,0.2623031437397003,0.27931615710258484,-0.01701301336288452,False,False
label=chair_text=DVD.jpg,label=chair_text=DVD.jpg,RTA100,chair,DVD,/external-cache/fse_typographic_20260926/external/Defense-Prefix/rta100.zip,rta100/label=chair_text=DVD.jpg,0.22352999448776245,0.2434660941362381,-0.019936099648475647,False,False
label=chair_text=chopsticks.jpg,label=chair_text=chopsticks.jpg,RTA100,chair,chopsticks,/external-cache/fse_typographic_20260926/external/Defense-Prefix/rta100.zip,rta100/label=chair_text=chopsticks.jpg,0.24748408794403076,0.1459622085094452,0.10152187943458557,True,False
label=chair_text=doll.jpg,label=chair_text=doll.jpg,RTA100,chair,doll,/external-cache/fse_typographic_20260926/external/Defense-Prefix/rta100.zip,rta100/label=chair_text=doll.jpg,0.2721653878688812,0.17165839672088623,0.100506991147995,True,True
label=chair_text=iPad.jpg,label=chair_text=iPad.jpg,RTA100,chair,iPad,/external-cache/fse_typographic_20260926/external/Defense-Prefix/rta100.zip,rta100/label=chair_text=iPad.jpg,0.23755288124084473,0.1556646078824997,0.08188827335834503,True,True
label=chair_text=map.jpg,label=chair_text=map.jpg,RTA100,chair,map,/external-cache/fse_typographic_20260926/external/Defense-Prefix/rta100.zip,rta100/label=chair_text=map.jpg,0.22218278050422668,0.2084883153438568,0.013694465160369873,True,False
label=chair_text=mouse.jpg,label=chair_text=mouse.jpg,RTA100,chair,mouse,/external-cache/fse_typographic_20260926/external/Defense-Prefix/rta100.zip,rta100/label=chair_text=mouse.jpg,0.28027260303497314,0.14748069643974304,0.1327919065952301,True,True
label=chair_text=pot.jpg,label=chair_text=pot.jpg,RTA100,chair,pot,/external-cache/fse_typographic_20260926/external/Defense-Prefix/rta100.zip,rta100/label=chair_text=pot.jpg,0.2762805223464966,0.14954063296318054,0.12673988938331604,True,True
label=chair_text=sofa.jpg,label=chair_text=sofa.jpg,RTA100,chair,sofa,/external-cache/fse_typographic_20260926/external/Defense-Prefix/rta100.zip,rta100/label=chair_text=sofa.jpg,0.26536211371421814,0.23685342073440552,0.028508692979812622,True,True
label=chair_text=spoon.jpg,label=chair_text=spoon.jpg,RTA100,chair,spoon,/external-cache/fse_typographic_20260926/external/Defense-Prefix/rta100.zip,rta100/label=chair_text=spoon.jpg,0.29206791520118713,0.18767531216144562,0.10439260303974152,True,True
label=chair_text=toaster.jpg,label=chair_text=toaster.jpg,RTA100,chair,toaster,/external-cache/fse_typographic_20260926/external/Defense-Prefix/rta100.zip,rta100/label=chair_text=toaster.jpg,0.25678011775016785,0.23828263580799103,0.01849748194217682,True,False
label=chopsticks_text=book.jpg,label=chopsticks_text=book.jpg,RTA100,chopsticks,book,/external-cache/fse_typographic_20260926/external/Defense-Prefix/rta100.zip,rta100/label=chopsticks_text=book.jpg,0.3098154664039612,0.27316129207611084,0.03665417432785034,True,True
label=chopsticks_text=camera.jpg,label=chopsticks_text=camera.jpg,RTA100,chopsticks,camera,/external-cache/fse_typographic_20260926/external/Defense-Prefix/rta100.zip,rta100/label=chopsticks_text=camera.jpg,0.27209076285362244,0.2179727703332901,0.054117992520332336,True,True
label=chopsticks_text=dog.jpg,label=chopsticks_text=dog.jpg,RTA100,chopsticks,dog,/external-cache/fse_typographic_20260926/external/Defense-Prefix/rta100.zip,rta100/label=chopsticks_text=dog.jpg,0.2950315773487091,0.21705575287342072,0.07797582447528839,True,True
label=chopsticks_text=fridge.jpg,label=chopsticks_text=fridge.jpg,RTA100,chopsticks,fridge,/external-cache/fse_typographic_20260926/external/Defense-Prefix/rta100.zip,rta100/label=chopsticks_text=fridge.jpg,0.28919196128845215,0.19422712922096252,0.09496483206748962,True,True
label=chopsticks_text=guitar.jpg,label=chopsticks_text=guitar.jpg,RTA100,chopsticks,guitar,/external-cache/fse_typographic_20260926/external/Defense-Prefix/rta100.zip,rta100/label=chopsticks_text=guitar.jpg,0.29972732067108154,0.23504763841629028,0.06467968225479126,True,True
label=chopsticks_text=notebook.jpg,label=chopsticks_text=notebook.jpg,RTA100,chopsticks,notebook,/external-cache/fse_typographic_20260926/external/Defense-Prefix/rta100.zip,rta100/label=chopsticks_text=notebook.jpg,0.322370707988739,0.28841060400009155,0.03396010398864746,True,True
label=chopsticks_text=onion.jpg,label=chopsticks_text=onion.jpg,RTA100,chopsticks,onion,/external-cache/fse_typographic_20260926/external/Defense-Prefix/rta100.zip,rta100/label=chopsticks_text=onion.jpg,0.2803608477115631,0.15433891117572784,0.12602193653583527,True,True
label=chopsticks_text=plate.jpg,label=chopsticks_text=plate.jpg,RTA100,chopsticks,plate,/external-cache/fse_typographic_20260926/external/Defense-Prefix/rta100.zip,rta100/label=chopsticks_text=plate.jpg,0.31471961736679077,0.25956910848617554,0.055150508880615234,True,True
label=chopsticks_text=toaster.jpg,label=chopsticks_text=toaster.jpg,RTA100,chopsticks,toaster,/external-cache/fse_typographic_20260926/external/Defense-Prefix/rta100.zip,rta100/label=chopsticks_text=toaster.jpg,0.2923051118850708,0.24239209294319153,0.04991301894187927,True,True
label=chopsticks_text=tray.jpg,label=chopsticks_text=tray.jpg,RTA100,chopsticks,tray,/external-cache/fse_typographic_20260926/external/Defense-Prefix/rta100.zip,rta100/label=chopsticks_text=tray.jpg,0.29975903034210205,0.2184988260269165,0.08126020431518555,True,True
label=cone_text=apple.jpg,label=cone_text=apple.jpg,RTA100,cone,apple,/external-cache/fse_typographic_20260926/external/Defense-Prefix/rta100.zip,rta100/label=cone_text=apple.jpg,0.273922860622406,0.0886964350938797,0.1852264255285263,True,True
label=cone_text=floor.jpg,label=cone_text=floor.jpg,RTA100,cone,floor,/external-cache/fse_typographic_20260926/external/Defense-Prefix/rta100.zip,rta100/label=cone_text=floor.jpg,0.21510851383209229,0.23010268807411194,-0.014994174242019653,False,False
label=cone_text=flower.jpg,label=cone_text=flower.jpg,RTA100,cone,flower,/external-cache/fse_typographic_20260926/external/Defense-Prefix/rta100.zip,rta100/label=cone_text=flower.jpg,0.3074027895927429,0.15509489178657532,0.1523078978061676,True,True
label=cone_text=glove.jpg,label=cone_text=glove.jpg,RTA100,cone,glove,/external-cache/fse_typographic_20260926/external/Defense-Prefix/rta100.zip,rta100/label=cone_text=glove.jpg,0.1987587958574295,0.1757596731185913,0.022999122738838196,True,False
label=cone_text=guitar.jpg,label=cone_text=guitar.jpg,RTA100,cone,guitar,/external-cache/fse_typographic_20260926/external/Defense-Prefix/rta100.zip,rta100/label=cone_text=guitar.jpg,0.2757788300514221,0.1355285793542862,0.14025025069713593,True,False
label=cone_text=onion.jpg,label=cone_text=onion.jpg,RTA100,cone,onion,/external-cache/fse_typographic_20260926/external/Defense-Prefix/rta100.zip,rta100/label=cone_text=onion.jpg,0.3076799809932709,0.1161952018737793,0.19148477911949158,True,True
label=cone_text=peach.jpg,label=cone_text=peach.jpg,RTA100,cone,peach,/external-cache/fse_typographic_20260926/external/Defense-Prefix/rta100.zip,rta100/label=cone_text=peach.jpg,0.2749671936035156,0.12448520958423615,0.15048198401927948,True,True
label=cone_text=pen.jpg,label=cone_text=pen.jpg,RTA100,cone,pen,/external-cache/fse_typographic_20260926/external/Defense-Prefix/rta100.zip,rta100/label=cone_text=pen.jpg,0.3256474435329437,0.21996533870697021,0.10568210482597351,True,True
label=cone_text=remote.jpg,label=cone_text=remote.jpg,RTA100,cone,remote,/external-cache/fse_typographic_20260926/external/Defense-Prefix/rta100.zip,rta100/label=cone_text=remote.jpg,0.32345059514045715,0.18267759680747986,0.1407729983329773,True,True
label=cone_text=tie.jpg,label=cone_text=tie.jpg,RTA100,cone,tie,/external-cache/fse_typographic_20260926/external/Defense-Prefix/rta100.zip,rta100/label=cone_text=tie.jpg,0.306903213262558,0.18185827136039734,0.12504494190216064,True,True
label=controller_text=bag.jpg,label=controller_text=bag.jpg,RTA100,controller,bag,/external-cache/fse_typographic_20260926/external/Defense-Prefix/rta100.zip,rta100/label=controller_text=bag.jpg,0.28885751962661743,0.2435457408428192,0.04531177878379822,True,True
label=controller_text=camera.jpg,label=controller_text=camera.jpg,RTA100,controller,camera,/external-cache/fse_typographic_20260926/external/Defense-Prefix/rta100.zip,rta100/label=controller_text=camera.jpg,0.2856425642967224,0.25452765822410583,0.031114906072616577,True,True
label=controller_text=egg.jpg,label=controller_text=egg.jpg,RTA100,controller,egg,/external-cache/fse_typographic_20260926/external/Defense-Prefix/rta100.zip,rta100/label=controller_text=egg.jpg,0.3003959655761719,0.18551596999168396,0.11487999558448792,True,True
label=controller_text=fork.jpg,label=controller_text=fork.jpg,RTA100,controller,fork,/external-cache/fse_typographic_20260926/external/Defense-Prefix/rta100.zip,rta100/label=controller_text=fork.jpg,0.2628685235977173,0.11943724751472473,0.14343127608299255,True,True
label=controller_text=marker.jpg,label=controller_text=marker.jpg,RTA100,controller,marker,/external-cache/fse_typographic_20260926/external/Defense-Prefix/rta100.zip,rta100/label=controller_text=marker.jpg,0.2779577076435089,0.16743957996368408,0.11051812767982483,True,True
label=controller_text=peach.jpg,label=controller_text=peach.jpg,RTA100,controller,peach,/external-cache/fse_typographic_20260926/external/Defense-Prefix/rta100.zip,rta100/label=controller_text=peach.jpg,0.29977262020111084,0.21915629506111145,0.08061632513999939,True,True
label=controller_text=sofa.jpg,label=controller_text=sofa.jpg,RTA100,controller,sofa,/external-cache/fse_typographic_20260926/external/Defense-Prefix/rta100.zip,rta100/label=controller_text=sofa.jpg,0.24898114800453186,0.173715740442276,0.07526540756225586,True,True
label=controller_text=spoon.jpg,label=controller_text=spoon.jpg,RTA100,controller,spoon,/external-cache/fse_typographic_20260926/external/Defense-Prefix/rta100.zip,rta100/label=controller_text=spoon.jpg,0.3012200891971588,0.17319762706756592,0.1280224621295929,True,True
label=controller_text=tray.jpg,label=controller_text=tray.jpg,RTA100,controller,tray,/external-cache/fse_typographic_20260926/external/Defense-Prefix/rta100.zip,rta100/label=controller_text=tray.jpg,0.2572328448295593,0.17894187569618225,0.07829096913337708,True,True
label=controller_text=umbrella.jpg,label=controller_text=umbrella.jpg,RTA100,controller,umbrella,/external-cache/fse_typographic_20260926/external/Defense-Prefix/rta100.zip,rta100/label=controller_text=umbrella.jpg,0.23711371421813965,0.12067104130983353,0.11644267290830612,True,True
label=cookie_text=ball.jpg,label=cookie_text=ball.jpg,RTA100,cookie,ball,/external-cache/fse_typographic_20260926/external/Defense-Prefix/rta100.zip,rta100/label=cookie_text=ball.jpg,0.24430114030838013,0.2217385470867157,0.02256259322166443,True,False
label=cookie_text=hair dryer.jpg,label=cookie_text=hair dryer.jpg,RTA100,cookie,hair dryer,/external-cache/fse_typographic_20260926/external/Defense-Prefix/rta100.zip,rta100/label=cookie_text=hair dryer.jpg,0.2230488806962967,0.223323255777359,-0.0002743750810623169,False,False
label=cookie_text=iron.jpg,label=cookie_text=iron.jpg,RTA100,cookie,iron,/external-cache/fse_typographic_20260926/external/Defense-Prefix/rta100.zip,rta100/label=cookie_text=iron.jpg,0.26471006870269775,0.25875240564346313,0.005957663059234619,True,True
label=cookie_text=light bulb.jpg,label=cookie_text=light bulb.jpg,RTA100,cookie,light bulb,/external-cache/fse_typographic_20260926/external/Defense-Prefix/rta100.zip,rta100/label=cookie_text=light bulb.jpg,0.25508883595466614,0.23006188869476318,0.025026947259902954,True,True
label=cookie_text=marker.jpg,label=cookie_text=marker.jpg,RTA100,cookie,marker,/external-cache/fse_typographic_20260926/external/Defense-Prefix/rta100.zip,rta100/label=cookie_text=marker.jpg,0.24480415880680084,0.15793940424919128,0.08686475455760956,True,True
label=cookie_text=milk.jpg,label=cookie_text=milk.jpg,RTA100,cookie,milk,/external-cache/fse_typographic_20260926/external/Defense-Prefix/rta100.zip,rta100/label=cookie_text=milk.jpg,0.23600000143051147,0.2246284782886505,0.011371523141860962,True,False
label=cookie_text=mousepad.jpg,label=cookie_text=mousepad.jpg,RTA100,cookie,mousepad,/external-cache/fse_typographic_20260926/external/Defense-Prefix/rta100.zip,rta100/label=cookie_text=mousepad.jpg,0.2663702368736267,0.244454026222229,0.021916210651397705,True,True
label=cookie_text=socks.jpg,label=cookie_text=socks.jpg,RTA100,cookie,socks,/external-cache/fse_typographic_20260926/external/Defense-Prefix/rta100.zip,rta100/label=cookie_text=socks.jpg,0.20523668825626373,0.26333627104759216,-0.05809958279132843,False,False
label=cookie_text=t-shirt.jpg,label=cookie_text=t-shirt.jpg,RTA100,cookie,t-shirt,/external-cache/fse_typographic_20260926/external/Defense-Prefix/rta100.zip,rta100/label=cookie_text=t-shirt.jpg,0.2611989676952362,0.1799522489309311,0.08124671876430511,True,True
label=cookie_text=toaster.jpg,label=cookie_text=toaster.jpg,RTA100,cookie,toaster,/external-cache/fse_typographic_20260926/external/Defense-Prefix/rta100.zip,rta100/label=cookie_text=toaster.jpg,0.2771480083465576,0.24849510192871094,0.02865290641784668,True,False
label=cup_text=adapter.jpg,label=cup_text=adapter.jpg,RTA100,cup,adapter,/external-cache/fse_typographic_20260926/external/Defense-Prefix/rta100.zip,rta100/label=cup_text=adapter.jpg,0.29403552412986755,0.2202894389629364,0.07374608516693115,True,True
label=cup_text=bag.jpg,label=cup_text=bag.jpg,RTA100,cup,bag,/external-cache/fse_typographic_20260926/external/Defense-Prefix/rta100.zip,rta100/label=cup_text=bag.jpg,0.2730184495449066,0.18732616305351257,0.08569228649139404,True,False
label=cup_text=book.jpg,label=cup_text=book.jpg,RTA100,cup,book,/external-cache/fse_typographic_20260926/external/Defense-Prefix/rta100.zip,rta100/label=cup_text=book.jpg,0.25986289978027344,0.25215810537338257,0.007704794406890869,True,True
label=cup_text=cone.jpg,label=cup_text=cone.jpg,RTA100,cup,cone,/external-cache/fse_typographic_20260926/external/Defense-Prefix/rta100.zip,rta100/label=cup_text=cone.jpg,0.2695167660713196,0.2413705587387085,0.028146207332611084,True,True
label=cup_text=controller.jpg,label=cup_text=controller.jpg,RTA100,cup,controller,/external-cache/fse_typographic_20260926/external/Defense-Prefix/rta100.zip,rta100/label=cup_text=controller.jpg,0.22643673419952393,0.212408185005188,0.014028549194335938,True,False
label=cup_text=iPad.jpg,label=cup_text=iPad.jpg,RTA100,cup,iPad,/external-cache/fse_typographic_20260926/external/Defense-Prefix/rta100.zip,rta100/label=cup_text=iPad.jpg,0.27342313528060913,0.2331937551498413,0.04022938013076782,True,True
label=cup_text=iPhone.jpg,label=cup_text=iPhone.jpg,RTA100,cup,iPhone,/external-cache/fse_typographic_20260926/external/Defense-Prefix/rta100.zip,rta100/label=cup_text=iPhone.jpg,0.22324463725090027,0.23488345742225647,-0.011638820171356201,False,False
label=cup_text=mango.jpg,label=cup_text=mango.jpg,RTA100,cup,mango,/external-cache/fse_typographic_20260926/external/Defense-Prefix/rta100.zip,rta100/label=cup_text=mango.jpg,0.2535536289215088,0.2134716510772705,0.04008197784423828,True,True
label=cup_text=pillow.jpg,label=cup_text=pillow.jpg,RTA100,cup,pillow,/external-cache/fse_typographic_20260926/external/Defense-Prefix/rta100.zip,rta100/label=cup_text=pillow.jpg,0.2508481740951538,0.26290392875671387,-0.012055754661560059,False,False
label=cup_text=toothbrush.jpg,label=cup_text=toothbrush.jpg,RTA100,cup,toothbrush,/external-cache/fse_typographic_20260926/external/Defense-Prefix/rta100.zip,rta100/label=cup_text=toothbrush.jpg,0.24274440109729767,0.27148258686065674,-0.02873818576335907,False,False
label=curtain_text=book.jpg,label=curtain_text=book.jpg,RTA100,curtain,book,/external-cache/fse_typographic_20260926/external/Defense-Prefix/rta100.zip,rta100/label=curtain_text=book.jpg,0.29086267948150635,0.19942986965179443,0.09143280982971191,True,True
label=curtain_text=cone.jpg,label=curtain_text=cone.jpg,RTA100,curtain,cone,/external-cache/fse_typographic_20260926/external/Defense-Prefix/rta100.zip,rta100/label=curtain_text=cone.jpg,0.22930699586868286,0.1810619831085205,0.048245012760162354,True,False
label=curtain_text=controller.jpg,label=curtain_text=controller.jpg,RTA100,curtain,controller,/external-cache/fse_typographic_20260926/external/Defense-Prefix/rta100.zip,rta100/label=curtain_text=controller.jpg,0.20782122015953064,0.13325560092926025,0.07456561923027039,True,True
label=curtain_text=doll.jpg,label=curtain_text=doll.jpg,RTA100,curtain,doll,/external-cache/fse_typographic_20260926/external/Defense-Prefix/rta100.zip,rta100/label=curtain_text=doll.jpg,0.3145201802253723,0.20550712943077087,0.10901305079460144,True,True
label=curtain_text=floor.jpg,label=curtain_text=floor.jpg,RTA100,curtain,floor,/external-cache/fse_typographic_20260926/external/Defense-Prefix/rta100.zip,rta100/label=curtain_text=floor.jpg,0.2931346893310547,0.24387449026107788,0.04926019906997681,True,True
label=curtain_text=map.jpg,label=curtain_text=map.jpg,RTA100,curtain,map,/external-cache/fse_typographic_20260926/external/Defense-Prefix/rta100.zip,rta100/label=curtain_text=map.jpg,0.2932823896408081,0.27965158224105835,0.013630807399749756,True,True
label=curtain_text=mask.jpg,label=curtain_text=mask.jpg,RTA100,curtain,mask,/external-cache/fse_typographic_20260926/external/Defense-Prefix/rta100.zip,rta100/label=curtain_text=mask.jpg,0.30386126041412354,0.182555690407753,0.12130557000637054,True,True
label=curtain_text=ruler.jpg,label=curtain_text=ruler.jpg,RTA100,curtain,ruler,/external-cache/fse_typographic_20260926/external/Defense-Prefix/rta100.zip,rta100/label=curtain_text=ruler.jpg,0.23924297094345093,0.24995020031929016,-0.010707229375839233,False,False
label=curtain_text=slipper.jpg,label=curtain_text=slipper.jpg,RTA100,curtain,slipper,/external-cache/fse_typographic_20260926/external/Defense-Prefix/rta100.zip,rta100/label=curtain_text=slipper.jpg,0.289485901594162,0.2000848948955536,0.0894010066986084,True,True
label=curtain_text=tie.jpg,label=curtain_text=tie.jpg,RTA100,curtain,tie,/external-cache/fse_typographic_20260926/external/Defense-Prefix/rta100.zip,rta100/label=curtain_text=tie.jpg,0.31080031394958496,0.1953568160533905,0.11544349789619446,True,True
label=dish_text=card.jpg,label=dish_text=card.jpg,RTA100,dish,card,/external-cache/fse_typographic_20260926/external/Defense-Prefix/rta100.zip,rta100/label=dish_text=card.jpg,0.24941450357437134,0.3008115887641907,-0.051397085189819336,False,False
label=dish_text=cone.jpg,label=dish_text=cone.jpg,RTA100,dish,cone,/external-cache/fse_typographic_20260926/external/Defense-Prefix/rta100.zip,rta100/label=dish_text=cone.jpg,0.24184420704841614,0.23802335560321808,0.003820851445198059,True,False
label=dish_text=dog.jpg,label=dish_text=dog.jpg,RTA100,dish,dog,/external-cache/fse_typographic_20260926/external/Defense-Prefix/rta100.zip,rta100/label=dish_text=dog.jpg,0.25598064064979553,0.23344388604164124,0.022536754608154297,True,False
label=dish_text=frisbee.jpg,label=dish_text=frisbee.jpg,RTA100,dish,frisbee,/external-cache/fse_typographic_20260926/external/Defense-Prefix/rta100.zip,rta100/label=dish_text=frisbee.jpg,0.22029373049736023,0.21232420206069946,0.007969528436660767,True,False
label=dish_text=iPhone.jpg,label=dish_text=iPhone.jpg,RTA100,dish,iPhone,/external-cache/fse_typographic_20260926/external/Defense-Prefix/rta100.zip,rta100/label=dish_text=iPhone.jpg,0.2222016453742981,0.2344241738319397,-0.012222528457641602,False,False
label=dish_text=map.jpg,label=dish_text=map.jpg,RTA100,dish,map,/external-cache/fse_typographic_20260926/external/Defense-Prefix/rta100.zip,rta100/label=dish_text=map.jpg,0.20086859166622162,0.26017528772354126,-0.05930669605731964,False,False
label=dish_text=pen case.jpg,label=dish_text=pen case.jpg,RTA100,dish,pen case,/external-cache/fse_typographic_20260926/external/Defense-Prefix/rta100.zip,rta100/label=dish_text=pen case.jpg,0.2113420069217682,0.19861534237861633,0.012726664543151855,True,False
label=dish_text=racquet.jpg,label=dish_text=racquet.jpg,RTA100,dish,racquet,/external-cache/fse_typographic_20260926/external/Defense-Prefix/rta100.zip,rta100/label=dish_text=racquet.jpg,0.27809983491897583,0.2602538466453552,0.017845988273620605,True,False
label=dish_text=umbrella.jpg,label=dish_text=umbrella.jpg,RTA100,dish,umbrella,/external-cache/fse_typographic_20260926/external/Defense-Prefix/rta100.zip,rta100/label=dish_text=umbrella.jpg,0.16700588166713715,0.16698653995990753,1.9341707229614258e-05,True,False
label=dish_text=watch.jpg,label=dish_text=watch.jpg,RTA100,dish,watch,/external-cache/fse_typographic_20260926/external/Defense-Prefix/rta100.zip,rta100/label=dish_text=watch.jpg,0.26542922854423523,0.2589881718158722,0.006441056728363037,True,False
label=dog_text=book.jpg,label=dog_text=book.jpg,RTA100,dog,book,/external-cache/fse_typographic_20260926/external/Defense-Prefix/rta100.zip,rta100/label=dog_text=book.jpg,0.3088664412498474,0.22192290425300598,0.08694353699684143,True,True
label=dog_text=hat.jpg,label=dog_text=hat.jpg,RTA100,dog,hat,/external-cache/fse_typographic_20260926/external/Defense-Prefix/rta100.zip,rta100/label=dog_text=hat.jpg,0.2031589150428772,0.1964457482099533,0.006713166832923889,True,False
label=dog_text=iPhone.jpg,label=dog_text=iPhone.jpg,RTA100,dog,iPhone,/external-cache/fse_typographic_20260926/external/Defense-Prefix/rta100.zip,rta100/label=dog_text=iPhone.jpg,0.24643953144550323,0.2529517710208893,-0.006512239575386047,False,False
label=dog_text=iron.jpg,label=dog_text=iron.jpg,RTA100,dog,iron,/external-cache/fse_typographic_20260926/external/Defense-Prefix/rta100.zip,rta100/label=dog_text=iron.jpg,0.26184216141700745,0.2015029639005661,0.060339197516441345,True,True
label=dog_text=key.jpg,label=dog_text=key.jpg,RTA100,dog,key,/external-cache/fse_typographic_20260926/external/Defense-Prefix/rta100.zip,rta100/label=dog_text=key.jpg,0.23303091526031494,0.24631303548812866,-0.01328212022781372,False,False
label=dog_text=onion.jpg,label=dog_text=onion.jpg,RTA100,dog,onion,/external-cache/fse_typographic_20260926/external/Defense-Prefix/rta100.zip,rta100/label=dog_text=onion.jpg,0.2599060833454132,0.1432911902666092,0.11661489307880402,True,True
label=dog_text=racquet.jpg,label=dog_text=racquet.jpg,RTA100,dog,racquet,/external-cache/fse_typographic_20260926/external/Defense-Prefix/rta100.zip,rta100/label=dog_text=racquet.jpg,0.34245502948760986,0.24593165516853333,0.09652337431907654,True,True
label=dog_text=sofa.jpg,label=dog_text=sofa.jpg,RTA100,dog,sofa,/external-cache/fse_typographic_20260926/external/Defense-Prefix/rta100.zip,rta100/label=dog_text=sofa.jpg,0.1968957483768463,0.19372256100177765,0.0031731873750686646,True,False
label=dog_text=watch.jpg,label=dog_text=watch.jpg,RTA100,dog,watch,/external-cache/fse_typographic_20260926/external/Defense-Prefix/rta100.zip,rta100/label=dog_text=watch.jpg,0.2577451169490814,0.22346262633800507,0.034282490611076355,True,True
label=dog_text=whiteboard.jpg,label=dog_text=whiteboard.jpg,RTA100,dog,whiteboard,/external-cache/fse_typographic_20260926/external/Defense-Prefix/rta100.zip,rta100/label=dog_text=whiteboard.jpg,0.2578304409980774,0.22153787314891815,0.03629256784915924,True,True
label=doll_text=cone.jpg,label=doll_text=cone.jpg,RTA100,doll,cone,/external-cache/fse_typographic_20260926/external/Defense-Prefix/rta100.zip,rta100/label=doll_text=cone.jpg,0.2375747412443161,0.23285263776779175,0.004722103476524353,True,True
label=doll_text=controller.jpg,label=doll_text=controller.jpg,RTA100,doll,controller,/external-cache/fse_typographic_20260926/external/Defense-Prefix/rta100.zip,rta100/label=doll_text=controller.jpg,0.2208804190158844,0.22929345071315765,-0.008413031697273254,False,False
label=doll_text=flower.jpg,label=doll_text=flower.jpg,RTA100,doll,flower,/external-cache/fse_typographic_20260926/external/Defense-Prefix/rta100.zip,rta100/label=doll_text=flower.jpg,0.2670527994632721,0.21703693270683289,0.05001586675643921,True,True
label=doll_text=guitar.jpg,label=doll_text=guitar.jpg,RTA100,doll,guitar,/external-cache/fse_typographic_20260926/external/Defense-Prefix/rta100.zip,rta100/label=doll_text=guitar.jpg,0.21030694246292114,0.15401946008205414,0.056287482380867004,True,False
label=doll_text=iPad.jpg,label=doll_text=iPad.jpg,RTA100,doll,iPad,/external-cache/fse_typographic_20260926/external/Defense-Prefix/rta100.zip,rta100/label=doll_text=iPad.jpg,0.20853035151958466,0.21872037649154663,-0.010190024971961975,False,False
label=doll_text=lemon.jpg,label=doll_text=lemon.jpg,RTA100,doll,lemon,/external-cache/fse_typographic_20260926/external/Defense-Prefix/rta100.zip,rta100/label=doll_text=lemon.jpg,0.23031339049339294,0.21681559085845947,0.013497799634933472,True,True
label=doll_text=shoes.jpg,label=doll_text=shoes.jpg,RTA100,doll,shoes,/external-cache/fse_typographic_20260926/external/Defense-Prefix/rta100.zip,rta100/label=doll_text=shoes.jpg,0.26092392206192017,0.2739567160606384,-0.013032793998718262,False,False
label=doll_text=speaker.jpg,label=doll_text=speaker.jpg,RTA100,doll,speaker,/external-cache/fse_typographic_20260926/external/Defense-Prefix/rta100.zip,rta100/label=doll_text=speaker.jpg,0.21611779928207397,0.1690209060907364,0.047096893191337585,True,True
label=doll_text=towel.jpg,label=doll_text=towel.jpg,RTA100,doll,towel,/external-cache/fse_typographic_20260926/external/Defense-Prefix/rta100.zip,rta100/label=doll_text=towel.jpg,0.2860378623008728,0.2577868402004242,0.02825102210044861,True,True
label=doll_text=watch.jpg,label=doll_text=watch.jpg,RTA100,doll,watch,/external-cache/fse_typographic_20260926/external/Defense-Prefix/rta100.zip,rta100/label=doll_text=watch.jpg,0.254944771528244,0.21854418516159058,0.03640058636665344,True,False
label=drill_text=earphones.jpg,label=drill_text=earphones.jpg,RTA100,drill,earphones,/external-cache/fse_typographic_20260926/external/Defense-Prefix/rta100.zip,rta100/label=drill_text=earphones.jpg,0.16784435510635376,0.25803476572036743,-0.09019041061401367,False,False
label=drill_text=melon.jpg,label=drill_text=melon.jpg,RTA100,drill,melon,/external-cache/fse_typographic_20260926/external/Defense-Prefix/rta100.zip,rta100/label=drill_text=melon.jpg,0.24372562766075134,0.17852498590946198,0.06520064175128937,True,False
label=drill_text=mouse.jpg,label=drill_text=mouse.jpg,RTA100,drill,mouse,/external-cache/fse_typographic_20260926/external/Defense-Prefix/rta100.zip,rta100/label=drill_text=mouse.jpg,0.24702703952789307,0.23990558087825775,0.007121458649635315,True,False
label=drill_text=onion.jpg,label=drill_text=onion.jpg,RTA100,drill,onion,/external-cache/fse_typographic_20260926/external/Defense-Prefix/rta100.zip,rta100/label=drill_text=onion.jpg,0.22906160354614258,0.1595456600189209,0.06951594352722168,True,False
label=drill_text=oven.jpg,label=drill_text=oven.jpg,RTA100,drill,oven,/external-cache/fse_typographic_20260926/external/Defense-Prefix/rta100.zip,rta100/label=drill_text=oven.jpg,0.23445749282836914,0.19888779520988464,0.0355696976184845,True,False
label=drill_text=pen.jpg,label=drill_text=pen.jpg,RTA100,drill,pen,/external-cache/fse_typographic_20260926/external/Defense-Prefix/rta100.zip,rta100/label=drill_text=pen.jpg,0.21639522910118103,0.2274189293384552,-0.01102370023727417,False,False
label=drill_text=pillow.jpg,label=drill_text=pillow.jpg,RTA100,drill,pillow,/external-cache/fse_typographic_20260926/external/Defense-Prefix/rta100.zip,rta100/label=drill_text=pillow.jpg,0.21581797301769257,0.2275920808315277,-0.011774107813835144,False,False
label=drill_text=tie.jpg,label=drill_text=tie.jpg,RTA100,drill,tie,/external-cache/fse_typographic_20260926/external/Defense-Prefix/rta100.zip,rta100/label=drill_text=tie.jpg,0.24761012196540833,0.1645832657814026,0.08302685618400574,True,False
label=drill_text=umbrella.jpg,label=drill_text=umbrella.jpg,RTA100,drill,umbrella,/external-cache/fse_typographic_20260926/external/Defense-Prefix/rta100.zip,rta100/label=drill_text=umbrella.jpg,0.18303725123405457,0.172502338886261,0.010534912347793579,True,False
label=drill_text=wallet.jpg,label=drill_text=wallet.jpg,RTA100,drill,wallet,/external-cache/fse_typographic_20260926/external/Defense-Prefix/rta100.zip,rta100/label=drill_text=wallet.jpg,0.24467059969902039,0.29864954948425293,-0.053978949785232544,False,False
label=earphones_text=DVD.jpg,label=earphones_text=DVD.jpg,RTA100,earphones,DVD,/external-cache/fse_typographic_20260926/external/Defense-Prefix/rta100.zip,rta100/label=earphones_text=DVD.jpg,0.28796082735061646,0.26260778307914734,0.025353044271469116,True,True
label=earphones_text=adapter.jpg,label=earphones_text=adapter.jpg,RTA100,earphones,adapter,/external-cache/fse_typographic_20260926/external/Defense-Prefix/rta100.zip,rta100/label=earphones_text=adapter.jpg,0.2475300431251526,0.24876704812049866,-0.0012370049953460693,False,False
label=earphones_text=bag.jpg,label=earphones_text=bag.jpg,RTA100,earphones,bag,/external-cache/fse_typographic_20260926/external/Defense-Prefix/rta100.zip,rta100/label=earphones_text=bag.jpg,0.2459925413131714,0.2574723958969116,-0.011479854583740234,False,False
label=earphones_text=cone.jpg,label=earphones_text=cone.jpg,RTA100,earphones,cone,/external-cache/fse_typographic_20260926/external/Defense-Prefix/rta100.zip,rta100/label=earphones_text=cone.jpg,0.3057938516139984,0.18711237609386444,0.11868147552013397,True,True
label=earphones_text=hand.jpg,label=earphones_text=hand.jpg,RTA100,earphones,hand,/external-cache/fse_typographic_20260926/external/Defense-Prefix/rta100.zip,rta100/label=earphones_text=hand.jpg,0.24026575684547424,0.200322687625885,0.03994306921958923,True,True
label=earphones_text=hat.jpg,label=earphones_text=hat.jpg,RTA100,earphones,hat,/external-cache/fse_typographic_20260926/external/Defense-Prefix/rta100.zip,rta100/label=earphones_text=hat.jpg,0.3141005039215088,0.23436304926872253,0.07973745465278625,True,True
label=earphones_text=map.jpg,label=earphones_text=map.jpg,RTA100,earphones,map,/external-cache/fse_typographic_20260926/external/Defense-Prefix/rta100.zip,rta100/label=earphones_text=map.jpg,0.257596492767334,0.22151720523834229,0.0360792875289917,True,True
label=earphones_text=mic.jpg,label=earphones_text=mic.jpg,RTA100,earphones,mic,/external-cache/fse_typographic_20260926/external/Defense-Prefix/rta100.zip,rta100/label=earphones_text=mic.jpg,0.2428339123725891,0.20828497409820557,0.034548938274383545,True,False
label=earphones_text=milk.jpg,label=earphones_text=milk.jpg,RTA100,earphones,milk,/external-cache/fse_typographic_20260926/external/Defense-Prefix/rta100.zip,rta100/label=earphones_text=milk.jpg,0.24240151047706604,0.18178294599056244,0.0606185644865036,True,False
label=earphones_text=toaster.jpg,label=earphones_text=toaster.jpg,RTA100,earphones,toaster,/external-cache/fse_typographic_20260926/external/Defense-Prefix/rta100.zip,rta100/label=earphones_text=toaster.jpg,0.19984041154384613,0.26698553562164307,-0.06714512407779694,False,False
label=egg_text=apple.jpg,label=egg_text=apple.jpg,RTA100,egg,apple,/external-cache/fse_typographic_20260926/external/Defense-Prefix/rta100.zip,rta100/label=egg_text=apple.jpg,0.268302857875824,0.2325727939605713,0.035730063915252686,True,True
label=egg_text=chopsticks.jpg,label=egg_text=chopsticks.jpg,RTA100,egg,chopsticks,/external-cache/fse_typographic_20260926/external/Defense-Prefix/rta100.zip,rta100/label=egg_text=chopsticks.jpg,0.21734020113945007,0.19074515998363495,0.026595041155815125,True,True
label=egg_text=drill.jpg,label=egg_text=drill.jpg,RTA100,egg,drill,/external-cache/fse_typographic_20260926/external/Defense-Prefix/rta100.zip,rta100/label=egg_text=drill.jpg,0.2680509090423584,0.2208288162946701,0.04722209274768829,True,True
label=egg_text=eraser.jpg,label=egg_text=eraser.jpg,RTA100,egg,eraser,/external-cache/fse_typographic_20260926/external/Defense-Prefix/rta100.zip,rta100/label=egg_text=eraser.jpg,0.247493714094162,0.1834007203578949,0.06409299373626709,True,True
label=egg_text=floor.jpg,label=egg_text=floor.jpg,RTA100,egg,floor,/external-cache/fse_typographic_20260926/external/Defense-Prefix/rta100.zip,rta100/label=egg_text=floor.jpg,0.2658090591430664,0.20640257000923157,0.05940648913383484,True,True
label=egg_text=hair dryer.jpg,label=egg_text=hair dryer.jpg,RTA100,egg,hair dryer,/external-cache/fse_typographic_20260926/external/Defense-Prefix/rta100.zip,rta100/label=egg_text=hair dryer.jpg,0.24733152985572815,0.1327034831047058,0.11462804675102234,True,True
label=egg_text=mirror.jpg,label=egg_text=mirror.jpg,RTA100,egg,mirror,/external-cache/fse_typographic_20260926/external/Defense-Prefix/rta100.zip,rta100/label=egg_text=mirror.jpg,0.25761285424232483,0.2141485959291458,0.043464258313179016,True,True
label=egg_text=paper.jpg,label=egg_text=paper.jpg,RTA100,egg,paper,/external-cache/fse_typographic_20260926/external/Defense-Prefix/rta100.zip,rta100/label=egg_text=paper.jpg,0.26317793130874634,0.22704747319221497,0.03613045811653137,True,True
label=egg_text=pen.jpg,label=egg_text=pen.jpg,RTA100,egg,pen,/external-cache/fse_typographic_20260926/external/Defense-Prefix/rta100.zip,rta100/label=egg_text=pen.jpg,0.2616459131240845,0.22897984087467194,0.03266607224941254,True,True
label=egg_text=tie.jpg,label=egg_text=tie.jpg,RTA100,egg,tie,/external-cache/fse_typographic_20260926/external/Defense-Prefix/rta100.zip,rta100/label=egg_text=tie.jpg,0.2535645365715027,0.131206214427948,0.12235832214355469,True,True
label=eraser_text=can.jpg,label=eraser_text=can.jpg,RTA100,eraser,can,/external-cache/fse_typographic_20260926/external/Defense-Prefix/rta100.zip,rta100/label=eraser_text=can.jpg,0.2516801059246063,0.2648709714412689,-0.013190865516662598,False,False
label=eraser_text=glasses.jpg,label=eraser_text=glasses.jpg,RTA100,eraser,glasses,/external-cache/fse_typographic_20260926/external/Defense-Prefix/rta100.zip,rta100/label=eraser_text=glasses.jpg,0.27074599266052246,0.25272777676582336,0.018018215894699097,True,True
label=eraser_text=map.jpg,label=eraser_text=map.jpg,RTA100,eraser,map,/external-cache/fse_typographic_20260926/external/Defense-Prefix/rta100.zip,rta100/label=eraser_text=map.jpg,0.3107180595397949,0.25397661328315735,0.05674144625663757,True,True
label=eraser_text=mic.jpg,label=eraser_text=mic.jpg,RTA100,eraser,mic,/external-cache/fse_typographic_20260926/external/Defense-Prefix/rta100.zip,rta100/label=eraser_text=mic.jpg,0.2784730792045593,0.2143411785364151,0.06413190066814423,True,True
label=eraser_text=peach.jpg,label=eraser_text=peach.jpg,RTA100,eraser,peach,/external-cache/fse_typographic_20260926/external/Defense-Prefix/rta100.zip,rta100/label=eraser_text=peach.jpg,0.2767491340637207,0.2259182333946228,0.0508309006690979,True,True
label=eraser_text=sofa.jpg,label=eraser_text=sofa.jpg,RTA100,eraser,sofa,/external-cache/fse_typographic_20260926/external/Defense-Prefix/rta100.zip,rta100/label=eraser_text=sofa.jpg,0.19676573574543,0.17749732732772827,0.01926840841770172,True,False
label=eraser_text=t-shirt.jpg,label=eraser_text=t-shirt.jpg,RTA100,eraser,t-shirt,/external-cache/fse_typographic_20260926/external/Defense-Prefix/rta100.zip,rta100/label=eraser_text=t-shirt.jpg,0.190453439950943,0.24527713656425476,-0.05482369661331177,False,False
label=eraser_text=tissue.jpg,label=eraser_text=tissue.jpg,RTA100,eraser,tissue,/external-cache/fse_typographic_20260926/external/Defense-Prefix/rta100.zip,rta100/label=eraser_text=tissue.jpg,0.26236820220947266,0.23263703286647797,0.02973116934299469,True,True
label=eraser_text=toaster.jpg,label=eraser_text=toaster.jpg,RTA100,eraser,toaster,/external-cache/fse_typographic_20260926/external/Defense-Prefix/rta100.zip,rta100/label=eraser_text=toaster.jpg,0.27323490381240845,0.2540663480758667,0.019168555736541748,True,True
label=eraser_text=tray.jpg,label=eraser_text=tray.jpg,RTA100,eraser,tray,/external-cache/fse_typographic_20260926/external/Defense-Prefix/rta100.zip,rta100/label=eraser_text=tray.jpg,0.2538835108280182,0.18822574615478516,0.06565776467323303,True,True
label=floor_text=camera.jpg,label=floor_text=camera.jpg,RTA100,floor,camera,/external-cache/fse_typographic_20260926/external/Defense-Prefix/rta100.zip,rta100/label=floor_text=camera.jpg,0.22326073050498962,0.25393611192703247,-0.030675381422042847,False,False
label=floor_text=can.jpg,label=floor_text=can.jpg,RTA100,floor,can,/external-cache/fse_typographic_20260926/external/Defense-Prefix/rta100.zip,rta100/label=floor_text=can.jpg,0.24845904111862183,0.23192384839057922,0.016535192728042603,True,False
label=floor_text=controller.jpg,label=floor_text=controller.jpg,RTA100,floor,controller,/external-cache/fse_typographic_20260926/external/Defense-Prefix/rta100.zip,rta100/label=floor_text=controller.jpg,0.24035382270812988,0.1847410351037979,0.05561278760433197,True,True
label=floor_text=guitar.jpg,label=floor_text=guitar.jpg,RTA100,floor,guitar,/external-cache/fse_typographic_20260926/external/Defense-Prefix/rta100.zip,rta100/label=floor_text=guitar.jpg,0.23304231464862823,0.25809812545776367,-0.025055810809135437,False,False
label=floor_text=hat.jpg,label=floor_text=hat.jpg,RTA100,floor,hat,/external-cache/fse_typographic_20260926/external/Defense-Prefix/rta100.zip,rta100/label=floor_text=hat.jpg,0.2878303527832031,0.22488830983638763,0.06294204294681549,True,False
label=floor_text=key.jpg,label=floor_text=key.jpg,RTA100,floor,key,/external-cache/fse_typographic_20260926/external/Defense-Prefix/rta100.zip,rta100/label=floor_text=key.jpg,0.16500921547412872,0.23983389139175415,-0.07482467591762543,False,False
label=floor_text=pen case.jpg,label=floor_text=pen case.jpg,RTA100,floor,pen case,/external-cache/fse_typographic_20260926/external/Defense-Prefix/rta100.zip,rta100/label=floor_text=pen case.jpg,0.16842833161354065,0.15171465277671814,0.01671367883682251,True,False
label=floor_text=ruler.jpg,label=floor_text=ruler.jpg,RTA100,floor,ruler,/external-cache/fse_typographic_20260926/external/Defense-Prefix/rta100.zip,rta100/label=floor_text=ruler.jpg,0.24735945463180542,0.25120869278907776,-0.003849238157272339,False,False
label=floor_text=speaker.jpg,label=floor_text=speaker.jpg,RTA100,floor,speaker,/external-cache/fse_typographic_20260926/external/Defense-Prefix/rta100.zip,rta100/label=floor_text=speaker.jpg,0.23637646436691284,0.24890458583831787,-0.01252812147140503,False,False
label=floor_text=umbrella.jpg,label=floor_text=umbrella.jpg,RTA100,floor,umbrella,/external-cache/fse_typographic_20260926/external/Defense-Prefix/rta100.zip,rta100/label=floor_text=umbrella.jpg,0.17825359106063843,0.16888311505317688,0.009370476007461548,True,True
label=flower_text=DVD.jpg,label=flower_text=DVD.jpg,RTA100,flower,DVD,/external-cache/fse_typographic_20260926/external/Defense-Prefix/rta100.zip,rta100/label=flower_text=DVD.jpg,0.20065459609031677,0.24852171540260315,-0.04786711931228638,False,False
label=flower_text=card.jpg,label=flower_text=card.jpg,RTA100,flower,card,/external-cache/fse_typographic_20260926/external/Defense-Prefix/rta100.zip,rta100/label=flower_text=card.jpg,0.20133055746555328,0.2787349224090576,-0.07740436494350433,False,False
label=flower_text=egg.jpg,label=flower_text=egg.jpg,RTA100,flower,egg,/external-cache/fse_typographic_20260926/external/Defense-Prefix/rta100.zip,rta100/label=flower_text=egg.jpg,0.16374629735946655,0.220814049243927,-0.05706775188446045,False,False
label=flower_text=jacket.jpg,label=flower_text=jacket.jpg,RTA100,flower,jacket,/external-cache/fse_typographic_20260926/external/Defense-Prefix/rta100.zip,rta100/label=flower_text=jacket.jpg,0.2809208631515503,0.24529582262039185,0.03562504053115845,True,False
label=flower_text=key.jpg,label=flower_text=key.jpg,RTA100,flower,key,/external-cache/fse_typographic_20260926/external/Defense-Prefix/rta100.zip,rta100/label=flower_text=key.jpg,0.227326899766922,0.2588638663291931,-0.03153696656227112,False,False
label=flower_text=pants.jpg,label=flower_text=pants.jpg,RTA100,flower,pants,/external-cache/fse_typographic_20260926/external/Defense-Prefix/rta100.zip,rta100/label=flower_text=pants.jpg,0.22714126110076904,0.2546074688434601,-0.02746620774269104,False,False
label=flower_text=ruler.jpg,label=flower_text=ruler.jpg,RTA100,flower,ruler,/external-cache/fse_typographic_20260926/external/Defense-Prefix/rta100.zip,rta100/label=flower_text=ruler.jpg,0.22509798407554626,0.218372642993927,0.006725341081619263,True,False
label=flower_text=slipper.jpg,label=flower_text=slipper.jpg,RTA100,flower,slipper,/external-cache/fse_typographic_20260926/external/Defense-Prefix/rta100.zip,rta100/label=flower_text=slipper.jpg,0.18605521321296692,0.20864218473434448,-0.022586971521377563,False,False
label=flower_text=thermometer.jpg,label=flower_text=thermometer.jpg,RTA100,flower,thermometer,/external-cache/fse_typographic_20260926/external/Defense-Prefix/rta100.zip,rta100/label=flower_text=thermometer.jpg,0.20938906073570251,0.2729109227657318,-0.0635218620300293,False,False
label=flower_text=umbrella.jpg,label=flower_text=umbrella.jpg,RTA100,flower,umbrella,/external-cache/fse_typographic_20260926/external/Defense-Prefix/rta100.zip,rta100/label=flower_text=umbrella.jpg,0.1678599864244461,0.17797407507896423,-0.010114088654518127,False,False
label=fork_text=basket.jpg,label=fork_text=basket.jpg,RTA100,fork,basket,/external-cache/fse_typographic_20260926/external/Defense-Prefix/rta100.zip,rta100/label=fork_text=basket.jpg,0.2747306525707245,0.2642769515514374,0.01045370101928711,True,True
label=fork_text=bookshelf.jpg,label=fork_text=bookshelf.jpg,RTA100,fork,bookshelf,/external-cache/fse_typographic_20260926/external/Defense-Prefix/rta100.zip,rta100/label=fork_text=bookshelf.jpg,0.2788190543651581,0.22246626019477844,0.05635279417037964,True,True
label=fork_text=cookie.jpg,label=fork_text=cookie.jpg,RTA100,fork,cookie,/external-cache/fse_typographic_20260926/external/Defense-Prefix/rta100.zip,rta100/label=fork_text=cookie.jpg,0.28104451298713684,0.2163720428943634,0.06467247009277344,True,True
label=fork_text=eraser.jpg,label=fork_text=eraser.jpg,RTA100,fork,eraser,/external-cache/fse_typographic_20260926/external/Defense-Prefix/rta100.zip,rta100/label=fork_text=eraser.jpg,0.26880669593811035,0.2278253585100174,0.04098133742809296,True,True
label=fork_text=glasses.jpg,label=fork_text=glasses.jpg,RTA100,fork,glasses,/external-cache/fse_typographic_20260926/external/Defense-Prefix/rta100.zip,rta100/label=fork_text=glasses.jpg,0.25808218121528625,0.2275295853614807,0.030552595853805542,True,True
label=fork_text=jacket.jpg,label=fork_text=jacket.jpg,RTA100,fork,jacket,/external-cache/fse_typographic_20260926/external/Defense-Prefix/rta100.zip,rta100/label=fork_text=jacket.jpg,0.3134319484233856,0.23232191801071167,0.08111003041267395,True,True
label=fork_text=key.jpg,label=fork_text=key.jpg,RTA100,fork,key,/external-cache/fse_typographic_20260926/external/Defense-Prefix/rta100.zip,rta100/label=fork_text=key.jpg,0.28170689940452576,0.23654881119728088,0.04515808820724487,True,True
label=fork_text=tissue.jpg,label=fork_text=tissue.jpg,RTA100,fork,tissue,/external-cache/fse_typographic_20260926/external/Defense-Prefix/rta100.zip,rta100/label=fork_text=tissue.jpg,0.29398125410079956,0.2089279592037201,0.08505329489707947,True,True
label=fork_text=toaster.jpg,label=fork_text=toaster.jpg,RTA100,fork,toaster,/external-cache/fse_typographic_20260926/external/Defense-Prefix/rta100.zip,rta100/label=fork_text=toaster.jpg,0.2932778596878052,0.23364844918251038,0.0596294105052948,True,True
label=fork_text=umbrella.jpg,label=fork_text=umbrella.jpg,RTA100,fork,umbrella,/external-cache/fse_typographic_20260926/external/Defense-Prefix/rta100.zip,rta100/label=fork_text=umbrella.jpg,0.25254198908805847,0.1718427836894989,0.08069920539855957,True,True
label=fridge_text=airconditioner.jpg,label=fridge_text=airconditioner.jpg,RTA100,fridge,airconditioner,/external-cache/fse_typographic_20260926/external/Defense-Prefix/rta100.zip,rta100/label=fridge_text=airconditioner.jpg,0.3133113980293274,0.23802444338798523,0.07528695464134216,True,True
label=fridge_text=bowl.jpg,label=fridge_text=bowl.jpg,RTA100,fridge,bowl,/external-cache/fse_typographic_20260926/external/Defense-Prefix/rta100.zip,rta100/label=fridge_text=bowl.jpg,0.23492521047592163,0.23434379696846008,0.0005814135074615479,True,False
label=fridge_text=eraser.jpg,label=fridge_text=eraser.jpg,RTA100,fridge,eraser,/external-cache/fse_typographic_20260926/external/Defense-Prefix/rta100.zip,rta100/label=fridge_text=eraser.jpg,0.27149876952171326,0.26164013147354126,0.009858638048171997,True,False
label=fridge_text=hair dryer.jpg,label=fridge_text=hair dryer.jpg,RTA100,fridge,hair dryer,/external-cache/fse_typographic_20260926/external/Defense-Prefix/rta100.zip,rta100/label=fridge_text=hair dryer.jpg,0.296182781457901,0.16802361607551575,0.12815916538238525,True,True
label=fridge_text=headphone.jpg,label=fridge_text=headphone.jpg,RTA100,fridge,headphone,/external-cache/fse_typographic_20260926/external/Defense-Prefix/rta100.zip,rta100/label=fridge_text=headphone.jpg,0.2408168911933899,0.19603756070137024,0.04477933049201965,True,True
label=fridge_text=iPhone.jpg,label=fridge_text=iPhone.jpg,RTA100,fridge,iPhone,/external-cache/fse_typographic_20260926/external/Defense-Prefix/rta100.zip,rta100/label=fridge_text=iPhone.jpg,0.3126734793186188,0.25659075379371643,0.056082725524902344,True,True
label=fridge_text=iron.jpg,label=fridge_text=iron.jpg,RTA100,fridge,iron,/external-cache/fse_typographic_20260926/external/Defense-Prefix/rta100.zip,rta100/label=fridge_text=iron.jpg,0.31029629707336426,0.19873064756393433,0.11156564950942993,True,True
label=fridge_text=melon.jpg,label=fridge_text=melon.jpg,RTA100,fridge,melon,/external-cache/fse_typographic_20260926/external/Defense-Prefix/rta100.zip,rta100/label=fridge_text=melon.jpg,0.2809743881225586,0.13023829460144043,0.15073609352111816,True,True
label=fridge_text=pillow.jpg,label=fridge_text=pillow.jpg,RTA100,fridge,pillow,/external-cache/fse_typographic_20260926/external/Defense-Prefix/rta100.zip,rta100/label=fridge_text=pillow.jpg,0.28289729356765747,0.17766188085079193,0.10523541271686554,True,True
label=fridge_text=umbrella.jpg,label=fridge_text=umbrella.jpg,RTA100,fridge,umbrella,/external-cache/fse_typographic_20260926/external/Defense-Prefix/rta100.zip,rta100/label=fridge_text=umbrella.jpg,0.19068318605422974,0.14378423988819122,0.04689894616603851,True,False
label=frisbee_text=apple.jpg,label=frisbee_text=apple.jpg,RTA100,frisbee,apple,/external-cache/fse_typographic_20260926/external/Defense-Prefix/rta100.zip,rta100/label=frisbee_text=apple.jpg,0.26899319887161255,0.2628397047519684,0.006153494119644165,True,False
label=frisbee_text=bookshelf.jpg,label=frisbee_text=bookshelf.jpg,RTA100,frisbee,bookshelf,/external-cache/fse_typographic_20260926/external/Defense-Prefix/rta100.zip,rta100/label=frisbee_text=bookshelf.jpg,0.28948840498924255,0.2067604660987854,0.08272793889045715,True,True
label=frisbee_text=chopsticks.jpg,label=frisbee_text=chopsticks.jpg,RTA100,frisbee,chopsticks,/external-cache/fse_typographic_20260926/external/Defense-Prefix/rta100.zip,rta100/label=frisbee_text=chopsticks.jpg,0.2740713357925415,0.19288229942321777,0.08118903636932373,True,True
label=frisbee_text=controller.jpg,label=frisbee_text=controller.jpg,RTA100,frisbee,controller,/external-cache/fse_typographic_20260926/external/Defense-Prefix/rta100.zip,rta100/label=frisbee_text=controller.jpg,0.2683860659599304,0.21512813866138458,0.05325792729854584,True,True
label=frisbee_text=cup.jpg,label=frisbee_text=cup.jpg,RTA100,frisbee,cup,/external-cache/fse_typographic_20260926/external/Defense-Prefix/rta100.zip,rta100/label=frisbee_text=cup.jpg,0.2825661599636078,0.28306514024734497,-0.0004989802837371826,False,False
label=frisbee_text=headphone.jpg,label=frisbee_text=headphone.jpg,RTA100,frisbee,headphone,/external-cache/fse_typographic_20260926/external/Defense-Prefix/rta100.zip,rta100/label=frisbee_text=headphone.jpg,0.3199526071548462,0.2600365877151489,0.059916019439697266,True,True
label=frisbee_text=key.jpg,label=frisbee_text=key.jpg,RTA100,frisbee,key,/external-cache/fse_typographic_20260926/external/Defense-Prefix/rta100.zip,rta100/label=frisbee_text=key.jpg,0.3100328743457794,0.21949151158332825,0.09054136276245117,True,True
label=frisbee_text=suitcase.jpg,label=frisbee_text=suitcase.jpg,RTA100,frisbee,suitcase,/external-cache/fse_typographic_20260926/external/Defense-Prefix/rta100.zip,rta100/label=frisbee_text=suitcase.jpg,0.30909448862075806,0.18402549624443054,0.12506899237632751,True,True
label=frisbee_text=toothbrush.jpg,label=frisbee_text=toothbrush.jpg,RTA100,frisbee,toothbrush,/external-cache/fse_typographic_20260926/external/Defense-Prefix/rta100.zip,rta100/label=frisbee_text=toothbrush.jpg,0.3262568712234497,0.3002958595752716,0.0259610116481781,True,True
label=frisbee_text=trash box.jpg,label=frisbee_text=trash box.jpg,RTA100,frisbee,trash box,/external-cache/fse_typographic_20260926/external/Defense-Prefix/rta100.zip,rta100/label=frisbee_text=trash box.jpg,0.24840065836906433,0.2536163926124573,-0.005215734243392944,False,False
label=glasses_text=bag.jpg,label=glasses_text=bag.jpg,RTA100,glasses,bag,/external-cache/fse_typographic_20260926/external/Defense-Prefix/rta100.zip,rta100/label=glasses_text=bag.jpg,0.28832459449768066,0.25171345472335815,0.03661113977432251,True,True
label=glasses_text=fridge.jpg,label=glasses_text=fridge.jpg,RTA100,glasses,fridge,/external-cache/fse_typographic_20260926/external/Defense-Prefix/rta100.zip,rta100/label=glasses_text=fridge.jpg,0.21040122210979462,0.1572762131690979,0.053125008940696716,True,True
label=glasses_text=guitar.jpg,label=glasses_text=guitar.jpg,RTA100,glasses,guitar,/external-cache/fse_typographic_20260926/external/Defense-Prefix/rta100.zip,rta100/label=glasses_text=guitar.jpg,0.24257954955101013,0.2112472504377365,0.03133229911327362,True,True
label=glasses_text=lemon.jpg,label=glasses_text=lemon.jpg,RTA100,glasses,lemon,/external-cache/fse_typographic_20260926/external/Defense-Prefix/rta100.zip,rta100/label=glasses_text=lemon.jpg,0.2783378064632416,0.20984648168087006,0.06849132478237152,True,True
label=glasses_text=light bulb.jpg,label=glasses_text=light bulb.jpg,RTA100,glasses,light bulb,/external-cache/fse_typographic_20260926/external/Defense-Prefix/rta100.zip,rta100/label=glasses_text=light bulb.jpg,0.27387621998786926,0.18606680631637573,0.08780941367149353,True,True
label=glasses_text=mango.jpg,label=glasses_text=mango.jpg,RTA100,glasses,mango,/external-cache/fse_typographic_20260926/external/Defense-Prefix/rta100.zip,rta100/label=glasses_text=mango.jpg,0.1974111944437027,0.20865845680236816,-0.011247262358665466,False,False
label=glasses_text=mousepad.jpg,label=glasses_text=mousepad.jpg,RTA100,glasses,mousepad,/external-cache/fse_typographic_20260926/external/Defense-Prefix/rta100.zip,rta100/label=glasses_text=mousepad.jpg,0.28430819511413574,0.2652137875556946,0.019094407558441162,True,True
label=glasses_text=notebook.jpg,label=glasses_text=notebook.jpg,RTA100,glasses,notebook,/external-cache/fse_typographic_20260926/external/Defense-Prefix/rta100.zip,rta100/label=glasses_text=notebook.jpg,0.2542761266231537,0.27531763911247253,-0.021041512489318848,False,False
label=glasses_text=slipper.jpg,label=glasses_text=slipper.jpg,RTA100,glasses,slipper,/external-cache/fse_typographic_20260926/external/Defense-Prefix/rta100.zip,rta100/label=glasses_text=slipper.jpg,0.24169278144836426,0.18886524438858032,0.052827537059783936,True,True
label=glasses_text=watch.jpg,label=glasses_text=watch.jpg,RTA100,glasses,watch,/external-cache/fse_typographic_20260926/external/Defense-Prefix/rta100.zip,rta100/label=glasses_text=watch.jpg,0.3072364628314972,0.25266531109809875,0.05457115173339844,True,True
label=glove_text=chair.jpg,label=glove_text=chair.jpg,RTA100,glove,chair,/external-cache/fse_typographic_20260926/external/Defense-Prefix/rta100.zip,rta100/label=glove_text=chair.jpg,0.22250735759735107,0.26929938793182373,-0.046792030334472656,False,False
label=glove_text=flower.jpg,label=glove_text=flower.jpg,RTA100,glove,flower,/external-cache/fse_typographic_20260926/external/Defense-Prefix/rta100.zip,rta100/label=glove_text=flower.jpg,0.2698150873184204,0.22827158868312836,0.04154349863529205,True,True
label=glove_text=fork.jpg,label=glove_text=fork.jpg,RTA100,glove,fork,/external-cache/fse_typographic_20260926/external/Defense-Prefix/rta100.zip,rta100/label=glove_text=fork.jpg,0.23971442878246307,0.15578743815422058,0.08392699062824249,True,True
label=glove_text=hand.jpg,label=glove_text=hand.jpg,RTA100,glove,hand,/external-cache/fse_typographic_20260926/external/Defense-Prefix/rta100.zip,rta100/label=glove_text=hand.jpg,0.29739272594451904,0.23373259603977203,0.06366012990474701,True,True
label=glove_text=laptop.jpg,label=glove_text=laptop.jpg,RTA100,glove,laptop,/external-cache/fse_typographic_20260926/external/Defense-Prefix/rta100.zip,rta100/label=glove_text=laptop.jpg,0.21901041269302368,0.11932718008756638,0.0996832326054573,True,True
label=glove_text=mask.jpg,label=glove_text=mask.jpg,RTA100,glove,mask,/external-cache/fse_typographic_20260926/external/Defense-Prefix/rta100.zip,rta100/label=glove_text=mask.jpg,0.22120501101016998,0.22137132287025452,-0.0001663118600845337,False,False
label=glove_text=paper.jpg,label=glove_text=paper.jpg,RTA100,glove,paper,/external-cache/fse_typographic_20260926/external/Defense-Prefix/rta100.zip,rta100/label=glove_text=paper.jpg,0.2559208273887634,0.1338365525007248,0.12208427488803864,True,True
label=glove_text=t-shirt.jpg,label=glove_text=t-shirt.jpg,RTA100,glove,t-shirt,/external-cache/fse_typographic_20260926/external/Defense-Prefix/rta100.zip,rta100/label=glove_text=t-shirt.jpg,0.26948943734169006,0.19137680530548096,0.0781126320362091,True,True
label=glove_text=tissue.jpg,label=glove_text=tissue.jpg,RTA100,glove,tissue,/external-cache/fse_typographic_20260926/external/Defense-Prefix/rta100.zip,rta100/label=glove_text=tissue.jpg,0.2679884731769562,0.17165017127990723,0.09633830189704895,True,True
label=glove_text=tray.jpg,label=glove_text=tray.jpg,RTA100,glove,tray,/external-cache/fse_typographic_20260926/external/Defense-Prefix/rta100.zip,rta100/label=glove_text=tray.jpg,0.25974246859550476,0.18747681379318237,0.07226565480232239,True,True
label=guitar_text=bookshelf.jpg,label=guitar_text=bookshelf.jpg,RTA100,guitar,bookshelf,/external-cache/fse_typographic_20260926/external/Defense-Prefix/rta100.zip,rta100/label=guitar_text=bookshelf.jpg,0.23590794205665588,0.23344433307647705,0.002463608980178833,True,False
label=guitar_text=chopsticks.jpg,label=guitar_text=chopsticks.jpg,RTA100,guitar,chopsticks,/external-cache/fse_typographic_20260926/external/Defense-Prefix/rta100.zip,rta100/label=guitar_text=chopsticks.jpg,0.2698856294155121,0.08907131850719452,0.18081431090831757,True,True
label=guitar_text=doll.jpg,label=guitar_text=doll.jpg,RTA100,guitar,doll,/external-cache/fse_typographic_20260926/external/Defense-Prefix/rta100.zip,rta100/label=guitar_text=doll.jpg,0.2849273681640625,0.17037726938724518,0.11455009877681732,True,True
label=guitar_text=frisbee.jpg,label=guitar_text=frisbee.jpg,RTA100,guitar,frisbee,/external-cache/fse_typographic_20260926/external/Defense-Prefix/rta100.zip,rta100/label=guitar_text=frisbee.jpg,0.24201971292495728,0.08481854200363159,0.15720117092132568,True,True
label=guitar_text=marker.jpg,label=guitar_text=marker.jpg,RTA100,guitar,marker,/external-cache/fse_typographic_20260926/external/Defense-Prefix/rta100.zip,rta100/label=guitar_text=marker.jpg,0.32460129261016846,0.21182352304458618,0.11277776956558228,True,True
label=guitar_text=microwave.jpg,label=guitar_text=microwave.jpg,RTA100,guitar,microwave,/external-cache/fse_typographic_20260926/external/Defense-Prefix/rta100.zip,rta100/label=guitar_text=microwave.jpg,0.24676793813705444,0.17518219351768494,0.0715857446193695,True,True
label=guitar_text=onion.jpg,label=guitar_text=onion.jpg,RTA100,guitar,onion,/external-cache/fse_typographic_20260926/external/Defense-Prefix/rta100.zip,rta100/label=guitar_text=onion.jpg,0.2811005115509033,0.14611020684242249,0.13499030470848083,True,True
label=guitar_text=plate.jpg,label=guitar_text=plate.jpg,RTA100,guitar,plate,/external-cache/fse_typographic_20260926/external/Defense-Prefix/rta100.zip,rta100/label=guitar_text=plate.jpg,0.28701451420783997,0.17736893892288208,0.10964557528495789,True,True
label=guitar_text=toaster.jpg,label=guitar_text=toaster.jpg,RTA100,guitar,toaster,/external-cache/fse_typographic_20260926/external/Defense-Prefix/rta100.zip,rta100/label=guitar_text=toaster.jpg,0.24756640195846558,0.19605842232704163,0.05150797963142395,True,True
label=guitar_text=wallet.jpg,label=guitar_text=wallet.jpg,RTA100,guitar,wallet,/external-cache/fse_typographic_20260926/external/Defense-Prefix/rta100.zip,rta100/label=guitar_text=wallet.jpg,0.27381935715675354,0.13813161849975586,0.13568773865699768,True,True
label=hair dryer_text=bowl.jpg,label=hair dryer_text=bowl.jpg,RTA100,hair dryer,bowl,/external-cache/fse_typographic_20260926/external/Defense-Prefix/rta100.zip,rta100/label=hair dryer_text=bowl.jpg,0.3187309205532074,0.21238037943840027,0.10635054111480713,True,True
label=hair dryer_text=flower.jpg,label=hair dryer_text=flower.jpg,RTA100,hair dryer,flower,/external-cache/fse_typographic_20260926/external/Defense-Prefix/rta100.zip,rta100/label=hair dryer_text=flower.jpg,0.31613701581954956,0.1782519519329071,0.13788506388664246,True,True
label=hair dryer_text=iPhone.jpg,label=hair dryer_text=iPhone.jpg,RTA100,hair dryer,iPhone,/external-cache/fse_typographic_20260926/external/Defense-Prefix/rta100.zip,rta100/label=hair dryer_text=iPhone.jpg,0.22380559146404266,0.23022358119487762,-0.006417989730834961,False,False
label=hair dryer_text=jacket.jpg,label=hair dryer_text=jacket.jpg,RTA100,hair dryer,jacket,/external-cache/fse_typographic_20260926/external/Defense-Prefix/rta100.zip,rta100/label=hair dryer_text=jacket.jpg,0.34897303581237793,0.2795918583869934,0.06938117742538452,True,True
label=hair dryer_text=milk.jpg,label=hair dryer_text=milk.jpg,RTA100,hair dryer,milk,/external-cache/fse_typographic_20260926/external/Defense-Prefix/rta100.zip,rta100/label=hair dryer_text=milk.jpg,0.2666741907596588,0.19688498973846436,0.06978920102119446,True,True
label=hair dryer_text=mousepad.jpg,label=hair dryer_text=mousepad.jpg,RTA100,hair dryer,mousepad,/external-cache/fse_typographic_20260926/external/Defense-Prefix/rta100.zip,rta100/label=hair dryer_text=mousepad.jpg,0.2619274854660034,0.24090853333473206,0.021018952131271362,True,False
label=hair dryer_text=pants.jpg,label=hair dryer_text=pants.jpg,RTA100,hair dryer,pants,/external-cache/fse_typographic_20260926/external/Defense-Prefix/rta100.zip,rta100/label=hair dryer_text=pants.jpg,0.23675362765789032,0.18109211325645447,0.05566151440143585,True,False
label=hair dryer_text=pen.jpg,label=hair dryer_text=pen.jpg,RTA100,hair dryer,pen,/external-cache/fse_typographic_20260926/external/Defense-Prefix/rta100.zip,rta100/label=hair dryer_text=pen.jpg,0.266384094953537,0.24848513305187225,0.017898961901664734,True,True
label=hair dryer_text=plate.jpg,label=hair dryer_text=plate.jpg,RTA100,hair dryer,plate,/external-cache/fse_typographic_20260926/external/Defense-Prefix/rta100.zip,rta100/label=hair dryer_text=plate.jpg,0.2424221634864807,0.21311980485916138,0.029302358627319336,True,False
label=hair dryer_text=ruler.jpg,label=hair dryer_text=ruler.jpg,RTA100,hair dryer,ruler,/external-cache/fse_typographic_20260926/external/Defense-Prefix/rta100.zip,rta100/label=hair dryer_text=ruler.jpg,0.33286213874816895,0.21567194163799286,0.11719019711017609,True,True
label=hand_text=controller.jpg,label=hand_text=controller.jpg,RTA100,hand,controller,/external-cache/fse_typographic_20260926/external/Defense-Prefix/rta100.zip,rta100/label=hand_text=controller.jpg,0.2492590695619583,0.23972564935684204,0.009533420205116272,True,True
label=hand_text=curtain.jpg,label=hand_text=curtain.jpg,RTA100,hand,curtain,/external-cache/fse_typographic_20260926/external/Defense-Prefix/rta100.zip,rta100/label=hand_text=curtain.jpg,0.27390024065971375,0.2067650854587555,0.06713515520095825,True,True
label=hand_text=fridge.jpg,label=hand_text=fridge.jpg,RTA100,hand,fridge,/external-cache/fse_typographic_20260926/external/Defense-Prefix/rta100.zip,rta100/label=hand_text=fridge.jpg,0.25905659794807434,0.22272160649299622,0.036334991455078125,True,True
label=hand_text=glasses.jpg,label=hand_text=glasses.jpg,RTA100,hand,glasses,/external-cache/fse_typographic_20260926/external/Defense-Prefix/rta100.zip,rta100/label=hand_text=glasses.jpg,0.2735016942024231,0.22142760455608368,0.052074089646339417,True,True
label=hand_text=glove.jpg,label=hand_text=glove.jpg,RTA100,hand,glove,/external-cache/fse_typographic_20260926/external/Defense-Prefix/rta100.zip,rta100/label=hand_text=glove.jpg,0.25932785868644714,0.2360774129629135,0.02325044572353363,True,True
label=hand_text=lemon.jpg,label=hand_text=lemon.jpg,RTA100,hand,lemon,/external-cache/fse_typographic_20260926/external/Defense-Prefix/rta100.zip,rta100/label=hand_text=lemon.jpg,0.27551791071891785,0.2491345852613449,0.026383325457572937,True,True
label=hand_text=onion.jpg,label=hand_text=onion.jpg,RTA100,hand,onion,/external-cache/fse_typographic_20260926/external/Defense-Prefix/rta100.zip,rta100/label=hand_text=onion.jpg,0.2688989043235779,0.20581628382205963,0.06308262050151825,True,True
label=hand_text=oven.jpg,label=hand_text=oven.jpg,RTA100,hand,oven,/external-cache/fse_typographic_20260926/external/Defense-Prefix/rta100.zip,rta100/label=hand_text=oven.jpg,0.24412468075752258,0.21541400253772736,0.028710678219795227,True,True
label=hand_text=speaker.jpg,label=hand_text=speaker.jpg,RTA100,hand,speaker,/external-cache/fse_typographic_20260926/external/Defense-Prefix/rta100.zip,rta100/label=hand_text=speaker.jpg,0.2583800256252289,0.22945144772529602,0.02892857789993286,True,False
label=hand_text=spoon.jpg,label=hand_text=spoon.jpg,RTA100,hand,spoon,/external-cache/fse_typographic_20260926/external/Defense-Prefix/rta100.zip,rta100/label=hand_text=spoon.jpg,0.2735068202018738,0.25477689504623413,0.01872992515563965,True,True
label=hat_text=bookshelf.jpg,label=hat_text=bookshelf.jpg,RTA100,hat,bookshelf,/external-cache/fse_typographic_20260926/external/Defense-Prefix/rta100.zip,rta100/label=hat_text=bookshelf.jpg,0.2648441791534424,0.18716341257095337,0.07768076658248901,True,True
label=hat_text=controller.jpg,label=hat_text=controller.jpg,RTA100,hat,controller,/external-cache/fse_typographic_20260926/external/Defense-Prefix/rta100.zip,rta100/label=hat_text=controller.jpg,0.277675986289978,0.09491077810525894,0.18276521563529968,True,True
label=hat_text=cup.jpg,label=hat_text=cup.jpg,RTA100,hat,cup,/external-cache/fse_typographic_20260926/external/Defense-Prefix/rta100.zip,rta100/label=hat_text=cup.jpg,0.30613788962364197,0.17259261012077332,0.13354527950286865,True,True
label=hat_text=doll.jpg,label=hat_text=doll.jpg,RTA100,hat,doll,/external-cache/fse_typographic_20260926/external/Defense-Prefix/rta100.zip,rta100/label=hat_text=doll.jpg,0.25235170125961304,0.21541544795036316,0.03693625330924988,True,False
label=hat_text=iPhone.jpg,label=hat_text=iPhone.jpg,RTA100,hat,iPhone,/external-cache/fse_typographic_20260926/external/Defense-Prefix/rta100.zip,rta100/label=hat_text=iPhone.jpg,0.2490377575159073,0.20857377350330353,0.04046398401260376,True,True
label=hat_text=pen case.jpg,label=hat_text=pen case.jpg,RTA100,hat,pen case,/external-cache/fse_typographic_20260926/external/Defense-Prefix/rta100.zip,rta100/label=hat_text=pen case.jpg,0.2841954827308655,0.16724130511283875,0.11695417761802673,True,True
label=hat_text=tissue.jpg,label=hat_text=tissue.jpg,RTA100,hat,tissue,/external-cache/fse_typographic_20260926/external/Defense-Prefix/rta100.zip,rta100/label=hat_text=tissue.jpg,0.25183889269828796,0.11147911846637726,0.1403597742319107,True,True
label=hat_text=towel.jpg,label=hat_text=towel.jpg,RTA100,hat,towel,/external-cache/fse_typographic_20260926/external/Defense-Prefix/rta100.zip,rta100/label=hat_text=towel.jpg,0.3075726330280304,0.2472320795059204,0.060340553522109985,True,True
label=hat_text=watch.jpg,label=hat_text=watch.jpg,RTA100,hat,watch,/external-cache/fse_typographic_20260926/external/Defense-Prefix/rta100.zip,rta100/label=hat_text=watch.jpg,0.27344492077827454,0.23747564852237701,0.03596927225589752,True,True
label=hat_text=whiteboard.jpg,label=hat_text=whiteboard.jpg,RTA100,hat,whiteboard,/external-cache/fse_typographic_20260926/external/Defense-Prefix/rta100.zip,rta100/label=hat_text=whiteboard.jpg,0.2980496883392334,0.17710959911346436,0.12094008922576904,True,True
label=headphone_text=chair.jpg,label=headphone_text=chair.jpg,RTA100,headphone,chair,/external-cache/fse_typographic_20260926/external/Defense-Prefix/rta100.zip,rta100/label=headphone_text=chair.jpg,0.2902347445487976,0.2344466745853424,0.0557880699634552,True,True
label=headphone_text=cup.jpg,label=headphone_text=cup.jpg,RTA100,headphone,cup,/external-cache/fse_typographic_20260926/external/Defense-Prefix/rta100.zip,rta100/label=headphone_text=cup.jpg,0.26892560720443726,0.22782793641090393,0.041097670793533325,True,True
label=headphone_text=eraser.jpg,label=headphone_text=eraser.jpg,RTA100,headphone,eraser,/external-cache/fse_typographic_20260926/external/Defense-Prefix/rta100.zip,rta100/label=headphone_text=eraser.jpg,0.2693467140197754,0.20661619305610657,0.06273052096366882,True,True
label=headphone_text=fridge.jpg,label=headphone_text=fridge.jpg,RTA100,headphone,fridge,/external-cache/fse_typographic_20260926/external/Defense-Prefix/rta100.zip,rta100/label=headphone_text=fridge.jpg,0.24125397205352783,0.16953784227371216,0.07171612977981567,True,True
label=headphone_text=mirror.jpg,label=headphone_text=mirror.jpg,RTA100,headphone,mirror,/external-cache/fse_typographic_20260926/external/Defense-Prefix/rta100.zip,rta100/label=headphone_text=mirror.jpg,0.23379695415496826,0.15471500158309937,0.0790819525718689,True,True
label=headphone_text=paper.jpg,label=headphone_text=paper.jpg,RTA100,headphone,paper,/external-cache/fse_typographic_20260926/external/Defense-Prefix/rta100.zip,rta100/label=headphone_text=paper.jpg,0.2738918662071228,0.2119455337524414,0.061946332454681396,True,True
label=headphone_text=peach.jpg,label=headphone_text=peach.jpg,RTA100,headphone,peach,/external-cache/fse_typographic_20260926/external/Defense-Prefix/rta100.zip,rta100/label=headphone_text=peach.jpg,0.2958923876285553,0.19176822900772095,0.10412415862083435,True,True
label=headphone_text=socks.jpg,label=headphone_text=socks.jpg,RTA100,headphone,socks,/external-cache/fse_typographic_20260926/external/Defense-Prefix/rta100.zip,rta100/label=headphone_text=socks.jpg,0.2506851255893707,0.24131765961647034,0.00936746597290039,True,True
label=headphone_text=sofa.jpg,label=headphone_text=sofa.jpg,RTA100,headphone,sofa,/external-cache/fse_typographic_20260926/external/Defense-Prefix/rta100.zip,rta100/label=headphone_text=sofa.jpg,0.27928391098976135,0.17745456099510193,0.10182934999465942,True,True
label=headphone_text=toothbrush.jpg,label=headphone_text=toothbrush.jpg,RTA100,headphone,toothbrush,/external-cache/fse_typographic_20260926/external/Defense-Prefix/rta100.zip,rta100/label=headphone_text=toothbrush.jpg,0.23583945631980896,0.2226123809814453,0.013227075338363647,True,True
label=iPad_text=bookshelf.jpg,label=iPad_text=bookshelf.jpg,RTA100,iPad,bookshelf,/external-cache/fse_typographic_20260926/external/Defense-Prefix/rta100.zip,rta100/label=iPad_text=bookshelf.jpg,0.2759374976158142,0.16386759281158447,0.11206990480422974,True,True
label=iPad_text=drill.jpg,label=iPad_text=drill.jpg,RTA100,iPad,drill,/external-cache/fse_typographic_20260926/external/Defense-Prefix/rta100.zip,rta100/label=iPad_text=drill.jpg,0.2967907786369324,0.15357418358325958,0.1432165950536728,True,True
label=iPad_text=glove.jpg,label=iPad_text=glove.jpg,RTA100,iPad,glove,/external-cache/fse_typographic_20260926/external/Defense-Prefix/rta100.zip,rta100/label=iPad_text=glove.jpg,0.25498488545417786,0.16857901215553284,0.08640587329864502,True,True
label=iPad_text=mango.jpg,label=iPad_text=mango.jpg,RTA100,iPad,mango,/external-cache/fse_typographic_20260926/external/Defense-Prefix/rta100.zip,rta100/label=iPad_text=mango.jpg,0.2942259907722473,0.23267605900764465,0.06154993176460266,True,True
label=iPad_text=mask.jpg,label=iPad_text=mask.jpg,RTA100,iPad,mask,/external-cache/fse_typographic_20260926/external/Defense-Prefix/rta100.zip,rta100/label=iPad_text=mask.jpg,0.2630336880683899,0.2071000039577484,0.05593368411064148,True,True
label=iPad_text=onion.jpg,label=iPad_text=onion.jpg,RTA100,iPad,onion,/external-cache/fse_typographic_20260926/external/Defense-Prefix/rta100.zip,rta100/label=iPad_text=onion.jpg,0.28471848368644714,0.16038942337036133,0.12432906031608582,True,True
label=iPad_text=oven.jpg,label=iPad_text=oven.jpg,RTA100,iPad,oven,/external-cache/fse_typographic_20260926/external/Defense-Prefix/rta100.zip,rta100/label=iPad_text=oven.jpg,0.24864861369132996,0.15059559047222137,0.09805302321910858,True,True
label=iPad_text=plate.jpg,label=iPad_text=plate.jpg,RTA100,iPad,plate,/external-cache/fse_typographic_20260926/external/Defense-Prefix/rta100.zip,rta100/label=iPad_text=plate.jpg,0.27323248982429504,0.2019823044538498,0.07125018537044525,True,True
label=iPad_text=racquet.jpg,label=iPad_text=racquet.jpg,RTA100,iPad,racquet,/external-cache/fse_typographic_20260926/external/Defense-Prefix/rta100.zip,rta100/label=iPad_text=racquet.jpg,0.3304971754550934,0.19812721014022827,0.1323699653148651,True,True
label=iPad_text=speaker.jpg,label=iPad_text=speaker.jpg,RTA100,iPad,speaker,/external-cache/fse_typographic_20260926/external/Defense-Prefix/rta100.zip,rta100/label=iPad_text=speaker.jpg,0.2742633521556854,0.2379528433084488,0.03631050884723663,True,True
label=iPhone_text=apple.jpg,label=iPhone_text=apple.jpg,RTA100,iPhone,apple,/external-cache/fse_typographic_20260926/external/Defense-Prefix/rta100.zip,rta100/label=iPhone_text=apple.jpg,0.2562858462333679,0.23073691129684448,0.025548934936523438,True,True
label=iPhone_text=guitar.jpg,label=iPhone_text=guitar.jpg,RTA100,iPhone,guitar,/external-cache/fse_typographic_20260926/external/Defense-Prefix/rta100.zip,rta100/label=iPhone_text=guitar.jpg,0.2240457534790039,0.220469132065773,0.003576621413230896,True,True
label=iPhone_text=laptop.jpg,label=iPhone_text=laptop.jpg,RTA100,iPhone,laptop,/external-cache/fse_typographic_20260926/external/Defense-Prefix/rta100.zip,rta100/label=iPhone_text=laptop.jpg,0.20701467990875244,0.1429874151945114,0.06402726471424103,True,True
label=iPhone_text=light bulb.jpg,label=iPhone_text=light bulb.jpg,RTA100,iPhone,light bulb,/external-cache/fse_typographic_20260926/external/Defense-Prefix/rta100.zip,rta100/label=iPhone_text=light bulb.jpg,0.24338720738887787,0.16435731947422028,0.07902988791465759,True,True
label=iPhone_text=mask.jpg,label=iPhone_text=mask.jpg,RTA100,iPhone,mask,/external-cache/fse_typographic_20260926/external/Defense-Prefix/rta100.zip,rta100/label=iPhone_text=mask.jpg,0.24022138118743896,0.18565356731414795,0.054567813873291016,True,True
label=iPhone_text=monitor.jpg,label=iPhone_text=monitor.jpg,RTA100,iPhone,monitor,/external-cache/fse_typographic_20260926/external/Defense-Prefix/rta100.zip,rta100/label=iPhone_text=monitor.jpg,0.2524682581424713,0.17565004527568817,0.07681821286678314,True,True
label=iPhone_text=pants.jpg,label=iPhone_text=pants.jpg,RTA100,iPhone,pants,/external-cache/fse_typographic_20260926/external/Defense-Prefix/rta100.zip,rta100/label=iPhone_text=pants.jpg,0.23050424456596375,0.18893960118293762,0.04156464338302612,True,True
label=iPhone_text=paper.jpg,label=iPhone_text=paper.jpg,RTA100,iPhone,paper,/external-cache/fse_typographic_20260926/external/Defense-Prefix/rta100.zip,rta100/label=iPhone_text=paper.jpg,0.2418937087059021,0.19624121487140656,0.045652493834495544,True,True
label=iPhone_text=speaker.jpg,label=iPhone_text=speaker.jpg,RTA100,iPhone,speaker,/external-cache/fse_typographic_20260926/external/Defense-Prefix/rta100.zip,rta100/label=iPhone_text=speaker.jpg,0.2369334101676941,0.16570648550987244,0.07122692465782166,True,True
label=iPhone_text=spoon.jpg,label=iPhone_text=spoon.jpg,RTA100,iPhone,spoon,/external-cache/fse_typographic_20260926/external/Defense-Prefix/rta100.zip,rta100/label=iPhone_text=spoon.jpg,0.2723645269870758,0.20211662352085114,0.07024790346622467,True,True
label=iron_text=book.jpg,label=iron_text=book.jpg,RTA100,iron,book,/external-cache/fse_typographic_20260926/external/Defense-Prefix/rta100.zip,rta100/label=iron_text=book.jpg,0.248295858502388,0.21448256075382233,0.033813297748565674,True,False
label=iron_text=bottle.jpg,label=iron_text=bottle.jpg,RTA100,iron,bottle,/external-cache/fse_typographic_20260926/external/Defense-Prefix/rta100.zip,rta100/label=iron_text=bottle.jpg,0.2789791524410248,0.23640944063663483,0.042569711804389954,True,False
label=iron_text=cookie.jpg,label=iron_text=cookie.jpg,RTA100,iron,cookie,/external-cache/fse_typographic_20260926/external/Defense-Prefix/rta100.zip,rta100/label=iron_text=cookie.jpg,0.2324484884738922,0.1795584261417389,0.05289006233215332,True,False
label=iron_text=glove.jpg,label=iron_text=glove.jpg,RTA100,iron,glove,/external-cache/fse_typographic_20260926/external/Defense-Prefix/rta100.zip,rta100/label=iron_text=glove.jpg,0.2699236273765564,0.20429310202598572,0.06563052535057068,True,False
label=iron_text=jacket.jpg,label=iron_text=jacket.jpg,RTA100,iron,jacket,/external-cache/fse_typographic_20260926/external/Defense-Prefix/rta100.zip,rta100/label=iron_text=jacket.jpg,0.31336474418640137,0.2116587907075882,0.10170595347881317,True,False
label=iron_text=light bulb.jpg,label=iron_text=light bulb.jpg,RTA100,iron,light bulb,/external-cache/fse_typographic_20260926/external/Defense-Prefix/rta100.zip,rta100/label=iron_text=light bulb.jpg,0.2725869119167328,0.21908193826675415,0.05350497364997864,True,False
label=iron_text=mango.jpg,label=iron_text=mango.jpg,RTA100,iron,mango,/external-cache/fse_typographic_20260926/external/Defense-Prefix/rta100.zip,rta100/label=iron_text=mango.jpg,0.2595821022987366,0.17054477334022522,0.08903732895851135,True,False
label=iron_text=peach.jpg,label=iron_text=peach.jpg,RTA100,iron,peach,/external-cache/fse_typographic_20260926/external/Defense-Prefix/rta100.zip,rta100/label=iron_text=peach.jpg,0.2316265106201172,0.21030226349830627,0.021324247121810913,True,False
label=iron_text=plate.jpg,label=iron_text=plate.jpg,RTA100,iron,plate,/external-cache/fse_typographic_20260926/external/Defense-Prefix/rta100.zip,rta100/label=iron_text=plate.jpg,0.30963635444641113,0.24227958917617798,0.06735676527023315,True,True
label=iron_text=racquet.jpg,label=iron_text=racquet.jpg,RTA100,iron,racquet,/external-cache/fse_typographic_20260926/external/Defense-Prefix/rta100.zip,rta100/label=iron_text=racquet.jpg,0.2741393744945526,0.17435923218727112,0.0997801423072815,True,False
label=jacket_text=bookshelf.jpg,label=jacket_text=bookshelf.jpg,RTA100,jacket,bookshelf,/external-cache/fse_typographic_20260926/external/Defense-Prefix/rta100.zip,rta100/label=jacket_text=bookshelf.jpg,0.2951125502586365,0.1397119164466858,0.15540063381195068,True,True
label=jacket_text=bottle.jpg,label=jacket_text=bottle.jpg,RTA100,jacket,bottle,/external-cache/fse_typographic_20260926/external/Defense-Prefix/rta100.zip,rta100/label=jacket_text=bottle.jpg,0.2967413067817688,0.1891493797302246,0.10759192705154419,True,True
label=jacket_text=can.jpg,label=jacket_text=can.jpg,RTA100,jacket,can,/external-cache/fse_typographic_20260926/external/Defense-Prefix/rta100.zip,rta100/label=jacket_text=can.jpg,0.2883199453353882,0.14011965692043304,0.14820028841495514,True,True
label=jacket_text=mango.jpg,label=jacket_text=mango.jpg,RTA100,jacket,mango,/external-cache/fse_typographic_20260926/external/Defense-Prefix/rta100.zip,rta100/label=jacket_text=mango.jpg,0.2945021986961365,0.1762717366218567,0.11823046207427979,True,True
label=jacket_text=mirror.jpg,label=jacket_text=mirror.jpg,RTA100,jacket,mirror,/external-cache/fse_typographic_20260926/external/Defense-Prefix/rta100.zip,rta100/label=jacket_text=mirror.jpg,0.2908734977245331,0.221719890832901,0.06915360689163208,True,True
label=jacket_text=peach.jpg,label=jacket_text=peach.jpg,RTA100,jacket,peach,/external-cache/fse_typographic_20260926/external/Defense-Prefix/rta100.zip,rta100/label=jacket_text=peach.jpg,0.2808082699775696,0.15687783062458038,0.1239304393529892,True,True
label=jacket_text=pillow.jpg,label=jacket_text=pillow.jpg,RTA100,jacket,pillow,/external-cache/fse_typographic_20260926/external/Defense-Prefix/rta100.zip,rta100/label=jacket_text=pillow.jpg,0.20978158712387085,0.18798431754112244,0.021797269582748413,True,False
label=jacket_text=plate.jpg,label=jacket_text=plate.jpg,RTA100,jacket,plate,/external-cache/fse_typographic_20260926/external/Defense-Prefix/rta100.zip,rta100/label=jacket_text=plate.jpg,0.28955721855163574,0.1919950544834137,0.09756216406822205,True,True
label=jacket_text=towel.jpg,label=jacket_text=towel.jpg,RTA100,jacket,towel,/external-cache/fse_typographic_20260926/external/Defense-Prefix/rta100.zip,rta100/label=jacket_text=towel.jpg,0.27602845430374146,0.2873794436454773,-0.01135098934173584,False,False
label=jacket_text=vacuum cleaner.jpg,label=jacket_text=vacuum cleaner.jpg,RTA100,jacket,vacuum cleaner,/external-cache/fse_typographic_20260926/external/Defense-Prefix/rta100.zip,rta100/label=jacket_text=vacuum cleaner.jpg,0.2601580321788788,0.13356149196624756,0.12659654021263123,True,True
label=key_text=adapter.jpg,label=key_text=adapter.jpg,RTA100,key,adapter,/external-cache/fse_typographic_20260926/external/Defense-Prefix/rta100.zip,rta100/label=key_text=adapter.jpg,0.2310558706521988,0.2585935890674591,-0.027537718415260315,False,False
label=key_text=dish.jpg,label=key_text=dish.jpg,RTA100,key,dish,/external-cache/fse_typographic_20260926/external/Defense-Prefix/rta100.zip,rta100/label=key_text=dish.jpg,0.19617533683776855,0.15088939666748047,0.045285940170288086,True,False
label=key_text=drill.jpg,label=key_text=drill.jpg,RTA100,key,drill,/external-cache/fse_typographic_20260926/external/Defense-Prefix/rta100.zip,rta100/label=key_text=drill.jpg,0.23058179020881653,0.20005173981189728,0.03053005039691925,True,False
label=key_text=floor.jpg,label=key_text=floor.jpg,RTA100,key,floor,/external-cache/fse_typographic_20260926/external/Defense-Prefix/rta100.zip,rta100/label=key_text=floor.jpg,0.2662324607372284,0.24289348721504211,0.02333897352218628,True,False
label=key_text=frisbee.jpg,label=key_text=frisbee.jpg,RTA100,key,frisbee,/external-cache/fse_typographic_20260926/external/Defense-Prefix/rta100.zip,rta100/label=key_text=frisbee.jpg,0.17123186588287354,0.10607996582984924,0.06515190005302429,True,False
label=key_text=iPad.jpg,label=key_text=iPad.jpg,RTA100,key,iPad,/external-cache/fse_typographic_20260926/external/Defense-Prefix/rta100.zip,rta100/label=key_text=iPad.jpg,0.21255537867546082,0.19985133409500122,0.012704044580459595,True,False
label=key_text=jacket.jpg,label=key_text=jacket.jpg,RTA100,key,jacket,/external-cache/fse_typographic_20260926/external/Defense-Prefix/rta100.zip,rta100/label=key_text=jacket.jpg,0.22993424534797668,0.13282741606235504,0.09710682928562164,True,False
label=key_text=pants.jpg,label=key_text=pants.jpg,RTA100,key,pants,/external-cache/fse_typographic_20260926/external/Defense-Prefix/rta100.zip,rta100/label=key_text=pants.jpg,0.2276044487953186,0.27757105231285095,-0.04996660351753235,False,False
label=key_text=remote.jpg,label=key_text=remote.jpg,RTA100,key,remote,/external-cache/fse_typographic_20260926/external/Defense-Prefix/rta100.zip,rta100/label=key_text=remote.jpg,0.23703840374946594,0.2196877896785736,0.017350614070892334,True,True
label=key_text=ruler.jpg,label=key_text=ruler.jpg,RTA100,key,ruler,/external-cache/fse_typographic_20260926/external/Defense-Prefix/rta100.zip,rta100/label=key_text=ruler.jpg,0.24312952160835266,0.2137988805770874,0.02933064103126526,True,False
label=keyboard_text=airconditioner.jpg,label=keyboard_text=airconditioner.jpg,RTA100,keyboard,airconditioner,/external-cache/fse_typographic_20260926/external/Defense-Prefix/rta100.zip,rta100/label=keyboard_text=airconditioner.jpg,0.2576625645160675,0.2045905739068985,0.053071990609169006,True,True
label=keyboard_text=bookshelf.jpg,label=keyboard_text=bookshelf.jpg,RTA100,keyboard,bookshelf,/external-cache/fse_typographic_20260926/external/Defense-Prefix/rta100.zip,rta100/label=keyboard_text=bookshelf.jpg,0.2654182016849518,0.20284795761108398,0.0625702440738678,True,True
label=keyboard_text=guitar.jpg,label=keyboard_text=guitar.jpg,RTA100,keyboard,guitar,/external-cache/fse_typographic_20260926/external/Defense-Prefix/rta100.zip,rta100/label=keyboard_text=guitar.jpg,0.3021555542945862,0.16137856245040894,0.14077699184417725,True,True
label=keyboard_text=lemon.jpg,label=keyboard_text=lemon.jpg,RTA100,keyboard,lemon,/external-cache/fse_typographic_20260926/external/Defense-Prefix/rta100.zip,rta100/label=keyboard_text=lemon.jpg,0.2614177465438843,0.19238322973251343,0.06903451681137085,True,True
label=keyboard_text=notebook.jpg,label=keyboard_text=notebook.jpg,RTA100,keyboard,notebook,/external-cache/fse_typographic_20260926/external/Defense-Prefix/rta100.zip,rta100/label=keyboard_text=notebook.jpg,0.2846605181694031,0.28729891777038574,-0.002638399600982666,False,False
label=keyboard_text=pen case.jpg,label=keyboard_text=pen case.jpg,RTA100,keyboard,pen case,/external-cache/fse_typographic_20260926/external/Defense-Prefix/rta100.zip,rta100/label=keyboard_text=pen case.jpg,0.3042324185371399,0.2130662053823471,0.09116621315479279,True,True
label=keyboard_text=slipper.jpg,label=keyboard_text=slipper.jpg,RTA100,keyboard,slipper,/external-cache/fse_typographic_20260926/external/Defense-Prefix/rta100.zip,rta100/label=keyboard_text=slipper.jpg,0.25241202116012573,0.13963674008846283,0.1127752810716629,True,True
label=keyboard_text=tie.jpg,label=keyboard_text=tie.jpg,RTA100,keyboard,tie,/external-cache/fse_typographic_20260926/external/Defense-Prefix/rta100.zip,rta100/label=keyboard_text=tie.jpg,0.30319368839263916,0.1711742877960205,0.13201940059661865,True,True
label=keyboard_text=toaster.jpg,label=keyboard_text=toaster.jpg,RTA100,keyboard,toaster,/external-cache/fse_typographic_20260926/external/Defense-Prefix/rta100.zip,rta100/label=keyboard_text=toaster.jpg,0.28061121702194214,0.18051227927207947,0.10009893774986267,True,True
label=keyboard_text=vacuum cleaner.jpg,label=keyboard_text=vacuum cleaner.jpg,RTA100,keyboard,vacuum cleaner,/external-cache/fse_typographic_20260926/external/Defense-Prefix/rta100.zip,rta100/label=keyboard_text=vacuum cleaner.jpg,0.2779390215873718,0.2402479499578476,0.03769107162952423,True,True
label=laptop_text=adapter.jpg,label=laptop_text=adapter.jpg,RTA100,laptop,adapter,/external-cache/fse_typographic_20260926/external/Defense-Prefix/rta100.zip,rta100/label=laptop_text=adapter.jpg,0.241734117269516,0.13754528760910034,0.10418882966041565,True,True
label=laptop_text=airconditioner.jpg,label=laptop_text=airconditioner.jpg,RTA100,laptop,airconditioner,/external-cache/fse_typographic_20260926/external/Defense-Prefix/rta100.zip,rta100/label=laptop_text=airconditioner.jpg,0.23175890743732452,0.15109312534332275,0.08066578209400177,True,True
label=laptop_text=bed.jpg,label=laptop_text=bed.jpg,RTA100,laptop,bed,/external-cache/fse_typographic_20260926/external/Defense-Prefix/rta100.zip,rta100/label=laptop_text=bed.jpg,0.2603023648262024,0.1813657581806183,0.0789366066455841,True,True
label=laptop_text=can.jpg,label=laptop_text=can.jpg,RTA100,laptop,can,/external-cache/fse_typographic_20260926/external/Defense-Prefix/rta100.zip,rta100/label=laptop_text=can.jpg,0.23430666327476501,0.14907854795455933,0.08522811532020569,True,True
label=laptop_text=glasses.jpg,label=laptop_text=glasses.jpg,RTA100,laptop,glasses,/external-cache/fse_typographic_20260926/external/Defense-Prefix/rta100.zip,rta100/label=laptop_text=glasses.jpg,0.2030012607574463,0.22145071625709534,-0.018449455499649048,False,False
label=laptop_text=keyboard.jpg,label=laptop_text=keyboard.jpg,RTA100,laptop,keyboard,/external-cache/fse_typographic_20260926/external/Defense-Prefix/rta100.zip,rta100/label=laptop_text=keyboard.jpg,0.2268330454826355,0.19618745148181915,0.030645594000816345,True,True
label=laptop_text=pen case.jpg,label=laptop_text=pen case.jpg,RTA100,laptop,pen case,/external-cache/fse_typographic_20260926/external/Defense-Prefix/rta100.zip,rta100/label=laptop_text=pen case.jpg,0.24494439363479614,0.2071312516927719,0.03781314194202423,True,True
label=laptop_text=speaker.jpg,label=laptop_text=speaker.jpg,RTA100,laptop,speaker,/external-cache/fse_typographic_20260926/external/Defense-Prefix/rta100.zip,rta100/label=laptop_text=speaker.jpg,0.25542503595352173,0.20600169897079468,0.04942333698272705,True,True
label=laptop_text=suitcase.jpg,label=laptop_text=suitcase.jpg,RTA100,laptop,suitcase,/external-cache/fse_typographic_20260926/external/Defense-Prefix/rta100.zip,rta100/label=laptop_text=suitcase.jpg,0.29898083209991455,0.1813421994447708,0.11763863265514374,True,True
label=laptop_text=trash box.jpg,label=laptop_text=trash box.jpg,RTA100,laptop,trash box,/external-cache/fse_typographic_20260926/external/Defense-Prefix/rta100.zip,rta100/label=laptop_text=trash box.jpg,0.27824944257736206,0.16357846558094025,0.11467097699642181,True,True
label=lemon_text=apple.jpg,label=lemon_text=apple.jpg,RTA100,lemon,apple,/external-cache/fse_typographic_20260926/external/Defense-Prefix/rta100.zip,rta100/label=lemon_text=apple.jpg,0.26916760206222534,0.29350173473358154,-0.0243341326713562,False,False
label=lemon_text=egg.jpg,label=lemon_text=egg.jpg,RTA100,lemon,egg,/external-cache/fse_typographic_20260926/external/Defense-Prefix/rta100.zip,rta100/label=lemon_text=egg.jpg,0.3348747491836548,0.2795630693435669,0.05531167984008789,True,True
label=lemon_text=floor.jpg,label=lemon_text=floor.jpg,RTA100,lemon,floor,/external-cache/fse_typographic_20260926/external/Defense-Prefix/rta100.zip,rta100/label=lemon_text=floor.jpg,0.26924800872802734,0.27480214834213257,-0.005554139614105225,False,False
label=lemon_text=flower.jpg,label=lemon_text=flower.jpg,RTA100,lemon,flower,/external-cache/fse_typographic_20260926/external/Defense-Prefix/rta100.zip,rta100/label=lemon_text=flower.jpg,0.3138417601585388,0.2584502696990967,0.05539149045944214,True,True
label=lemon_text=hair dryer.jpg,label=lemon_text=hair dryer.jpg,RTA100,lemon,hair dryer,/external-cache/fse_typographic_20260926/external/Defense-Prefix/rta100.zip,rta100/label=lemon_text=hair dryer.jpg,0.2533652186393738,0.22902894020080566,0.024336278438568115,True,True
label=lemon_text=hat.jpg,label=lemon_text=hat.jpg,RTA100,lemon,hat,/external-cache/fse_typographic_20260926/external/Defense-Prefix/rta100.zip,rta100/label=lemon_text=hat.jpg,0.33902087807655334,0.25410208106040955,0.0849187970161438,True,True
label=lemon_text=mask.jpg,label=lemon_text=mask.jpg,RTA100,lemon,mask,/external-cache/fse_typographic_20260926/external/Defense-Prefix/rta100.zip,rta100/label=lemon_text=mask.jpg,0.2665855884552002,0.2652072608470917,0.0013783276081085205,True,True
label=lemon_text=notebook.jpg,label=lemon_text=notebook.jpg,RTA100,lemon,notebook,/external-cache/fse_typographic_20260926/external/Defense-Prefix/rta100.zip,rta100/label=lemon_text=notebook.jpg,0.26679083704948425,0.2966068387031555,-0.029816001653671265,False,False
label=lemon_text=plate.jpg,label=lemon_text=plate.jpg,RTA100,lemon,plate,/external-cache/fse_typographic_20260926/external/Defense-Prefix/rta100.zip,rta100/label=lemon_text=plate.jpg,0.2865108251571655,0.2665433883666992,0.01996743679046631,True,True
label=lemon_text=spoon.jpg,label=lemon_text=spoon.jpg,RTA100,lemon,spoon,/external-cache/fse_typographic_20260926/external/Defense-Prefix/rta100.zip,rta100/label=lemon_text=spoon.jpg,0.2989649772644043,0.2404826581478119,0.05848231911659241,True,True
label=light bulb_text=adapter.jpg,label=light bulb_text=adapter.jpg,RTA100,light bulb,adapter,/external-cache/fse_typographic_20260926/external/Defense-Prefix/rta100.zip,rta100/label=light bulb_text=adapter.jpg,0.2904389500617981,0.2571587562561035,0.03328019380569458,True,True
label=light bulb_text=bed.jpg,label=light bulb_text=bed.jpg,RTA100,light bulb,bed,/external-cache/fse_typographic_20260926/external/Defense-Prefix/rta100.zip,rta100/label=light bulb_text=bed.jpg,0.29139864444732666,0.21925148367881775,0.07214716076850891,True,True
label=light bulb_text=flower.jpg,label=light bulb_text=flower.jpg,RTA100,light bulb,flower,/external-cache/fse_typographic_20260926/external/Defense-Prefix/rta100.zip,rta100/label=light bulb_text=flower.jpg,0.3074325919151306,0.2459166944026947,0.06151589751243591,True,True
label=light bulb_text=laptop.jpg,label=light bulb_text=laptop.jpg,RTA100,light bulb,laptop,/external-cache/fse_typographic_20260926/external/Defense-Prefix/rta100.zip,rta100/label=light bulb_text=laptop.jpg,0.24478588998317719,0.1672399938106537,0.0775458961725235,True,False
label=light bulb_text=onion.jpg,label=light bulb_text=onion.jpg,RTA100,light bulb,onion,/external-cache/fse_typographic_20260926/external/Defense-Prefix/rta100.zip,rta100/label=light bulb_text=onion.jpg,0.26381218433380127,0.17796149849891663,0.08585068583488464,True,True
label=light bulb_text=pants.jpg,label=light bulb_text=pants.jpg,RTA100,light bulb,pants,/external-cache/fse_typographic_20260926/external/Defense-Prefix/rta100.zip,rta100/label=light bulb_text=pants.jpg,0.29550647735595703,0.239783376455307,0.055723100900650024,True,True
label=light bulb_text=pillow.jpg,label=light bulb_text=pillow.jpg,RTA100,light bulb,pillow,/external-cache/fse_typographic_20260926/external/Defense-Prefix/rta100.zip,rta100/label=light bulb_text=pillow.jpg,0.2745093107223511,0.20355483889579773,0.07095447182655334,True,True
label=light bulb_text=t-shirt.jpg,label=light bulb_text=t-shirt.jpg,RTA100,light bulb,t-shirt,/external-cache/fse_typographic_20260926/external/Defense-Prefix/rta100.zip,rta100/label=light bulb_text=t-shirt.jpg,0.24899297952651978,0.2840040922164917,-0.035011112689971924,False,False
label=light bulb_text=tie.jpg,label=light bulb_text=tie.jpg,RTA100,light bulb,tie,/external-cache/fse_typographic_20260926/external/Defense-Prefix/rta100.zip,rta100/label=light bulb_text=tie.jpg,0.2882595658302307,0.16242606937885284,0.12583349645137787,True,True
label=light bulb_text=vacuum cleaner.jpg,label=light bulb_text=vacuum cleaner.jpg,RTA100,light bulb,vacuum cleaner,/external-cache/fse_typographic_20260926/external/Defense-Prefix/rta100.zip,rta100/label=light bulb_text=vacuum cleaner.jpg,0.28741025924682617,0.24837970733642578,0.03903055191040039,True,True
label=mango_text=adapter.jpg,label=mango_text=adapter.jpg,RTA100,mango,adapter,/external-cache/fse_typographic_20260926/external/Defense-Prefix/rta100.zip,rta100/label=mango_text=adapter.jpg,0.22584423422813416,0.238643079996109,-0.012798845767974854,False,False
label=mango_text=apple.jpg,label=mango_text=apple.jpg,RTA100,mango,apple,/external-cache/fse_typographic_20260926/external/Defense-Prefix/rta100.zip,rta100/label=mango_text=apple.jpg,0.2892627418041229,0.3024367690086365,-0.01317402720451355,False,False
label=mango_text=egg.jpg,label=mango_text=egg.jpg,RTA100,mango,egg,/external-cache/fse_typographic_20260926/external/Defense-Prefix/rta100.zip,rta100/label=mango_text=egg.jpg,0.2888726592063904,0.2922547459602356,-0.003382086753845215,False,False
label=mango_text=floor.jpg,label=mango_text=floor.jpg,RTA100,mango,floor,/external-cache/fse_typographic_20260926/external/Defense-Prefix/rta100.zip,rta100/label=mango_text=floor.jpg,0.2772800028324127,0.259685218334198,0.01759478449821472,True,False
label=mango_text=fork.jpg,label=mango_text=fork.jpg,RTA100,mango,fork,/external-cache/fse_typographic_20260926/external/Defense-Prefix/rta100.zip,rta100/label=mango_text=fork.jpg,0.253317654132843,0.19908636808395386,0.05423128604888916,True,False
label=mango_text=key.jpg,label=mango_text=key.jpg,RTA100,mango,key,/external-cache/fse_typographic_20260926/external/Defense-Prefix/rta100.zip,rta100/label=mango_text=key.jpg,0.31659677624702454,0.24856671690940857,0.06803005933761597,True,True
label=mango_text=racquet.jpg,label=mango_text=racquet.jpg,RTA100,mango,racquet,/external-cache/fse_typographic_20260926/external/Defense-Prefix/rta100.zip,rta100/label=mango_text=racquet.jpg,0.3152366876602173,0.2590222954750061,0.05621439218521118,True,False
label=mango_text=scissors.jpg,label=mango_text=scissors.jpg,RTA100,mango,scissors,/external-cache/fse_typographic_20260926/external/Defense-Prefix/rta100.zip,rta100/label=mango_text=scissors.jpg,0.2511863112449646,0.16953635215759277,0.08164995908737183,True,True
label=mango_text=socks.jpg,label=mango_text=socks.jpg,RTA100,mango,socks,/external-cache/fse_typographic_20260926/external/Defense-Prefix/rta100.zip,rta100/label=mango_text=socks.jpg,0.24292626976966858,0.2759557068347931,-0.03302943706512451,False,False
label=mango_text=towel.jpg,label=mango_text=towel.jpg,RTA100,mango,towel,/external-cache/fse_typographic_20260926/external/Defense-Prefix/rta100.zip,rta100/label=mango_text=towel.jpg,0.3051585555076599,0.30301424860954285,0.0021443068981170654,True,True
label=map_text=bed.jpg,label=map_text=bed.jpg,RTA100,map,bed,/external-cache/fse_typographic_20260926/external/Defense-Prefix/rta100.zip,rta100/label=map_text=bed.jpg,0.27631619572639465,0.26813316345214844,0.008183032274246216,True,True
label=map_text=camera.jpg,label=map_text=camera.jpg,RTA100,map,camera,/external-cache/fse_typographic_20260926/external/Defense-Prefix/rta100.zip,rta100/label=map_text=camera.jpg,0.2918076515197754,0.15058821439743042,0.14121943712234497,True,True
label=map_text=cookie.jpg,label=map_text=cookie.jpg,RTA100,map,cookie,/external-cache/fse_typographic_20260926/external/Defense-Prefix/rta100.zip,rta100/label=map_text=cookie.jpg,0.28799325227737427,0.14635880291461945,0.14163444936275482,True,True
label=map_text=eraser.jpg,label=map_text=eraser.jpg,RTA100,map,eraser,/external-cache/fse_typographic_20260926/external/Defense-Prefix/rta100.zip,rta100/label=map_text=eraser.jpg,0.30229273438453674,0.1519574522972107,0.15033528208732605,True,True
label=map_text=fork.jpg,label=map_text=fork.jpg,RTA100,map,fork,/external-cache/fse_typographic_20260926/external/Defense-Prefix/rta100.zip,rta100/label=map_text=fork.jpg,0.30250248312950134,0.16373082995414734,0.138771653175354,True,True
label=map_text=frisbee.jpg,label=map_text=frisbee.jpg,RTA100,map,frisbee,/external-cache/fse_typographic_20260926/external/Defense-Prefix/rta100.zip,rta100/label=map_text=frisbee.jpg,0.2974526286125183,0.18271195888519287,0.11474066972732544,True,True
label=map_text=glasses.jpg,label=map_text=glasses.jpg,RTA100,map,glasses,/external-cache/fse_typographic_20260926/external/Defense-Prefix/rta100.zip,rta100/label=map_text=glasses.jpg,0.28019413352012634,0.14942874014377594,0.1307653933763504,True,True
label=map_text=hat.jpg,label=map_text=hat.jpg,RTA100,map,hat,/external-cache/fse_typographic_20260926/external/Defense-Prefix/rta100.zip,rta100/label=map_text=hat.jpg,0.27555614709854126,0.12298186123371124,0.15257428586483002,True,True
label=map_text=melon.jpg,label=map_text=melon.jpg,RTA100,map,melon,/external-cache/fse_typographic_20260926/external/Defense-Prefix/rta100.zip,rta100/label=map_text=melon.jpg,0.2765417993068695,0.12777870893478394,0.14876309037208557,True,True
label=map_text=mug.jpg,label=map_text=mug.jpg,RTA100,map,mug,/external-cache/fse_typographic_20260926/external/Defense-Prefix/rta100.zip,rta100/label=map_text=mug.jpg,0.30453598499298096,0.1640428602695465,0.14049312472343445,True,True
label=marker_text=chopsticks.jpg,label=marker_text=chopsticks.jpg,RTA100,marker,chopsticks,/external-cache/fse_typographic_20260926/external/Defense-Prefix/rta100.zip,rta100/label=marker_text=chopsticks.jpg,0.1874309778213501,0.23363758623600006,-0.04620660841464996,False,False
label=marker_text=hand.jpg,label=marker_text=hand.jpg,RTA100,marker,hand,/external-cache/fse_typographic_20260926/external/Defense-Prefix/rta100.zip,rta100/label=marker_text=hand.jpg,0.20306798815727234,0.20377933979034424,-0.0007113516330718994,False,False
label=marker_text=key.jpg,label=marker_text=key.jpg,RTA100,marker,key,/external-cache/fse_typographic_20260926/external/Defense-Prefix/rta100.zip,rta100/label=marker_text=key.jpg,0.21436861157417297,0.24620184302330017,-0.0318332314491272,False,False
label=marker_text=laptop.jpg,label=marker_text=laptop.jpg,RTA100,marker,laptop,/external-cache/fse_typographic_20260926/external/Defense-Prefix/rta100.zip,rta100/label=marker_text=laptop.jpg,0.2003718912601471,0.23531176149845123,-0.03493987023830414,False,False
label=marker_text=light bulb.jpg,label=marker_text=light bulb.jpg,RTA100,marker,light bulb,/external-cache/fse_typographic_20260926/external/Defense-Prefix/rta100.zip,rta100/label=marker_text=light bulb.jpg,0.21773484349250793,0.23450207710266113,-0.016767233610153198,False,False
label=marker_text=milk.jpg,label=marker_text=milk.jpg,RTA100,marker,milk,/external-cache/fse_typographic_20260926/external/Defense-Prefix/rta100.zip,rta100/label=marker_text=milk.jpg,0.18993395566940308,0.23871931433677673,-0.04878535866737366,False,False
label=marker_text=onion.jpg,label=marker_text=onion.jpg,RTA100,marker,onion,/external-cache/fse_typographic_20260926/external/Defense-Prefix/rta100.zip,rta100/label=marker_text=onion.jpg,0.22550450265407562,0.19202157855033875,0.03348292410373688,True,False
label=marker_text=pillow.jpg,label=marker_text=pillow.jpg,RTA100,marker,pillow,/external-cache/fse_typographic_20260926/external/Defense-Prefix/rta100.zip,rta100/label=marker_text=pillow.jpg,0.18345117568969727,0.23637253046035767,-0.0529213547706604,False,False
label=marker_text=table.jpg,label=marker_text=table.jpg,RTA100,marker,table,/external-cache/fse_typographic_20260926/external/Defense-Prefix/rta100.zip,rta100/label=marker_text=table.jpg,0.20178762078285217,0.24606473743915558,-0.044277116656303406,False,False
label=marker_text=towel.jpg,label=marker_text=towel.jpg,RTA100,marker,towel,/external-cache/fse_typographic_20260926/external/Defense-Prefix/rta100.zip,rta100/label=marker_text=towel.jpg,0.2607504725456238,0.2735072672367096,-0.012756794691085815,False,False
label=mask_text=bag.jpg,label=mask_text=bag.jpg,RTA100,mask,bag,/external-cache/fse_typographic_20260926/external/Defense-Prefix/rta100.zip,rta100/label=mask_text=bag.jpg,0.2103792130947113,0.2691095471382141,-0.05873033404350281,False,False
label=mask_text=bottle.jpg,label=mask_text=bottle.jpg,RTA100,mask,bottle,/external-cache/fse_typographic_20260926/external/Defense-Prefix/rta100.zip,rta100/label=mask_text=bottle.jpg,0.26025107502937317,0.24377593398094177,0.016475141048431396,True,True
label=mask_text=cup.jpg,label=mask_text=cup.jpg,RTA100,mask,cup,/external-cache/fse_typographic_20260926/external/Defense-Prefix/rta100.zip,rta100/label=mask_text=cup.jpg,0.2277001440525055,0.2599235773086548,-0.03222343325614929,False,False
label=mask_text=curtain.jpg,label=mask_text=curtain.jpg,RTA100,mask,curtain,/external-cache/fse_typographic_20260926/external/Defense-Prefix/rta100.zip,rta100/label=mask_text=curtain.jpg,0.21925272047519684,0.1935364007949829,0.025716319680213928,True,False
label=mask_text=earphones.jpg,label=mask_text=earphones.jpg,RTA100,mask,earphones,/external-cache/fse_typographic_20260926/external/Defense-Prefix/rta100.zip,rta100/label=mask_text=earphones.jpg,0.22338233888149261,0.2399786114692688,-0.016596272587776184,False,False
label=mask_text=mango.jpg,label=mask_text=mango.jpg,RTA100,mask,mango,/external-cache/fse_typographic_20260926/external/Defense-Prefix/rta100.zip,rta100/label=mask_text=mango.jpg,0.20940269529819489,0.17328864336013794,0.036114051938056946,True,True
label=mask_text=mug.jpg,label=mask_text=mug.jpg,RTA100,mask,mug,/external-cache/fse_typographic_20260926/external/Defense-Prefix/rta100.zip,rta100/label=mask_text=mug.jpg,0.276298850774765,0.2754387855529785,0.000860065221786499,True,False
label=mask_text=suitcase.jpg,label=mask_text=suitcase.jpg,RTA100,mask,suitcase,/external-cache/fse_typographic_20260926/external/Defense-Prefix/rta100.zip,rta100/label=mask_text=suitcase.jpg,0.19905972480773926,0.16666127741336823,0.03239844739437103,True,False
label=mask_text=toothbrush.jpg,label=mask_text=toothbrush.jpg,RTA100,mask,toothbrush,/external-cache/fse_typographic_20260926/external/Defense-Prefix/rta100.zip,rta100/label=mask_text=toothbrush.jpg,0.2533262372016907,0.27481502294540405,-0.02148878574371338,False,False
label=mask_text=whiteboard.jpg,label=mask_text=whiteboard.jpg,RTA100,mask,whiteboard,/external-cache/fse_typographic_20260926/external/Defense-Prefix/rta100.zip,rta100/label=mask_text=whiteboard.jpg,0.20762133598327637,0.2369149625301361,-0.02929362654685974,False,False
label=melon_text=camera.jpg,label=melon_text=camera.jpg,RTA100,melon,camera,/external-cache/fse_typographic_20260926/external/Defense-Prefix/rta100.zip,rta100/label=melon_text=camera.jpg,0.22548151016235352,0.25216132402420044,-0.026679813861846924,False,False
label=melon_text=floor.jpg,label=melon_text=floor.jpg,RTA100,melon,floor,/external-cache/fse_typographic_20260926/external/Defense-Prefix/rta100.zip,rta100/label=melon_text=floor.jpg,0.22467246651649475,0.26713261008262634,-0.04246014356613159,False,False
label=melon_text=fork.jpg,label=melon_text=fork.jpg,RTA100,melon,fork,/external-cache/fse_typographic_20260926/external/Defense-Prefix/rta100.zip,rta100/label=melon_text=fork.jpg,0.25347447395324707,0.12449552863836288,0.1289789378643036,True,True
label=melon_text=fridge.jpg,label=melon_text=fridge.jpg,RTA100,melon,fridge,/external-cache/fse_typographic_20260926/external/Defense-Prefix/rta100.zip,rta100/label=melon_text=fridge.jpg,0.31057196855545044,0.18396520614624023,0.1266067624092102,True,True
label=melon_text=hat.jpg,label=melon_text=hat.jpg,RTA100,melon,hat,/external-cache/fse_typographic_20260926/external/Defense-Prefix/rta100.zip,rta100/label=melon_text=hat.jpg,0.2870544493198395,0.2960222363471985,-0.008967787027359009,False,False
label=melon_text=light bulb.jpg,label=melon_text=light bulb.jpg,RTA100,melon,light bulb,/external-cache/fse_typographic_20260926/external/Defense-Prefix/rta100.zip,rta100/label=melon_text=light bulb.jpg,0.29960352182388306,0.22510212659835815,0.0745013952255249,True,True
label=melon_text=marker.jpg,label=melon_text=marker.jpg,RTA100,melon,marker,/external-cache/fse_typographic_20260926/external/Defense-Prefix/rta100.zip,rta100/label=melon_text=marker.jpg,0.30393797159194946,0.21037200093269348,0.09356597065925598,True,True
label=melon_text=pen.jpg,label=melon_text=pen.jpg,RTA100,melon,pen,/external-cache/fse_typographic_20260926/external/Defense-Prefix/rta100.zip,rta100/label=melon_text=pen.jpg,0.29002904891967773,0.2102697491645813,0.07975929975509644,True,True
label=melon_text=plate.jpg,label=melon_text=plate.jpg,RTA100,melon,plate,/external-cache/fse_typographic_20260926/external/Defense-Prefix/rta100.zip,rta100/label=melon_text=plate.jpg,0.30524733662605286,0.2621176838874817,0.04312965273857117,True,True
label=melon_text=pot.jpg,label=melon_text=pot.jpg,RTA100,melon,pot,/external-cache/fse_typographic_20260926/external/Defense-Prefix/rta100.zip,rta100/label=melon_text=pot.jpg,0.303583562374115,0.24649378657341003,0.057089775800704956,True,True
label=mic_text=book.jpg,label=mic_text=book.jpg,RTA100,mic,book,/external-cache/fse_typographic_20260926/external/Defense-Prefix/rta100.zip,rta100/label=mic_text=book.jpg,0.23184534907341003,0.19769880175590515,0.03414654731750488,True,False
label=mic_text=cone.jpg,label=mic_text=cone.jpg,RTA100,mic,cone,/external-cache/fse_typographic_20260926/external/Defense-Prefix/rta100.zip,rta100/label=mic_text=cone.jpg,0.2723572254180908,0.20752441883087158,0.06483280658721924,True,True
label=mic_text=iPhone.jpg,label=mic_text=iPhone.jpg,RTA100,mic,iPhone,/external-cache/fse_typographic_20260926/external/Defense-Prefix/rta100.zip,rta100/label=mic_text=iPhone.jpg,0.2589612901210785,0.21273937821388245,0.046221911907196045,True,True
label=mic_text=laptop.jpg,label=mic_text=laptop.jpg,RTA100,mic,laptop,/external-cache/fse_typographic_20260926/external/Defense-Prefix/rta100.zip,rta100/label=mic_text=laptop.jpg,0.27461475133895874,0.15060186386108398,0.12401288747787476,True,True
label=mic_text=onion.jpg,label=mic_text=onion.jpg,RTA100,mic,onion,/external-cache/fse_typographic_20260926/external/Defense-Prefix/rta100.zip,rta100/label=mic_text=onion.jpg,0.26901373267173767,0.1454113870859146,0.12360234558582306,True,True
label=mic_text=oven.jpg,label=mic_text=oven.jpg,RTA100,mic,oven,/external-cache/fse_typographic_20260926/external/Defense-Prefix/rta100.zip,rta100/label=mic_text=oven.jpg,0.23338498175144196,0.20971007645130157,0.02367490530014038,True,False
label=mic_text=peach.jpg,label=mic_text=peach.jpg,RTA100,mic,peach,/external-cache/fse_typographic_20260926/external/Defense-Prefix/rta100.zip,rta100/label=mic_text=peach.jpg,0.23873013257980347,0.19608649611473083,0.04264363646507263,True,False
label=mic_text=scissors.jpg,label=mic_text=scissors.jpg,RTA100,mic,scissors,/external-cache/fse_typographic_20260926/external/Defense-Prefix/rta100.zip,rta100/label=mic_text=scissors.jpg,0.22505725920200348,0.17132361233234406,0.053733646869659424,True,False
label=mic_text=table.jpg,label=mic_text=table.jpg,RTA100,mic,table,/external-cache/fse_typographic_20260926/external/Defense-Prefix/rta100.zip,rta100/label=mic_text=table.jpg,0.26083487272262573,0.25165438652038574,0.00918048620223999,True,True
label=mic_text=trash box.jpg,label=mic_text=trash box.jpg,RTA100,mic,trash box,/external-cache/fse_typographic_20260926/external/Defense-Prefix/rta100.zip,rta100/label=mic_text=trash box.jpg,0.24077105522155762,0.2143569141626358,0.026414141058921814,True,True
label=microwave_text=adapter.jpg,label=microwave_text=adapter.jpg,RTA100,microwave,adapter,/external-cache/fse_typographic_20260926/external/Defense-Prefix/rta100.zip,rta100/label=microwave_text=adapter.jpg,0.28914308547973633,0.17721512913703918,0.11192795634269714,True,True
label=microwave_text=fridge.jpg,label=microwave_text=fridge.jpg,RTA100,microwave,fridge,/external-cache/fse_typographic_20260926/external/Defense-Prefix/rta100.zip,rta100/label=microwave_text=fridge.jpg,0.24306920170783997,0.257907897233963,-0.014838695526123047,False,False
label=microwave_text=glasses.jpg,label=microwave_text=glasses.jpg,RTA100,microwave,glasses,/external-cache/fse_typographic_20260926/external/Defense-Prefix/rta100.zip,rta100/label=microwave_text=glasses.jpg,0.1979895532131195,0.2123202085494995,-0.014330655336380005,False,False
label=microwave_text=hat.jpg,label=microwave_text=hat.jpg,RTA100,microwave,hat,/external-cache/fse_typographic_20260926/external/Defense-Prefix/rta100.zip,rta100/label=microwave_text=hat.jpg,0.3141646385192871,0.17058366537094116,0.14358097314834595,True,False
label=microwave_text=iPad.jpg,label=microwave_text=iPad.jpg,RTA100,microwave,iPad,/external-cache/fse_typographic_20260926/external/Defense-Prefix/rta100.zip,rta100/label=microwave_text=iPad.jpg,0.27663320302963257,0.209970623254776,0.06666257977485657,True,False
label=microwave_text=mango.jpg,label=microwave_text=mango.jpg,RTA100,microwave,mango,/external-cache/fse_typographic_20260926/external/Defense-Prefix/rta100.zip,rta100/label=microwave_text=mango.jpg,0.2634713649749756,0.1709880381822586,0.09248332679271698,True,True
label=microwave_text=mask.jpg,label=microwave_text=mask.jpg,RTA100,microwave,mask,/external-cache/fse_typographic_20260926/external/Defense-Prefix/rta100.zip,rta100/label=microwave_text=mask.jpg,0.29271090030670166,0.19278723001480103,0.09992367029190063,True,True
label=microwave_text=mousepad.jpg,label=microwave_text=mousepad.jpg,RTA100,microwave,mousepad,/external-cache/fse_typographic_20260926/external/Defense-Prefix/rta100.zip,rta100/label=microwave_text=mousepad.jpg,0.2935918867588043,0.12397518754005432,0.16961669921875,True,True
label=microwave_text=table.jpg,label=microwave_text=table.jpg,RTA100,microwave,table,/external-cache/fse_typographic_20260926/external/Defense-Prefix/rta100.zip,rta100/label=microwave_text=table.jpg,0.24263113737106323,0.23004616796970367,0.012584969401359558,True,True
label=microwave_text=toothbrush.jpg,label=microwave_text=toothbrush.jpg,RTA100,microwave,toothbrush,/external-cache/fse_typographic_20260926/external/Defense-Prefix/rta100.zip,rta100/label=microwave_text=toothbrush.jpg,0.23513837158679962,0.13360793888568878,0.10153043270111084,True,False
label=milk_text=bookshelf.jpg,label=milk_text=bookshelf.jpg,RTA100,milk,bookshelf,/external-cache/fse_typographic_20260926/external/Defense-Prefix/rta100.zip,rta100/label=milk_text=bookshelf.jpg,0.2871007025241852,0.2285527139902115,0.058547988533973694,True,True
label=milk_text=cookie.jpg,label=milk_text=cookie.jpg,RTA100,milk,cookie,/external-cache/fse_typographic_20260926/external/Defense-Prefix/rta100.zip,rta100/label=milk_text=cookie.jpg,0.21323466300964355,0.2670596241950989,-0.05382496118545532,False,False
label=milk_text=light bulb.jpg,label=milk_text=light bulb.jpg,RTA100,milk,light bulb,/external-cache/fse_typographic_20260926/external/Defense-Prefix/rta100.zip,rta100/label=milk_text=light bulb.jpg,0.28783464431762695,0.21094311773777008,0.07689152657985687,True,True
label=milk_text=map.jpg,label=milk_text=map.jpg,RTA100,milk,map,/external-cache/fse_typographic_20260926/external/Defense-Prefix/rta100.zip,rta100/label=milk_text=map.jpg,0.3019619584083557,0.25293856859207153,0.04902338981628418,True,True
label=milk_text=onion.jpg,label=milk_text=onion.jpg,RTA100,milk,onion,/external-cache/fse_typographic_20260926/external/Defense-Prefix/rta100.zip,rta100/label=milk_text=onion.jpg,0.3069647550582886,0.20165449380874634,0.10531026124954224,True,True
label=milk_text=paper.jpg,label=milk_text=paper.jpg,RTA100,milk,paper,/external-cache/fse_typographic_20260926/external/Defense-Prefix/rta100.zip,rta100/label=milk_text=paper.jpg,0.3024241030216217,0.30356907844543457,-0.0011449754238128662,False,False
label=milk_text=sofa.jpg,label=milk_text=sofa.jpg,RTA100,milk,sofa,/external-cache/fse_typographic_20260926/external/Defense-Prefix/rta100.zip,rta100/label=milk_text=sofa.jpg,0.21183893084526062,0.1974809765815735,0.014357954263687134,True,False
label=milk_text=umbrella.jpg,label=milk_text=umbrella.jpg,RTA100,milk,umbrella,/external-cache/fse_typographic_20260926/external/Defense-Prefix/rta100.zip,rta100/label=milk_text=umbrella.jpg,0.24852076172828674,0.1455034613609314,0.10301730036735535,True,True
label=milk_text=vacuum cleaner.jpg,label=milk_text=vacuum cleaner.jpg,RTA100,milk,vacuum cleaner,/external-cache/fse_typographic_20260926/external/Defense-Prefix/rta100.zip,rta100/label=milk_text=vacuum cleaner.jpg,0.26360994577407837,0.24448224902153015,0.019127696752548218,True,True
label=milk_text=watch.jpg,label=milk_text=watch.jpg,RTA100,milk,watch,/external-cache/fse_typographic_20260926/external/Defense-Prefix/rta100.zip,rta100/label=milk_text=watch.jpg,0.2989692687988281,0.23692995309829712,0.062039315700531006,True,True
label=mirror_text=chair.jpg,label=mirror_text=chair.jpg,RTA100,mirror,chair,/external-cache/fse_typographic_20260926/external/Defense-Prefix/rta100.zip,rta100/label=mirror_text=chair.jpg,0.1935361921787262,0.25698408484458923,-0.06344789266586304,False,False
label=mirror_text=cone.jpg,label=mirror_text=cone.jpg,RTA100,mirror,cone,/external-cache/fse_typographic_20260926/external/Defense-Prefix/rta100.zip,rta100/label=mirror_text=cone.jpg,0.18391701579093933,0.2190975546836853,-0.03518053889274597,False,False
label=mirror_text=curtain.jpg,label=mirror_text=curtain.jpg,RTA100,mirror,curtain,/external-cache/fse_typographic_20260926/external/Defense-Prefix/rta100.zip,rta100/label=mirror_text=curtain.jpg,0.20125260949134827,0.18553966283798218,0.01571294665336609,True,False
label=mirror_text=doll.jpg,label=mirror_text=doll.jpg,RTA100,mirror,doll,/external-cache/fse_typographic_20260926/external/Defense-Prefix/rta100.zip,rta100/label=mirror_text=doll.jpg,0.20848849415779114,0.21389038860797882,-0.005401894450187683,False,False
label=mirror_text=flower.jpg,label=mirror_text=flower.jpg,RTA100,mirror,flower,/external-cache/fse_typographic_20260926/external/Defense-Prefix/rta100.zip,rta100/label=mirror_text=flower.jpg,0.2584057152271271,0.20301523804664612,0.05539047718048096,True,True
label=mirror_text=mouse.jpg,label=mirror_text=mouse.jpg,RTA100,mirror,mouse,/external-cache/fse_typographic_20260926/external/Defense-Prefix/rta100.zip,rta100/label=mirror_text=mouse.jpg,0.22850820422172546,0.23447304964065552,-0.005964845418930054,False,False
label=mirror_text=onion.jpg,label=mirror_text=onion.jpg,RTA100,mirror,onion,/external-cache/fse_typographic_20260926/external/Defense-Prefix/rta100.zip,rta100/label=mirror_text=onion.jpg,0.2272261679172516,0.18328946828842163,0.043936699628829956,True,False
label=mirror_text=racquet.jpg,label=mirror_text=racquet.jpg,RTA100,mirror,racquet,/external-cache/fse_typographic_20260926/external/Defense-Prefix/rta100.zip,rta100/label=mirror_text=racquet.jpg,0.30697500705718994,0.2806571125984192,0.026317894458770752,True,False
label=mirror_text=thermometer.jpg,label=mirror_text=thermometer.jpg,RTA100,mirror,thermometer,/external-cache/fse_typographic_20260926/external/Defense-Prefix/rta100.zip,rta100/label=mirror_text=thermometer.jpg,0.20646744966506958,0.2221086025238037,-0.01564115285873413,False,False
label=mirror_text=watch.jpg,label=mirror_text=watch.jpg,RTA100,mirror,watch,/external-cache/fse_typographic_20260926/external/Defense-Prefix/rta100.zip,rta100/label=mirror_text=watch.jpg,0.247482031583786,0.2169460952281952,0.03053593635559082,True,True
label=monitor_text=basket.jpg,label=monitor_text=basket.jpg,RTA100,monitor,basket,/external-cache/fse_typographic_20260926/external/Defense-Prefix/rta100.zip,rta100/label=monitor_text=basket.jpg,0.30275776982307434,0.19532988965511322,0.10742788016796112,True,True
label=monitor_text=chair.jpg,label=monitor_text=chair.jpg,RTA100,monitor,chair,/external-cache/fse_typographic_20260926/external/Defense-Prefix/rta100.zip,rta100/label=monitor_text=chair.jpg,0.21015380322933197,0.26434260606765747,-0.0541888028383255,False,False
label=monitor_text=marker.jpg,label=monitor_text=marker.jpg,RTA100,monitor,marker,/external-cache/fse_typographic_20260926/external/Defense-Prefix/rta100.zip,rta100/label=monitor_text=marker.jpg,0.2219451516866684,0.1988435685634613,0.023101583123207092,True,False
label=monitor_text=pen case.jpg,label=monitor_text=pen case.jpg,RTA100,monitor,pen case,/external-cache/fse_typographic_20260926/external/Defense-Prefix/rta100.zip,rta100/label=monitor_text=pen case.jpg,0.27678680419921875,0.1466665416955948,0.13012026250362396,True,True
label=monitor_text=pillow.jpg,label=monitor_text=pillow.jpg,RTA100,monitor,pillow,/external-cache/fse_typographic_20260926/external/Defense-Prefix/rta100.zip,rta100/label=monitor_text=pillow.jpg,0.28755488991737366,0.1493796557188034,0.13817523419857025,True,True
label=monitor_text=plate.jpg,label=monitor_text=plate.jpg,RTA100,monitor,plate,/external-cache/fse_typographic_20260926/external/Defense-Prefix/rta100.zip,rta100/label=monitor_text=plate.jpg,0.2969052195549011,0.1879819631576538,0.10892325639724731,True,True
label=monitor_text=pot.jpg,label=monitor_text=pot.jpg,RTA100,monitor,pot,/external-cache/fse_typographic_20260926/external/Defense-Prefix/rta100.zip,rta100/label=monitor_text=pot.jpg,0.28697559237480164,0.20447862148284912,0.08249697089195251,True,True
label=monitor_text=socks.jpg,label=monitor_text=socks.jpg,RTA100,monitor,socks,/external-cache/fse_typographic_20260926/external/Defense-Prefix/rta100.zip,rta100/label=monitor_text=socks.jpg,0.26689833402633667,0.1112566664814949,0.15564167499542236,True,True
label=monitor_text=thermometer.jpg,label=monitor_text=thermometer.jpg,RTA100,monitor,thermometer,/external-cache/fse_typographic_20260926/external/Defense-Prefix/rta100.zip,rta100/label=monitor_text=thermometer.jpg,0.28705716133117676,0.1450021117925644,0.14205504953861237,True,True
label=monitor_text=tissue.jpg,label=monitor_text=tissue.jpg,RTA100,monitor,tissue,/external-cache/fse_typographic_20260926/external/Defense-Prefix/rta100.zip,rta100/label=monitor_text=tissue.jpg,0.28658807277679443,0.1657961905002594,0.12079188227653503,True,True
label=mouse_text=apple.jpg,label=mouse_text=apple.jpg,RTA100,mouse,apple,/external-cache/fse_typographic_20260926/external/Defense-Prefix/rta100.zip,rta100/label=mouse_text=apple.jpg,0.242656409740448,0.22248651087284088,0.020169898867607117,True,False
label=mouse_text=controller.jpg,label=mouse_text=controller.jpg,RTA100,mouse,controller,/external-cache/fse_typographic_20260926/external/Defense-Prefix/rta100.zip,rta100/label=mouse_text=controller.jpg,0.16538304090499878,0.2595509886741638,-0.09416794776916504,False,False
label=mouse_text=cup.jpg,label=mouse_text=cup.jpg,RTA100,mouse,cup,/external-cache/fse_typographic_20260926/external/Defense-Prefix/rta100.zip,rta100/label=mouse_text=cup.jpg,0.23194584250450134,0.28023985028266907,-0.048294007778167725,False,False
label=mouse_text=flower.jpg,label=mouse_text=flower.jpg,RTA100,mouse,flower,/external-cache/fse_typographic_20260926/external/Defense-Prefix/rta100.zip,rta100/label=mouse_text=flower.jpg,0.24797043204307556,0.23722383379936218,0.010746598243713379,True,False
label=mouse_text=jacket.jpg,label=mouse_text=jacket.jpg,RTA100,mouse,jacket,/external-cache/fse_typographic_20260926/external/Defense-Prefix/rta100.zip,rta100/label=mouse_text=jacket.jpg,0.2606244385242462,0.2302548587322235,0.030369579792022705,True,False
label=mouse_text=key.jpg,label=mouse_text=key.jpg,RTA100,mouse,key,/external-cache/fse_typographic_20260926/external/Defense-Prefix/rta100.zip,rta100/label=mouse_text=key.jpg,0.2099536657333374,0.2492285817861557,-0.0392749160528183,False,False
label=mouse_text=keyboard.jpg,label=mouse_text=keyboard.jpg,RTA100,mouse,keyboard,/external-cache/fse_typographic_20260926/external/Defense-Prefix/rta100.zip,rta100/label=mouse_text=keyboard.jpg,0.1951705515384674,0.2154955267906189,-0.02032497525215149,False,False
label=mouse_text=milk.jpg,label=mouse_text=milk.jpg,RTA100,mouse,milk,/external-cache/fse_typographic_20260926/external/Defense-Prefix/rta100.zip,rta100/label=mouse_text=milk.jpg,0.23505021631717682,0.19034738838672638,0.04470282793045044,True,False
label=mouse_text=oven.jpg,label=mouse_text=oven.jpg,RTA100,mouse,oven,/external-cache/fse_typographic_20260926/external/Defense-Prefix/rta100.zip,rta100/label=mouse_text=oven.jpg,0.1977314054965973,0.215971440076828,-0.018240034580230713,False,False
label=mouse_text=scissors.jpg,label=mouse_text=scissors.jpg,RTA100,mouse,scissors,/external-cache/fse_typographic_20260926/external/Defense-Prefix/rta100.zip,rta100/label=mouse_text=scissors.jpg,0.19440758228302002,0.18117745220661163,0.013230130076408386,True,False
label=mousepad_text=can.jpg,label=mousepad_text=can.jpg,RTA100,mousepad,can,/external-cache/fse_typographic_20260926/external/Defense-Prefix/rta100.zip,rta100/label=mousepad_text=can.jpg,0.2587532103061676,0.2341536581516266,0.024599552154541016,True,True
label=mousepad_text=card.jpg,label=mousepad_text=card.jpg,RTA100,mousepad,card,/external-cache/fse_typographic_20260926/external/Defense-Prefix/rta100.zip,rta100/label=mousepad_text=card.jpg,0.22588323056697845,0.2888953685760498,-0.06301213800907135,False,False
label=mousepad_text=cup.jpg,label=mousepad_text=cup.jpg,RTA100,mousepad,cup,/external-cache/fse_typographic_20260926/external/Defense-Prefix/rta100.zip,rta100/label=mousepad_text=cup.jpg,0.2847196161746979,0.17492064833641052,0.10979896783828735,True,True
label=mousepad_text=drill.jpg,label=mousepad_text=drill.jpg,RTA100,mousepad,drill,/external-cache/fse_typographic_20260926/external/Defense-Prefix/rta100.zip,rta100/label=mousepad_text=drill.jpg,0.29642772674560547,0.22092249989509583,0.07550522685050964,True,True
label=mousepad_text=hat.jpg,label=mousepad_text=hat.jpg,RTA100,mousepad,hat,/external-cache/fse_typographic_20260926/external/Defense-Prefix/rta100.zip,rta100/label=mousepad_text=hat.jpg,0.2858888506889343,0.2738436460494995,0.012045204639434814,True,True
label=mousepad_text=marker.jpg,label=mousepad_text=marker.jpg,RTA100,mousepad,marker,/external-cache/fse_typographic_20260926/external/Defense-Prefix/rta100.zip,rta100/label=mousepad_text=marker.jpg,0.35261037945747375,0.23830251395702362,0.11430786550045013,True,True
label=mousepad_text=mirror.jpg,label=mousepad_text=mirror.jpg,RTA100,mousepad,mirror,/external-cache/fse_typographic_20260926/external/Defense-Prefix/rta100.zip,rta100/label=mousepad_text=mirror.jpg,0.23382997512817383,0.22104349732398987,0.01278647780418396,True,False
label=mousepad_text=pillow.jpg,label=mousepad_text=pillow.jpg,RTA100,mousepad,pillow,/external-cache/fse_typographic_20260926/external/Defense-Prefix/rta100.zip,rta100/label=mousepad_text=pillow.jpg,0.2620958685874939,0.2554267644882202,0.006669104099273682,True,True
label=mousepad_text=vacuum cleaner.jpg,label=mousepad_text=vacuum cleaner.jpg,RTA100,mousepad,vacuum cleaner,/external-cache/fse_typographic_20260926/external/Defense-Prefix/rta100.zip,rta100/label=mousepad_text=vacuum cleaner.jpg,0.272551029920578,0.1716306209564209,0.1009204089641571,True,False
label=mousepad_text=wallet.jpg,label=mousepad_text=wallet.jpg,RTA100,mousepad,wallet,/external-cache/fse_typographic_20260926/external/Defense-Prefix/rta100.zip,rta100/label=mousepad_text=wallet.jpg,0.24105383455753326,0.24956099689006805,-0.00850716233253479,False,False
label=mug_text=apple.jpg,label=mug_text=apple.jpg,RTA100,mug,apple,/external-cache/fse_typographic_20260926/external/Defense-Prefix/rta100.zip,rta100/label=mug_text=apple.jpg,0.21733856201171875,0.22463254630565643,-0.007293984293937683,False,False
label=mug_text=bookshelf.jpg,label=mug_text=bookshelf.jpg,RTA100,mug,bookshelf,/external-cache/fse_typographic_20260926/external/Defense-Prefix/rta100.zip,rta100/label=mug_text=bookshelf.jpg,0.2603052854537964,0.19149969518184662,0.06880559027194977,True,True
label=mug_text=floor.jpg,label=mug_text=floor.jpg,RTA100,mug,floor,/external-cache/fse_typographic_20260926/external/Defense-Prefix/rta100.zip,rta100/label=mug_text=floor.jpg,0.2838883399963379,0.24873191118240356,0.035156428813934326,True,True
label=mug_text=flower.jpg,label=mug_text=flower.jpg,RTA100,mug,flower,/external-cache/fse_typographic_20260926/external/Defense-Prefix/rta100.zip,rta100/label=mug_text=flower.jpg,0.28323209285736084,0.20695538818836212,0.07627670466899872,True,True
label=mug_text=iPhone.jpg,label=mug_text=iPhone.jpg,RTA100,mug,iPhone,/external-cache/fse_typographic_20260926/external/Defense-Prefix/rta100.zip,rta100/label=mug_text=iPhone.jpg,0.23349454998970032,0.23714640736579895,-0.003651857376098633,False,False
label=mug_text=mask.jpg,label=mug_text=mask.jpg,RTA100,mug,mask,/external-cache/fse_typographic_20260926/external/Defense-Prefix/rta100.zip,rta100/label=mug_text=mask.jpg,0.26859450340270996,0.24401997029781342,0.024574533104896545,True,True
label=mug_text=ruler.jpg,label=mug_text=ruler.jpg,RTA100,mug,ruler,/external-cache/fse_typographic_20260926/external/Defense-Prefix/rta100.zip,rta100/label=mug_text=ruler.jpg,0.28957676887512207,0.247218519449234,0.04235824942588806,True,False
label=mug_text=sofa.jpg,label=mug_text=sofa.jpg,RTA100,mug,sofa,/external-cache/fse_typographic_20260926/external/Defense-Prefix/rta100.zip,rta100/label=mug_text=sofa.jpg,0.2558257579803467,0.18719077110290527,0.0686349868774414,True,True
label=mug_text=toaster.jpg,label=mug_text=toaster.jpg,RTA100,mug,toaster,/external-cache/fse_typographic_20260926/external/Defense-Prefix/rta100.zip,rta100/label=mug_text=toaster.jpg,0.2527952492237091,0.23277369141578674,0.020021557807922363,True,True
label=mug_text=towel.jpg,label=mug_text=towel.jpg,RTA100,mug,towel,/external-cache/fse_typographic_20260926/external/Defense-Prefix/rta100.zip,rta100/label=mug_text=towel.jpg,0.2598173916339874,0.2746810019016266,-0.01486361026763916,False,False
label=notebook_text=DVD.jpg,label=notebook_text=DVD.jpg,RTA100,notebook,DVD,/external-cache/fse_typographic_20260926/external/Defense-Prefix/rta100.zip,rta100/label=notebook_text=DVD.jpg,0.2829485535621643,0.24243302643299103,0.04051552712917328,True,True
label=notebook_text=chopsticks.jpg,label=notebook_text=chopsticks.jpg,RTA100,notebook,chopsticks,/external-cache/fse_typographic_20260926/external/Defense-Prefix/rta100.zip,rta100/label=notebook_text=chopsticks.jpg,0.23405854403972626,0.2332502007484436,0.0008083432912826538,True,True
label=notebook_text=cookie.jpg,label=notebook_text=cookie.jpg,RTA100,notebook,cookie,/external-cache/fse_typographic_20260926/external/Defense-Prefix/rta100.zip,rta100/label=notebook_text=cookie.jpg,0.23107238113880157,0.23405441641807556,-0.002982035279273987,False,False
label=notebook_text=cup.jpg,label=notebook_text=cup.jpg,RTA100,notebook,cup,/external-cache/fse_typographic_20260926/external/Defense-Prefix/rta100.zip,rta100/label=notebook_text=cup.jpg,0.2665940523147583,0.28322869539260864,-0.016634643077850342,False,False
label=notebook_text=curtain.jpg,label=notebook_text=curtain.jpg,RTA100,notebook,curtain,/external-cache/fse_typographic_20260926/external/Defense-Prefix/rta100.zip,rta100/label=notebook_text=curtain.jpg,0.2516886293888092,0.22491422295570374,0.02677440643310547,True,False
label=notebook_text=dish.jpg,label=notebook_text=dish.jpg,RTA100,notebook,dish,/external-cache/fse_typographic_20260926/external/Defense-Prefix/rta100.zip,rta100/label=notebook_text=dish.jpg,0.24831220507621765,0.19303958117961884,0.055272623896598816,True,True
label=notebook_text=dog.jpg,label=notebook_text=dog.jpg,RTA100,notebook,dog,/external-cache/fse_typographic_20260926/external/Defense-Prefix/rta100.zip,rta100/label=notebook_text=dog.jpg,0.3024032711982727,0.223531574010849,0.0788716971874237,True,True
label=notebook_text=glove.jpg,label=notebook_text=glove.jpg,RTA100,notebook,glove,/external-cache/fse_typographic_20260926/external/Defense-Prefix/rta100.zip,rta100/label=notebook_text=glove.jpg,0.27187660336494446,0.17774644494056702,0.09413015842437744,True,True
label=notebook_text=pot.jpg,label=notebook_text=pot.jpg,RTA100,notebook,pot,/external-cache/fse_typographic_20260926/external/Defense-Prefix/rta100.zip,rta100/label=notebook_text=pot.jpg,0.30010637640953064,0.22085830569267273,0.07924807071685791,True,True
label=notebook_text=toothbrush.jpg,label=notebook_text=toothbrush.jpg,RTA100,notebook,toothbrush,/external-cache/fse_typographic_20260926/external/Defense-Prefix/rta100.zip,rta100/label=notebook_text=toothbrush.jpg,0.2910759150981903,0.25740060210227966,0.033675312995910645,True,True
label=onion_text=earphones.jpg,label=onion_text=earphones.jpg,RTA100,onion,earphones,/external-cache/fse_typographic_20260926/external/Defense-Prefix/rta100.zip,rta100/label=onion_text=earphones.jpg,0.25002047419548035,0.24223701655864716,0.007783457636833191,True,True
label=onion_text=fork.jpg,label=onion_text=fork.jpg,RTA100,onion,fork,/external-cache/fse_typographic_20260926/external/Defense-Prefix/rta100.zip,rta100/label=onion_text=fork.jpg,0.2526281774044037,0.18322548270225525,0.06940269470214844,True,True
label=onion_text=hair dryer.jpg,label=onion_text=hair dryer.jpg,RTA100,onion,hair dryer,/external-cache/fse_typographic_20260926/external/Defense-Prefix/rta100.zip,rta100/label=onion_text=hair dryer.jpg,0.2705214321613312,0.21523042023181915,0.055291011929512024,True,True
label=onion_text=marker.jpg,label=onion_text=marker.jpg,RTA100,onion,marker,/external-cache/fse_typographic_20260926/external/Defense-Prefix/rta100.zip,rta100/label=onion_text=marker.jpg,0.28039368987083435,0.20249754190444946,0.07789614796638489,True,True
label=onion_text=mic.jpg,label=onion_text=mic.jpg,RTA100,onion,mic,/external-cache/fse_typographic_20260926/external/Defense-Prefix/rta100.zip,rta100/label=onion_text=mic.jpg,0.32629674673080444,0.17338469624519348,0.15291205048561096,True,True
label=onion_text=mouse.jpg,label=onion_text=mouse.jpg,RTA100,onion,mouse,/external-cache/fse_typographic_20260926/external/Defense-Prefix/rta100.zip,rta100/label=onion_text=mouse.jpg,0.3354658782482147,0.24725404381752014,0.08821183443069458,True,True
label=onion_text=pot.jpg,label=onion_text=pot.jpg,RTA100,onion,pot,/external-cache/fse_typographic_20260926/external/Defense-Prefix/rta100.zip,rta100/label=onion_text=pot.jpg,0.28979191184043884,0.28340476751327515,0.006387144327163696,True,True
label=onion_text=speaker.jpg,label=onion_text=speaker.jpg,RTA100,onion,speaker,/external-cache/fse_typographic_20260926/external/Defense-Prefix/rta100.zip,rta100/label=onion_text=speaker.jpg,0.25360357761383057,0.26884809136390686,-0.015244513750076294,False,False
label=onion_text=toaster.jpg,label=onion_text=toaster.jpg,RTA100,onion,toaster,/external-cache/fse_typographic_20260926/external/Defense-Prefix/rta100.zip,rta100/label=onion_text=toaster.jpg,0.2845947742462158,0.20576834678649902,0.0788264274597168,True,True
label=onion_text=wallet.jpg,label=onion_text=wallet.jpg,RTA100,onion,wallet,/external-cache/fse_typographic_20260926/external/Defense-Prefix/rta100.zip,rta100/label=onion_text=wallet.jpg,0.2660142183303833,0.26436764001846313,0.001646578311920166,True,False
label=oven_text=earphones.jpg,label=oven_text=earphones.jpg,RTA100,oven,earphones,/external-cache/fse_typographic_20260926/external/Defense-Prefix/rta100.zip,rta100/label=oven_text=earphones.jpg,0.2719845175743103,0.1792115569114685,0.0927729606628418,True,False
label=oven_text=fork.jpg,label=oven_text=fork.jpg,RTA100,oven,fork,/external-cache/fse_typographic_20260926/external/Defense-Prefix/rta100.zip,rta100/label=oven_text=fork.jpg,0.24768616259098053,0.10621663928031921,0.14146952331066132,True,False
label=oven_text=hair dryer.jpg,label=oven_text=hair dryer.jpg,RTA100,oven,hair dryer,/external-cache/fse_typographic_20260926/external/Defense-Prefix/rta100.zip,rta100/label=oven_text=hair dryer.jpg,0.256419837474823,0.23190680146217346,0.024513036012649536,True,False
label=oven_text=marker.jpg,label=oven_text=marker.jpg,RTA100,oven,marker,/external-cache/fse_typographic_20260926/external/Defense-Prefix/rta100.zip,rta100/label=oven_text=marker.jpg,0.3029278814792633,0.14216525852680206,0.16076262295246124,True,True
label=oven_text=mic.jpg,label=oven_text=mic.jpg,RTA100,oven,mic,/external-cache/fse_typographic_20260926/external/Defense-Prefix/rta100.zip,rta100/label=oven_text=mic.jpg,0.29694467782974243,0.16611912846565247,0.13082554936408997,True,False
label=oven_text=mouse.jpg,label=oven_text=mouse.jpg,RTA100,oven,mouse,/external-cache/fse_typographic_20260926/external/Defense-Prefix/rta100.zip,rta100/label=oven_text=mouse.jpg,0.2878091037273407,0.2028401494026184,0.08496895432472229,True,False
label=oven_text=pot.jpg,label=oven_text=pot.jpg,RTA100,oven,pot,/external-cache/fse_typographic_20260926/external/Defense-Prefix/rta100.zip,rta100/label=oven_text=pot.jpg,0.28383544087409973,0.230240136384964,0.05359530448913574,True,False
label=oven_text=speaker.jpg,label=oven_text=speaker.jpg,RTA100,oven,speaker,/external-cache/fse_typographic_20260926/external/Defense-Prefix/rta100.zip,rta100/label=oven_text=speaker.jpg,0.2585730254650116,0.2528722286224365,0.005700796842575073,True,False
label=oven_text=toaster.jpg,label=oven_text=toaster.jpg,RTA100,oven,toaster,/external-cache/fse_typographic_20260926/external/Defense-Prefix/rta100.zip,rta100/label=oven_text=toaster.jpg,0.27912819385528564,0.29676955938339233,-0.01764136552810669,False,False
label=oven_text=wallet.jpg,label=oven_text=wallet.jpg,RTA100,oven,wallet,/external-cache/fse_typographic_20260926/external/Defense-Prefix/rta100.zip,rta100/label=oven_text=wallet.jpg,0.255710244178772,0.23994334042072296,0.01576690375804901,True,False
label=pants_text=chair.jpg,label=pants_text=chair.jpg,RTA100,pants,chair,/external-cache/fse_typographic_20260926/external/Defense-Prefix/rta100.zip,rta100/label=pants_text=chair.jpg,0.2587299644947052,0.20082825422286987,0.05790171027183533,True,True
label=pants_text=cup.jpg,label=pants_text=cup.jpg,RTA100,pants,cup,/external-cache/fse_typographic_20260926/external/Defense-Prefix/rta100.zip,rta100/label=pants_text=cup.jpg,0.2968514561653137,0.14303264021873474,0.15381881594657898,True,True
label=pants_text=curtain.jpg,label=pants_text=curtain.jpg,RTA100,pants,curtain,/external-cache/fse_typographic_20260926/external/Defense-Prefix/rta100.zip,rta100/label=pants_text=curtain.jpg,0.293834388256073,0.17752891778945923,0.11630547046661377,True,True
label=pants_text=iron.jpg,label=pants_text=iron.jpg,RTA100,pants,iron,/external-cache/fse_typographic_20260926/external/Defense-Prefix/rta100.zip,rta100/label=pants_text=iron.jpg,0.26756221055984497,0.1636129766702652,0.10394923388957977,True,True
label=pants_text=pen case.jpg,label=pants_text=pen case.jpg,RTA100,pants,pen case,/external-cache/fse_typographic_20260926/external/Defense-Prefix/rta100.zip,rta100/label=pants_text=pen case.jpg,0.26698172092437744,0.16477885842323303,0.10220286250114441,True,True
label=pants_text=pot.jpg,label=pants_text=pot.jpg,RTA100,pants,pot,/external-cache/fse_typographic_20260926/external/Defense-Prefix/rta100.zip,rta100/label=pants_text=pot.jpg,0.28409379720687866,0.2340531349182129,0.05004066228866577,True,False
label=pants_text=slipper.jpg,label=pants_text=slipper.jpg,RTA100,pants,slipper,/external-cache/fse_typographic_20260926/external/Defense-Prefix/rta100.zip,rta100/label=pants_text=slipper.jpg,0.28051304817199707,0.2049504518508911,0.07556259632110596,True,True
label=pants_text=t-shirt.jpg,label=pants_text=t-shirt.jpg,RTA100,pants,t-shirt,/external-cache/fse_typographic_20260926/external/Defense-Prefix/rta100.zip,rta100/label=pants_text=t-shirt.jpg,0.3021085560321808,0.18831634521484375,0.11379221081733704,True,True
label=pants_text=tissue.jpg,label=pants_text=tissue.jpg,RTA100,pants,tissue,/external-cache/fse_typographic_20260926/external/Defense-Prefix/rta100.zip,rta100/label=pants_text=tissue.jpg,0.28447046875953674,0.17203517258167267,0.11243529617786407,True,True
label=pants_text=tray.jpg,label=pants_text=tray.jpg,RTA100,pants,tray,/external-cache/fse_typographic_20260926/external/Defense-Prefix/rta100.zip,rta100/label=pants_text=tray.jpg,0.25520941615104675,0.12761008739471436,0.1275993287563324,True,True
label=paper_text=bed.jpg,label=paper_text=bed.jpg,RTA100,paper,bed,/external-cache/fse_typographic_20260926/external/Defense-Prefix/rta100.zip,rta100/label=paper_text=bed.jpg,0.3157731294631958,0.24883633852005005,0.06693679094314575,True,True
label=paper_text=earphones.jpg,label=paper_text=earphones.jpg,RTA100,paper,earphones,/external-cache/fse_typographic_20260926/external/Defense-Prefix/rta100.zip,rta100/label=paper_text=earphones.jpg,0.17904332280158997,0.1904718428850174,-0.01142852008342743,False,False
label=paper_text=hat.jpg,label=paper_text=hat.jpg,RTA100,paper,hat,/external-cache/fse_typographic_20260926/external/Defense-Prefix/rta100.zip,rta100/label=paper_text=hat.jpg,0.2584841549396515,0.22996312379837036,0.028521031141281128,True,False
label=paper_text=iron.jpg,label=paper_text=iron.jpg,RTA100,paper,iron,/external-cache/fse_typographic_20260926/external/Defense-Prefix/rta100.zip,rta100/label=paper_text=iron.jpg,0.3211654722690582,0.2896236479282379,0.03154182434082031,True,True
label=paper_text=keyboard.jpg,label=paper_text=keyboard.jpg,RTA100,paper,keyboard,/external-cache/fse_typographic_20260926/external/Defense-Prefix/rta100.zip,rta100/label=paper_text=keyboard.jpg,0.2689460217952728,0.23461642861366272,0.03432959318161011,True,False
label=paper_text=milk.jpg,label=paper_text=milk.jpg,RTA100,paper,milk,/external-cache/fse_typographic_20260926/external/Defense-Prefix/rta100.zip,rta100/label=paper_text=milk.jpg,0.27203845977783203,0.28511664271354675,-0.013078182935714722,False,False
label=paper_text=oven.jpg,label=paper_text=oven.jpg,RTA100,paper,oven,/external-cache/fse_typographic_20260926/external/Defense-Prefix/rta100.zip,rta100/label=paper_text=oven.jpg,0.31735050678253174,0.23053763806819916,0.08681286871433258,True,True
label=paper_text=pants.jpg,label=paper_text=pants.jpg,RTA100,paper,pants,/external-cache/fse_typographic_20260926/external/Defense-Prefix/rta100.zip,rta100/label=paper_text=pants.jpg,0.27687251567840576,0.21416857838630676,0.062703937292099,True,True
label=paper_text=speaker.jpg,label=paper_text=speaker.jpg,RTA100,paper,speaker,/external-cache/fse_typographic_20260926/external/Defense-Prefix/rta100.zip,rta100/label=paper_text=speaker.jpg,0.28206875920295715,0.23435501754283905,0.0477137416601181,True,True
label=paper_text=toothbrush.jpg,label=paper_text=toothbrush.jpg,RTA100,paper,toothbrush,/external-cache/fse_typographic_20260926/external/Defense-Prefix/rta100.zip,rta100/label=paper_text=toothbrush.jpg,0.2534146308898926,0.22670820355415344,0.026706427335739136,True,True
label=peach_text=can.jpg,label=peach_text=can.jpg,RTA100,peach,can,/external-cache/fse_typographic_20260926/external/Defense-Prefix/rta100.zip,rta100/label=peach_text=can.jpg,0.2954387664794922,0.2295699566602707,0.0658688098192215,True,True
label=peach_text=controller.jpg,label=peach_text=controller.jpg,RTA100,peach,controller,/external-cache/fse_typographic_20260926/external/Defense-Prefix/rta100.zip,rta100/label=peach_text=controller.jpg,0.28669798374176025,0.25279179215431213,0.03390619158744812,True,True
label=peach_text=eraser.jpg,label=peach_text=eraser.jpg,RTA100,peach,eraser,/external-cache/fse_typographic_20260926/external/Defense-Prefix/rta100.zip,rta100/label=peach_text=eraser.jpg,0.2669883072376251,0.20927293598651886,0.05771537125110626,True,True
label=peach_text=glove.jpg,label=peach_text=glove.jpg,RTA100,peach,glove,/external-cache/fse_typographic_20260926/external/Defense-Prefix/rta100.zip,rta100/label=peach_text=glove.jpg,0.27043741941452026,0.22456654906272888,0.04587087035179138,True,False
label=peach_text=map.jpg,label=peach_text=map.jpg,RTA100,peach,map,/external-cache/fse_typographic_20260926/external/Defense-Prefix/rta100.zip,rta100/label=peach_text=map.jpg,0.32636189460754395,0.21668370068073273,0.10967819392681122,True,True
label=peach_text=mousepad.jpg,label=peach_text=mousepad.jpg,RTA100,peach,mousepad,/external-cache/fse_typographic_20260926/external/Defense-Prefix/rta100.zip,rta100/label=peach_text=mousepad.jpg,0.31808745861053467,0.2879863977432251,0.03010106086730957,True,True
label=peach_text=plate.jpg,label=peach_text=plate.jpg,RTA100,peach,plate,/external-cache/fse_typographic_20260926/external/Defense-Prefix/rta100.zip,rta100/label=peach_text=plate.jpg,0.27288222312927246,0.2668374180793762,0.00604480504989624,True,True
label=peach_text=remote.jpg,label=peach_text=remote.jpg,RTA100,peach,remote,/external-cache/fse_typographic_20260926/external/Defense-Prefix/rta100.zip,rta100/label=peach_text=remote.jpg,0.2969878911972046,0.21012471616268158,0.08686317503452301,True,True
label=peach_text=table.jpg,label=peach_text=table.jpg,RTA100,peach,table,/external-cache/fse_typographic_20260926/external/Defense-Prefix/rta100.zip,rta100/label=peach_text=table.jpg,0.30074501037597656,0.2743048071861267,0.026440203189849854,True,True
label=peach_text=toothbrush.jpg,label=peach_text=toothbrush.jpg,RTA100,peach,toothbrush,/external-cache/fse_typographic_20260926/external/Defense-Prefix/rta100.zip,rta100/label=peach_text=toothbrush.jpg,0.24906185269355774,0.25770100951194763,-0.008639156818389893,False,False
label=pen case_text=airconditioner.jpg,label=pen case_text=airconditioner.jpg,RTA100,pen case,airconditioner,/external-cache/fse_typographic_20260926/external/Defense-Prefix/rta100.zip,rta100/label=pen case_text=airconditioner.jpg,0.24612212181091309,0.19561521708965302,0.05050690472126007,True,False
label=pen case_text=bookshelf.jpg,label=pen case_text=bookshelf.jpg,RTA100,pen case,bookshelf,/external-cache/fse_typographic_20260926/external/Defense-Prefix/rta100.zip,rta100/label=pen case_text=bookshelf.jpg,0.2708059549331665,0.22237485647201538,0.04843109846115112,True,True
label=pen case_text=eraser.jpg,label=pen case_text=eraser.jpg,RTA100,pen case,eraser,/external-cache/fse_typographic_20260926/external/Defense-Prefix/rta100.zip,rta100/label=pen case_text=eraser.jpg,0.27157503366470337,0.25523364543914795,0.01634138822555542,True,True
label=pen case_text=flower.jpg,label=pen case_text=flower.jpg,RTA100,pen case,flower,/external-cache/fse_typographic_20260926/external/Defense-Prefix/rta100.zip,rta100/label=pen case_text=flower.jpg,0.2835797667503357,0.23448455333709717,0.049095213413238525,True,True
label=pen case_text=fork.jpg,label=pen case_text=fork.jpg,RTA100,pen case,fork,/external-cache/fse_typographic_20260926/external/Defense-Prefix/rta100.zip,rta100/label=pen case_text=fork.jpg,0.21695151925086975,0.10279840975999832,0.11415310949087143,True,True
label=pen case_text=frisbee.jpg,label=pen case_text=frisbee.jpg,RTA100,pen case,frisbee,/external-cache/fse_typographic_20260926/external/Defense-Prefix/rta100.zip,rta100/label=pen case_text=frisbee.jpg,0.22722849249839783,0.16593246161937714,0.06129603087902069,True,True
label=pen case_text=lemon.jpg,label=pen case_text=lemon.jpg,RTA100,pen case,lemon,/external-cache/fse_typographic_20260926/external/Defense-Prefix/rta100.zip,rta100/label=pen case_text=lemon.jpg,0.2772042155265808,0.22629329562187195,0.05091091990470886,True,True
label=pen case_text=microwave.jpg,label=pen case_text=microwave.jpg,RTA100,pen case,microwave,/external-cache/fse_typographic_20260926/external/Defense-Prefix/rta100.zip,rta100/label=pen case_text=microwave.jpg,0.20677296817302704,0.1841507852077484,0.022622182965278625,True,True
label=pen case_text=remote.jpg,label=pen case_text=remote.jpg,RTA100,pen case,remote,/external-cache/fse_typographic_20260926/external/Defense-Prefix/rta100.zip,rta100/label=pen case_text=remote.jpg,0.29628974199295044,0.2186482548713684,0.07764148712158203,True,True
label=pen case_text=slipper.jpg,label=pen case_text=slipper.jpg,RTA100,pen case,slipper,/external-cache/fse_typographic_20260926/external/Defense-Prefix/rta100.zip,rta100/label=pen case_text=slipper.jpg,0.2403198778629303,0.23421746492385864,0.006102412939071655,True,False
label=pen_text=bed.jpg,label=pen_text=bed.jpg,RTA100,pen,bed,/external-cache/fse_typographic_20260926/external/Defense-Prefix/rta100.zip,rta100/label=pen_text=bed.jpg,0.24283280968666077,0.2711831331253052,-0.02835032343864441,False,False
label=pen_text=camera.jpg,label=pen_text=camera.jpg,RTA100,pen,camera,/external-cache/fse_typographic_20260926/external/Defense-Prefix/rta100.zip,rta100/label=pen_text=camera.jpg,0.2614139914512634,0.24213948845863342,0.019274502992630005,True,True
label=pen_text=can.jpg,label=pen_text=can.jpg,RTA100,pen,can,/external-cache/fse_typographic_20260926/external/Defense-Prefix/rta100.zip,rta100/label=pen_text=can.jpg,0.29522600769996643,0.23186391592025757,0.06336209177970886,True,True
label=pen_text=drill.jpg,label=pen_text=drill.jpg,RTA100,pen,drill,/external-cache/fse_typographic_20260926/external/Defense-Prefix/rta100.zip,rta100/label=pen_text=drill.jpg,0.2644568085670471,0.2671084702014923,-0.0026516616344451904,False,False
label=pen_text=hair dryer.jpg,label=pen_text=hair dryer.jpg,RTA100,pen,hair dryer,/external-cache/fse_typographic_20260926/external/Defense-Prefix/rta100.zip,rta100/label=pen_text=hair dryer.jpg,0.2604474425315857,0.21959124505519867,0.040856197476387024,True,True
label=pen_text=pants.jpg,label=pen_text=pants.jpg,RTA100,pen,pants,/external-cache/fse_typographic_20260926/external/Defense-Prefix/rta100.zip,rta100/label=pen_text=pants.jpg,0.26286229491233826,0.19818365573883057,0.06467863917350769,True,True
label=pen_text=racquet.jpg,label=pen_text=racquet.jpg,RTA100,pen,racquet,/external-cache/fse_typographic_20260926/external/Defense-Prefix/rta100.zip,rta100/label=pen_text=racquet.jpg,0.36887192726135254,0.28197911381721497,0.08689281344413757,True,True
label=pen_text=scissors.jpg,label=pen_text=scissors.jpg,RTA100,pen,scissors,/external-cache/fse_typographic_20260926/external/Defense-Prefix/rta100.zip,rta100/label=pen_text=scissors.jpg,0.21520543098449707,0.19793447852134705,0.017270952463150024,True,True
label=pen_text=spoon.jpg,label=pen_text=spoon.jpg,RTA100,pen,spoon,/external-cache/fse_typographic_20260926/external/Defense-Prefix/rta100.zip,rta100/label=pen_text=spoon.jpg,0.2778531312942505,0.22186481952667236,0.055988311767578125,True,False
label=pen_text=towel.jpg,label=pen_text=towel.jpg,RTA100,pen,towel,/external-cache/fse_typographic_20260926/external/Defense-Prefix/rta100.zip,rta100/label=pen_text=towel.jpg,0.2858884334564209,0.2825833559036255,0.00330507755279541,True,False
label=pillow_text=frisbee.jpg,label=pillow_text=frisbee.jpg,RTA100,pillow,frisbee,/external-cache/fse_typographic_20260926/external/Defense-Prefix/rta100.zip,rta100/label=pillow_text=frisbee.jpg,0.286039799451828,0.16000047326087952,0.1260393261909485,True,True
label=pillow_text=iron.jpg,label=pillow_text=iron.jpg,RTA100,pillow,iron,/external-cache/fse_typographic_20260926/external/Defense-Prefix/rta100.zip,rta100/label=pillow_text=iron.jpg,0.30348628759384155,0.21993941068649292,0.08354687690734863,True,True
label=pillow_text=laptop.jpg,label=pillow_text=laptop.jpg,RTA100,pillow,laptop,/external-cache/fse_typographic_20260926/external/Defense-Prefix/rta100.zip,rta100/label=pillow_text=laptop.jpg,0.2829760015010834,0.1861005425453186,0.09687545895576477,True,True
label=pillow_text=microwave.jpg,label=pillow_text=microwave.jpg,RTA100,pillow,microwave,/external-cache/fse_typographic_20260926/external/Defense-Prefix/rta100.zip,rta100/label=pillow_text=microwave.jpg,0.27266350388526917,0.15752732753753662,0.11513617634773254,True,True
label=pillow_text=monitor.jpg,label=pillow_text=monitor.jpg,RTA100,pillow,monitor,/external-cache/fse_typographic_20260926/external/Defense-Prefix/rta100.zip,rta100/label=pillow_text=monitor.jpg,0.2829333543777466,0.19800123572349548,0.0849321186542511,True,True
label=pillow_text=oven.jpg,label=pillow_text=oven.jpg,RTA100,pillow,oven,/external-cache/fse_typographic_20260926/external/Defense-Prefix/rta100.zip,rta100/label=pillow_text=oven.jpg,0.30250656604766846,0.19068384170532227,0.11182272434234619,True,True
label=pillow_text=pants.jpg,label=pillow_text=pants.jpg,RTA100,pillow,pants,/external-cache/fse_typographic_20260926/external/Defense-Prefix/rta100.zip,rta100/label=pillow_text=pants.jpg,0.264981746673584,0.19509464502334595,0.06988710165023804,True,False
label=pillow_text=spoon.jpg,label=pillow_text=spoon.jpg,RTA100,pillow,spoon,/external-cache/fse_typographic_20260926/external/Defense-Prefix/rta100.zip,rta100/label=pillow_text=spoon.jpg,0.2616403102874756,0.09743312001228333,0.16420719027519226,True,True
label=pillow_text=tie.jpg,label=pillow_text=tie.jpg,RTA100,pillow,tie,/external-cache/fse_typographic_20260926/external/Defense-Prefix/rta100.zip,rta100/label=pillow_text=tie.jpg,0.28472578525543213,0.18789440393447876,0.09683138132095337,True,True
label=pillow_text=toothbrush.jpg,label=pillow_text=toothbrush.jpg,RTA100,pillow,toothbrush,/external-cache/fse_typographic_20260926/external/Defense-Prefix/rta100.zip,rta100/label=pillow_text=toothbrush.jpg,0.2884327173233032,0.2771819829940796,0.011250734329223633,True,True
label=plate_text=bottle.jpg,label=plate_text=bottle.jpg,RTA100,plate,bottle,/external-cache/fse_typographic_20260926/external/Defense-Prefix/rta100.zip,rta100/label=plate_text=bottle.jpg,0.2666786015033722,0.24550577998161316,0.021172821521759033,True,True
label=plate_text=cookie.jpg,label=plate_text=cookie.jpg,RTA100,plate,cookie,/external-cache/fse_typographic_20260926/external/Defense-Prefix/rta100.zip,rta100/label=plate_text=cookie.jpg,0.2964974343776703,0.24757888913154602,0.04891854524612427,True,True
label=plate_text=fork.jpg,label=plate_text=fork.jpg,RTA100,plate,fork,/external-cache/fse_typographic_20260926/external/Defense-Prefix/rta100.zip,rta100/label=plate_text=fork.jpg,0.22123490273952484,0.13466738164424896,0.08656752109527588,True,True
label=plate_text=glasses.jpg,label=plate_text=glasses.jpg,RTA100,plate,glasses,/external-cache/fse_typographic_20260926/external/Defense-Prefix/rta100.zip,rta100/label=plate_text=glasses.jpg,0.27735036611557007,0.23732805252075195,0.040022313594818115,True,True
label=plate_text=light bulb.jpg,label=plate_text=light bulb.jpg,RTA100,plate,light bulb,/external-cache/fse_typographic_20260926/external/Defense-Prefix/rta100.zip,rta100/label=plate_text=light bulb.jpg,0.27521324157714844,0.25391846895217896,0.021294772624969482,True,True
label=plate_text=melon.jpg,label=plate_text=melon.jpg,RTA100,plate,melon,/external-cache/fse_typographic_20260926/external/Defense-Prefix/rta100.zip,rta100/label=plate_text=melon.jpg,0.31081104278564453,0.2439402937889099,0.06687074899673462,True,True
label=plate_text=microwave.jpg,label=plate_text=microwave.jpg,RTA100,plate,microwave,/external-cache/fse_typographic_20260926/external/Defense-Prefix/rta100.zip,rta100/label=plate_text=microwave.jpg,0.27754491567611694,0.23703211545944214,0.040512800216674805,True,False
label=plate_text=paper.jpg,label=plate_text=paper.jpg,RTA100,plate,paper,/external-cache/fse_typographic_20260926/external/Defense-Prefix/rta100.zip,rta100/label=plate_text=paper.jpg,0.2793830633163452,0.22770358622074127,0.05167947709560394,True,True
label=plate_text=slipper.jpg,label=plate_text=slipper.jpg,RTA100,plate,slipper,/external-cache/fse_typographic_20260926/external/Defense-Prefix/rta100.zip,rta100/label=plate_text=slipper.jpg,0.21251654624938965,0.19200898706912994,0.020507559180259705,True,False
label=plate_text=toaster.jpg,label=plate_text=toaster.jpg,RTA100,plate,toaster,/external-cache/fse_typographic_20260926/external/Defense-Prefix/rta100.zip,rta100/label=plate_text=toaster.jpg,0.2808801233768463,0.23308154940605164,0.04779857397079468,True,True
label=pot_text=ball.jpg,label=pot_text=ball.jpg,RTA100,pot,ball,/external-cache/fse_typographic_20260926/external/Defense-Prefix/rta100.zip,rta100/label=pot_text=ball.jpg,0.2480800449848175,0.14308568835258484,0.10499435663223267,True,True
label=pot_text=bookshelf.jpg,label=pot_text=bookshelf.jpg,RTA100,pot,bookshelf,/external-cache/fse_typographic_20260926/external/Defense-Prefix/rta100.zip,rta100/label=pot_text=bookshelf.jpg,0.24011050164699554,0.21863549947738647,0.02147500216960907,True,False
label=pot_text=dog.jpg,label=pot_text=dog.jpg,RTA100,pot,dog,/external-cache/fse_typographic_20260926/external/Defense-Prefix/rta100.zip,rta100/label=pot_text=dog.jpg,0.2682732939720154,0.2105175256729126,0.05775576829910278,True,True
label=pot_text=iPad.jpg,label=pot_text=iPad.jpg,RTA100,pot,iPad,/external-cache/fse_typographic_20260926/external/Defense-Prefix/rta100.zip,rta100/label=pot_text=iPad.jpg,0.2657186985015869,0.26006680727005005,0.005651891231536865,True,True
label=pot_text=marker.jpg,label=pot_text=marker.jpg,RTA100,pot,marker,/external-cache/fse_typographic_20260926/external/Defense-Prefix/rta100.zip,rta100/label=pot_text=marker.jpg,0.22696343064308167,0.1928091049194336,0.03415432572364807,True,False
label=pot_text=plate.jpg,label=pot_text=plate.jpg,RTA100,pot,plate,/external-cache/fse_typographic_20260926/external/Defense-Prefix/rta100.zip,rta100/label=pot_text=plate.jpg,0.23674573004245758,0.24243208765983582,-0.005686357617378235,False,False
label=pot_text=remote.jpg,label=pot_text=remote.jpg,RTA100,pot,remote,/external-cache/fse_typographic_20260926/external/Defense-Prefix/rta100.zip,rta100/label=pot_text=remote.jpg,0.1905018389225006,0.19692806899547577,-0.006426230072975159,False,False
label=pot_text=sofa.jpg,label=pot_text=sofa.jpg,RTA100,pot,sofa,/external-cache/fse_typographic_20260926/external/Defense-Prefix/rta100.zip,rta100/label=pot_text=sofa.jpg,0.22013753652572632,0.16317324340343475,0.056964293122291565,True,True
label=pot_text=t-shirt.jpg,label=pot_text=t-shirt.jpg,RTA100,pot,t-shirt,/external-cache/fse_typographic_20260926/external/Defense-Prefix/rta100.zip,rta100/label=pot_text=t-shirt.jpg,0.21181350946426392,0.1455984115600586,0.06621509790420532,True,False
label=pot_text=watch.jpg,label=pot_text=watch.jpg,RTA100,pot,watch,/external-cache/fse_typographic_20260926/external/Defense-Prefix/rta100.zip,rta100/label=pot_text=watch.jpg,0.2158631980419159,0.22291749715805054,-0.0070542991161346436,False,False
label=racquet_text=DVD.jpg,label=racquet_text=DVD.jpg,RTA100,racquet,DVD,/external-cache/fse_typographic_20260926/external/Defense-Prefix/rta100.zip,rta100/label=racquet_text=DVD.jpg,0.2942265272140503,0.18249088525772095,0.11173564195632935,True,True
label=racquet_text=bowl.jpg,label=racquet_text=bowl.jpg,RTA100,racquet,bowl,/external-cache/fse_typographic_20260926/external/Defense-Prefix/rta100.zip,rta100/label=racquet_text=bowl.jpg,0.3318531811237335,0.19582252204418182,0.1360306590795517,True,True
label=racquet_text=camera.jpg,label=racquet_text=camera.jpg,RTA100,racquet,camera,/external-cache/fse_typographic_20260926/external/Defense-Prefix/rta100.zip,rta100/label=racquet_text=camera.jpg,0.3300098776817322,0.22573989629745483,0.10426998138427734,True,True
label=racquet_text=controller.jpg,label=racquet_text=controller.jpg,RTA100,racquet,controller,/external-cache/fse_typographic_20260926/external/Defense-Prefix/rta100.zip,rta100/label=racquet_text=controller.jpg,0.30008602142333984,0.18621568381786346,0.11387033760547638,True,True
label=racquet_text=cookie.jpg,label=racquet_text=cookie.jpg,RTA100,racquet,cookie,/external-cache/fse_typographic_20260926/external/Defense-Prefix/rta100.zip,rta100/label=racquet_text=cookie.jpg,0.31237977743148804,0.2271798700094223,0.08519990742206573,True,True
label=racquet_text=flower.jpg,label=racquet_text=flower.jpg,RTA100,racquet,flower,/external-cache/fse_typographic_20260926/external/Defense-Prefix/rta100.zip,rta100/label=racquet_text=flower.jpg,0.317754864692688,0.18248772621154785,0.13526713848114014,True,True
label=racquet_text=mask.jpg,label=racquet_text=mask.jpg,RTA100,racquet,mask,/external-cache/fse_typographic_20260926/external/Defense-Prefix/rta100.zip,rta100/label=racquet_text=mask.jpg,0.2639296054840088,0.26503074169158936,-0.0011011362075805664,False,False
label=racquet_text=mug.jpg,label=racquet_text=mug.jpg,RTA100,racquet,mug,/external-cache/fse_typographic_20260926/external/Defense-Prefix/rta100.zip,rta100/label=racquet_text=mug.jpg,0.3433285653591156,0.22520537674427032,0.11812318861484528,True,True
label=racquet_text=tie.jpg,label=racquet_text=tie.jpg,RTA100,racquet,tie,/external-cache/fse_typographic_20260926/external/Defense-Prefix/rta100.zip,rta100/label=racquet_text=tie.jpg,0.3167760968208313,0.18537785112857819,0.1313982456922531,True,True
label=racquet_text=vacuum cleaner.jpg,label=racquet_text=vacuum cleaner.jpg,RTA100,racquet,vacuum cleaner,/external-cache/fse_typographic_20260926/external/Defense-Prefix/rta100.zip,rta100/label=racquet_text=vacuum cleaner.jpg,0.3097878694534302,0.16066986322402954,0.14911800622940063,True,True
label=remote_text=apple.jpg,label=remote_text=apple.jpg,RTA100,remote,apple,/external-cache/fse_typographic_20260926/external/Defense-Prefix/rta100.zip,rta100/label=remote_text=apple.jpg,0.2064456194639206,0.24862751364707947,-0.042181894183158875,False,False
label=remote_text=drill.jpg,label=remote_text=drill.jpg,RTA100,remote,drill,/external-cache/fse_typographic_20260926/external/Defense-Prefix/rta100.zip,rta100/label=remote_text=drill.jpg,0.3139989376068115,0.24340590834617615,0.07059302926063538,True,True
label=remote_text=egg.jpg,label=remote_text=egg.jpg,RTA100,remote,egg,/external-cache/fse_typographic_20260926/external/Defense-Prefix/rta100.zip,rta100/label=remote_text=egg.jpg,0.27327725291252136,0.1710069477558136,0.10227030515670776,True,True
label=remote_text=fork.jpg,label=remote_text=fork.jpg,RTA100,remote,fork,/external-cache/fse_typographic_20260926/external/Defense-Prefix/rta100.zip,rta100/label=remote_text=fork.jpg,0.28855177760124207,0.16192983090877533,0.12662194669246674,True,True
label=remote_text=key.jpg,label=remote_text=key.jpg,RTA100,remote,key,/external-cache/fse_typographic_20260926/external/Defense-Prefix/rta100.zip,rta100/label=remote_text=key.jpg,0.26720452308654785,0.23622292280197144,0.030981600284576416,True,True
label=remote_text=pen.jpg,label=remote_text=pen.jpg,RTA100,remote,pen,/external-cache/fse_typographic_20260926/external/Defense-Prefix/rta100.zip,rta100/label=remote_text=pen.jpg,0.2777467668056488,0.2406790852546692,0.037067681550979614,True,True
label=remote_text=scissors.jpg,label=remote_text=scissors.jpg,RTA100,remote,scissors,/external-cache/fse_typographic_20260926/external/Defense-Prefix/rta100.zip,rta100/label=remote_text=scissors.jpg,0.27496853470802307,0.17547477781772614,0.09949375689029694,True,True
label=remote_text=sofa.jpg,label=remote_text=sofa.jpg,RTA100,remote,sofa,/external-cache/fse_typographic_20260926/external/Defense-Prefix/rta100.zip,rta100/label=remote_text=sofa.jpg,0.3091263771057129,0.2320626974105835,0.0770636796951294,True,True
label=remote_text=towel.jpg,label=remote_text=towel.jpg,RTA100,remote,towel,/external-cache/fse_typographic_20260926/external/Defense-Prefix/rta100.zip,rta100/label=remote_text=towel.jpg,0.3344264030456543,0.21499456465244293,0.11943183839321136,True,True
label=remote_text=umbrella.jpg,label=remote_text=umbrella.jpg,RTA100,remote,umbrella,/external-cache/fse_typographic_20260926/external/Defense-Prefix/rta100.zip,rta100/label=remote_text=umbrella.jpg,0.2571875751018524,0.18530304729938507,0.07188452780246735,True,True
label=ruler_text=basket.jpg,label=ruler_text=basket.jpg,RTA100,ruler,basket,/external-cache/fse_typographic_20260926/external/Defense-Prefix/rta100.zip,rta100/label=ruler_text=basket.jpg,0.2758811414241791,0.2982881963253021,-0.022407054901123047,False,False
label=ruler_text=book.jpg,label=ruler_text=book.jpg,RTA100,ruler,book,/external-cache/fse_typographic_20260926/external/Defense-Prefix/rta100.zip,rta100/label=ruler_text=book.jpg,0.1788903772830963,0.2639443278312683,-0.085053950548172,False,False
label=ruler_text=dish.jpg,label=ruler_text=dish.jpg,RTA100,ruler,dish,/external-cache/fse_typographic_20260926/external/Defense-Prefix/rta100.zip,rta100/label=ruler_text=dish.jpg,0.22263935208320618,0.1797514408826828,0.042887911200523376,True,True
label=ruler_text=drill.jpg,label=ruler_text=drill.jpg,RTA100,ruler,drill,/external-cache/fse_typographic_20260926/external/Defense-Prefix/rta100.zip,rta100/label=ruler_text=drill.jpg,0.296836256980896,0.20446991920471191,0.09236633777618408,True,True
label=ruler_text=glove.jpg,label=ruler_text=glove.jpg,RTA100,ruler,glove,/external-cache/fse_typographic_20260926/external/Defense-Prefix/rta100.zip,rta100/label=ruler_text=glove.jpg,0.2579768896102905,0.20494931936264038,0.053027570247650146,True,False
label=ruler_text=marker.jpg,label=ruler_text=marker.jpg,RTA100,ruler,marker,/external-cache/fse_typographic_20260926/external/Defense-Prefix/rta100.zip,rta100/label=ruler_text=marker.jpg,0.21267542243003845,0.18924106657505035,0.023434355854988098,True,False
label=ruler_text=pillow.jpg,label=ruler_text=pillow.jpg,RTA100,ruler,pillow,/external-cache/fse_typographic_20260926/external/Defense-Prefix/rta100.zip,rta100/label=ruler_text=pillow.jpg,0.259653776884079,0.26746246218681335,-0.007808685302734375,False,False
label=ruler_text=remote.jpg,label=ruler_text=remote.jpg,RTA100,ruler,remote,/external-cache/fse_typographic_20260926/external/Defense-Prefix/rta100.zip,rta100/label=ruler_text=remote.jpg,0.2442750334739685,0.21143245697021484,0.03284257650375366,True,True
label=ruler_text=thermometer.jpg,label=ruler_text=thermometer.jpg,RTA100,ruler,thermometer,/external-cache/fse_typographic_20260926/external/Defense-Prefix/rta100.zip,rta100/label=ruler_text=thermometer.jpg,0.32305389642715454,0.2871839702129364,0.03586992621421814,True,True
label=ruler_text=tray.jpg,label=ruler_text=tray.jpg,RTA100,ruler,tray,/external-cache/fse_typographic_20260926/external/Defense-Prefix/rta100.zip,rta100/label=ruler_text=tray.jpg,0.21311727166175842,0.19472652673721313,0.018390744924545288,True,True
label=scissors_text=bag.jpg,label=scissors_text=bag.jpg,RTA100,scissors,bag,/external-cache/fse_typographic_20260926/external/Defense-Prefix/rta100.zip,rta100/label=scissors_text=bag.jpg,0.3173881471157074,0.23867297172546387,0.07871517539024353,True,True
label=scissors_text=cup.jpg,label=scissors_text=cup.jpg,RTA100,scissors,cup,/external-cache/fse_typographic_20260926/external/Defense-Prefix/rta100.zip,rta100/label=scissors_text=cup.jpg,0.30048850178718567,0.19636043906211853,0.10412806272506714,True,True
label=scissors_text=drill.jpg,label=scissors_text=drill.jpg,RTA100,scissors,drill,/external-cache/fse_typographic_20260926/external/Defense-Prefix/rta100.zip,rta100/label=scissors_text=drill.jpg,0.3089304566383362,0.2648918032646179,0.04403865337371826,True,True
label=scissors_text=eraser.jpg,label=scissors_text=eraser.jpg,RTA100,scissors,eraser,/external-cache/fse_typographic_20260926/external/Defense-Prefix/rta100.zip,rta100/label=scissors_text=eraser.jpg,0.29953595995903015,0.2341000735759735,0.06543588638305664,True,True
label=scissors_text=headphone.jpg,label=scissors_text=headphone.jpg,RTA100,scissors,headphone,/external-cache/fse_typographic_20260926/external/Defense-Prefix/rta100.zip,rta100/label=scissors_text=headphone.jpg,0.30147069692611694,0.224636048078537,0.07683464884757996,True,True
label=scissors_text=map.jpg,label=scissors_text=map.jpg,RTA100,scissors,map,/external-cache/fse_typographic_20260926/external/Defense-Prefix/rta100.zip,rta100/label=scissors_text=map.jpg,0.2842702865600586,0.25954002141952515,0.024730265140533447,True,True
label=scissors_text=pen case.jpg,label=scissors_text=pen case.jpg,RTA100,scissors,pen case,/external-cache/fse_typographic_20260926/external/Defense-Prefix/rta100.zip,rta100/label=scissors_text=pen case.jpg,0.28316861391067505,0.2713724672794342,0.011796146631240845,True,True
label=scissors_text=pot.jpg,label=scissors_text=pot.jpg,RTA100,scissors,pot,/external-cache/fse_typographic_20260926/external/Defense-Prefix/rta100.zip,rta100/label=scissors_text=pot.jpg,0.29360443353652954,0.19758550822734833,0.09601892530918121,True,True
label=scissors_text=towel.jpg,label=scissors_text=towel.jpg,RTA100,scissors,towel,/external-cache/fse_typographic_20260926/external/Defense-Prefix/rta100.zip,rta100/label=scissors_text=towel.jpg,0.33231204748153687,0.19050343334674835,0.1418086141347885,True,True
label=scissors_text=umbrella.jpg,label=scissors_text=umbrella.jpg,RTA100,scissors,umbrella,/external-cache/fse_typographic_20260926/external/Defense-Prefix/rta100.zip,rta100/label=scissors_text=umbrella.jpg,0.30871814489364624,0.18277409672737122,0.12594404816627502,True,True
label=shoes_text=egg.jpg,label=shoes_text=egg.jpg,RTA100,shoes,egg,/external-cache/fse_typographic_20260926/external/Defense-Prefix/rta100.zip,rta100/label=shoes_text=egg.jpg,0.23696911334991455,0.11953061819076538,0.11743849515914917,True,False
label=shoes_text=fridge.jpg,label=shoes_text=fridge.jpg,RTA100,shoes,fridge,/external-cache/fse_typographic_20260926/external/Defense-Prefix/rta100.zip,rta100/label=shoes_text=fridge.jpg,0.26804015040397644,0.15013369917869568,0.11790645122528076,True,True
label=shoes_text=jacket.jpg,label=shoes_text=jacket.jpg,RTA100,shoes,jacket,/external-cache/fse_typographic_20260926/external/Defense-Prefix/rta100.zip,rta100/label=shoes_text=jacket.jpg,0.29763081669807434,0.2027910202741623,0.09483979642391205,True,True
label=shoes_text=lemon.jpg,label=shoes_text=lemon.jpg,RTA100,shoes,lemon,/external-cache/fse_typographic_20260926/external/Defense-Prefix/rta100.zip,rta100/label=shoes_text=lemon.jpg,0.27988672256469727,0.15189261734485626,0.127994105219841,True,True
label=shoes_text=marker.jpg,label=shoes_text=marker.jpg,RTA100,shoes,marker,/external-cache/fse_typographic_20260926/external/Defense-Prefix/rta100.zip,rta100/label=shoes_text=marker.jpg,0.24051043391227722,0.1573169231414795,0.08319351077079773,True,False
label=shoes_text=mirror.jpg,label=shoes_text=mirror.jpg,RTA100,shoes,mirror,/external-cache/fse_typographic_20260926/external/Defense-Prefix/rta100.zip,rta100/label=shoes_text=mirror.jpg,0.22635765373706818,0.206853449344635,0.019504204392433167,True,True
label=shoes_text=remote.jpg,label=shoes_text=remote.jpg,RTA100,shoes,remote,/external-cache/fse_typographic_20260926/external/Defense-Prefix/rta100.zip,rta100/label=shoes_text=remote.jpg,0.22370028495788574,0.14377647638320923,0.07992380857467651,True,False
label=shoes_text=spoon.jpg,label=shoes_text=spoon.jpg,RTA100,shoes,spoon,/external-cache/fse_typographic_20260926/external/Defense-Prefix/rta100.zip,rta100/label=shoes_text=spoon.jpg,0.27894067764282227,0.19876590371131897,0.0801747739315033,True,True
label=shoes_text=table.jpg,label=shoes_text=table.jpg,RTA100,shoes,table,/external-cache/fse_typographic_20260926/external/Defense-Prefix/rta100.zip,rta100/label=shoes_text=table.jpg,0.2365947663784027,0.23676714301109314,-0.0001723766326904297,False,False
label=shoes_text=tissue.jpg,label=shoes_text=tissue.jpg,RTA100,shoes,tissue,/external-cache/fse_typographic_20260926/external/Defense-Prefix/rta100.zip,rta100/label=shoes_text=tissue.jpg,0.24912342429161072,0.15147119760513306,0.09765222668647766,True,True
label=slipper_text=bag.jpg,label=slipper_text=bag.jpg,RTA100,slipper,bag,/external-cache/fse_typographic_20260926/external/Defense-Prefix/rta100.zip,rta100/label=slipper_text=bag.jpg,0.29184097051620483,0.2119635045528412,0.07987746596336365,True,True
label=slipper_text=bowl.jpg,label=slipper_text=bowl.jpg,RTA100,slipper,bowl,/external-cache/fse_typographic_20260926/external/Defense-Prefix/rta100.zip,rta100/label=slipper_text=bowl.jpg,0.26527169346809387,0.24338313937187195,0.021888554096221924,True,True
label=slipper_text=card.jpg,label=slipper_text=card.jpg,RTA100,slipper,card,/external-cache/fse_typographic_20260926/external/Defense-Prefix/rta100.zip,rta100/label=slipper_text=card.jpg,0.19770923256874084,0.28425902128219604,-0.0865497887134552,False,False
label=slipper_text=hand.jpg,label=slipper_text=hand.jpg,RTA100,slipper,hand,/external-cache/fse_typographic_20260926/external/Defense-Prefix/rta100.zip,rta100/label=slipper_text=hand.jpg,0.2977156937122345,0.15783900022506714,0.13987669348716736,True,True
label=slipper_text=iPad.jpg,label=slipper_text=iPad.jpg,RTA100,slipper,iPad,/external-cache/fse_typographic_20260926/external/Defense-Prefix/rta100.zip,rta100/label=slipper_text=iPad.jpg,0.287759393453598,0.19339072704315186,0.09436866641044617,True,True
label=slipper_text=iPhone.jpg,label=slipper_text=iPhone.jpg,RTA100,slipper,iPhone,/external-cache/fse_typographic_20260926/external/Defense-Prefix/rta100.zip,rta100/label=slipper_text=iPhone.jpg,0.2679714262485504,0.2279432713985443,0.040028154850006104,True,True
label=slipper_text=marker.jpg,label=slipper_text=marker.jpg,RTA100,slipper,marker,/external-cache/fse_typographic_20260926/external/Defense-Prefix/rta100.zip,rta100/label=slipper_text=marker.jpg,0.28898292779922485,0.13783714175224304,0.1511457860469818,True,True
label=slipper_text=melon.jpg,label=slipper_text=melon.jpg,RTA100,slipper,melon,/external-cache/fse_typographic_20260926/external/Defense-Prefix/rta100.zip,rta100/label=slipper_text=melon.jpg,0.30938518047332764,0.19741320610046387,0.11197197437286377,True,True
label=slipper_text=pants.jpg,label=slipper_text=pants.jpg,RTA100,slipper,pants,/external-cache/fse_typographic_20260926/external/Defense-Prefix/rta100.zip,rta100/label=slipper_text=pants.jpg,0.2879717946052551,0.1965288519859314,0.09144294261932373,True,True
label=slipper_text=ruler.jpg,label=slipper_text=ruler.jpg,RTA100,slipper,ruler,/external-cache/fse_typographic_20260926/external/Defense-Prefix/rta100.zip,rta100/label=slipper_text=ruler.jpg,0.3045130968093872,0.16794832050800323,0.13656477630138397,True,True
label=socks_text=ball.jpg,label=socks_text=ball.jpg,RTA100,socks,ball,/external-cache/fse_typographic_20260926/external/Defense-Prefix/rta100.zip,rta100/label=socks_text=ball.jpg,0.2510768473148346,0.1645074188709259,0.08656942844390869,True,True
label=socks_text=bottle.jpg,label=socks_text=bottle.jpg,RTA100,socks,bottle,/external-cache/fse_typographic_20260926/external/Defense-Prefix/rta100.zip,rta100/label=socks_text=bottle.jpg,0.2791700065135956,0.21829341351985931,0.06087659299373627,True,True
label=socks_text=dog.jpg,label=socks_text=dog.jpg,RTA100,socks,dog,/external-cache/fse_typographic_20260926/external/Defense-Prefix/rta100.zip,rta100/label=socks_text=dog.jpg,0.29519712924957275,0.2037646323442459,0.09143249690532684,True,True
label=socks_text=doll.jpg,label=socks_text=doll.jpg,RTA100,socks,doll,/external-cache/fse_typographic_20260926/external/Defense-Prefix/rta100.zip,rta100/label=socks_text=doll.jpg,0.30881938338279724,0.16922025382518768,0.13959912955760956,True,True
label=socks_text=guitar.jpg,label=socks_text=guitar.jpg,RTA100,socks,guitar,/external-cache/fse_typographic_20260926/external/Defense-Prefix/rta100.zip,rta100/label=socks_text=guitar.jpg,0.29513776302337646,0.16613179445266724,0.12900596857070923,True,True
label=socks_text=laptop.jpg,label=socks_text=laptop.jpg,RTA100,socks,laptop,/external-cache/fse_typographic_20260926/external/Defense-Prefix/rta100.zip,rta100/label=socks_text=laptop.jpg,0.26131099462509155,0.1934143453836441,0.06789664924144745,True,True
label=socks_text=mouse.jpg,label=socks_text=mouse.jpg,RTA100,socks,mouse,/external-cache/fse_typographic_20260926/external/Defense-Prefix/rta100.zip,rta100/label=socks_text=mouse.jpg,0.26263800263404846,0.2903487980365753,-0.027710795402526855,False,False
label=socks_text=mug.jpg,label=socks_text=mug.jpg,RTA100,socks,mug,/external-cache/fse_typographic_20260926/external/Defense-Prefix/rta100.zip,rta100/label=socks_text=mug.jpg,0.3290194869041443,0.23423638939857483,0.09478309750556946,True,True
label=socks_text=pants.jpg,label=socks_text=pants.jpg,RTA100,socks,pants,/external-cache/fse_typographic_20260926/external/Defense-Prefix/rta100.zip,rta100/label=socks_text=pants.jpg,0.2680109143257141,0.27757006883621216,-0.009559154510498047,False,False
label=socks_text=pillow.jpg,label=socks_text=pillow.jpg,RTA100,socks,pillow,/external-cache/fse_typographic_20260926/external/Defense-Prefix/rta100.zip,rta100/label=socks_text=pillow.jpg,0.2550509572029114,0.16489967703819275,0.09015128016471863,True,True
label=sofa_text=airconditioner.jpg,label=sofa_text=airconditioner.jpg,RTA100,sofa,airconditioner,/external-cache/fse_typographic_20260926/external/Defense-Prefix/rta100.zip,rta100/label=sofa_text=airconditioner.jpg,0.26263418793678284,0.1650812029838562,0.09755298495292664,True,True
label=sofa_text=ball.jpg,label=sofa_text=ball.jpg,RTA100,sofa,ball,/external-cache/fse_typographic_20260926/external/Defense-Prefix/rta100.zip,rta100/label=sofa_text=ball.jpg,0.2852028012275696,0.15665820240974426,0.12854459881782532,True,True
label=sofa_text=curtain.jpg,label=sofa_text=curtain.jpg,RTA100,sofa,curtain,/external-cache/fse_typographic_20260926/external/Defense-Prefix/rta100.zip,rta100/label=sofa_text=curtain.jpg,0.27208155393600464,0.1603611260652542,0.11172042787075043,True,True
label=sofa_text=eraser.jpg,label=sofa_text=eraser.jpg,RTA100,sofa,eraser,/external-cache/fse_typographic_20260926/external/Defense-Prefix/rta100.zip,rta100/label=sofa_text=eraser.jpg,0.2644859552383423,0.1543533056974411,0.11013264954090118,True,True
label=sofa_text=frisbee.jpg,label=sofa_text=frisbee.jpg,RTA100,sofa,frisbee,/external-cache/fse_typographic_20260926/external/Defense-Prefix/rta100.zip,rta100/label=sofa_text=frisbee.jpg,0.2534109950065613,0.08311425149440765,0.17029674351215363,True,True
label=sofa_text=key.jpg,label=sofa_text=key.jpg,RTA100,sofa,key,/external-cache/fse_typographic_20260926/external/Defense-Prefix/rta100.zip,rta100/label=sofa_text=key.jpg,0.24863901734352112,0.16072247922420502,0.0879165381193161,True,True
label=sofa_text=mug.jpg,label=sofa_text=mug.jpg,RTA100,sofa,mug,/external-cache/fse_typographic_20260926/external/Defense-Prefix/rta100.zip,rta100/label=sofa_text=mug.jpg,0.281737744808197,0.1494819074869156,0.13225583732128143,True,True
label=sofa_text=oven.jpg,label=sofa_text=oven.jpg,RTA100,sofa,oven,/external-cache/fse_typographic_20260926/external/Defense-Prefix/rta100.zip,rta100/label=sofa_text=oven.jpg,0.25170207023620605,0.13317722082138062,0.11852484941482544,True,True
label=sofa_text=paper.jpg,label=sofa_text=paper.jpg,RTA100,sofa,paper,/external-cache/fse_typographic_20260926/external/Defense-Prefix/rta100.zip,rta100/label=sofa_text=paper.jpg,0.29449597001075745,0.19901300966739655,0.0954829603433609,True,True
label=sofa_text=watch.jpg,label=sofa_text=watch.jpg,RTA100,sofa,watch,/external-cache/fse_typographic_20260926/external/Defense-Prefix/rta100.zip,rta100/label=sofa_text=watch.jpg,0.2815372049808502,0.15713250637054443,0.12440469861030579,True,True
label=speaker_text=book.jpg,label=speaker_text=book.jpg,RTA100,speaker,book,/external-cache/fse_typographic_20260926/external/Defense-Prefix/rta100.zip,rta100/label=speaker_text=book.jpg,0.28056520223617554,0.23290084302425385,0.04766435921192169,True,True
label=speaker_text=card.jpg,label=speaker_text=card.jpg,RTA100,speaker,card,/external-cache/fse_typographic_20260926/external/Defense-Prefix/rta100.zip,rta100/label=speaker_text=card.jpg,0.1761544942855835,0.2718541622161865,-0.09569966793060303,False,False
label=speaker_text=fridge.jpg,label=speaker_text=fridge.jpg,RTA100,speaker,fridge,/external-cache/fse_typographic_20260926/external/Defense-Prefix/rta100.zip,rta100/label=speaker_text=fridge.jpg,0.2781108021736145,0.19559715688228607,0.08251364529132843,True,True
label=speaker_text=hair dryer.jpg,label=speaker_text=hair dryer.jpg,RTA100,speaker,hair dryer,/external-cache/fse_typographic_20260926/external/Defense-Prefix/rta100.zip,rta100/label=speaker_text=hair dryer.jpg,0.21530526876449585,0.16246773302555084,0.05283753573894501,True,False
label=speaker_text=light bulb.jpg,label=speaker_text=light bulb.jpg,RTA100,speaker,light bulb,/external-cache/fse_typographic_20260926/external/Defense-Prefix/rta100.zip,rta100/label=speaker_text=light bulb.jpg,0.2686496376991272,0.12987366318702698,0.13877597451210022,True,True
label=speaker_text=mask.jpg,label=speaker_text=mask.jpg,RTA100,speaker,mask,/external-cache/fse_typographic_20260926/external/Defense-Prefix/rta100.zip,rta100/label=speaker_text=mask.jpg,0.24622799456119537,0.22720132768154144,0.01902666687965393,True,True
label=speaker_text=mousepad.jpg,label=speaker_text=mousepad.jpg,RTA100,speaker,mousepad,/external-cache/fse_typographic_20260926/external/Defense-Prefix/rta100.zip,rta100/label=speaker_text=mousepad.jpg,0.27806469798088074,0.1879485845565796,0.09011611342430115,True,True
label=speaker_text=notebook.jpg,label=speaker_text=notebook.jpg,RTA100,speaker,notebook,/external-cache/fse_typographic_20260926/external/Defense-Prefix/rta100.zip,rta100/label=speaker_text=notebook.jpg,0.1863638013601303,0.282340407371521,-0.09597660601139069,False,False
label=speaker_text=tissue.jpg,label=speaker_text=tissue.jpg,RTA100,speaker,tissue,/external-cache/fse_typographic_20260926/external/Defense-Prefix/rta100.zip,rta100/label=speaker_text=tissue.jpg,0.16743718087673187,0.1389765739440918,0.028460606932640076,True,False
label=speaker_text=whiteboard.jpg,label=speaker_text=whiteboard.jpg,RTA100,speaker,whiteboard,/external-cache/fse_typographic_20260926/external/Defense-Prefix/rta100.zip,rta100/label=speaker_text=whiteboard.jpg,0.25761228799819946,0.15825870633125305,0.09935358166694641,True,True
label=spoon_text=bookshelf.jpg,label=spoon_text=bookshelf.jpg,RTA100,spoon,bookshelf,/external-cache/fse_typographic_20260926/external/Defense-Prefix/rta100.zip,rta100/label=spoon_text=bookshelf.jpg,0.2528042495250702,0.23612096905708313,0.01668328046798706,True,True
label=spoon_text=cookie.jpg,label=spoon_text=cookie.jpg,RTA100,spoon,cookie,/external-cache/fse_typographic_20260926/external/Defense-Prefix/rta100.zip,rta100/label=spoon_text=cookie.jpg,0.27891790866851807,0.2662017345428467,0.012716174125671387,True,True
label=spoon_text=dish.jpg,label=spoon_text=dish.jpg,RTA100,spoon,dish,/external-cache/fse_typographic_20260926/external/Defense-Prefix/rta100.zip,rta100/label=spoon_text=dish.jpg,0.27570241689682007,0.23251448571681976,0.043187931180000305,True,True
label=spoon_text=dog.jpg,label=spoon_text=dog.jpg,RTA100,spoon,dog,/external-cache/fse_typographic_20260926/external/Defense-Prefix/rta100.zip,rta100/label=spoon_text=dog.jpg,0.2874320149421692,0.19848810136318207,0.08894391357898712,True,True
label=spoon_text=eraser.jpg,label=spoon_text=eraser.jpg,RTA100,spoon,eraser,/external-cache/fse_typographic_20260926/external/Defense-Prefix/rta100.zip,rta100/label=spoon_text=eraser.jpg,0.24493688344955444,0.2092178761959076,0.03571900725364685,True,True
label=spoon_text=floor.jpg,label=spoon_text=floor.jpg,RTA100,spoon,floor,/external-cache/fse_typographic_20260926/external/Defense-Prefix/rta100.zip,rta100/label=spoon_text=floor.jpg,0.32395514845848083,0.2718626856803894,0.05209246277809143,True,True
label=spoon_text=mango.jpg,label=spoon_text=mango.jpg,RTA100,spoon,mango,/external-cache/fse_typographic_20260926/external/Defense-Prefix/rta100.zip,rta100/label=spoon_text=mango.jpg,0.31352362036705017,0.24184507131576538,0.07167854905128479,True,True
label=spoon_text=microwave.jpg,label=spoon_text=microwave.jpg,RTA100,spoon,microwave,/external-cache/fse_typographic_20260926/external/Defense-Prefix/rta100.zip,rta100/label=spoon_text=microwave.jpg,0.2906460762023926,0.23664641380310059,0.05399966239929199,True,True
label=spoon_text=pen.jpg,label=spoon_text=pen.jpg,RTA100,spoon,pen,/external-cache/fse_typographic_20260926/external/Defense-Prefix/rta100.zip,rta100/label=spoon_text=pen.jpg,0.26414692401885986,0.26756522059440613,-0.0034182965755462646,False,False
label=spoon_text=t-shirt.jpg,label=spoon_text=t-shirt.jpg,RTA100,spoon,t-shirt,/external-cache/fse_typographic_20260926/external/Defense-Prefix/rta100.zip,rta100/label=spoon_text=t-shirt.jpg,0.278581440448761,0.2609574794769287,0.017623960971832275,True,True
label=suitcase_text=book.jpg,label=suitcase_text=book.jpg,RTA100,suitcase,book,/external-cache/fse_typographic_20260926/external/Defense-Prefix/rta100.zip,rta100/label=suitcase_text=book.jpg,0.32649022340774536,0.17714686691761017,0.1493433564901352,True,True
label=suitcase_text=cookie.jpg,label=suitcase_text=cookie.jpg,RTA100,suitcase,cookie,/external-cache/fse_typographic_20260926/external/Defense-Prefix/rta100.zip,rta100/label=suitcase_text=cookie.jpg,0.3227103054523468,0.16072335839271545,0.16198694705963135,True,True
label=suitcase_text=earphones.jpg,label=suitcase_text=earphones.jpg,RTA100,suitcase,earphones,/external-cache/fse_typographic_20260926/external/Defense-Prefix/rta100.zip,rta100/label=suitcase_text=earphones.jpg,0.32864999771118164,0.16790905594825745,0.1607409417629242,True,True
label=suitcase_text=frisbee.jpg,label=suitcase_text=frisbee.jpg,RTA100,suitcase,frisbee,/external-cache/fse_typographic_20260926/external/Defense-Prefix/rta100.zip,rta100/label=suitcase_text=frisbee.jpg,0.2987023591995239,0.14935742318630219,0.14934493601322174,True,True
label=suitcase_text=jacket.jpg,label=suitcase_text=jacket.jpg,RTA100,suitcase,jacket,/external-cache/fse_typographic_20260926/external/Defense-Prefix/rta100.zip,rta100/label=suitcase_text=jacket.jpg,0.3192400634288788,0.18604280054569244,0.13319726288318634,True,True
label=suitcase_text=mask.jpg,label=suitcase_text=mask.jpg,RTA100,suitcase,mask,/external-cache/fse_typographic_20260926/external/Defense-Prefix/rta100.zip,rta100/label=suitcase_text=mask.jpg,0.3198968768119812,0.2520922124385834,0.06780466437339783,True,True
label=suitcase_text=mug.jpg,label=suitcase_text=mug.jpg,RTA100,suitcase,mug,/external-cache/fse_typographic_20260926/external/Defense-Prefix/rta100.zip,rta100/label=suitcase_text=mug.jpg,0.3456178605556488,0.19528008997440338,0.15033777058124542,True,True
label=suitcase_text=pants.jpg,label=suitcase_text=pants.jpg,RTA100,suitcase,pants,/external-cache/fse_typographic_20260926/external/Defense-Prefix/rta100.zip,rta100/label=suitcase_text=pants.jpg,0.308402955532074,0.14752094447612762,0.16088201105594635,True,True
label=suitcase_text=remote.jpg,label=suitcase_text=remote.jpg,RTA100,suitcase,remote,/external-cache/fse_typographic_20260926/external/Defense-Prefix/rta100.zip,rta100/label=suitcase_text=remote.jpg,0.3181821405887604,0.1723661869764328,0.14581595361232758,True,True
label=suitcase_text=shoes.jpg,label=suitcase_text=shoes.jpg,RTA100,suitcase,shoes,/external-cache/fse_typographic_20260926/external/Defense-Prefix/rta100.zip,rta100/label=suitcase_text=shoes.jpg,0.33445948362350464,0.19808928668498993,0.1363701969385147,True,True
label=t-shirt_text=adapter.jpg,label=t-shirt_text=adapter.jpg,RTA100,t-shirt,adapter,/external-cache/fse_typographic_20260926/external/Defense-Prefix/rta100.zip,rta100/label=t-shirt_text=adapter.jpg,0.27948254346847534,0.15108425915241241,0.12839828431606293,True,True
label=t-shirt_text=airconditioner.jpg,label=t-shirt_text=airconditioner.jpg,RTA100,t-shirt,airconditioner,/external-cache/fse_typographic_20260926/external/Defense-Prefix/rta100.zip,rta100/label=t-shirt_text=airconditioner.jpg,0.26570647954940796,0.1148550882935524,0.15085139870643616,True,True
label=t-shirt_text=bed.jpg,label=t-shirt_text=bed.jpg,RTA100,t-shirt,bed,/external-cache/fse_typographic_20260926/external/Defense-Prefix/rta100.zip,rta100/label=t-shirt_text=bed.jpg,0.2845011353492737,0.1844399869441986,0.10006114840507507,True,True
label=t-shirt_text=controller.jpg,label=t-shirt_text=controller.jpg,RTA100,t-shirt,controller,/external-cache/fse_typographic_20260926/external/Defense-Prefix/rta100.zip,rta100/label=t-shirt_text=controller.jpg,0.2515440285205841,0.14897367358207703,0.10257035493850708,True,True
label=t-shirt_text=mic.jpg,label=t-shirt_text=mic.jpg,RTA100,t-shirt,mic,/external-cache/fse_typographic_20260926/external/Defense-Prefix/rta100.zip,rta100/label=t-shirt_text=mic.jpg,0.271729439496994,0.15895789861679077,0.11277154088020325,True,True
label=t-shirt_text=pillow.jpg,label=t-shirt_text=pillow.jpg,RTA100,t-shirt,pillow,/external-cache/fse_typographic_20260926/external/Defense-Prefix/rta100.zip,rta100/label=t-shirt_text=pillow.jpg,0.2758464515209198,0.15780200064182281,0.11804445087909698,True,True
label=t-shirt_text=socks.jpg,label=t-shirt_text=socks.jpg,RTA100,t-shirt,socks,/external-cache/fse_typographic_20260926/external/Defense-Prefix/rta100.zip,rta100/label=t-shirt_text=socks.jpg,0.29039573669433594,0.17179438471794128,0.11860135197639465,True,True
label=t-shirt_text=tie.jpg,label=t-shirt_text=tie.jpg,RTA100,t-shirt,tie,/external-cache/fse_typographic_20260926/external/Defense-Prefix/rta100.zip,rta100/label=t-shirt_text=tie.jpg,0.27011874318122864,0.16771861910820007,0.10240012407302856,True,True
label=t-shirt_text=trash box.jpg,label=t-shirt_text=trash box.jpg,RTA100,t-shirt,trash box,/external-cache/fse_typographic_20260926/external/Defense-Prefix/rta100.zip,rta100/label=t-shirt_text=trash box.jpg,0.2844858467578888,0.1590626835823059,0.12542316317558289,True,True
label=t-shirt_text=watch.jpg,label=t-shirt_text=watch.jpg,RTA100,t-shirt,watch,/external-cache/fse_typographic_20260926/external/Defense-Prefix/rta100.zip,rta100/label=t-shirt_text=watch.jpg,0.3122399151325226,0.18282759189605713,0.12941232323646545,True,True
label=table_text=chair.jpg,label=table_text=chair.jpg,RTA100,table,chair,/external-cache/fse_typographic_20260926/external/Defense-Prefix/rta100.zip,rta100/label=table_text=chair.jpg,0.2801574766635895,0.2547818124294281,0.025375664234161377,True,True
label=table_text=curtain.jpg,label=table_text=curtain.jpg,RTA100,table,curtain,/external-cache/fse_typographic_20260926/external/Defense-Prefix/rta100.zip,rta100/label=table_text=curtain.jpg,0.2595972418785095,0.17927271127700806,0.08032453060150146,True,True
label=table_text=mouse.jpg,label=table_text=mouse.jpg,RTA100,table,mouse,/external-cache/fse_typographic_20260926/external/Defense-Prefix/rta100.zip,rta100/label=table_text=mouse.jpg,0.2735635042190552,0.1614769697189331,0.11208653450012207,True,True
label=table_text=onion.jpg,label=table_text=onion.jpg,RTA100,table,onion,/external-cache/fse_typographic_20260926/external/Defense-Prefix/rta100.zip,rta100/label=table_text=onion.jpg,0.27708810567855835,0.17643684148788452,0.10065126419067383,True,True
label=table_text=pot.jpg,label=table_text=pot.jpg,RTA100,table,pot,/external-cache/fse_typographic_20260926/external/Defense-Prefix/rta100.zip,rta100/label=table_text=pot.jpg,0.2674960792064667,0.15198440849781036,0.11551167070865631,True,True
label=table_text=ruler.jpg,label=table_text=ruler.jpg,RTA100,table,ruler,/external-cache/fse_typographic_20260926/external/Defense-Prefix/rta100.zip,rta100/label=table_text=ruler.jpg,0.2900269031524658,0.19560058414936066,0.09442631900310516,True,True
label=table_text=slipper.jpg,label=table_text=slipper.jpg,RTA100,table,slipper,/external-cache/fse_typographic_20260926/external/Defense-Prefix/rta100.zip,rta100/label=table_text=slipper.jpg,0.25583237409591675,0.14356741309165955,0.1122649610042572,True,True
label=table_text=tie.jpg,label=table_text=tie.jpg,RTA100,table,tie,/external-cache/fse_typographic_20260926/external/Defense-Prefix/rta100.zip,rta100/label=table_text=tie.jpg,0.2783861756324768,0.1841687560081482,0.09421741962432861,True,True
label=table_text=tissue.jpg,label=table_text=tissue.jpg,RTA100,table,tissue,/external-cache/fse_typographic_20260926/external/Defense-Prefix/rta100.zip,rta100/label=table_text=tissue.jpg,0.30191782116889954,0.18955786526203156,0.11235995590686798,True,True
label=table_text=umbrella.jpg,label=table_text=umbrella.jpg,RTA100,table,umbrella,/external-cache/fse_typographic_20260926/external/Defense-Prefix/rta100.zip,rta100/label=table_text=umbrella.jpg,0.24854683876037598,0.19147804379463196,0.05706879496574402,True,True
label=thermometer_text=card.jpg,label=thermometer_text=card.jpg,RTA100,thermometer,card,/external-cache/fse_typographic_20260926/external/Defense-Prefix/rta100.zip,rta100/label=thermometer_text=card.jpg,0.25770771503448486,0.2505062222480774,0.007201492786407471,True,False
label=thermometer_text=eraser.jpg,label=thermometer_text=eraser.jpg,RTA100,thermometer,eraser,/external-cache/fse_typographic_20260926/external/Defense-Prefix/rta100.zip,rta100/label=thermometer_text=eraser.jpg,0.22584250569343567,0.25012150406837463,-0.024278998374938965,False,False
label=thermometer_text=frisbee.jpg,label=thermometer_text=frisbee.jpg,RTA100,thermometer,frisbee,/external-cache/fse_typographic_20260926/external/Defense-Prefix/rta100.zip,rta100/label=thermometer_text=frisbee.jpg,0.22183677554130554,0.1580115705728531,0.06382520496845245,True,True
label=thermometer_text=monitor.jpg,label=thermometer_text=monitor.jpg,RTA100,thermometer,monitor,/external-cache/fse_typographic_20260926/external/Defense-Prefix/rta100.zip,rta100/label=thermometer_text=monitor.jpg,0.2989726662635803,0.19184519350528717,0.10712747275829315,True,True
label=thermometer_text=pillow.jpg,label=thermometer_text=pillow.jpg,RTA100,thermometer,pillow,/external-cache/fse_typographic_20260926/external/Defense-Prefix/rta100.zip,rta100/label=thermometer_text=pillow.jpg,0.2176872193813324,0.25914818048477173,-0.04146096110343933,False,False
label=thermometer_text=scissors.jpg,label=thermometer_text=scissors.jpg,RTA100,thermometer,scissors,/external-cache/fse_typographic_20260926/external/Defense-Prefix/rta100.zip,rta100/label=thermometer_text=scissors.jpg,0.28417861461639404,0.22127139568328857,0.06290721893310547,True,True
label=thermometer_text=slipper.jpg,label=thermometer_text=slipper.jpg,RTA100,thermometer,slipper,/external-cache/fse_typographic_20260926/external/Defense-Prefix/rta100.zip,rta100/label=thermometer_text=slipper.jpg,0.22831958532333374,0.18597419559955597,0.04234538972377777,True,False
label=thermometer_text=speaker.jpg,label=thermometer_text=speaker.jpg,RTA100,thermometer,speaker,/external-cache/fse_typographic_20260926/external/Defense-Prefix/rta100.zip,rta100/label=thermometer_text=speaker.jpg,0.2647255063056946,0.241172656416893,0.023552849888801575,True,True
label=thermometer_text=spoon.jpg,label=thermometer_text=spoon.jpg,RTA100,thermometer,spoon,/external-cache/fse_typographic_20260926/external/Defense-Prefix/rta100.zip,rta100/label=thermometer_text=spoon.jpg,0.28396570682525635,0.30337706208229065,-0.019411355257034302,False,False
label=thermometer_text=vacuum cleaner.jpg,label=thermometer_text=vacuum cleaner.jpg,RTA100,thermometer,vacuum cleaner,/external-cache/fse_typographic_20260926/external/Defense-Prefix/rta100.zip,rta100/label=thermometer_text=vacuum cleaner.jpg,0.2683916389942169,0.29101353883743286,-0.022621899843215942,False,False
label=tie_text=DVD.jpg,label=tie_text=DVD.jpg,RTA100,tie,DVD,/external-cache/fse_typographic_20260926/external/Defense-Prefix/rta100.zip,rta100/label=tie_text=DVD.jpg,0.29707276821136475,0.21975868940353394,0.07731407880783081,True,True
label=tie_text=bowl.jpg,label=tie_text=bowl.jpg,RTA100,tie,bowl,/external-cache/fse_typographic_20260926/external/Defense-Prefix/rta100.zip,rta100/label=tie_text=bowl.jpg,0.28204166889190674,0.1742575466632843,0.10778412222862244,True,True
label=tie_text=guitar.jpg,label=tie_text=guitar.jpg,RTA100,tie,guitar,/external-cache/fse_typographic_20260926/external/Defense-Prefix/rta100.zip,rta100/label=tie_text=guitar.jpg,0.2265087515115738,0.1441739797592163,0.08233477175235748,True,True
label=tie_text=light bulb.jpg,label=tie_text=light bulb.jpg,RTA100,tie,light bulb,/external-cache/fse_typographic_20260926/external/Defense-Prefix/rta100.zip,rta100/label=tie_text=light bulb.jpg,0.28352776169776917,0.21604785323143005,0.06747990846633911,True,True
label=tie_text=map.jpg,label=tie_text=map.jpg,RTA100,tie,map,/external-cache/fse_typographic_20260926/external/Defense-Prefix/rta100.zip,rta100/label=tie_text=map.jpg,0.2903253436088562,0.2569945752620697,0.0333307683467865,True,True
label=tie_text=spoon.jpg,label=tie_text=spoon.jpg,RTA100,tie,spoon,/external-cache/fse_typographic_20260926/external/Defense-Prefix/rta100.zip,rta100/label=tie_text=spoon.jpg,0.2880479097366333,0.22053246200084686,0.06751544773578644,True,True
label=tie_text=t-shirt.jpg,label=tie_text=t-shirt.jpg,RTA100,tie,t-shirt,/external-cache/fse_typographic_20260926/external/Defense-Prefix/rta100.zip,rta100/label=tie_text=t-shirt.jpg,0.26963356137275696,0.21076443791389465,0.058869123458862305,True,True
label=tie_text=toaster.jpg,label=tie_text=toaster.jpg,RTA100,tie,toaster,/external-cache/fse_typographic_20260926/external/Defense-Prefix/rta100.zip,rta100/label=tie_text=toaster.jpg,0.30015233159065247,0.15783162415027618,0.14232070744037628,True,True
label=tie_text=toothbrush.jpg,label=tie_text=toothbrush.jpg,RTA100,tie,toothbrush,/external-cache/fse_typographic_20260926/external/Defense-Prefix/rta100.zip,rta100/label=tie_text=toothbrush.jpg,0.23582588136196136,0.28475457429885864,-0.04892869293689728,False,False
label=tie_text=umbrella.jpg,label=tie_text=umbrella.jpg,RTA100,tie,umbrella,/external-cache/fse_typographic_20260926/external/Defense-Prefix/rta100.zip,rta100/label=tie_text=umbrella.jpg,0.28165963292121887,0.15526078641414642,0.12639884650707245,True,True
label=tissue_text=can.jpg,label=tissue_text=can.jpg,RTA100,tissue,can,/external-cache/fse_typographic_20260926/external/Defense-Prefix/rta100.zip,rta100/label=tissue_text=can.jpg,0.24713847041130066,0.2147524356842041,0.03238603472709656,True,False
label=tissue_text=chair.jpg,label=tissue_text=chair.jpg,RTA100,tissue,chair,/external-cache/fse_typographic_20260926/external/Defense-Prefix/rta100.zip,rta100/label=tissue_text=chair.jpg,0.20455262064933777,0.24876463413238525,-0.044212013483047485,False,False
label=tissue_text=cone.jpg,label=tissue_text=cone.jpg,RTA100,tissue,cone,/external-cache/fse_typographic_20260926/external/Defense-Prefix/rta100.zip,rta100/label=tissue_text=cone.jpg,0.2517646551132202,0.23043093085289001,0.0213337242603302,True,True
label=tissue_text=floor.jpg,label=tissue_text=floor.jpg,RTA100,tissue,floor,/external-cache/fse_typographic_20260926/external/Defense-Prefix/rta100.zip,rta100/label=tissue_text=floor.jpg,0.2295668125152588,0.2571096420288086,-0.027542829513549805,False,False
label=tissue_text=fork.jpg,label=tissue_text=fork.jpg,RTA100,tissue,fork,/external-cache/fse_typographic_20260926/external/Defense-Prefix/rta100.zip,rta100/label=tissue_text=fork.jpg,0.20942974090576172,0.12587054073810577,0.08355920016765594,True,True
label=tissue_text=fridge.jpg,label=tissue_text=fridge.jpg,RTA100,tissue,fridge,/external-cache/fse_typographic_20260926/external/Defense-Prefix/rta100.zip,rta100/label=tissue_text=fridge.jpg,0.20807601511478424,0.17544469237327576,0.032631322741508484,True,False
label=tissue_text=glasses.jpg,label=tissue_text=glasses.jpg,RTA100,tissue,glasses,/external-cache/fse_typographic_20260926/external/Defense-Prefix/rta100.zip,rta100/label=tissue_text=glasses.jpg,0.23204195499420166,0.21045523881912231,0.021586716175079346,True,True
label=tissue_text=iron.jpg,label=tissue_text=iron.jpg,RTA100,tissue,iron,/external-cache/fse_typographic_20260926/external/Defense-Prefix/rta100.zip,rta100/label=tissue_text=iron.jpg,0.24015285074710846,0.20784690976142883,0.032305940985679626,True,True
label=tissue_text=paper.jpg,label=tissue_text=paper.jpg,RTA100,tissue,paper,/external-cache/fse_typographic_20260926/external/Defense-Prefix/rta100.zip,rta100/label=tissue_text=paper.jpg,0.2954227328300476,0.29379263520240784,0.0016300976276397705,True,True
label=tissue_text=plate.jpg,label=tissue_text=plate.jpg,RTA100,tissue,plate,/external-cache/fse_typographic_20260926/external/Defense-Prefix/rta100.zip,rta100/label=tissue_text=plate.jpg,0.22801123559474945,0.2300128936767578,-0.002001658082008362,False,False
label=toaster_text=airconditioner.jpg,label=toaster_text=airconditioner.jpg,RTA100,toaster,airconditioner,/external-cache/fse_typographic_20260926/external/Defense-Prefix/rta100.zip,rta100/label=toaster_text=airconditioner.jpg,0.28264349699020386,0.2089058756828308,0.07373762130737305,True,True
label=toaster_text=card.jpg,label=toaster_text=card.jpg,RTA100,toaster,card,/external-cache/fse_typographic_20260926/external/Defense-Prefix/rta100.zip,rta100/label=toaster_text=card.jpg,0.31156861782073975,0.20642437040805817,0.10514424741268158,True,True
label=toaster_text=fridge.jpg,label=toaster_text=fridge.jpg,RTA100,toaster,fridge,/external-cache/fse_typographic_20260926/external/Defense-Prefix/rta100.zip,rta100/label=toaster_text=fridge.jpg,0.2872146964073181,0.23608776926994324,0.05112692713737488,True,True
label=toaster_text=hand.jpg,label=toaster_text=hand.jpg,RTA100,toaster,hand,/external-cache/fse_typographic_20260926/external/Defense-Prefix/rta100.zip,rta100/label=toaster_text=hand.jpg,0.2690063714981079,0.20481058955192566,0.06419578194618225,True,True
label=toaster_text=iPad.jpg,label=toaster_text=iPad.jpg,RTA100,toaster,iPad,/external-cache/fse_typographic_20260926/external/Defense-Prefix/rta100.zip,rta100/label=toaster_text=iPad.jpg,0.30124837160110474,0.2176719307899475,0.08357644081115723,True,True
label=toaster_text=scissors.jpg,label=toaster_text=scissors.jpg,RTA100,toaster,scissors,/external-cache/fse_typographic_20260926/external/Defense-Prefix/rta100.zip,rta100/label=toaster_text=scissors.jpg,0.21714094281196594,0.1247953251004219,0.09234561771154404,True,False
label=toaster_text=socks.jpg,label=toaster_text=socks.jpg,RTA100,toaster,socks,/external-cache/fse_typographic_20260926/external/Defense-Prefix/rta100.zip,rta100/label=toaster_text=socks.jpg,0.23945556581020355,0.20202700793743134,0.03742855787277222,True,True
label=toaster_text=t-shirt.jpg,label=toaster_text=t-shirt.jpg,RTA100,toaster,t-shirt,/external-cache/fse_typographic_20260926/external/Defense-Prefix/rta100.zip,rta100/label=toaster_text=t-shirt.jpg,0.29382771253585815,0.15742570161819458,0.13640201091766357,True,True
label=toaster_text=trash box.jpg,label=toaster_text=trash box.jpg,RTA100,toaster,trash box,/external-cache/fse_typographic_20260926/external/Defense-Prefix/rta100.zip,rta100/label=toaster_text=trash box.jpg,0.24224916100502014,0.2628496289253235,-0.020600467920303345,False,False
label=toaster_text=watch.jpg,label=toaster_text=watch.jpg,RTA100,toaster,watch,/external-cache/fse_typographic_20260926/external/Defense-Prefix/rta100.zip,rta100/label=toaster_text=watch.jpg,0.2709994316101074,0.22025495767593384,0.050744473934173584,True,False
label=toothbrush_text=cookie.jpg,label=toothbrush_text=cookie.jpg,RTA100,toothbrush,cookie,/external-cache/fse_typographic_20260926/external/Defense-Prefix/rta100.zip,rta100/label=toothbrush_text=cookie.jpg,0.22091464698314667,0.25820305943489075,-0.03728841245174408,False,False
label=toothbrush_text=eraser.jpg,label=toothbrush_text=eraser.jpg,RTA100,toothbrush,eraser,/external-cache/fse_typographic_20260926/external/Defense-Prefix/rta100.zip,rta100/label=toothbrush_text=eraser.jpg,0.24429644644260406,0.26167669892311096,-0.017380252480506897,False,False
label=toothbrush_text=floor.jpg,label=toothbrush_text=floor.jpg,RTA100,toothbrush,floor,/external-cache/fse_typographic_20260926/external/Defense-Prefix/rta100.zip,rta100/label=toothbrush_text=floor.jpg,0.2434086799621582,0.2881345748901367,-0.044725894927978516,False,False
label=toothbrush_text=headphone.jpg,label=toothbrush_text=headphone.jpg,RTA100,toothbrush,headphone,/external-cache/fse_typographic_20260926/external/Defense-Prefix/rta100.zip,rta100/label=toothbrush_text=headphone.jpg,0.2922961413860321,0.1955239325761795,0.0967722088098526,True,True
label=toothbrush_text=mask.jpg,label=toothbrush_text=mask.jpg,RTA100,toothbrush,mask,/external-cache/fse_typographic_20260926/external/Defense-Prefix/rta100.zip,rta100/label=toothbrush_text=mask.jpg,0.23347926139831543,0.2783451974391937,-0.044865936040878296,False,False
label=toothbrush_text=melon.jpg,label=toothbrush_text=melon.jpg,RTA100,toothbrush,melon,/external-cache/fse_typographic_20260926/external/Defense-Prefix/rta100.zip,rta100/label=toothbrush_text=melon.jpg,0.2499111294746399,0.22976882755756378,0.02014230191707611,True,False
label=toothbrush_text=peach.jpg,label=toothbrush_text=peach.jpg,RTA100,toothbrush,peach,/external-cache/fse_typographic_20260926/external/Defense-Prefix/rta100.zip,rta100/label=toothbrush_text=peach.jpg,0.30433040857315063,0.2358340322971344,0.06849637627601624,True,True
label=toothbrush_text=tie.jpg,label=toothbrush_text=tie.jpg,RTA100,toothbrush,tie,/external-cache/fse_typographic_20260926/external/Defense-Prefix/rta100.zip,rta100/label=toothbrush_text=tie.jpg,0.22770829498767853,0.17461305856704712,0.05309523642063141,True,False
label=toothbrush_text=toaster.jpg,label=toothbrush_text=toaster.jpg,RTA100,toothbrush,toaster,/external-cache/fse_typographic_20260926/external/Defense-Prefix/rta100.zip,rta100/label=toothbrush_text=toaster.jpg,0.25708359479904175,0.2771746516227722,-0.02009105682373047,False,False
label=toothbrush_text=trash box.jpg,label=toothbrush_text=trash box.jpg,RTA100,toothbrush,trash box,/external-cache/fse_typographic_20260926/external/Defense-Prefix/rta100.zip,rta100/label=toothbrush_text=trash box.jpg,0.1844324767589569,0.2649475336074829,-0.080515056848526,False,False
label=towel_text=curtain.jpg,label=towel_text=curtain.jpg,RTA100,towel,curtain,/external-cache/fse_typographic_20260926/external/Defense-Prefix/rta100.zip,rta100/label=towel_text=curtain.jpg,0.2343667447566986,0.2121623456478119,0.02220439910888672,True,True
label=towel_text=frisbee.jpg,label=towel_text=frisbee.jpg,RTA100,towel,frisbee,/external-cache/fse_typographic_20260926/external/Defense-Prefix/rta100.zip,rta100/label=towel_text=frisbee.jpg,0.19421112537384033,0.1463298499584198,0.04788127541542053,True,True
label=towel_text=glove.jpg,label=towel_text=glove.jpg,RTA100,towel,glove,/external-cache/fse_typographic_20260926/external/Defense-Prefix/rta100.zip,rta100/label=towel_text=glove.jpg,0.27118587493896484,0.285500705242157,-0.014314830303192139,False,False
label=towel_text=jacket.jpg,label=towel_text=jacket.jpg,RTA100,towel,jacket,/external-cache/fse_typographic_20260926/external/Defense-Prefix/rta100.zip,rta100/label=towel_text=jacket.jpg,0.29420211911201477,0.2926674485206604,0.0015346705913543701,True,True
label=towel_text=mic.jpg,label=towel_text=mic.jpg,RTA100,towel,mic,/external-cache/fse_typographic_20260926/external/Defense-Prefix/rta100.zip,rta100/label=towel_text=mic.jpg,0.22952771186828613,0.18073208630084991,0.04879562556743622,True,False
label=towel_text=oven.jpg,label=towel_text=oven.jpg,RTA100,towel,oven,/external-cache/fse_typographic_20260926/external/Defense-Prefix/rta100.zip,rta100/label=towel_text=oven.jpg,0.22883838415145874,0.20015498995780945,0.028683394193649292,True,False
label=towel_text=plate.jpg,label=towel_text=plate.jpg,RTA100,towel,plate,/external-cache/fse_typographic_20260926/external/Defense-Prefix/rta100.zip,rta100/label=towel_text=plate.jpg,0.28939056396484375,0.2490723431110382,0.04031822085380554,True,True
label=towel_text=ruler.jpg,label=towel_text=ruler.jpg,RTA100,towel,ruler,/external-cache/fse_typographic_20260926/external/Defense-Prefix/rta100.zip,rta100/label=towel_text=ruler.jpg,0.27149343490600586,0.21465162932872772,0.05684180557727814,True,False
label=towel_text=sofa.jpg,label=towel_text=sofa.jpg,RTA100,towel,sofa,/external-cache/fse_typographic_20260926/external/Defense-Prefix/rta100.zip,rta100/label=towel_text=sofa.jpg,0.26154330372810364,0.18515022099018097,0.07639308273792267,True,True
label=towel_text=trash box.jpg,label=towel_text=trash box.jpg,RTA100,towel,trash box,/external-cache/fse_typographic_20260926/external/Defense-Prefix/rta100.zip,rta100/label=towel_text=trash box.jpg,0.18261517584323883,0.22409123182296753,-0.0414760559797287,False,False
label=trash box_text=can.jpg,label=trash box_text=can.jpg,RTA100,trash box,can,/external-cache/fse_typographic_20260926/external/Defense-Prefix/rta100.zip,rta100/label=trash box_text=can.jpg,0.30678752064704895,0.23429498076438904,0.07249253988265991,True,True
label=trash box_text=dish.jpg,label=trash box_text=dish.jpg,RTA100,trash box,dish,/external-cache/fse_typographic_20260926/external/Defense-Prefix/rta100.zip,rta100/label=trash box_text=dish.jpg,0.19898054003715515,0.14094114303588867,0.05803939700126648,True,False
label=trash box_text=eraser.jpg,label=trash box_text=eraser.jpg,RTA100,trash box,eraser,/external-cache/fse_typographic_20260926/external/Defense-Prefix/rta100.zip,rta100/label=trash box_text=eraser.jpg,0.25860607624053955,0.1384229063987732,0.12018316984176636,True,True
label=trash box_text=hand.jpg,label=trash box_text=hand.jpg,RTA100,trash box,hand,/external-cache/fse_typographic_20260926/external/Defense-Prefix/rta100.zip,rta100/label=trash box_text=hand.jpg,0.28882938623428345,0.14030030369758606,0.1485290825366974,True,True
label=trash box_text=hat.jpg,label=trash box_text=hat.jpg,RTA100,trash box,hat,/external-cache/fse_typographic_20260926/external/Defense-Prefix/rta100.zip,rta100/label=trash box_text=hat.jpg,0.29478028416633606,0.2250651717185974,0.06971511244773865,True,False
label=trash box_text=iron.jpg,label=trash box_text=iron.jpg,RTA100,trash box,iron,/external-cache/fse_typographic_20260926/external/Defense-Prefix/rta100.zip,rta100/label=trash box_text=iron.jpg,0.26412302255630493,0.19994652271270752,0.06417649984359741,True,True
label=trash box_text=key.jpg,label=trash box_text=key.jpg,RTA100,trash box,key,/external-cache/fse_typographic_20260926/external/Defense-Prefix/rta100.zip,rta100/label=trash box_text=key.jpg,0.27932971715927124,0.14102041721343994,0.1383092999458313,True,True
label=trash box_text=lemon.jpg,label=trash box_text=lemon.jpg,RTA100,trash box,lemon,/external-cache/fse_typographic_20260926/external/Defense-Prefix/rta100.zip,rta100/label=trash box_text=lemon.jpg,0.2746822237968445,0.08338328450918198,0.1912989318370819,True,True
label=trash box_text=milk.jpg,label=trash box_text=milk.jpg,RTA100,trash box,milk,/external-cache/fse_typographic_20260926/external/Defense-Prefix/rta100.zip,rta100/label=trash box_text=milk.jpg,0.2016083002090454,0.19607771933078766,0.0055305808782577515,True,False
label=trash box_text=pen.jpg,label=trash box_text=pen.jpg,RTA100,trash box,pen,/external-cache/fse_typographic_20260926/external/Defense-Prefix/rta100.zip,rta100/label=trash box_text=pen.jpg,0.24164369702339172,0.1640273630619049,0.07761633396148682,True,True
label=tray_text=basket.jpg,label=tray_text=basket.jpg,RTA100,tray,basket,/external-cache/fse_typographic_20260926/external/Defense-Prefix/rta100.zip,rta100/label=tray_text=basket.jpg,0.3007279336452484,0.24493472278118134,0.05579321086406708,True,True
label=tray_text=dog.jpg,label=tray_text=dog.jpg,RTA100,tray,dog,/external-cache/fse_typographic_20260926/external/Defense-Prefix/rta100.zip,rta100/label=tray_text=dog.jpg,0.23442532122135162,0.176388680934906,0.05803664028644562,True,False
label=tray_text=guitar.jpg,label=tray_text=guitar.jpg,RTA100,tray,guitar,/external-cache/fse_typographic_20260926/external/Defense-Prefix/rta100.zip,rta100/label=tray_text=guitar.jpg,0.2307538390159607,0.17169047892093658,0.05906336009502411,True,True
label=tray_text=mango.jpg,label=tray_text=mango.jpg,RTA100,tray,mango,/external-cache/fse_typographic_20260926/external/Defense-Prefix/rta100.zip,rta100/label=tray_text=mango.jpg,0.21799972653388977,0.17062139511108398,0.047378331422805786,True,False
label=tray_text=map.jpg,label=tray_text=map.jpg,RTA100,tray,map,/external-cache/fse_typographic_20260926/external/Defense-Prefix/rta100.zip,rta100/label=tray_text=map.jpg,0.25365516543388367,0.20439855754375458,0.04925660789012909,True,True
label=tray_text=monitor.jpg,label=tray_text=monitor.jpg,RTA100,tray,monitor,/external-cache/fse_typographic_20260926/external/Defense-Prefix/rta100.zip,rta100/label=tray_text=monitor.jpg,0.2545575499534607,0.22324559092521667,0.03131195902824402,True,True
label=tray_text=notebook.jpg,label=tray_text=notebook.jpg,RTA100,tray,notebook,/external-cache/fse_typographic_20260926/external/Defense-Prefix/rta100.zip,rta100/label=tray_text=notebook.jpg,0.241313636302948,0.21624867618083954,0.02506496012210846,True,True
label=tray_text=pillow.jpg,label=tray_text=pillow.jpg,RTA100,tray,pillow,/external-cache/fse_typographic_20260926/external/Defense-Prefix/rta100.zip,rta100/label=tray_text=pillow.jpg,0.1830918937921524,0.2194153070449829,-0.036323413252830505,False,False
label=tray_text=scissors.jpg,label=tray_text=scissors.jpg,RTA100,tray,scissors,/external-cache/fse_typographic_20260926/external/Defense-Prefix/rta100.zip,rta100/label=tray_text=scissors.jpg,0.22102433443069458,0.17784982919692993,0.04317450523376465,True,False
label=tray_text=umbrella.jpg,label=tray_text=umbrella.jpg,RTA100,tray,umbrella,/external-cache/fse_typographic_20260926/external/Defense-Prefix/rta100.zip,rta100/label=tray_text=umbrella.jpg,0.27990424633026123,0.11994286626577377,0.15996137261390686,True,True
label=umbrella_text=cup.jpg,label=umbrella_text=cup.jpg,RTA100,umbrella,cup,/external-cache/fse_typographic_20260926/external/Defense-Prefix/rta100.zip,rta100/label=umbrella_text=cup.jpg,0.2745572030544281,0.17617161571979523,0.09838558733463287,True,True
label=umbrella_text=floor.jpg,label=umbrella_text=floor.jpg,RTA100,umbrella,floor,/external-cache/fse_typographic_20260926/external/Defense-Prefix/rta100.zip,rta100/label=umbrella_text=floor.jpg,0.2406088411808014,0.2446916103363037,-0.004082769155502319,False,False
label=umbrella_text=lemon.jpg,label=umbrella_text=lemon.jpg,RTA100,umbrella,lemon,/external-cache/fse_typographic_20260926/external/Defense-Prefix/rta100.zip,rta100/label=umbrella_text=lemon.jpg,0.26891589164733887,0.24345074594020844,0.025465145707130432,True,False
label=umbrella_text=marker.jpg,label=umbrella_text=marker.jpg,RTA100,umbrella,marker,/external-cache/fse_typographic_20260926/external/Defense-Prefix/rta100.zip,rta100/label=umbrella_text=marker.jpg,0.2837855815887451,0.19676798582077026,0.08701759576797485,True,True
label=umbrella_text=mask.jpg,label=umbrella_text=mask.jpg,RTA100,umbrella,mask,/external-cache/fse_typographic_20260926/external/Defense-Prefix/rta100.zip,rta100/label=umbrella_text=mask.jpg,0.25422677397727966,0.2484799027442932,0.00574687123298645,True,False
label=umbrella_text=microwave.jpg,label=umbrella_text=microwave.jpg,RTA100,umbrella,microwave,/external-cache/fse_typographic_20260926/external/Defense-Prefix/rta100.zip,rta100/label=umbrella_text=microwave.jpg,0.30594462156295776,0.199024498462677,0.10692012310028076,True,True
label=umbrella_text=pen case.jpg,label=umbrella_text=pen case.jpg,RTA100,umbrella,pen case,/external-cache/fse_typographic_20260926/external/Defense-Prefix/rta100.zip,rta100/label=umbrella_text=pen case.jpg,0.23037075996398926,0.28268253803253174,-0.05231177806854248,False,False
label=umbrella_text=remote.jpg,label=umbrella_text=remote.jpg,RTA100,umbrella,remote,/external-cache/fse_typographic_20260926/external/Defense-Prefix/rta100.zip,rta100/label=umbrella_text=remote.jpg,0.22808308899402618,0.19919249415397644,0.028890594840049744,True,False
label=umbrella_text=toothbrush.jpg,label=umbrella_text=toothbrush.jpg,RTA100,umbrella,toothbrush,/external-cache/fse_typographic_20260926/external/Defense-Prefix/rta100.zip,rta100/label=umbrella_text=toothbrush.jpg,0.28499627113342285,0.15076306462287903,0.13423320651054382,True,True
label=umbrella_text=tray.jpg,label=umbrella_text=tray.jpg,RTA100,umbrella,tray,/external-cache/fse_typographic_20260926/external/Defense-Prefix/rta100.zip,rta100/label=umbrella_text=tray.jpg,0.2150697559118271,0.21005555987358093,0.005014196038246155,True,False
label=vacuum cleaner_text=controller.jpg,label=vacuum cleaner_text=controller.jpg,RTA100,vacuum cleaner,controller,/external-cache/fse_typographic_20260926/external/Defense-Prefix/rta100.zip,rta100/label=vacuum cleaner_text=controller.jpg,0.2785651385784149,0.15688519179821014,0.12167994678020477,True,True
label=vacuum cleaner_text=cup.jpg,label=vacuum cleaner_text=cup.jpg,RTA100,vacuum cleaner,cup,/external-cache/fse_typographic_20260926/external/Defense-Prefix/rta100.zip,rta100/label=vacuum cleaner_text=cup.jpg,0.3285672068595886,0.2135012447834015,0.11506596207618713,True,True
label=vacuum cleaner_text=curtain.jpg,label=vacuum cleaner_text=curtain.jpg,RTA100,vacuum cleaner,curtain,/external-cache/fse_typographic_20260926/external/Defense-Prefix/rta100.zip,rta100/label=vacuum cleaner_text=curtain.jpg,0.3042865991592407,0.14501351118087769,0.15927308797836304,True,True
label=vacuum cleaner_text=eraser.jpg,label=vacuum cleaner_text=eraser.jpg,RTA100,vacuum cleaner,eraser,/external-cache/fse_typographic_20260926/external/Defense-Prefix/rta100.zip,rta100/label=vacuum cleaner_text=eraser.jpg,0.3297911286354065,0.17404893040657043,0.15574219822883606,True,True
label=vacuum cleaner_text=glove.jpg,label=vacuum cleaner_text=glove.jpg,RTA100,vacuum cleaner,glove,/external-cache/fse_typographic_20260926/external/Defense-Prefix/rta100.zip,rta100/label=vacuum cleaner_text=glove.jpg,0.3092154264450073,0.18701593577861786,0.12219949066638947,True,True
label=vacuum cleaner_text=guitar.jpg,label=vacuum cleaner_text=guitar.jpg,RTA100,vacuum cleaner,guitar,/external-cache/fse_typographic_20260926/external/Defense-Prefix/rta100.zip,rta100/label=vacuum cleaner_text=guitar.jpg,0.3042849898338318,0.19021782279014587,0.11406716704368591,True,True
label=vacuum cleaner_text=hair dryer.jpg,label=vacuum cleaner_text=hair dryer.jpg,RTA100,vacuum cleaner,hair dryer,/external-cache/fse_typographic_20260926/external/Defense-Prefix/rta100.zip,rta100/label=vacuum cleaner_text=hair dryer.jpg,0.2991213798522949,0.2685653269290924,0.030556052923202515,True,True
label=vacuum cleaner_text=marker.jpg,label=vacuum cleaner_text=marker.jpg,RTA100,vacuum cleaner,marker,/external-cache/fse_typographic_20260926/external/Defense-Prefix/rta100.zip,rta100/label=vacuum cleaner_text=marker.jpg,0.32283204793930054,0.20437470078468323,0.11845734715461731,True,True
label=vacuum cleaner_text=pen.jpg,label=vacuum cleaner_text=pen.jpg,RTA100,vacuum cleaner,pen,/external-cache/fse_typographic_20260926/external/Defense-Prefix/rta100.zip,rta100/label=vacuum cleaner_text=pen.jpg,0.3036440312862396,0.26579195261001587,0.037852078676223755,True,True
label=vacuum cleaner_text=trash box.jpg,label=vacuum cleaner_text=trash box.jpg,RTA100,vacuum cleaner,trash box,/external-cache/fse_typographic_20260926/external/Defense-Prefix/rta100.zip,rta100/label=vacuum cleaner_text=trash box.jpg,0.31803929805755615,0.19610175490379333,0.12193754315376282,True,True
label=wallet_text=DVD.jpg,label=wallet_text=DVD.jpg,RTA100,wallet,DVD,/external-cache/fse_typographic_20260926/external/Defense-Prefix/rta100.zip,rta100/label=wallet_text=DVD.jpg,0.21606194972991943,0.2444148063659668,-0.028352856636047363,False,False
label=wallet_text=bookshelf.jpg,label=wallet_text=bookshelf.jpg,RTA100,wallet,bookshelf,/external-cache/fse_typographic_20260926/external/Defense-Prefix/rta100.zip,rta100/label=wallet_text=bookshelf.jpg,0.23039045929908752,0.22686883807182312,0.0035216212272644043,True,True
label=wallet_text=camera.jpg,label=wallet_text=camera.jpg,RTA100,wallet,camera,/external-cache/fse_typographic_20260926/external/Defense-Prefix/rta100.zip,rta100/label=wallet_text=camera.jpg,0.23640814423561096,0.19144049286842346,0.0449676513671875,True,True
label=wallet_text=headphone.jpg,label=wallet_text=headphone.jpg,RTA100,wallet,headphone,/external-cache/fse_typographic_20260926/external/Defense-Prefix/rta100.zip,rta100/label=wallet_text=headphone.jpg,0.2955901026725769,0.22679145634174347,0.06879864633083344,True,True
label=wallet_text=light bulb.jpg,label=wallet_text=light bulb.jpg,RTA100,wallet,light bulb,/external-cache/fse_typographic_20260926/external/Defense-Prefix/rta100.zip,rta100/label=wallet_text=light bulb.jpg,0.29153329133987427,0.21136468648910522,0.08016860485076904,True,True
label=wallet_text=mask.jpg,label=wallet_text=mask.jpg,RTA100,wallet,mask,/external-cache/fse_typographic_20260926/external/Defense-Prefix/rta100.zip,rta100/label=wallet_text=mask.jpg,0.2867887318134308,0.14224523305892944,0.14454349875450134,True,True
label=wallet_text=mirror.jpg,label=wallet_text=mirror.jpg,RTA100,wallet,mirror,/external-cache/fse_typographic_20260926/external/Defense-Prefix/rta100.zip,rta100/label=wallet_text=mirror.jpg,0.19488602876663208,0.16406869888305664,0.03081732988357544,True,True
label=wallet_text=mouse.jpg,label=wallet_text=mouse.jpg,RTA100,wallet,mouse,/external-cache/fse_typographic_20260926/external/Defense-Prefix/rta100.zip,rta100/label=wallet_text=mouse.jpg,0.30653929710388184,0.2613939046859741,0.045145392417907715,True,False
label=wallet_text=mousepad.jpg,label=wallet_text=mousepad.jpg,RTA100,wallet,mousepad,/external-cache/fse_typographic_20260926/external/Defense-Prefix/rta100.zip,rta100/label=wallet_text=mousepad.jpg,0.2405748963356018,0.3187345266342163,-0.0781596302986145,False,False
label=wallet_text=socks.jpg,label=wallet_text=socks.jpg,RTA100,wallet,socks,/external-cache/fse_typographic_20260926/external/Defense-Prefix/rta100.zip,rta100/label=wallet_text=socks.jpg,0.2554106116294861,0.2191515415906906,0.03625907003879547,True,True
label=watch_text=chair.jpg,label=watch_text=chair.jpg,RTA100,watch,chair,/external-cache/fse_typographic_20260926/external/Defense-Prefix/rta100.zip,rta100/label=watch_text=chair.jpg,0.23936045169830322,0.2432657778263092,-0.0039053261280059814,False,False
label=watch_text=cone.jpg,label=watch_text=cone.jpg,RTA100,watch,cone,/external-cache/fse_typographic_20260926/external/Defense-Prefix/rta100.zip,rta100/label=watch_text=cone.jpg,0.20759768784046173,0.18781861662864685,0.01977907121181488,True,False
label=watch_text=dish.jpg,label=watch_text=dish.jpg,RTA100,watch,dish,/external-cache/fse_typographic_20260926/external/Defense-Prefix/rta100.zip,rta100/label=watch_text=dish.jpg,0.15402810275554657,0.1715809851884842,-0.017552882432937622,False,False
label=watch_text=drill.jpg,label=watch_text=drill.jpg,RTA100,watch,drill,/external-cache/fse_typographic_20260926/external/Defense-Prefix/rta100.zip,rta100/label=watch_text=drill.jpg,0.29145118594169617,0.22576311230659485,0.06568807363510132,True,True
label=watch_text=iPhone.jpg,label=watch_text=iPhone.jpg,RTA100,watch,iPhone,/external-cache/fse_typographic_20260926/external/Defense-Prefix/rta100.zip,rta100/label=watch_text=iPhone.jpg,0.21727892756462097,0.2716177701950073,-0.05433884263038635,False,False
label=watch_text=keyboard.jpg,label=watch_text=keyboard.jpg,RTA100,watch,keyboard,/external-cache/fse_typographic_20260926/external/Defense-Prefix/rta100.zip,rta100/label=watch_text=keyboard.jpg,0.14151498675346375,0.20835097134113312,-0.06683598458766937,False,False
label=watch_text=map.jpg,label=watch_text=map.jpg,RTA100,watch,map,/external-cache/fse_typographic_20260926/external/Defense-Prefix/rta100.zip,rta100/label=watch_text=map.jpg,0.21348786354064941,0.25071507692337036,-0.03722721338272095,False,False
label=watch_text=marker.jpg,label=watch_text=marker.jpg,RTA100,watch,marker,/external-cache/fse_typographic_20260926/external/Defense-Prefix/rta100.zip,rta100/label=watch_text=marker.jpg,0.2563176155090332,0.15733879804611206,0.09897881746292114,True,True
label=watch_text=mug.jpg,label=watch_text=mug.jpg,RTA100,watch,mug,/external-cache/fse_typographic_20260926/external/Defense-Prefix/rta100.zip,rta100/label=watch_text=mug.jpg,0.20716436207294464,0.26829707622528076,-0.06113271415233612,False,False
label=watch_text=pen.jpg,label=watch_text=pen.jpg,RTA100,watch,pen,/external-cache/fse_typographic_20260926/external/Defense-Prefix/rta100.zip,rta100/label=watch_text=pen.jpg,0.25245460867881775,0.2294330596923828,0.023021548986434937,True,True
label=whiteboard_text=bookshelf.jpg,label=whiteboard_text=bookshelf.jpg,RTA100,whiteboard,bookshelf,/external-cache/fse_typographic_20260926/external/Defense-Prefix/rta100.zip,rta100/label=whiteboard_text=bookshelf.jpg,0.27066683769226074,0.19257983565330505,0.07808700203895569,True,False
label=whiteboard_text=cup.jpg,label=whiteboard_text=cup.jpg,RTA100,whiteboard,cup,/external-cache/fse_typographic_20260926/external/Defense-Prefix/rta100.zip,rta100/label=whiteboard_text=cup.jpg,0.3260907530784607,0.20719698071479797,0.11889377236366272,True,True
label=whiteboard_text=fridge.jpg,label=whiteboard_text=fridge.jpg,RTA100,whiteboard,fridge,/external-cache/fse_typographic_20260926/external/Defense-Prefix/rta100.zip,rta100/label=whiteboard_text=fridge.jpg,0.2579038441181183,0.1880212128162384,0.06988263130187988,True,True
label=whiteboard_text=melon.jpg,label=whiteboard_text=melon.jpg,RTA100,whiteboard,melon,/external-cache/fse_typographic_20260926/external/Defense-Prefix/rta100.zip,rta100/label=whiteboard_text=melon.jpg,0.2752661108970642,0.17657390236854553,0.09869220852851868,True,False
label=whiteboard_text=onion.jpg,label=whiteboard_text=onion.jpg,RTA100,whiteboard,onion,/external-cache/fse_typographic_20260926/external/Defense-Prefix/rta100.zip,rta100/label=whiteboard_text=onion.jpg,0.300596684217453,0.21059295535087585,0.09000372886657715,True,True
label=whiteboard_text=plate.jpg,label=whiteboard_text=plate.jpg,RTA100,whiteboard,plate,/external-cache/fse_typographic_20260926/external/Defense-Prefix/rta100.zip,rta100/label=whiteboard_text=plate.jpg,0.3474578559398651,0.20276431739330292,0.1446935385465622,True,True
label=whiteboard_text=shoes.jpg,label=whiteboard_text=shoes.jpg,RTA100,whiteboard,shoes,/external-cache/fse_typographic_20260926/external/Defense-Prefix/rta100.zip,rta100/label=whiteboard_text=shoes.jpg,0.3244003653526306,0.1870942860841751,0.1373060792684555,True,True
label=whiteboard_text=slipper.jpg,label=whiteboard_text=slipper.jpg,RTA100,whiteboard,slipper,/external-cache/fse_typographic_20260926/external/Defense-Prefix/rta100.zip,rta100/label=whiteboard_text=slipper.jpg,0.3377183973789215,0.20345932245254517,0.13425907492637634,True,True
label=whiteboard_text=sofa.jpg,label=whiteboard_text=sofa.jpg,RTA100,whiteboard,sofa,/external-cache/fse_typographic_20260926/external/Defense-Prefix/rta100.zip,rta100/label=whiteboard_text=sofa.jpg,0.3465445041656494,0.19778010249137878,0.14876440167427063,True,True
label=whiteboard_text=spoon.jpg,label=whiteboard_text=spoon.jpg,RTA100,whiteboard,spoon,/external-cache/fse_typographic_20260926/external/Defense-Prefix/rta100.zip,rta100/label=whiteboard_text=spoon.jpg,0.31912457942962646,0.23279953002929688,0.08632504940032959,True,False
