file_name,type,object_label,attack_word,postit_area_pct,id,archive,member,bank,source_id,object_score,attack_score,margin,correct,top1
NoSCAM_img_0001.jpg,NoSCAM,ball,car,0.377,NoSCAM_img_0001,/external-cache/fse_typographic_20260926/external/SCAM/images.zip,images/train/NoSCAM_img_0001.jpg,NoSCAM,img_0001,0.2544252872467041,0.15411871671676636,0.10030657052993774,True,True
NoSCAM_img_0002.jpg,NoSCAM,chair,car,0.599,NoSCAM_img_0002,/external-cache/fse_typographic_20260926/external/SCAM/images.zip,images/train/NoSCAM_img_0002.jpg,NoSCAM,img_0002,0.2637960910797119,0.12308180332183838,0.14071428775787354,True,False
NoSCAM_img_0003.jpg,NoSCAM,fire extinguisher,car,0.87,NoSCAM_img_0003,/external-cache/fse_typographic_20260926/external/SCAM/images.zip,images/train/NoSCAM_img_0003.jpg,NoSCAM,img_0003,0.3147166073322296,0.14049415290355682,0.1742224544286728,True,True
NoSCAM_img_0004.jpg,NoSCAM,keyboard,ball,1.539,NoSCAM_img_0004,/external-cache/fse_typographic_20260926/external/SCAM/images.zip,images/train/NoSCAM_img_0004.jpg,NoSCAM,img_0004,0.2774169445037842,0.1692619025707245,0.10815504193305969,True,True
NoSCAM_img_0005.jpg,NoSCAM,chopsticks,zebra,1.688,NoSCAM_img_0005,/external-cache/fse_typographic_20260926/external/SCAM/images.zip,images/train/NoSCAM_img_0005.jpg,NoSCAM,img_0005,0.21659047901630402,0.177573099732399,0.03901737928390503,True,False
NoSCAM_img_0006.jpg,NoSCAM,usb cable,zebra,4.433,NoSCAM_img_0006,/external-cache/fse_typographic_20260926/external/SCAM/images.zip,images/train/NoSCAM_img_0006.jpg,NoSCAM,img_0006,0.27825504541397095,0.1500312089920044,0.12822383642196655,True,False
NoSCAM_img_0007.jpg,NoSCAM,sunglasses,elevator,3.647,NoSCAM_img_0007,/external-cache/fse_typographic_20260926/external/SCAM/images.zip,images/train/NoSCAM_img_0007.jpg,NoSCAM,img_0007,0.2729308307170868,0.1505003571510315,0.1224304735660553,True,False
NoSCAM_img_0008.jpg,NoSCAM,edding,hair,3.338,NoSCAM_img_0008,/external-cache/fse_typographic_20260926/external/SCAM/images.zip,images/train/NoSCAM_img_0008.jpg,NoSCAM,img_0008,0.22264602780342102,0.1602076292037964,0.062438398599624634,True,False
NoSCAM_img_0009.jpg,NoSCAM,shuttlecock,seed,2.795,NoSCAM_img_0009,/external-cache/fse_typographic_20260926/external/SCAM/images.zip,images/train/NoSCAM_img_0009.jpg,NoSCAM,img_0009,0.2078264355659485,0.17289045453071594,0.034935981035232544,True,False
NoSCAM_img_0010.jpg,NoSCAM,hard disk,seed,1.241,NoSCAM_img_0010,/external-cache/fse_typographic_20260926/external/SCAM/images.zip,images/train/NoSCAM_img_0010.jpg,NoSCAM,img_0010,0.21896320581436157,0.18161724507808685,0.03734596073627472,True,False
NoSCAM_img_0011.jpg,NoSCAM,hand blender,bike,1.782,NoSCAM_img_0011,/external-cache/fse_typographic_20260926/external/SCAM/images.zip,images/train/NoSCAM_img_0011.jpg,NoSCAM,img_0011,0.25393933057785034,0.1240822896361351,0.12985703349113464,True,True
NoSCAM_img_0012.jpg,NoSCAM,sponge,hair,2.16,NoSCAM_img_0012,/external-cache/fse_typographic_20260926/external/SCAM/images.zip,images/train/NoSCAM_img_0012.jpg,NoSCAM,img_0012,0.17647358775138855,0.13817322254180908,0.03830036520957947,True,False
NoSCAM_img_0013.jpg,NoSCAM,avocado,bed,6.04,NoSCAM_img_0013,/external-cache/fse_typographic_20260926/external/SCAM/images.zip,images/train/NoSCAM_img_0013.jpg,NoSCAM,img_0013,0.30633026361465454,0.1616511195898056,0.14467914402484894,True,True
NoSCAM_img_0014.jpg,NoSCAM,tomato,pedestrian,3.397,NoSCAM_img_0014,/external-cache/fse_typographic_20260926/external/SCAM/images.zip,images/train/NoSCAM_img_0014.jpg,NoSCAM,img_0014,0.29037076234817505,0.17473669350147247,0.11563406884670258,True,True
NoSCAM_img_0015.jpg,NoSCAM,cucumber,bike,2.754,NoSCAM_img_0015,/external-cache/fse_typographic_20260926/external/SCAM/images.zip,images/train/NoSCAM_img_0015.jpg,NoSCAM,img_0015,0.3049963414669037,0.1560625284910202,0.14893381297588348,True,True
NoSCAM_img_0016.jpg,NoSCAM,pills,bike,6.378,NoSCAM_img_0016,/external-cache/fse_typographic_20260926/external/SCAM/images.zip,images/train/NoSCAM_img_0016.jpg,NoSCAM,img_0016,0.2721535265445709,0.09723512828350067,0.17491839826107025,True,True
NoSCAM_img_0017.jpg,NoSCAM,wine,zebra,1.58,NoSCAM_img_0017,/external-cache/fse_typographic_20260926/external/SCAM/images.zip,images/train/NoSCAM_img_0017.jpg,NoSCAM,img_0017,0.2772066593170166,0.150520458817482,0.1266862004995346,True,True
NoSCAM_img_0018.jpg,NoSCAM,pan,hair,0.987,NoSCAM_img_0018,/external-cache/fse_typographic_20260926/external/SCAM/images.zip,images/train/NoSCAM_img_0018.jpg,NoSCAM,img_0018,0.2813795208930969,0.10409451276063919,0.17728501558303833,True,False
NoSCAM_img_0019.jpg,NoSCAM,keys,bed,2.567,NoSCAM_img_0019,/external-cache/fse_typographic_20260926/external/SCAM/images.zip,images/train/NoSCAM_img_0019.jpg,NoSCAM,img_0019,0.2583451271057129,0.13660672307014465,0.12173840403556824,True,False
NoSCAM_img_0020.jpg,NoSCAM,tea pot,elevator,2.756,NoSCAM_img_0020,/external-cache/fse_typographic_20260926/external/SCAM/images.zip,images/train/NoSCAM_img_0020.jpg,NoSCAM,img_0020,0.28493428230285645,0.1145029217004776,0.17043136060237885,True,True
NoSCAM_img_0021.jpg,NoSCAM,paper towel,bike,1.243,NoSCAM_img_0021,/external-cache/fse_typographic_20260926/external/SCAM/images.zip,images/train/NoSCAM_img_0021.jpg,NoSCAM,img_0021,0.29279589653015137,0.14704155921936035,0.14575433731079102,True,True
NoSCAM_img_0022.jpg,NoSCAM,book,pedestrian,1.696,NoSCAM_img_0022,/external-cache/fse_typographic_20260926/external/SCAM/images.zip,images/train/NoSCAM_img_0022.jpg,NoSCAM,img_0022,0.19242309033870697,0.09303219616413116,0.0993908941745758,True,False
NoSCAM_img_0023.jpg,NoSCAM,banana,crystal,2.582,NoSCAM_img_0023,/external-cache/fse_typographic_20260926/external/SCAM/images.zip,images/train/NoSCAM_img_0023.jpg,NoSCAM,img_0023,0.28935715556144714,0.14904922246932983,0.1403079330921173,True,True
NoSCAM_img_0024.jpg,NoSCAM,flowers,bike,3.586,NoSCAM_img_0024,/external-cache/fse_typographic_20260926/external/SCAM/images.zip,images/train/NoSCAM_img_0024.jpg,NoSCAM,img_0024,0.23635970056056976,0.12844763696193695,0.10791206359863281,True,False
NoSCAM_img_0025.jpg,NoSCAM,banana,zebra,1.5,NoSCAM_img_0025,/external-cache/fse_typographic_20260926/external/SCAM/images.zip,images/train/NoSCAM_img_0025.jpg,NoSCAM,img_0025,0.2806212306022644,0.14945074915885925,0.13117048144340515,True,False
NoSCAM_img_0026.jpg,NoSCAM,salt,bike,3.502,NoSCAM_img_0026,/external-cache/fse_typographic_20260926/external/SCAM/images.zip,images/train/NoSCAM_img_0026.jpg,NoSCAM,img_0026,0.26824307441711426,0.16460628807544708,0.10363678634166718,True,False
NoSCAM_img_0027.jpg,NoSCAM,cup,bike,2.623,NoSCAM_img_0027,/external-cache/fse_typographic_20260926/external/SCAM/images.zip,images/train/NoSCAM_img_0027.jpg,NoSCAM,img_0027,0.2670856714248657,0.14990676939487457,0.11717890202999115,True,True
NoSCAM_img_0028.jpg,NoSCAM,pot,hair,1.373,NoSCAM_img_0028,/external-cache/fse_typographic_20260926/external/SCAM/images.zip,images/train/NoSCAM_img_0028.jpg,NoSCAM,img_0028,0.2670260965824127,0.14558625221252441,0.1214398443698883,True,True
NoSCAM_img_0029.jpg,NoSCAM,cheese,seed,3.47,NoSCAM_img_0029,/external-cache/fse_typographic_20260926/external/SCAM/images.zip,images/train/NoSCAM_img_0029.jpg,NoSCAM,img_0029,0.2711317539215088,0.17572101950645447,0.09541073441505432,True,False
NoSCAM_img_0030.jpg,NoSCAM,oats,crystal,3.157,NoSCAM_img_0030,/external-cache/fse_typographic_20260926/external/SCAM/images.zip,images/train/NoSCAM_img_0030.jpg,NoSCAM,img_0030,0.24683630466461182,0.14164279401302338,0.10519351065158844,True,False
NoSCAM_img_0031.jpg,NoSCAM,drink,zebra,3.915,NoSCAM_img_0031,/external-cache/fse_typographic_20260926/external/SCAM/images.zip,images/train/NoSCAM_img_0031.jpg,NoSCAM,img_0031,0.1871204674243927,0.1490471214056015,0.0380733460187912,True,False
NoSCAM_img_0032.jpg,NoSCAM,fork,elevator,4.516,NoSCAM_img_0032,/external-cache/fse_typographic_20260926/external/SCAM/images.zip,images/train/NoSCAM_img_0032.jpg,NoSCAM,img_0032,0.2560516595840454,0.13156400620937347,0.12448765337467194,True,False
NoSCAM_img_0033.jpg,NoSCAM,spoon,elevator,2.885,NoSCAM_img_0033,/external-cache/fse_typographic_20260926/external/SCAM/images.zip,images/train/NoSCAM_img_0033.jpg,NoSCAM,img_0033,0.23059828579425812,0.1191466823220253,0.11145160347223282,True,False
NoSCAM_img_0034.jpg,NoSCAM,candle,hair,10.99,NoSCAM_img_0034,/external-cache/fse_typographic_20260926/external/SCAM/images.zip,images/train/NoSCAM_img_0034.jpg,NoSCAM,img_0034,0.2830648422241211,0.1615617424249649,0.12150309979915619,True,True
NoSCAM_img_0035.jpg,NoSCAM,slippers,train,1.752,NoSCAM_img_0035,/external-cache/fse_typographic_20260926/external/SCAM/images.zip,images/train/NoSCAM_img_0035.jpg,NoSCAM,img_0035,0.2685561776161194,0.14377379417419434,0.12478238344192505,True,True
NoSCAM_img_0036.jpg,NoSCAM,metronome,flower,4.193,NoSCAM_img_0036,/external-cache/fse_typographic_20260926/external/SCAM/images.zip,images/train/NoSCAM_img_0036.jpg,NoSCAM,img_0036,0.25145238637924194,0.13842424750328064,0.1130281388759613,True,False
NoSCAM_img_0037.jpg,NoSCAM,heater,pig,1.321,NoSCAM_img_0037,/external-cache/fse_typographic_20260926/external/SCAM/images.zip,images/train/NoSCAM_img_0037.jpg,NoSCAM,img_0037,0.2579551935195923,0.1608562469482422,0.0970989465713501,True,False
NoSCAM_img_0038.jpg,NoSCAM,radiator,pig,2.828,NoSCAM_img_0038,/external-cache/fse_typographic_20260926/external/SCAM/images.zip,images/train/NoSCAM_img_0038.jpg,NoSCAM,img_0038,0.2623123526573181,0.14082728326320648,0.12148506939411163,True,True
NoSCAM_img_0039.jpg,NoSCAM,bike light,traffic light,4.152,NoSCAM_img_0039,/external-cache/fse_typographic_20260926/external/SCAM/images.zip,images/train/NoSCAM_img_0039.jpg,NoSCAM,img_0039,0.1643323302268982,0.1152123212814331,0.04912000894546509,True,False
NoSCAM_img_0040.jpg,NoSCAM,hot water bottle,sloth,2.268,NoSCAM_img_0040,/external-cache/fse_typographic_20260926/external/SCAM/images.zip,images/train/NoSCAM_img_0040.jpg,NoSCAM,img_0040,0.23492448031902313,0.1116112619638443,0.12331321835517883,True,False
NoSCAM_img_0041.jpg,NoSCAM,frisbee,train,1.166,NoSCAM_img_0041,/external-cache/fse_typographic_20260926/external/SCAM/images.zip,images/train/NoSCAM_img_0041.jpg,NoSCAM,img_0041,0.25855469703674316,0.12654180824756622,0.13201288878917694,True,False
NoSCAM_img_0042.jpg,NoSCAM,shirt,pig,0.576,NoSCAM_img_0042,/external-cache/fse_typographic_20260926/external/SCAM/images.zip,images/train/NoSCAM_img_0042.jpg,NoSCAM,img_0042,0.22987249493598938,0.14401987195014954,0.08585262298583984,True,False
NoSCAM_img_0043.jpg,NoSCAM,backpack,stop sign,0.957,NoSCAM_img_0043,/external-cache/fse_typographic_20260926/external/SCAM/images.zip,images/train/NoSCAM_img_0043.jpg,NoSCAM,img_0043,0.2823682725429535,0.09376517683267593,0.18860310316085815,True,True
NoSCAM_img_0044.jpg,NoSCAM,chess board,traffic light,1.962,NoSCAM_img_0044,/external-cache/fse_typographic_20260926/external/SCAM/images.zip,images/train/NoSCAM_img_0044.jpg,NoSCAM,img_0044,0.3097347319126129,0.16842669248580933,0.1413080394268036,True,True
NoSCAM_img_0045.jpg,NoSCAM,stuffed animal,flower,1.903,NoSCAM_img_0045,/external-cache/fse_typographic_20260926/external/SCAM/images.zip,images/train/NoSCAM_img_0045.jpg,NoSCAM,img_0045,0.2465554177761078,0.13597753643989563,0.11057788133621216,True,True
NoSCAM_img_0046.jpg,NoSCAM,baseball cap,pen,3.995,NoSCAM_img_0046,/external-cache/fse_typographic_20260926/external/SCAM/images.zip,images/train/NoSCAM_img_0046.jpg,NoSCAM,img_0046,0.27546682953834534,0.17711296677589417,0.09835386276245117,True,True
NoSCAM_img_0047.jpg,NoSCAM,lightbulb,flower,2.414,NoSCAM_img_0047,/external-cache/fse_typographic_20260926/external/SCAM/images.zip,images/train/NoSCAM_img_0047.jpg,NoSCAM,img_0047,0.2473934292793274,0.1475490927696228,0.09984433650970459,True,False
NoSCAM_img_0048.jpg,NoSCAM,plectrum,ball,11.195,NoSCAM_img_0048,/external-cache/fse_typographic_20260926/external/SCAM/images.zip,images/train/NoSCAM_img_0048.jpg,NoSCAM,img_0048,0.3058829605579376,0.17562296986579895,0.13025999069213867,True,False
NoSCAM_img_0049.jpg,NoSCAM,glasses,pig,5.213,NoSCAM_img_0049,/external-cache/fse_typographic_20260926/external/SCAM/images.zip,images/train/NoSCAM_img_0049.jpg,NoSCAM,img_0049,0.2754586637020111,0.15790985524654388,0.11754880845546722,True,True
NoSCAM_img_0050.jpg,NoSCAM,teabag,train,5.468,NoSCAM_img_0050,/external-cache/fse_typographic_20260926/external/SCAM/images.zip,images/train/NoSCAM_img_0050.jpg,NoSCAM,img_0050,0.23973563313484192,0.08917970955371857,0.15055592358112335,True,True
NoSCAM_img_0051.jpg,NoSCAM,teabag,stop sign,6.758,NoSCAM_img_0051,/external-cache/fse_typographic_20260926/external/SCAM/images.zip,images/train/NoSCAM_img_0051.jpg,NoSCAM,img_0051,0.27981889247894287,0.1224454790353775,0.15737341344356537,True,True
NoSCAM_img_0052.jpg,NoSCAM,running shoes,flower,1.69,NoSCAM_img_0052,/external-cache/fse_typographic_20260926/external/SCAM/images.zip,images/train/NoSCAM_img_0052.jpg,NoSCAM,img_0052,0.28797781467437744,0.13787049055099487,0.15010732412338257,True,True
NoSCAM_img_0053.jpg,NoSCAM,flip flops,pen,1.38,NoSCAM_img_0053,/external-cache/fse_typographic_20260926/external/SCAM/images.zip,images/train/NoSCAM_img_0053.jpg,NoSCAM,img_0053,0.28166860342025757,0.10295583307743073,0.17871277034282684,True,True
NoSCAM_img_0054.jpg,NoSCAM,headphones,sloth,8.939,NoSCAM_img_0054,/external-cache/fse_typographic_20260926/external/SCAM/images.zip,images/train/NoSCAM_img_0054.jpg,NoSCAM,img_0054,0.2767176628112793,0.11758899688720703,0.15912866592407227,True,True
NoSCAM_img_0055.jpg,NoSCAM,ear protection,pen,6.182,NoSCAM_img_0055,/external-cache/fse_typographic_20260926/external/SCAM/images.zip,images/train/NoSCAM_img_0055.jpg,NoSCAM,img_0055,0.21393123269081116,0.19723786413669586,0.016693368554115295,True,False
NoSCAM_img_0056.jpg,NoSCAM,necklace,train,3.512,NoSCAM_img_0056,/external-cache/fse_typographic_20260926/external/SCAM/images.zip,images/train/NoSCAM_img_0056.jpg,NoSCAM,img_0056,0.2552826702594757,0.1458449512720108,0.1094377189874649,True,False
NoSCAM_img_0057.jpg,NoSCAM,tongue brush,sandwich,4.897,NoSCAM_img_0057,/external-cache/fse_typographic_20260926/external/SCAM/images.zip,images/train/NoSCAM_img_0057.jpg,NoSCAM,img_0057,0.24516919255256653,0.15493641793727875,0.09023277461528778,True,False
NoSCAM_img_0058.jpg,NoSCAM,hair dryer,sandwich,3.482,NoSCAM_img_0058,/external-cache/fse_typographic_20260926/external/SCAM/images.zip,images/train/NoSCAM_img_0058.jpg,NoSCAM,img_0058,0.2589406371116638,0.13594532012939453,0.12299531698226929,True,False
NoSCAM_img_0059.jpg,NoSCAM,shaver,lion,5.138,NoSCAM_img_0059,/external-cache/fse_typographic_20260926/external/SCAM/images.zip,images/train/NoSCAM_img_0059.jpg,NoSCAM,img_0059,0.2158128023147583,0.1078658178448677,0.1079469844698906,True,False
NoSCAM_img_0060.jpg,NoSCAM,interdental brush,lipstick,9.271,NoSCAM_img_0060,/external-cache/fse_typographic_20260926/external/SCAM/images.zip,images/train/NoSCAM_img_0060.jpg,NoSCAM,img_0060,0.24885693192481995,0.18021242320537567,0.06864450871944427,True,False
NoSCAM_img_0061.jpg,NoSCAM,perfume,lion,7.388,NoSCAM_img_0061,/external-cache/fse_typographic_20260926/external/SCAM/images.zip,images/train/NoSCAM_img_0061.jpg,NoSCAM,img_0061,0.2908056378364563,0.10234569013118744,0.18845994770526886,True,True
NoSCAM_img_0062.jpg,NoSCAM,spoon,lipstick,8.465,NoSCAM_img_0062,/external-cache/fse_typographic_20260926/external/SCAM/images.zip,images/train/NoSCAM_img_0062.jpg,NoSCAM,img_0062,0.27683424949645996,0.16165274381637573,0.11518150568008423,True,True
NoSCAM_img_0063.jpg,NoSCAM,bottle,lion,4.593,NoSCAM_img_0063,/external-cache/fse_typographic_20260926/external/SCAM/images.zip,images/train/NoSCAM_img_0063.jpg,NoSCAM,img_0063,0.23328346014022827,0.12929043173789978,0.10399302840232849,True,False
NoSCAM_img_0064.jpg,NoSCAM,glasses,mirror,9.495,NoSCAM_img_0064,/external-cache/fse_typographic_20260926/external/SCAM/images.zip,images/train/NoSCAM_img_0064.jpg,NoSCAM,img_0064,0.2506272792816162,0.16187936067581177,0.08874791860580444,True,True
NoSCAM_img_0065.jpg,NoSCAM,underpants,lion,2.841,NoSCAM_img_0065,/external-cache/fse_typographic_20260926/external/SCAM/images.zip,images/train/NoSCAM_img_0065.jpg,NoSCAM,img_0065,0.24701467156410217,0.10507207363843918,0.1419425904750824,True,True
NoSCAM_img_0066.jpg,NoSCAM,sock,lipstick,2.299,NoSCAM_img_0066,/external-cache/fse_typographic_20260926/external/SCAM/images.zip,images/train/NoSCAM_img_0066.jpg,NoSCAM,img_0066,0.2734784483909607,0.16247719526290894,0.11100125312805176,True,True
NoSCAM_img_0067.jpg,NoSCAM,hairgrip,mirror,24.505,NoSCAM_img_0067,/external-cache/fse_typographic_20260926/external/SCAM/images.zip,images/train/NoSCAM_img_0067.jpg,NoSCAM,img_0067,0.19681984186172485,0.13621103763580322,0.06060880422592163,True,False
NoSCAM_img_0068.jpg,NoSCAM,tampon,lion,9.015,NoSCAM_img_0068,/external-cache/fse_typographic_20260926/external/SCAM/images.zip,images/train/NoSCAM_img_0068.jpg,NoSCAM,img_0068,0.21898671984672546,0.13527633249759674,0.08371038734912872,True,False
NoSCAM_img_0069.jpg,NoSCAM,makeup powder,lipstick,10.351,NoSCAM_img_0069,/external-cache/fse_typographic_20260926/external/SCAM/images.zip,images/train/NoSCAM_img_0069.jpg,NoSCAM,img_0069,0.2802445590496063,0.2556161880493164,0.024628371000289917,True,True
NoSCAM_img_0070.jpg,NoSCAM,lipstick,lightbulb,35.456,NoSCAM_img_0070,/external-cache/fse_typographic_20260926/external/SCAM/images.zip,images/train/NoSCAM_img_0070.jpg,NoSCAM,img_0070,0.2962050139904022,0.16707545518875122,0.129129558801651,True,True
NoSCAM_img_0071.jpg,NoSCAM,bottle,honey,1.527,NoSCAM_img_0071,/external-cache/fse_typographic_20260926/external/SCAM/images.zip,images/train/NoSCAM_img_0071.jpg,NoSCAM,img_0071,0.26769429445266724,0.16540783643722534,0.1022864580154419,True,True
NoSCAM_img_0072.jpg,NoSCAM,bag,cake,2.238,NoSCAM_img_0072,/external-cache/fse_typographic_20260926/external/SCAM/images.zip,images/train/NoSCAM_img_0072.jpg,NoSCAM,img_0072,0.2228490263223648,0.11661543697118759,0.10623358935117722,True,False
NoSCAM_img_0073.jpg,NoSCAM,trash can,lightbulb,1.52,NoSCAM_img_0073,/external-cache/fse_typographic_20260926/external/SCAM/images.zip,images/train/NoSCAM_img_0073.jpg,NoSCAM,img_0073,0.25613442063331604,0.1359221488237381,0.12021227180957794,True,False
NoSCAM_img_0074.jpg,NoSCAM,plug socket,iron,10.445,NoSCAM_img_0074,/external-cache/fse_typographic_20260926/external/SCAM/images.zip,images/train/NoSCAM_img_0074.jpg,NoSCAM,img_0074,0.2595368027687073,0.16810199618339539,0.09143480658531189,True,False
NoSCAM_img_0075.jpg,NoSCAM,handkerchiefs,honey,14.964,NoSCAM_img_0075,/external-cache/fse_typographic_20260926/external/SCAM/images.zip,images/train/NoSCAM_img_0075.jpg,NoSCAM,img_0075,0.24305295944213867,0.17204022407531738,0.07101273536682129,True,False
NoSCAM_img_0076.jpg,NoSCAM,brush,honey,8.073,NoSCAM_img_0076,/external-cache/fse_typographic_20260926/external/SCAM/images.zip,images/train/NoSCAM_img_0076.jpg,NoSCAM,img_0076,0.267246812582016,0.16535404324531555,0.10189276933670044,True,False
NoSCAM_img_0077.jpg,NoSCAM,glass,cake,10.46,NoSCAM_img_0077,/external-cache/fse_typographic_20260926/external/SCAM/images.zip,images/train/NoSCAM_img_0077.jpg,NoSCAM,img_0077,0.2730935215950012,0.17204509675502777,0.10104842483997345,True,True
NoSCAM_img_0078.jpg,NoSCAM,toilet paper,lightbulb,19.397,NoSCAM_img_0078,/external-cache/fse_typographic_20260926/external/SCAM/images.zip,images/train/NoSCAM_img_0078.jpg,NoSCAM,img_0078,0.2818973660469055,0.17254877090454102,0.1093485951423645,True,False
NoSCAM_img_0079.jpg,NoSCAM,pills,iron,10.68,NoSCAM_img_0079,/external-cache/fse_typographic_20260926/external/SCAM/images.zip,images/train/NoSCAM_img_0079.jpg,NoSCAM,img_0079,0.2522178292274475,0.12484107166528702,0.1273767650127411,True,True
NoSCAM_img_0080.jpg,NoSCAM,toothpaste,cake,5.398,NoSCAM_img_0080,/external-cache/fse_typographic_20260926/external/SCAM/images.zip,images/train/NoSCAM_img_0080.jpg,NoSCAM,img_0080,0.29037243127822876,0.17200559377670288,0.11836683750152588,True,True
NoSCAM_img_0081.jpg,NoSCAM,roll-on,lightbulb,19.813,NoSCAM_img_0081,/external-cache/fse_typographic_20260926/external/SCAM/images.zip,images/train/NoSCAM_img_0081.jpg,NoSCAM,img_0081,0.23257531225681305,0.15134961903095245,0.0812256932258606,True,False
NoSCAM_img_0082.jpg,NoSCAM,pen,cake,15.587,NoSCAM_img_0082,/external-cache/fse_typographic_20260926/external/SCAM/images.zip,images/train/NoSCAM_img_0082.jpg,NoSCAM,img_0082,0.25015971064567566,0.15944430232048035,0.09071540832519531,True,False
NoSCAM_img_0083.jpg,NoSCAM,wool,iron,2.848,NoSCAM_img_0083,/external-cache/fse_typographic_20260926/external/SCAM/images.zip,images/train/NoSCAM_img_0083.jpg,NoSCAM,img_0083,0.27634766697883606,0.13761349022388458,0.13873417675495148,True,True
NoSCAM_img_0084.jpg,NoSCAM,candle,honey,7.176,NoSCAM_img_0084,/external-cache/fse_typographic_20260926/external/SCAM/images.zip,images/train/NoSCAM_img_0084.jpg,NoSCAM,img_0084,0.2915438711643219,0.19217830896377563,0.09936556220054626,True,True
NoSCAM_img_0085.jpg,NoSCAM,cable,lightbulb,2.348,NoSCAM_img_0085,/external-cache/fse_typographic_20260926/external/SCAM/images.zip,images/train/NoSCAM_img_0085.jpg,NoSCAM,img_0085,0.21523410081863403,0.17410510778427124,0.04112899303436279,True,False
NoSCAM_img_0086.jpg,NoSCAM,doorhandle,sandwich,4.642,NoSCAM_img_0086,/external-cache/fse_typographic_20260926/external/SCAM/images.zip,images/train/NoSCAM_img_0086.jpg,NoSCAM,img_0086,0.26862388849258423,0.14846140146255493,0.1201624870300293,True,True
NoSCAM_img_0087.jpg,NoSCAM,router,sandwich,8.904,NoSCAM_img_0087,/external-cache/fse_typographic_20260926/external/SCAM/images.zip,images/train/NoSCAM_img_0087.jpg,NoSCAM,img_0087,0.2802688479423523,0.14409732818603516,0.13617151975631714,True,True
NoSCAM_img_0088.jpg,NoSCAM,oat bar,sandwich,26.147,NoSCAM_img_0088,/external-cache/fse_typographic_20260926/external/SCAM/images.zip,images/train/NoSCAM_img_0088.jpg,NoSCAM,img_0088,0.282783180475235,0.18796631693840027,0.09481686353683472,True,True
NoSCAM_img_0089.jpg,NoSCAM,bag,house,8.706,NoSCAM_img_0089,/external-cache/fse_typographic_20260926/external/SCAM/images.zip,images/train/NoSCAM_img_0089.jpg,NoSCAM,img_0089,0.2441435605287552,0.13324762880802155,0.11089593172073364,True,False
NoSCAM_img_0090.jpg,NoSCAM,oat bar,house,25.312,NoSCAM_img_0090,/external-cache/fse_typographic_20260926/external/SCAM/images.zip,images/train/NoSCAM_img_0090.jpg,NoSCAM,img_0090,0.29032957553863525,0.12407661974430084,0.1662529557943344,True,True
NoSCAM_img_0091.jpg,NoSCAM,emergency exit sign,camera,5.45,NoSCAM_img_0091,/external-cache/fse_typographic_20260926/external/SCAM/images.zip,images/train/NoSCAM_img_0091.jpg,NoSCAM,img_0091,0.3313392996788025,0.18215912580490112,0.14918017387390137,True,True
NoSCAM_img_0092.jpg,NoSCAM,projector,camera,4.879,NoSCAM_img_0092,/external-cache/fse_typographic_20260926/external/SCAM/images.zip,images/train/NoSCAM_img_0092.jpg,NoSCAM,img_0092,0.23320479691028595,0.20906531810760498,0.02413947880268097,True,True
NoSCAM_img_0093.jpg,NoSCAM,cigarettes,camera,6.718,NoSCAM_img_0093,/external-cache/fse_typographic_20260926/external/SCAM/images.zip,images/train/NoSCAM_img_0093.jpg,NoSCAM,img_0093,0.27727219462394714,0.14251689612865448,0.13475529849529266,True,True
NoSCAM_img_0094.jpg,NoSCAM,helmet,camera,3.619,NoSCAM_img_0094,/external-cache/fse_typographic_20260926/external/SCAM/images.zip,images/train/NoSCAM_img_0094.jpg,NoSCAM,img_0094,0.25173845887184143,0.13229136168956757,0.11944709718227386,True,True
NoSCAM_img_0095.jpg,NoSCAM,headphones,house,4.221,NoSCAM_img_0095,/external-cache/fse_typographic_20260926/external/SCAM/images.zip,images/train/NoSCAM_img_0095.jpg,NoSCAM,img_0095,0.261368989944458,0.11554174870252609,0.14582723379135132,True,True
NoSCAM_img_0096.jpg,NoSCAM,railing,house,2.051,NoSCAM_img_0096,/external-cache/fse_typographic_20260926/external/SCAM/images.zip,images/train/NoSCAM_img_0096.jpg,NoSCAM,img_0096,0.2535662353038788,0.16259942948818207,0.09096680581569672,True,False
NoSCAM_img_0097.jpg,NoSCAM,fire alarm button,house,3.605,NoSCAM_img_0097,/external-cache/fse_typographic_20260926/external/SCAM/images.zip,images/train/NoSCAM_img_0097.jpg,NoSCAM,img_0097,0.29254674911499023,0.15598666667938232,0.1365600824356079,True,True
NoSCAM_img_0098.jpg,NoSCAM,bicycle,train,1.865,NoSCAM_img_0098,/external-cache/fse_typographic_20260926/external/SCAM/images.zip,images/train/NoSCAM_img_0098.jpg,NoSCAM,img_0098,0.23918312788009644,0.09732656925916672,0.14185655117034912,True,True
NoSCAM_img_0099.jpg,NoSCAM,no-entry sign,train,2.524,NoSCAM_img_0099,/external-cache/fse_typographic_20260926/external/SCAM/images.zip,images/train/NoSCAM_img_0099.jpg,NoSCAM,img_0099,0.2719954550266266,0.13086122274398804,0.14113423228263855,True,False
NoSCAM_img_0100.jpg,NoSCAM,e-scooter,van,0.244,NoSCAM_img_0100,/external-cache/fse_typographic_20260926/external/SCAM/images.zip,images/train/NoSCAM_img_0100.jpg,NoSCAM,img_0100,0.2978282570838928,0.14056694507598877,0.15726131200790405,True,True
NoSCAM_img_0101.jpg,NoSCAM,car,train,2.306,NoSCAM_img_0101,/external-cache/fse_typographic_20260926/external/SCAM/images.zip,images/train/NoSCAM_img_0101.jpg,NoSCAM,img_0101,0.2434297800064087,0.1509399563074112,0.0924898236989975,True,False
NoSCAM_img_0102.jpg,NoSCAM,person,van,1.247,NoSCAM_img_0102,/external-cache/fse_typographic_20260926/external/SCAM/images.zip,images/train/NoSCAM_img_0102.jpg,NoSCAM,img_0102,0.1847655326128006,0.10852779448032379,0.0762377381324768,True,False
NoSCAM_img_0103.jpg,NoSCAM,first aid kit,train,4.273,NoSCAM_img_0103,/external-cache/fse_typographic_20260926/external/SCAM/images.zip,images/train/NoSCAM_img_0103.jpg,NoSCAM,img_0103,0.26639673113822937,0.14254999160766602,0.12384673953056335,True,True
NoSCAM_img_0104.jpg,NoSCAM,flowers,bus,8.54,NoSCAM_img_0104,/external-cache/fse_typographic_20260926/external/SCAM/images.zip,images/train/NoSCAM_img_0104.jpg,NoSCAM,img_0104,0.24691015481948853,0.11273439228534698,0.13417576253414154,True,True
NoSCAM_img_0105.jpg,NoSCAM,cake,house,7.695,NoSCAM_img_0105,/external-cache/fse_typographic_20260926/external/SCAM/images.zip,images/train/NoSCAM_img_0105.jpg,NoSCAM,img_0105,0.22466737031936646,0.14829419553279877,0.07637317478656769,True,False
NoSCAM_img_0106.jpg,NoSCAM,blackboard,house,0.293,NoSCAM_img_0106,/external-cache/fse_typographic_20260926/external/SCAM/images.zip,images/train/NoSCAM_img_0106.jpg,NoSCAM,img_0106,0.2801501750946045,0.14181533455848694,0.13833484053611755,True,True
NoSCAM_img_0107.jpg,NoSCAM,ham,feather,4.422,NoSCAM_img_0107,/external-cache/fse_typographic_20260926/external/SCAM/images.zip,images/train/NoSCAM_img_0107.jpg,NoSCAM,img_0107,0.1755933314561844,0.12697835266590118,0.0486149787902832,True,False
NoSCAM_img_0108.jpg,NoSCAM,sausages,fan,5.389,NoSCAM_img_0108,/external-cache/fse_typographic_20260926/external/SCAM/images.zip,images/train/NoSCAM_img_0108.jpg,NoSCAM,img_0108,0.2372559905052185,0.09349389374256134,0.14376209676265717,True,False
NoSCAM_img_0109.jpg,NoSCAM,cheese,egg,3.469,NoSCAM_img_0109,/external-cache/fse_typographic_20260926/external/SCAM/images.zip,images/train/NoSCAM_img_0109.jpg,NoSCAM,img_0109,0.271281898021698,0.1281644105911255,0.1431174874305725,True,True
NoSCAM_img_0110.jpg,NoSCAM,zucchini,eagle,11.016,NoSCAM_img_0110,/external-cache/fse_typographic_20260926/external/SCAM/images.zip,images/train/NoSCAM_img_0110.jpg,NoSCAM,img_0110,0.23160746693611145,0.14918169379234314,0.08242577314376831,True,False
NoSCAM_img_0111.jpg,NoSCAM,olives,door,12.885,NoSCAM_img_0111,/external-cache/fse_typographic_20260926/external/SCAM/images.zip,images/train/NoSCAM_img_0111.jpg,NoSCAM,img_0111,0.2683812379837036,0.15569418668746948,0.11268705129623413,True,True
NoSCAM_img_0112.jpg,NoSCAM,gnocchi,dog,5.271,NoSCAM_img_0112,/external-cache/fse_typographic_20260926/external/SCAM/images.zip,images/train/NoSCAM_img_0112.jpg,NoSCAM,img_0112,0.2901589572429657,0.11720303446054459,0.1729559302330017,True,True
NoSCAM_img_0113.jpg,NoSCAM,tortellini,dish,3.48,NoSCAM_img_0113,/external-cache/fse_typographic_20260926/external/SCAM/images.zip,images/train/NoSCAM_img_0113.jpg,NoSCAM,img_0113,0.2454446703195572,0.16309607028961182,0.08234860002994537,True,True
NoSCAM_img_0114.jpg,NoSCAM,salami,curtain,6.251,NoSCAM_img_0114,/external-cache/fse_typographic_20260926/external/SCAM/images.zip,images/train/NoSCAM_img_0114.jpg,NoSCAM,img_0114,0.25617295503616333,0.11812278628349304,0.1380501687526703,True,True
NoSCAM_img_0115.jpg,NoSCAM,sausages,cup,9.803,NoSCAM_img_0115,/external-cache/fse_typographic_20260926/external/SCAM/images.zip,images/train/NoSCAM_img_0115.jpg,NoSCAM,img_0115,0.22510936856269836,0.08562111854553223,0.13948825001716614,True,False
NoSCAM_img_0116.jpg,NoSCAM,sausages,crab,8.299,NoSCAM_img_0116,/external-cache/fse_typographic_20260926/external/SCAM/images.zip,images/train/NoSCAM_img_0116.jpg,NoSCAM,img_0116,0.28134363889694214,0.14345481991767883,0.1378888189792633,True,True
NoSCAM_img_0117.jpg,NoSCAM,pizza,cow,2.334,NoSCAM_img_0117,/external-cache/fse_typographic_20260926/external/SCAM/images.zip,images/train/NoSCAM_img_0117.jpg,NoSCAM,img_0117,0.26899272203445435,0.1489831656217575,0.12000955641269684,True,True
NoSCAM_img_0118.jpg,NoSCAM,pea,couch,6.153,NoSCAM_img_0118,/external-cache/fse_typographic_20260926/external/SCAM/images.zip,images/train/NoSCAM_img_0118.jpg,NoSCAM,img_0118,0.21988853812217712,0.09428165853023529,0.12560687959194183,True,False
NoSCAM_img_0119.jpg,NoSCAM,edamame,coin,11.709,NoSCAM_img_0119,/external-cache/fse_typographic_20260926/external/SCAM/images.zip,images/train/NoSCAM_img_0119.jpg,NoSCAM,img_0119,0.2253846377134323,0.12815842032432556,0.09722621738910675,True,False
NoSCAM_img_0120.jpg,NoSCAM,octopus,coat,3.475,NoSCAM_img_0120,/external-cache/fse_typographic_20260926/external/SCAM/images.zip,images/train/NoSCAM_img_0120.jpg,NoSCAM,img_0120,0.2571653723716736,0.11411529779434204,0.14305007457733154,True,True
NoSCAM_img_0121.jpg,NoSCAM,fries,cloud,7.111,NoSCAM_img_0121,/external-cache/fse_typographic_20260926/external/SCAM/images.zip,images/train/NoSCAM_img_0121.jpg,NoSCAM,img_0121,0.228687584400177,0.12586617469787598,0.10282140970230103,True,False
NoSCAM_img_0122.jpg,NoSCAM,goose,clock,3.677,NoSCAM_img_0122,/external-cache/fse_typographic_20260926/external/SCAM/images.zip,images/train/NoSCAM_img_0122.jpg,NoSCAM,img_0122,0.19676953554153442,0.09331043064594269,0.10345910489559174,True,False
NoSCAM_img_0123.jpg,NoSCAM,cow meat,chicken,8.411,NoSCAM_img_0123,/external-cache/fse_typographic_20260926/external/SCAM/images.zip,images/train/NoSCAM_img_0123.jpg,NoSCAM,img_0123,0.2592906057834625,0.12766657769680023,0.1316240280866623,True,True
NoSCAM_img_0124.jpg,NoSCAM,salmon,grape,15.505,NoSCAM_img_0124,/external-cache/fse_typographic_20260926/external/SCAM/images.zip,images/train/NoSCAM_img_0124.jpg,NoSCAM,img_0124,0.26238489151000977,0.13748815655708313,0.12489673495292664,True,True
NoSCAM_img_0125.jpg,NoSCAM,parsley,grass,7.543,NoSCAM_img_0125,/external-cache/fse_typographic_20260926/external/SCAM/images.zip,images/train/NoSCAM_img_0125.jpg,NoSCAM,img_0125,0.3199358880519867,0.19678638875484467,0.12314949929714203,True,True
NoSCAM_img_0126.jpg,NoSCAM,sage leaves,fruit,8.103,NoSCAM_img_0126,/external-cache/fse_typographic_20260926/external/SCAM/images.zip,images/train/NoSCAM_img_0126.jpg,NoSCAM,img_0126,0.21472688019275665,0.17746864259243011,0.03725823760032654,True,False
NoSCAM_img_0127.jpg,NoSCAM,rosemary,frog,7.395,NoSCAM_img_0127,/external-cache/fse_typographic_20260926/external/SCAM/images.zip,images/train/NoSCAM_img_0127.jpg,NoSCAM,img_0127,0.26792678236961365,0.14354756474494934,0.1243792176246643,True,True
NoSCAM_img_0128.jpg,NoSCAM,mushrooms,fork,9.111,NoSCAM_img_0128,/external-cache/fse_typographic_20260926/external/SCAM/images.zip,images/train/NoSCAM_img_0128.jpg,NoSCAM,img_0128,0.22037909924983978,0.1241174042224884,0.09626169502735138,True,False
NoSCAM_img_0129.jpg,NoSCAM,spinach,floor,8.186,NoSCAM_img_0129,/external-cache/fse_typographic_20260926/external/SCAM/images.zip,images/train/NoSCAM_img_0129.jpg,NoSCAM,img_0129,0.2610848546028137,0.1521238535642624,0.10896100103855133,True,False
NoSCAM_img_0130.jpg,NoSCAM,spinach,flag,7.209,NoSCAM_img_0130,/external-cache/fse_typographic_20260926/external/SCAM/images.zip,images/train/NoSCAM_img_0130.jpg,NoSCAM,img_0130,0.22933807969093323,0.09628283977508545,0.13305523991584778,True,True
NoSCAM_img_0131.jpg,NoSCAM,gem lettuce,fish,3.255,NoSCAM_img_0131,/external-cache/fse_typographic_20260926/external/SCAM/images.zip,images/train/NoSCAM_img_0131.jpg,NoSCAM,img_0131,0.2870127856731415,0.15463003516197205,0.13238275051116943,True,True
NoSCAM_img_0132.jpg,NoSCAM,pumpkin,fire,7.914,NoSCAM_img_0132,/external-cache/fse_typographic_20260926/external/SCAM/images.zip,images/train/NoSCAM_img_0132.jpg,NoSCAM,img_0132,0.19783103466033936,0.13002744317054749,0.06780359148979187,True,False
NoSCAM_img_0133.jpg,NoSCAM,white cabbage,finger,4.662,NoSCAM_img_0133,/external-cache/fse_typographic_20260926/external/SCAM/images.zip,images/train/NoSCAM_img_0133.jpg,NoSCAM,img_0133,0.26138070225715637,0.12203706800937653,0.13934363424777985,True,True
NoSCAM_img_0134.jpg,NoSCAM,celery,fence,5.221,NoSCAM_img_0134,/external-cache/fse_typographic_20260926/external/SCAM/images.zip,images/train/NoSCAM_img_0134.jpg,NoSCAM,img_0134,0.27193084359169006,0.08800582587718964,0.18392501771450043,True,True
NoSCAM_img_0135.jpg,NoSCAM,green beans,feather,6.353,NoSCAM_img_0135,/external-cache/fse_typographic_20260926/external/SCAM/images.zip,images/train/NoSCAM_img_0135.jpg,NoSCAM,img_0135,0.27198731899261475,0.11543747782707214,0.1565498411655426,True,True
NoSCAM_img_0136.jpg,NoSCAM,chili pepper,fan,10.091,NoSCAM_img_0136,/external-cache/fse_typographic_20260926/external/SCAM/images.zip,images/train/NoSCAM_img_0136.jpg,NoSCAM,img_0136,0.2513260245323181,0.1393662393093109,0.1119597852230072,True,False
NoSCAM_img_0137.jpg,NoSCAM,zucchini,egg,8.336,NoSCAM_img_0137,/external-cache/fse_typographic_20260926/external/SCAM/images.zip,images/train/NoSCAM_img_0137.jpg,NoSCAM,img_0137,0.2873825430870056,0.13199466466903687,0.15538787841796875,True,True
NoSCAM_img_0138.jpg,NoSCAM,aubergine,eagle,5.921,NoSCAM_img_0138,/external-cache/fse_typographic_20260926/external/SCAM/images.zip,images/train/NoSCAM_img_0138.jpg,NoSCAM,img_0138,0.290637731552124,0.07993900030851364,0.21069872379302979,True,True
NoSCAM_img_0139.jpg,NoSCAM,tomatoes,duck,7.314,NoSCAM_img_0139,/external-cache/fse_typographic_20260926/external/SCAM/images.zip,images/train/NoSCAM_img_0139.jpg,NoSCAM,img_0139,0.2760595977306366,0.14821702241897583,0.12784257531166077,True,True
NoSCAM_img_0140.jpg,NoSCAM,tomatoes,door,6.548,NoSCAM_img_0140,/external-cache/fse_typographic_20260926/external/SCAM/images.zip,images/train/NoSCAM_img_0140.jpg,NoSCAM,img_0140,0.2574842870235443,0.11014504730701447,0.14733923971652985,True,True
NoSCAM_img_0141.jpg,NoSCAM,pineapples,dog,5.463,NoSCAM_img_0141,/external-cache/fse_typographic_20260926/external/SCAM/images.zip,images/train/NoSCAM_img_0141.jpg,NoSCAM,img_0141,0.27522486448287964,0.1296052634716034,0.14561960101127625,True,True
NoSCAM_img_0142.jpg,NoSCAM,pepper,dish,3.627,NoSCAM_img_0142,/external-cache/fse_typographic_20260926/external/SCAM/images.zip,images/train/NoSCAM_img_0142.jpg,NoSCAM,img_0142,0.250802606344223,0.1573544591665268,0.09344814717769623,True,False
NoSCAM_img_0143.jpg,NoSCAM,garlic,curtain,4.483,NoSCAM_img_0143,/external-cache/fse_typographic_20260926/external/SCAM/images.zip,images/train/NoSCAM_img_0143.jpg,NoSCAM,img_0143,0.2649240493774414,0.16263727843761444,0.10228677093982697,True,True
NoSCAM_img_0144.jpg,NoSCAM,banana,cup,3.68,NoSCAM_img_0144,/external-cache/fse_typographic_20260926/external/SCAM/images.zip,images/train/NoSCAM_img_0144.jpg,NoSCAM,img_0144,0.2643697261810303,0.17032553255558014,0.09404419362545013,True,False
NoSCAM_img_0145.jpg,NoSCAM,mango,crab,6.595,NoSCAM_img_0145,/external-cache/fse_typographic_20260926/external/SCAM/images.zip,images/train/NoSCAM_img_0145.jpg,NoSCAM,img_0145,0.26110488176345825,0.1429138481616974,0.11819103360176086,True,True
NoSCAM_img_0146.jpg,NoSCAM,pumpkin,cow,5.669,NoSCAM_img_0146,/external-cache/fse_typographic_20260926/external/SCAM/images.zip,images/train/NoSCAM_img_0146.jpg,NoSCAM,img_0146,0.2566063404083252,0.17282313108444214,0.08378320932388306,True,False
NoSCAM_img_0147.jpg,NoSCAM,lime,couch,6.037,NoSCAM_img_0147,/external-cache/fse_typographic_20260926/external/SCAM/images.zip,images/train/NoSCAM_img_0147.jpg,NoSCAM,img_0147,0.24132117629051208,0.12144401669502258,0.1198771595954895,True,False
NoSCAM_img_0148.jpg,NoSCAM,ginger,coin,4.261,NoSCAM_img_0148,/external-cache/fse_typographic_20260926/external/SCAM/images.zip,images/train/NoSCAM_img_0148.jpg,NoSCAM,img_0148,0.25416287779808044,0.1121130958199501,0.14204978942871094,True,True
NoSCAM_img_0149.jpg,NoSCAM,cucumber,coat,3.86,NoSCAM_img_0149,/external-cache/fse_typographic_20260926/external/SCAM/images.zip,images/train/NoSCAM_img_0149.jpg,NoSCAM,img_0149,0.297549307346344,0.1470576971769333,0.1504916101694107,True,True
NoSCAM_img_0150.jpg,NoSCAM,potatoes,cloud,2.681,NoSCAM_img_0150,/external-cache/fse_typographic_20260926/external/SCAM/images.zip,images/train/NoSCAM_img_0150.jpg,NoSCAM,img_0150,0.2535390853881836,0.11348997056484222,0.14004911482334137,True,True
NoSCAM_img_0151.jpg,NoSCAM,kiwi,clock,7.36,NoSCAM_img_0151,/external-cache/fse_typographic_20260926/external/SCAM/images.zip,images/train/NoSCAM_img_0151.jpg,NoSCAM,img_0151,0.1636350303888321,0.09237410128116608,0.07126092910766602,True,False
NoSCAM_img_0152.jpg,NoSCAM,grapes,chicken,4.285,NoSCAM_img_0152,/external-cache/fse_typographic_20260926/external/SCAM/images.zip,images/train/NoSCAM_img_0152.jpg,NoSCAM,img_0152,0.26406681537628174,0.1126938983798027,0.15137290954589844,True,True
NoSCAM_img_0153.jpg,NoSCAM,onions,hammer,5.75,NoSCAM_img_0153,/external-cache/fse_typographic_20260926/external/SCAM/images.zip,images/train/NoSCAM_img_0153.jpg,NoSCAM,img_0153,0.31185829639434814,0.1410841941833496,0.17077410221099854,True,True
NoSCAM_img_0154.jpg,NoSCAM,apples,grape,5.257,NoSCAM_img_0154,/external-cache/fse_typographic_20260926/external/SCAM/images.zip,images/train/NoSCAM_img_0154.jpg,NoSCAM,img_0154,0.22287243604660034,0.14678606390953064,0.0760863721370697,True,False
NoSCAM_img_0155.jpg,NoSCAM,puffed rice,grass,4.471,NoSCAM_img_0155,/external-cache/fse_typographic_20260926/external/SCAM/images.zip,images/train/NoSCAM_img_0155.jpg,NoSCAM,img_0155,0.23517268896102905,0.11948926746845245,0.1156834214925766,True,True
NoSCAM_img_0156.jpg,NoSCAM,chewing gum,fruit,6.769,NoSCAM_img_0156,/external-cache/fse_typographic_20260926/external/SCAM/images.zip,images/train/NoSCAM_img_0156.jpg,NoSCAM,img_0156,0.2695469558238983,0.1922723352909088,0.0772746205329895,True,False
NoSCAM_img_0157.jpg,NoSCAM,chewing gums,frog,9.029,NoSCAM_img_0157,/external-cache/fse_typographic_20260926/external/SCAM/images.zip,images/train/NoSCAM_img_0157.jpg,NoSCAM,img_0157,0.20487532019615173,0.09960464388132095,0.10527067631483078,True,False
NoSCAM_img_0158.jpg,NoSCAM,lollies,fork,6.662,NoSCAM_img_0158,/external-cache/fse_typographic_20260926/external/SCAM/images.zip,images/train/NoSCAM_img_0158.jpg,NoSCAM,img_0158,0.24739712476730347,0.0997309535741806,0.14766617119312286,True,True
NoSCAM_img_0159.jpg,NoSCAM,grill,floor,0.404,NoSCAM_img_0159,/external-cache/fse_typographic_20260926/external/SCAM/images.zip,images/train/NoSCAM_img_0159.jpg,NoSCAM,img_0159,0.25990378856658936,0.1123218759894371,0.14758190512657166,True,True
NoSCAM_img_0160.jpg,NoSCAM,calendar,flag,2.214,NoSCAM_img_0160,/external-cache/fse_typographic_20260926/external/SCAM/images.zip,images/train/NoSCAM_img_0160.jpg,NoSCAM,img_0160,0.29089996218681335,0.1908029019832611,0.10009706020355225,True,True
NoSCAM_img_0161.jpg,NoSCAM,tray,fish,2.572,NoSCAM_img_0161,/external-cache/fse_typographic_20260926/external/SCAM/images.zip,images/train/NoSCAM_img_0161.jpg,NoSCAM,img_0161,0.2541847825050354,0.13415977358818054,0.12002500891685486,True,True
NoSCAM_img_0162.jpg,NoSCAM,duct tape,fire,3.336,NoSCAM_img_0162,/external-cache/fse_typographic_20260926/external/SCAM/images.zip,images/train/NoSCAM_img_0162.jpg,NoSCAM,img_0162,0.23162151873111725,0.134938046336174,0.09668347239494324,True,False
NoSCAM_img_0163.jpg,NoSCAM,rubber bands,finger,5.503,NoSCAM_img_0163,/external-cache/fse_typographic_20260926/external/SCAM/images.zip,images/train/NoSCAM_img_0163.jpg,NoSCAM,img_0163,0.27289092540740967,0.1611112356185913,0.11177968978881836,True,True
NoSCAM_img_0164.jpg,NoSCAM,cash register,fence,1.35,NoSCAM_img_0164,/external-cache/fse_typographic_20260926/external/SCAM/images.zip,images/train/NoSCAM_img_0164.jpg,NoSCAM,img_0164,0.2897564172744751,0.07509466260671616,0.21466174721717834,True,True
NoSCAM_img_0165.jpg,NoSCAM,labeling machine,feather,4.114,NoSCAM_img_0165,/external-cache/fse_typographic_20260926/external/SCAM/images.zip,images/train/NoSCAM_img_0165.jpg,NoSCAM,img_0165,0.18412469327449799,0.10275550186634064,0.08136919140815735,True,False
NoSCAM_img_0166.jpg,NoSCAM,speaker,fan,3.07,NoSCAM_img_0166,/external-cache/fse_typographic_20260926/external/SCAM/images.zip,images/train/NoSCAM_img_0166.jpg,NoSCAM,img_0166,0.25600409507751465,0.14357125759124756,0.11243283748626709,True,True
NoSCAM_img_0167.jpg,NoSCAM,spiral notebooks,egg,1.866,NoSCAM_img_0167,/external-cache/fse_typographic_20260926/external/SCAM/images.zip,images/train/NoSCAM_img_0167.jpg,NoSCAM,img_0167,0.26429206132888794,0.11776740103960037,0.14652466773986816,True,True
NoSCAM_img_0168.jpg,NoSCAM,fineliner pen,eagle,7.381,NoSCAM_img_0168,/external-cache/fse_typographic_20260926/external/SCAM/images.zip,images/train/NoSCAM_img_0168.jpg,NoSCAM,img_0168,0.20027801394462585,0.13595831394195557,0.06431970000267029,True,False
NoSCAM_img_0169.jpg,NoSCAM,printer,duck,1.959,NoSCAM_img_0169,/external-cache/fse_typographic_20260926/external/SCAM/images.zip,images/train/NoSCAM_img_0169.jpg,NoSCAM,img_0169,0.26382607221603394,0.13916975259780884,0.1246563196182251,True,True
NoSCAM_img_0170.jpg,NoSCAM,memory card,door,11.588,NoSCAM_img_0170,/external-cache/fse_typographic_20260926/external/SCAM/images.zip,images/train/NoSCAM_img_0170.jpg,NoSCAM,img_0170,0.22765642404556274,0.13952288031578064,0.0881335437297821,True,False
NoSCAM_img_0171.jpg,NoSCAM,pen,dog,7.143,NoSCAM_img_0171,/external-cache/fse_typographic_20260926/external/SCAM/images.zip,images/train/NoSCAM_img_0171.jpg,NoSCAM,img_0171,0.15729844570159912,0.1145348995923996,0.042763546109199524,True,False
NoSCAM_img_0172.jpg,NoSCAM,telephone,dish,5.767,NoSCAM_img_0172,/external-cache/fse_typographic_20260926/external/SCAM/images.zip,images/train/NoSCAM_img_0172.jpg,NoSCAM,img_0172,0.26432889699935913,0.15186838805675507,0.11246050894260406,True,False
NoSCAM_img_0173.jpg,NoSCAM,router,desk,5.703,NoSCAM_img_0173,/external-cache/fse_typographic_20260926/external/SCAM/images.zip,images/train/NoSCAM_img_0173.jpg,NoSCAM,img_0173,0.19754695892333984,0.16049250960350037,0.03705444931983948,True,False
NoSCAM_img_0174.jpg,NoSCAM,printer,curtain,1.389,NoSCAM_img_0174,/external-cache/fse_typographic_20260926/external/SCAM/images.zip,images/train/NoSCAM_img_0174.jpg,NoSCAM,img_0174,0.24711039662361145,0.04956420883536339,0.19754618406295776,True,True
NoSCAM_img_0175.jpg,NoSCAM,safe,cup,3.616,NoSCAM_img_0175,/external-cache/fse_typographic_20260926/external/SCAM/images.zip,images/train/NoSCAM_img_0175.jpg,NoSCAM,img_0175,0.2662520408630371,0.14144587516784668,0.12480616569519043,True,True
NoSCAM_img_0176.jpg,NoSCAM,fire detector,crab,7.132,NoSCAM_img_0176,/external-cache/fse_typographic_20260926/external/SCAM/images.zip,images/train/NoSCAM_img_0176.jpg,NoSCAM,img_0176,0.20055890083312988,0.13755160570144653,0.06300729513168335,True,False
NoSCAM_img_0177.jpg,NoSCAM,no smoking sign,cow,6.05,NoSCAM_img_0177,/external-cache/fse_typographic_20260926/external/SCAM/images.zip,images/train/NoSCAM_img_0177.jpg,NoSCAM,img_0177,0.2839053273200989,0.1105690449476242,0.17333628237247467,True,True
NoSCAM_img_0178.jpg,NoSCAM,parking sign,couch,3.951,NoSCAM_img_0178,/external-cache/fse_typographic_20260926/external/SCAM/images.zip,images/train/NoSCAM_img_0178.jpg,NoSCAM,img_0178,0.31686151027679443,0.12605631351470947,0.19080519676208496,True,True
NoSCAM_img_0179.jpg,NoSCAM,dog prohibition sign,coin,5.386,NoSCAM_img_0179,/external-cache/fse_typographic_20260926/external/SCAM/images.zip,images/train/NoSCAM_img_0179.jpg,NoSCAM,img_0179,0.3228539824485779,0.11717651784420013,0.20567746460437775,True,True
NoSCAM_img_0180.jpg,NoSCAM,no entry sign,coat,3.98,NoSCAM_img_0180,/external-cache/fse_typographic_20260926/external/SCAM/images.zip,images/train/NoSCAM_img_0180.jpg,NoSCAM,img_0180,0.2934223413467407,0.15086492896080017,0.14255741238594055,True,True
NoSCAM_img_0181.jpg,NoSCAM,stop sign,cloud,3.121,NoSCAM_img_0181,/external-cache/fse_typographic_20260926/external/SCAM/images.zip,images/train/NoSCAM_img_0181.jpg,NoSCAM,img_0181,0.3060927987098694,0.17040178179740906,0.13569101691246033,True,True
NoSCAM_img_0182.jpg,NoSCAM,cable ties,clock,9.4,NoSCAM_img_0182,/external-cache/fse_typographic_20260926/external/SCAM/images.zip,images/train/NoSCAM_img_0182.jpg,NoSCAM,img_0182,0.2809756398200989,0.09525501728057861,0.18572062253952026,True,True
NoSCAM_img_0183.jpg,NoSCAM,plug board,chicken,5.374,NoSCAM_img_0183,/external-cache/fse_typographic_20260926/external/SCAM/images.zip,images/train/NoSCAM_img_0183.jpg,NoSCAM,img_0183,0.25233516097068787,0.1332872360944748,0.11904792487621307,True,False
NoSCAM_img_0184.jpg,NoSCAM,batteries,hammer,11.711,NoSCAM_img_0184,/external-cache/fse_typographic_20260926/external/SCAM/images.zip,images/train/NoSCAM_img_0184.jpg,NoSCAM,img_0184,0.28176841139793396,0.17595066130161285,0.1058177500963211,True,True
NoSCAM_img_0185.jpg,NoSCAM,light bulbs,grass,12.915,NoSCAM_img_0185,/external-cache/fse_typographic_20260926/external/SCAM/images.zip,images/train/NoSCAM_img_0185.jpg,NoSCAM,img_0185,0.23244744539260864,0.11027771234512329,0.12216973304748535,True,True
NoSCAM_img_0186.jpg,NoSCAM,fire extinguisher,grape,2.823,NoSCAM_img_0186,/external-cache/fse_typographic_20260926/external/SCAM/images.zip,images/train/NoSCAM_img_0186.jpg,NoSCAM,img_0186,0.3149709403514862,0.14939279854297638,0.16557814180850983,True,True
NoSCAM_img_0187.jpg,NoSCAM,speaker,fruit,1.429,NoSCAM_img_0187,/external-cache/fse_typographic_20260926/external/SCAM/images.zip,images/train/NoSCAM_img_0187.jpg,NoSCAM,img_0187,0.2629544734954834,0.14081567525863647,0.12213879823684692,True,True
NoSCAM_img_0188.jpg,NoSCAM,radio,frog,3.336,NoSCAM_img_0188,/external-cache/fse_typographic_20260926/external/SCAM/images.zip,images/train/NoSCAM_img_0188.jpg,NoSCAM,img_0188,0.2644791901111603,0.12261851131916046,0.14186067879199982,True,True
NoSCAM_img_0189.jpg,NoSCAM,microphone,fork,5.282,NoSCAM_img_0189,/external-cache/fse_typographic_20260926/external/SCAM/images.zip,images/train/NoSCAM_img_0189.jpg,NoSCAM,img_0189,0.2940216660499573,0.17772415280342102,0.11629751324653625,True,True
NoSCAM_img_0190.jpg,NoSCAM,glasses,floor,8.338,NoSCAM_img_0190,/external-cache/fse_typographic_20260926/external/SCAM/images.zip,images/train/NoSCAM_img_0190.jpg,NoSCAM,img_0190,0.2288634479045868,0.16052314639091492,0.06834030151367188,True,False
NoSCAM_img_0191.jpg,NoSCAM,glass,flag,4.655,NoSCAM_img_0191,/external-cache/fse_typographic_20260926/external/SCAM/images.zip,images/train/NoSCAM_img_0191.jpg,NoSCAM,img_0191,0.243561252951622,0.12200318276882172,0.12155807018280029,True,False
NoSCAM_img_0192.jpg,NoSCAM,plant,fish,6.252,NoSCAM_img_0192,/external-cache/fse_typographic_20260926/external/SCAM/images.zip,images/train/NoSCAM_img_0192.jpg,NoSCAM,img_0192,0.23583915829658508,0.16038557887077332,0.07545357942581177,True,False
NoSCAM_img_0193.jpg,NoSCAM,jersey,fire,0.525,NoSCAM_img_0193,/external-cache/fse_typographic_20260926/external/SCAM/images.zip,images/train/NoSCAM_img_0193.jpg,NoSCAM,img_0193,0.2090815156698227,0.125212162733078,0.08386935293674469,True,False
NoSCAM_img_0194.jpg,NoSCAM,fork,finger,4.012,NoSCAM_img_0194,/external-cache/fse_typographic_20260926/external/SCAM/images.zip,images/train/NoSCAM_img_0194.jpg,NoSCAM,img_0194,0.24335724115371704,0.16451531648635864,0.0788419246673584,True,True
NoSCAM_img_0195.jpg,NoSCAM,pillow,fence,1.377,NoSCAM_img_0195,/external-cache/fse_typographic_20260926/external/SCAM/images.zip,images/train/NoSCAM_img_0195.jpg,NoSCAM,img_0195,0.27822038531303406,0.14814290404319763,0.13007748126983643,True,True
NoSCAM_img_0196.jpg,NoSCAM,socks,feather,3.68,NoSCAM_img_0196,/external-cache/fse_typographic_20260926/external/SCAM/images.zip,images/train/NoSCAM_img_0196.jpg,NoSCAM,img_0196,0.2524788975715637,0.1039368212223053,0.14854207634925842,True,True
NoSCAM_img_0197.jpg,NoSCAM,socks,fan,7.068,NoSCAM_img_0197,/external-cache/fse_typographic_20260926/external/SCAM/images.zip,images/train/NoSCAM_img_0197.jpg,NoSCAM,img_0197,0.26077601313591003,0.12068719416856766,0.14008882641792297,True,True
NoSCAM_img_0198.jpg,NoSCAM,ice scraper,egg,4.851,NoSCAM_img_0198,/external-cache/fse_typographic_20260926/external/SCAM/images.zip,images/train/NoSCAM_img_0198.jpg,NoSCAM,img_0198,0.17255955934524536,0.11615047603845596,0.0564090833067894,True,False
NoSCAM_img_0199.jpg,NoSCAM,shoe,eagle,2.432,NoSCAM_img_0199,/external-cache/fse_typographic_20260926/external/SCAM/images.zip,images/train/NoSCAM_img_0199.jpg,NoSCAM,img_0199,0.23223279416561127,0.08875436335802078,0.1434784233570099,True,True
NoSCAM_img_0200.jpg,NoSCAM,cans,duck,5.995,NoSCAM_img_0200,/external-cache/fse_typographic_20260926/external/SCAM/images.zip,images/train/NoSCAM_img_0200.jpg,NoSCAM,img_0200,0.23887990415096283,0.11428245902061462,0.1245974451303482,True,False
NoSCAM_img_0201.jpg,NoSCAM,funnel,door,4.659,NoSCAM_img_0201,/external-cache/fse_typographic_20260926/external/SCAM/images.zip,images/train/NoSCAM_img_0201.jpg,NoSCAM,img_0201,0.20983153581619263,0.10253546386957169,0.10729607194662094,True,False
NoSCAM_img_0202.jpg,NoSCAM,roll board,dog,1.298,NoSCAM_img_0202,/external-cache/fse_typographic_20260926/external/SCAM/images.zip,images/train/NoSCAM_img_0202.jpg,NoSCAM,img_0202,0.1963670402765274,0.11661429703235626,0.07975274324417114,True,False
NoSCAM_img_0203.jpg,NoSCAM,storage box,dish,1.461,NoSCAM_img_0203,/external-cache/fse_typographic_20260926/external/SCAM/images.zip,images/train/NoSCAM_img_0203.jpg,NoSCAM,img_0203,0.22991979122161865,0.09805455058813095,0.1318652331829071,True,True
NoSCAM_img_0204.jpg,NoSCAM,bottle,desk,1.592,NoSCAM_img_0204,/external-cache/fse_typographic_20260926/external/SCAM/images.zip,images/train/NoSCAM_img_0204.jpg,NoSCAM,img_0204,0.22672627866268158,0.13177278637886047,0.0949534922838211,True,True
NoSCAM_img_0205.jpg,NoSCAM,bottle,curtain,2.783,NoSCAM_img_0205,/external-cache/fse_typographic_20260926/external/SCAM/images.zip,images/train/NoSCAM_img_0205.jpg,NoSCAM,img_0205,0.23025819659233093,0.12576636672019958,0.10449182987213135,True,False
NoSCAM_img_0206.jpg,NoSCAM,wooden pestle,cup,4.124,NoSCAM_img_0206,/external-cache/fse_typographic_20260926/external/SCAM/images.zip,images/train/NoSCAM_img_0206.jpg,NoSCAM,img_0206,0.2384394258260727,0.14316123723983765,0.09527818858623505,True,False
NoSCAM_img_0207.jpg,NoSCAM,funnel,crab,7.989,NoSCAM_img_0207,/external-cache/fse_typographic_20260926/external/SCAM/images.zip,images/train/NoSCAM_img_0207.jpg,NoSCAM,img_0207,0.17735201120376587,0.11007174104452133,0.06728027015924454,True,False
NoSCAM_img_0208.jpg,NoSCAM,ashtray,cow,7.97,NoSCAM_img_0208,/external-cache/fse_typographic_20260926/external/SCAM/images.zip,images/train/NoSCAM_img_0208.jpg,NoSCAM,img_0208,0.16114464402198792,0.094820037484169,0.06632460653781891,True,False
NoSCAM_img_0209.jpg,NoSCAM,ice cube tray,couch,6.818,NoSCAM_img_0209,/external-cache/fse_typographic_20260926/external/SCAM/images.zip,images/train/NoSCAM_img_0209.jpg,NoSCAM,img_0209,0.2551570534706116,0.08682528138160706,0.16833177208900452,True,True
NoSCAM_img_0210.jpg,NoSCAM,bottle opener,coin,6.386,NoSCAM_img_0210,/external-cache/fse_typographic_20260926/external/SCAM/images.zip,images/train/NoSCAM_img_0210.jpg,NoSCAM,img_0210,0.23463159799575806,0.14931553602218628,0.08531606197357178,True,False
NoSCAM_img_0211.jpg,NoSCAM,bottles,coat,3.305,NoSCAM_img_0211,/external-cache/fse_typographic_20260926/external/SCAM/images.zip,images/train/NoSCAM_img_0211.jpg,NoSCAM,img_0211,0.2290307581424713,0.12228645384311676,0.10674430429935455,True,True
NoSCAM_img_0212.jpg,NoSCAM,bottle,cloud,4.015,NoSCAM_img_0212,/external-cache/fse_typographic_20260926/external/SCAM/images.zip,images/train/NoSCAM_img_0212.jpg,NoSCAM,img_0212,0.21661634743213654,0.09911154210567474,0.11750480532646179,True,False
NoSCAM_img_0213.jpg,NoSCAM,bottle crate,clock,3.201,NoSCAM_img_0213,/external-cache/fse_typographic_20260926/external/SCAM/images.zip,images/train/NoSCAM_img_0213.jpg,NoSCAM,img_0213,0.2186564803123474,0.11591022461652756,0.10274625569581985,True,False
NoSCAM_img_0214.jpg,NoSCAM,bottle crate,chicken,2.752,NoSCAM_img_0214,/external-cache/fse_typographic_20260926/external/SCAM/images.zip,images/train/NoSCAM_img_0214.jpg,NoSCAM,img_0214,0.22033733129501343,0.13276584446430206,0.08757148683071136,True,False
NoSCAM_img_0215.jpg,NoSCAM,cans,hammer,7.819,NoSCAM_img_0215,/external-cache/fse_typographic_20260926/external/SCAM/images.zip,images/train/NoSCAM_img_0215.jpg,NoSCAM,img_0215,0.2559106945991516,0.14965444803237915,0.10625624656677246,True,False
NoSCAM_img_0216.jpg,NoSCAM,spray bottle,grass,3.698,NoSCAM_img_0216,/external-cache/fse_typographic_20260926/external/SCAM/images.zip,images/train/NoSCAM_img_0216.jpg,NoSCAM,img_0216,0.22139248251914978,0.14436009526252747,0.07703238725662231,True,False
NoSCAM_img_0217.jpg,NoSCAM,dish soap,grape,7.154,NoSCAM_img_0217,/external-cache/fse_typographic_20260926/external/SCAM/images.zip,images/train/NoSCAM_img_0217.jpg,NoSCAM,img_0217,0.2577093243598938,0.1635487973690033,0.0941605269908905,True,True
NoSCAM_img_0218.jpg,NoSCAM,hanger,fruit,2.901,NoSCAM_img_0218,/external-cache/fse_typographic_20260926/external/SCAM/images.zip,images/train/NoSCAM_img_0218.jpg,NoSCAM,img_0218,0.21234814822673798,0.11610347032546997,0.096244677901268,True,False
NoSCAM_img_0219.jpg,NoSCAM,detergent,frog,9.399,NoSCAM_img_0219,/external-cache/fse_typographic_20260926/external/SCAM/images.zip,images/train/NoSCAM_img_0219.jpg,NoSCAM,img_0219,0.24544163048267365,0.09704641252756119,0.14839521050453186,True,True
NoSCAM_img_0220.jpg,NoSCAM,detergent,fork,12.703,NoSCAM_img_0220,/external-cache/fse_typographic_20260926/external/SCAM/images.zip,images/train/NoSCAM_img_0220.jpg,NoSCAM,img_0220,0.2618676722049713,0.11181747913360596,0.15005019307136536,True,True
NoSCAM_img_0221.jpg,NoSCAM,detergent,floor,4.836,NoSCAM_img_0221,/external-cache/fse_typographic_20260926/external/SCAM/images.zip,images/train/NoSCAM_img_0221.jpg,NoSCAM,img_0221,0.24564680457115173,0.10164143890142441,0.14400535821914673,True,True
NoSCAM_img_0222.jpg,NoSCAM,wet floor sign,flag,1.055,NoSCAM_img_0222,/external-cache/fse_typographic_20260926/external/SCAM/images.zip,images/train/NoSCAM_img_0222.jpg,NoSCAM,img_0222,0.3086371421813965,0.17824861407279968,0.1303885281085968,True,True
NoSCAM_img_0223.jpg,NoSCAM,squeegee,fish,4.344,NoSCAM_img_0223,/external-cache/fse_typographic_20260926/external/SCAM/images.zip,images/train/NoSCAM_img_0223.jpg,NoSCAM,img_0223,0.24315187335014343,0.14366081357002258,0.09949105978012085,True,True
NoSCAM_img_0224.jpg,NoSCAM,handbrush,fire,3.242,NoSCAM_img_0224,/external-cache/fse_typographic_20260926/external/SCAM/images.zip,images/train/NoSCAM_img_0224.jpg,NoSCAM,img_0224,0.2001187950372696,0.1388719379901886,0.061246857047080994,True,False
NoSCAM_img_0225.jpg,NoSCAM,dish scrubber,finger,11.683,NoSCAM_img_0225,/external-cache/fse_typographic_20260926/external/SCAM/images.zip,images/train/NoSCAM_img_0225.jpg,NoSCAM,img_0225,0.24720297753810883,0.14070166647434235,0.10650131106376648,True,False
NoSCAM_img_0226.jpg,NoSCAM,broom,fence,1.086,NoSCAM_img_0226,/external-cache/fse_typographic_20260926/external/SCAM/images.zip,images/train/NoSCAM_img_0226.jpg,NoSCAM,img_0226,0.2849231958389282,0.12119315564632416,0.16373004019260406,True,False
NoSCAM_img_0227.jpg,NoSCAM,toilet lid,feather,1.695,NoSCAM_img_0227,/external-cache/fse_typographic_20260926/external/SCAM/images.zip,images/train/NoSCAM_img_0227.jpg,NoSCAM,img_0227,0.26086533069610596,0.10925506800413132,0.15161025524139404,True,True
NoSCAM_img_0228.jpg,NoSCAM,clothespin,fan,5.754,NoSCAM_img_0228,/external-cache/fse_typographic_20260926/external/SCAM/images.zip,images/train/NoSCAM_img_0228.jpg,NoSCAM,img_0228,0.1788807362318039,0.11860483139753342,0.06027590483427048,True,False
NoSCAM_img_0229.jpg,NoSCAM,hanger,egg,3.07,NoSCAM_img_0229,/external-cache/fse_typographic_20260926/external/SCAM/images.zip,images/train/NoSCAM_img_0229.jpg,NoSCAM,img_0229,0.2658444046974182,0.11577758938074112,0.1500668227672577,True,False
NoSCAM_img_0230.jpg,NoSCAM,ironing board,eagle,0.382,NoSCAM_img_0230,/external-cache/fse_typographic_20260926/external/SCAM/images.zip,images/train/NoSCAM_img_0230.jpg,NoSCAM,img_0230,0.29885149002075195,0.10427325963973999,0.19457823038101196,True,True
NoSCAM_img_0231.jpg,NoSCAM,paper rolls,duck,3.827,NoSCAM_img_0231,/external-cache/fse_typographic_20260926/external/SCAM/images.zip,images/train/NoSCAM_img_0231.jpg,NoSCAM,img_0231,0.2405826300382614,0.12228361517190933,0.11829901486635208,True,False
NoSCAM_img_0232.jpg,NoSCAM,soap dispenser,door,7.207,NoSCAM_img_0232,/external-cache/fse_typographic_20260926/external/SCAM/images.zip,images/train/NoSCAM_img_0232.jpg,NoSCAM,img_0232,0.23830321431159973,0.13360853493213654,0.1046946793794632,True,False
NoSCAM_img_0233.jpg,NoSCAM,band-aid,dog,24.393,NoSCAM_img_0233,/external-cache/fse_typographic_20260926/external/SCAM/images.zip,images/train/NoSCAM_img_0233.jpg,NoSCAM,img_0233,0.22417108714580536,0.11911255866289139,0.10505852848291397,True,True
NoSCAM_img_0234.jpg,NoSCAM,shower gel,dish,11.296,NoSCAM_img_0234,/external-cache/fse_typographic_20260926/external/SCAM/images.zip,images/train/NoSCAM_img_0234.jpg,NoSCAM,img_0234,0.16078227758407593,0.08338890969753265,0.07739336788654327,True,False
NoSCAM_img_0235.jpg,NoSCAM,hairspray,desk,21.812,NoSCAM_img_0235,/external-cache/fse_typographic_20260926/external/SCAM/images.zip,images/train/NoSCAM_img_0235.jpg,NoSCAM,img_0235,0.20237991213798523,0.12564845383167267,0.07673145830631256,True,False
NoSCAM_img_0236.jpg,NoSCAM,razor,curtain,17.151,NoSCAM_img_0236,/external-cache/fse_typographic_20260926/external/SCAM/images.zip,images/train/NoSCAM_img_0236.jpg,NoSCAM,img_0236,0.2520660161972046,0.1146094799041748,0.13745653629302979,True,False
NoSCAM_img_0237.jpg,NoSCAM,hair clip,cup,7.635,NoSCAM_img_0237,/external-cache/fse_typographic_20260926/external/SCAM/images.zip,images/train/NoSCAM_img_0237.jpg,NoSCAM,img_0237,0.2578660547733307,0.11989449709653854,0.13797155022621155,True,True
NoSCAM_img_0238.jpg,NoSCAM,diapers,crab,12.337,NoSCAM_img_0238,/external-cache/fse_typographic_20260926/external/SCAM/images.zip,images/train/NoSCAM_img_0238.jpg,NoSCAM,img_0238,0.2724285423755646,0.10205896198749542,0.17036958038806915,True,True
NoSCAM_img_0239.jpg,NoSCAM,hairbrush,cow,6.972,NoSCAM_img_0239,/external-cache/fse_typographic_20260926/external/SCAM/images.zip,images/train/NoSCAM_img_0239.jpg,NoSCAM,img_0239,0.28839683532714844,0.1037135124206543,0.18468332290649414,True,True
NoSCAM_img_0240.jpg,NoSCAM,alarm clock,couch,12.608,NoSCAM_img_0240,/external-cache/fse_typographic_20260926/external/SCAM/images.zip,images/train/NoSCAM_img_0240.jpg,NoSCAM,img_0240,0.13683755695819855,0.11364202201366425,0.023195534944534302,True,False
NoSCAM_img_0241.jpg,NoSCAM,hair dryer,coin,13.183,NoSCAM_img_0241,/external-cache/fse_typographic_20260926/external/SCAM/images.zip,images/train/NoSCAM_img_0241.jpg,NoSCAM,img_0241,0.2711058557033539,0.1328171193599701,0.1382887363433838,True,True
NoSCAM_img_0242.jpg,NoSCAM,nail clipper,coat,9.432,NoSCAM_img_0242,/external-cache/fse_typographic_20260926/external/SCAM/images.zip,images/train/NoSCAM_img_0242.jpg,NoSCAM,img_0242,0.20227831602096558,0.15723133087158203,0.045046985149383545,True,False
NoSCAM_img_0243.jpg,NoSCAM,handkerchiefs,cloud,5.291,NoSCAM_img_0243,/external-cache/fse_typographic_20260926/external/SCAM/images.zip,images/train/NoSCAM_img_0243.jpg,NoSCAM,img_0243,0.20873545110225677,0.1465776413679123,0.06215780973434448,True,False
NoSCAM_img_0244.jpg,NoSCAM,deodorant,clock,9.208,NoSCAM_img_0244,/external-cache/fse_typographic_20260926/external/SCAM/images.zip,images/train/NoSCAM_img_0244.jpg,NoSCAM,img_0244,0.30181026458740234,0.11951678991317749,0.18229347467422485,True,True
NoSCAM_img_0245.jpg,NoSCAM,shower gel,chicken,13.787,NoSCAM_img_0245,/external-cache/fse_typographic_20260926/external/SCAM/images.zip,images/train/NoSCAM_img_0245.jpg,NoSCAM,img_0245,0.25249192118644714,0.1341848075389862,0.11830711364746094,True,False
NoSCAM_img_0246.jpg,NoSCAM,straws,hammer,5.08,NoSCAM_img_0246,/external-cache/fse_typographic_20260926/external/SCAM/images.zip,images/train/NoSCAM_img_0246.jpg,NoSCAM,img_0246,0.20772743225097656,0.14098894596099854,0.06673848628997803,True,False
NoSCAM_img_0247.jpg,NoSCAM,pasta,grass,10.841,NoSCAM_img_0247,/external-cache/fse_typographic_20260926/external/SCAM/images.zip,images/train/NoSCAM_img_0247.jpg,NoSCAM,img_0247,0.24190831184387207,0.15094494819641113,0.09096336364746094,True,True
NoSCAM_img_0248.jpg,NoSCAM,paper streamers,grape,6.681,NoSCAM_img_0248,/external-cache/fse_typographic_20260926/external/SCAM/images.zip,images/train/NoSCAM_img_0248.jpg,NoSCAM,img_0248,0.25450098514556885,0.16684624552726746,0.08765473961830139,True,False
NoSCAM_img_0249.jpg,NoSCAM,confetti,fruit,3.6,NoSCAM_img_0249,/external-cache/fse_typographic_20260926/external/SCAM/images.zip,images/train/NoSCAM_img_0249.jpg,NoSCAM,img_0249,0.2417479157447815,0.18659409880638123,0.05515381693840027,True,False
NoSCAM_img_0250.jpg,NoSCAM,balloon,frog,10.799,NoSCAM_img_0250,/external-cache/fse_typographic_20260926/external/SCAM/images.zip,images/train/NoSCAM_img_0250.jpg,NoSCAM,img_0250,0.22507968544960022,0.13008999824523926,0.09498968720436096,True,False
NoSCAM_img_0251.jpg,NoSCAM,candles,fork,4.978,NoSCAM_img_0251,/external-cache/fse_typographic_20260926/external/SCAM/images.zip,images/train/NoSCAM_img_0251.jpg,NoSCAM,img_0251,0.2002945840358734,0.15886950492858887,0.041425079107284546,True,False
NoSCAM_img_0252.jpg,NoSCAM,plate,floor,3.592,NoSCAM_img_0252,/external-cache/fse_typographic_20260926/external/SCAM/images.zip,images/train/NoSCAM_img_0252.jpg,NoSCAM,img_0252,0.21318894624710083,0.12417997419834137,0.08900897204875946,True,False
NoSCAM_img_0253.jpg,NoSCAM,board,flag,0.361,NoSCAM_img_0253,/external-cache/fse_typographic_20260926/external/SCAM/images.zip,images/train/NoSCAM_img_0253.jpg,NoSCAM,img_0253,0.19697026908397675,0.1302034854888916,0.06676678359508514,True,False
NoSCAM_img_0254.jpg,NoSCAM,lighter,fire,2.934,NoSCAM_img_0254,/external-cache/fse_typographic_20260926/external/SCAM/images.zip,images/train/NoSCAM_img_0254.jpg,NoSCAM,img_0254,0.19595342874526978,0.15779340267181396,0.03816002607345581,True,False
NoSCAM_img_0255.jpg,NoSCAM,grave candles,finger,3.698,NoSCAM_img_0255,/external-cache/fse_typographic_20260926/external/SCAM/images.zip,images/train/NoSCAM_img_0255.jpg,NoSCAM,img_0255,0.24397540092468262,0.08316810429096222,0.1608072966337204,True,False
NoSCAM_img_0256.jpg,NoSCAM,carafe,fence,5.278,NoSCAM_img_0256,/external-cache/fse_typographic_20260926/external/SCAM/images.zip,images/train/NoSCAM_img_0256.jpg,NoSCAM,img_0256,0.2225574254989624,0.07987435162067413,0.14268307387828827,True,True
NoSCAM_img_0257.jpg,NoSCAM,bottle cap,feather,6.266,NoSCAM_img_0257,/external-cache/fse_typographic_20260926/external/SCAM/images.zip,images/train/NoSCAM_img_0257.jpg,NoSCAM,img_0257,0.15588463842868805,0.07200905680656433,0.08387558162212372,True,False
NoSCAM_img_0258.jpg,NoSCAM,bottle,fan,4.477,NoSCAM_img_0258,/external-cache/fse_typographic_20260926/external/SCAM/images.zip,images/train/NoSCAM_img_0258.jpg,NoSCAM,img_0258,0.27237918972969055,0.14384040236473083,0.12853878736495972,True,False
NoSCAM_img_0259.jpg,NoSCAM,milk pitcher,egg,3.853,NoSCAM_img_0259,/external-cache/fse_typographic_20260926/external/SCAM/images.zip,images/train/NoSCAM_img_0259.jpg,NoSCAM,img_0259,0.2403952181339264,0.13824692368507385,0.10214829444885254,True,False
NoSCAM_img_0260.jpg,NoSCAM,glass,eagle,3.877,NoSCAM_img_0260,/external-cache/fse_typographic_20260926/external/SCAM/images.zip,images/train/NoSCAM_img_0260.jpg,NoSCAM,img_0260,0.21327926218509674,0.11354045569896698,0.09973880648612976,True,False
NoSCAM_img_0261.jpg,NoSCAM,serving tray,duck,3.548,NoSCAM_img_0261,/external-cache/fse_typographic_20260926/external/SCAM/images.zip,images/train/NoSCAM_img_0261.jpg,NoSCAM,img_0261,0.2515963912010193,0.14563746750354767,0.10595892369747162,True,False
NoSCAM_img_0262.jpg,NoSCAM,plate,door,3.774,NoSCAM_img_0262,/external-cache/fse_typographic_20260926/external/SCAM/images.zip,images/train/NoSCAM_img_0262.jpg,NoSCAM,img_0262,0.2422570437192917,0.09131918102502823,0.15093785524368286,True,False
NoSCAM_img_0263.jpg,NoSCAM,rolling pin,dog,1.313,NoSCAM_img_0263,/external-cache/fse_typographic_20260926/external/SCAM/images.zip,images/train/NoSCAM_img_0263.jpg,NoSCAM,img_0263,0.2748439311981201,0.15620753169059753,0.11863639950752258,True,True
NoSCAM_img_0264.jpg,NoSCAM,sieve,dish,17.142,NoSCAM_img_0264,/external-cache/fse_typographic_20260926/external/SCAM/images.zip,images/train/NoSCAM_img_0264.jpg,NoSCAM,img_0264,0.24600619077682495,0.215789794921875,0.03021639585494995,True,True
NoSCAM_img_0265.jpg,NoSCAM,baking pan,desk,3.182,NoSCAM_img_0265,/external-cache/fse_typographic_20260926/external/SCAM/images.zip,images/train/NoSCAM_img_0265.jpg,NoSCAM,img_0265,0.1910240799188614,0.16993191838264465,0.021092161536216736,True,False
NoSCAM_img_0266.jpg,NoSCAM,cooking scraper,curtain,13.402,NoSCAM_img_0266,/external-cache/fse_typographic_20260926/external/SCAM/images.zip,images/train/NoSCAM_img_0266.jpg,NoSCAM,img_0266,0.23891697824001312,0.13044831156730652,0.1084686666727066,True,False
NoSCAM_img_0267.jpg,NoSCAM,palette knife,cup,2.758,NoSCAM_img_0267,/external-cache/fse_typographic_20260926/external/SCAM/images.zip,images/train/NoSCAM_img_0267.jpg,NoSCAM,img_0267,0.23422466218471527,0.13046886026859283,0.10375580191612244,True,False
NoSCAM_img_0268.jpg,NoSCAM,brush,crab,4.106,NoSCAM_img_0268,/external-cache/fse_typographic_20260926/external/SCAM/images.zip,images/train/NoSCAM_img_0268.jpg,NoSCAM,img_0268,0.24542942643165588,0.14174026250839233,0.10368916392326355,True,False
NoSCAM_img_0269.jpg,NoSCAM,basket,cow,14.365,NoSCAM_img_0269,/external-cache/fse_typographic_20260926/external/SCAM/images.zip,images/train/NoSCAM_img_0269.jpg,NoSCAM,img_0269,0.23030295968055725,0.09649831801652908,0.13380464911460876,True,False
NoSCAM_img_0270.jpg,NoSCAM,hot dog maker,couch,3.958,NoSCAM_img_0270,/external-cache/fse_typographic_20260926/external/SCAM/images.zip,images/train/NoSCAM_img_0270.jpg,NoSCAM,img_0270,0.23388263583183289,0.0654996931552887,0.1683829426765442,True,False
NoSCAM_img_0271.jpg,NoSCAM,sandwich maker,coin,5.31,NoSCAM_img_0271,/external-cache/fse_typographic_20260926/external/SCAM/images.zip,images/train/NoSCAM_img_0271.jpg,NoSCAM,img_0271,0.26226070523262024,0.08909167349338531,0.17316903173923492,True,False
NoSCAM_img_0272.jpg,NoSCAM,hotplate,coat,1.262,NoSCAM_img_0272,/external-cache/fse_typographic_20260926/external/SCAM/images.zip,images/train/NoSCAM_img_0272.jpg,NoSCAM,img_0272,0.2654131352901459,0.09224739670753479,0.17316573858261108,True,True
NoSCAM_img_0273.jpg,NoSCAM,serving trolley,cloud,1.478,NoSCAM_img_0273,/external-cache/fse_typographic_20260926/external/SCAM/images.zip,images/train/NoSCAM_img_0273.jpg,NoSCAM,img_0273,0.3117942214012146,0.13264824450016022,0.17914597690105438,True,True
NoSCAM_img_0274.jpg,NoSCAM,microwave,clock,1.401,NoSCAM_img_0274,/external-cache/fse_typographic_20260926/external/SCAM/images.zip,images/train/NoSCAM_img_0274.jpg,NoSCAM,img_0274,0.2500819265842438,0.1130593866109848,0.13702253997325897,True,True
NoSCAM_img_0275.jpg,NoSCAM,rice cooker,hammer,3.341,NoSCAM_img_0275,/external-cache/fse_typographic_20260926/external/SCAM/images.zip,images/train/NoSCAM_img_0275.jpg,NoSCAM,img_0275,0.2823629379272461,0.1259137988090515,0.15644913911819458,True,True
NoSCAM_img_0276.jpg,NoSCAM,fryer,chicken,2.908,NoSCAM_img_0276,/external-cache/fse_typographic_20260926/external/SCAM/images.zip,images/train/NoSCAM_img_0276.jpg,NoSCAM,img_0276,0.200341135263443,0.13843005895614624,0.06191107630729675,True,False
NoSCAM_img_0277.jpg,NoSCAM,ribbon,eagle,9.691,NoSCAM_img_0277,/external-cache/fse_typographic_20260926/external/SCAM/images.zip,images/train/NoSCAM_img_0277.jpg,NoSCAM,img_0277,0.21142011880874634,0.12743784487247467,0.08398227393627167,True,False
NoSCAM_img_0278.jpg,NoSCAM,roses,duck,3.579,NoSCAM_img_0278,/external-cache/fse_typographic_20260926/external/SCAM/images.zip,images/train/NoSCAM_img_0278.jpg,NoSCAM,img_0278,0.23274098336696625,0.1317979097366333,0.10094307363033295,True,True
NoSCAM_img_0279.jpg,NoSCAM,plate,door,4.39,NoSCAM_img_0279,/external-cache/fse_typographic_20260926/external/SCAM/images.zip,images/train/NoSCAM_img_0279.jpg,NoSCAM,img_0279,0.25264883041381836,0.12129083275794983,0.13135799765586853,True,False
NoSCAM_img_0280.jpg,NoSCAM,box,dog,4.4,NoSCAM_img_0280,/external-cache/fse_typographic_20260926/external/SCAM/images.zip,images/train/NoSCAM_img_0280.jpg,NoSCAM,img_0280,0.2227238416671753,0.1074100211262703,0.115313820540905,True,False
NoSCAM_img_0281.jpg,NoSCAM,wooden disc,dish,7.515,NoSCAM_img_0281,/external-cache/fse_typographic_20260926/external/SCAM/images.zip,images/train/NoSCAM_img_0281.jpg,NoSCAM,img_0281,0.22001245617866516,0.17833195626735687,0.04168049991130829,True,False
NoSCAM_img_0282.jpg,NoSCAM,hot glue gun,curtain,16.302,NoSCAM_img_0282,/external-cache/fse_typographic_20260926/external/SCAM/images.zip,images/train/NoSCAM_img_0282.jpg,NoSCAM,img_0282,0.2808419167995453,0.10443951189517975,0.17640240490436554,True,True
NoSCAM_img_0283.jpg,NoSCAM,calculator,cup,6.438,NoSCAM_img_0283,/external-cache/fse_typographic_20260926/external/SCAM/images.zip,images/train/NoSCAM_img_0283.jpg,NoSCAM,img_0283,0.2915986180305481,0.14232400059700012,0.14927461743354797,True,True
NoSCAM_img_0284.jpg,NoSCAM,easel,crab,1.65,NoSCAM_img_0284,/external-cache/fse_typographic_20260926/external/SCAM/images.zip,images/train/NoSCAM_img_0284.jpg,NoSCAM,img_0284,0.2734643816947937,0.1297513246536255,0.1437130570411682,True,True
NoSCAM_img_0285.jpg,NoSCAM,buttons,couch,13.417,NoSCAM_img_0285,/external-cache/fse_typographic_20260926/external/SCAM/images.zip,images/train/NoSCAM_img_0285.jpg,NoSCAM,img_0285,0.27036696672439575,0.12796229124069214,0.1424046754837036,True,True
NoSCAM_img_0286.jpg,NoSCAM,safety pins,coin,28.856,NoSCAM_img_0286,/external-cache/fse_typographic_20260926/external/SCAM/images.zip,images/train/NoSCAM_img_0286.jpg,NoSCAM,img_0286,0.23944711685180664,0.14363133907318115,0.09581577777862549,True,False
NoSCAM_img_0287.jpg,NoSCAM,paper wrap,coat,5.495,NoSCAM_img_0287,/external-cache/fse_typographic_20260926/external/SCAM/images.zip,images/train/NoSCAM_img_0287.jpg,NoSCAM,img_0287,0.27783113718032837,0.1442837119102478,0.13354742527008057,True,True
NoSCAM_img_0288.jpg,NoSCAM,hat,cloud,5.318,NoSCAM_img_0288,/external-cache/fse_typographic_20260926/external/SCAM/images.zip,images/train/NoSCAM_img_0288.jpg,NoSCAM,img_0288,0.2551000118255615,0.14557349681854248,0.10952651500701904,True,True
NoSCAM_img_0289.jpg,NoSCAM,wool,clock,7.243,NoSCAM_img_0289,/external-cache/fse_typographic_20260926/external/SCAM/images.zip,images/train/NoSCAM_img_0289.jpg,NoSCAM,img_0289,0.25805869698524475,0.12520933151245117,0.13284936547279358,True,False
NoSCAM_img_0290.jpg,NoSCAM,cake,chicken,10.823,NoSCAM_img_0290,/external-cache/fse_typographic_20260926/external/SCAM/images.zip,images/train/NoSCAM_img_0290.jpg,NoSCAM,img_0290,0.2626400887966156,0.18398518860340118,0.07865490019321442,True,False
NoSCAM_img_0291.jpg,NoSCAM,socks,hammer,2.685,NoSCAM_img_0291,/external-cache/fse_typographic_20260926/external/SCAM/images.zip,images/train/NoSCAM_img_0291.jpg,NoSCAM,img_0291,0.21505245566368103,0.13258932530879974,0.08246313035488129,True,True
NoSCAM_img_0292.jpg,NoSCAM,shoe,grape,5.075,NoSCAM_img_0292,/external-cache/fse_typographic_20260926/external/SCAM/images.zip,images/train/NoSCAM_img_0292.jpg,NoSCAM,img_0292,0.2524152994155884,0.1310497224330902,0.12136557698249817,True,True
NoSCAM_img_0293.jpg,NoSCAM,napkin,fruit,3.75,NoSCAM_img_0293,/external-cache/fse_typographic_20260926/external/SCAM/images.zip,images/train/NoSCAM_img_0293.jpg,NoSCAM,img_0293,0.2884552776813507,0.18448369204998016,0.10397158563137054,True,True
NoSCAM_img_0294.jpg,NoSCAM,disinfectant dispenser,frog,2.955,NoSCAM_img_0294,/external-cache/fse_typographic_20260926/external/SCAM/images.zip,images/train/NoSCAM_img_0294.jpg,NoSCAM,img_0294,0.2971683740615845,0.09029051661491394,0.20687785744667053,True,True
NoSCAM_img_0295.jpg,NoSCAM,clock,fork,12.716,NoSCAM_img_0295,/external-cache/fse_typographic_20260926/external/SCAM/images.zip,images/train/NoSCAM_img_0295.jpg,NoSCAM,img_0295,0.2749413251876831,0.12937727570533752,0.14556404948234558,True,True
NoSCAM_img_0296.jpg,NoSCAM,camera,flag,10.806,NoSCAM_img_0296,/external-cache/fse_typographic_20260926/external/SCAM/images.zip,images/train/NoSCAM_img_0296.jpg,NoSCAM,img_0296,0.24840879440307617,0.13551728427410126,0.11289151012897491,True,True
NoSCAM_img_0297.jpg,NoSCAM,hair clipper,fish,28.135,NoSCAM_img_0297,/external-cache/fse_typographic_20260926/external/SCAM/images.zip,images/train/NoSCAM_img_0297.jpg,NoSCAM,img_0297,0.33142825961112976,0.13551168143749237,0.1959165781736374,True,True
NoSCAM_img_0298.jpg,NoSCAM,electric shaver,fire,7.462,NoSCAM_img_0298,/external-cache/fse_typographic_20260926/external/SCAM/images.zip,images/train/NoSCAM_img_0298.jpg,NoSCAM,img_0298,0.22761766612529755,0.1191565990447998,0.10846106708049774,True,False
NoSCAM_img_0299.jpg,NoSCAM,blender,finger,3.253,NoSCAM_img_0299,/external-cache/fse_typographic_20260926/external/SCAM/images.zip,images/train/NoSCAM_img_0299.jpg,NoSCAM,img_0299,0.2605103850364685,0.15250436961650848,0.10800601541996002,True,True
NoSCAM_img_0300.jpg,NoSCAM,blower,fence,3.764,NoSCAM_img_0300,/external-cache/fse_typographic_20260926/external/SCAM/images.zip,images/train/NoSCAM_img_0300.jpg,NoSCAM,img_0300,0.19618099927902222,0.12725304067134857,0.06892795860767365,True,False
NoSCAM_img_0301.jpg,NoSCAM,sewing machine,key,6.013,NoSCAM_img_0301,/external-cache/fse_typographic_20260926/external/SCAM/images.zip,images/train/NoSCAM_img_0301.jpg,NoSCAM,img_0301,0.2540399432182312,0.12388036400079727,0.13015958666801453,True,True
NoSCAM_img_0302.jpg,NoSCAM,steam flat iron,jeep,16.664,NoSCAM_img_0302,/external-cache/fse_typographic_20260926/external/SCAM/images.zip,images/train/NoSCAM_img_0302.jpg,NoSCAM,img_0302,0.27400878071784973,0.07624689489603043,0.1977618932723999,True,False
NoSCAM_img_0303.jpg,NoSCAM,electric toothbrush,iron,9.262,NoSCAM_img_0303,/external-cache/fse_typographic_20260926/external/SCAM/images.zip,images/train/NoSCAM_img_0303.jpg,NoSCAM,img_0303,0.29477226734161377,0.17346292734146118,0.12130934000015259,True,True
NoSCAM_img_0304.jpg,NoSCAM,coffee beans,jar,10.717,NoSCAM_img_0304,/external-cache/fse_typographic_20260926/external/SCAM/images.zip,images/train/NoSCAM_img_0304.jpg,NoSCAM,img_0304,0.27255839109420776,0.2116759717464447,0.06088241934776306,True,True
NoSCAM_img_0305.jpg,NoSCAM,coffee machine,ice,3.265,NoSCAM_img_0305,/external-cache/fse_typographic_20260926/external/SCAM/images.zip,images/train/NoSCAM_img_0305.jpg,NoSCAM,img_0305,0.28274425864219666,0.1410118043422699,0.14173245429992676,True,True
NoSCAM_img_0306.jpg,NoSCAM,electric kettle,house,10.345,NoSCAM_img_0306,/external-cache/fse_typographic_20260926/external/SCAM/images.zip,images/train/NoSCAM_img_0306.jpg,NoSCAM,img_0306,0.2712574899196625,0.09783606976270676,0.17342141270637512,True,True
NoSCAM_img_0307.jpg,NoSCAM,bread slicer,horn,1.692,NoSCAM_img_0307,/external-cache/fse_typographic_20260926/external/SCAM/images.zip,images/train/NoSCAM_img_0307.jpg,NoSCAM,img_0307,0.21932898461818695,0.08535831421613693,0.13397067785263062,True,False
NoSCAM_img_0308.jpg,NoSCAM,tape dispenser,honey,5.85,NoSCAM_img_0308,/external-cache/fse_typographic_20260926/external/SCAM/images.zip,images/train/NoSCAM_img_0308.jpg,NoSCAM,img_0308,0.2295335829257965,0.1234755888581276,0.10605799406766891,True,True
NoSCAM_img_0309.jpg,NoSCAM,stamp,helmet,4.877,NoSCAM_img_0309,/external-cache/fse_typographic_20260926/external/SCAM/images.zip,images/train/NoSCAM_img_0309.jpg,NoSCAM,img_0309,0.24994681775569916,0.11617761850357056,0.1337691992521286,True,True
NoSCAM_img_0310.jpg,NoSCAM,spray bottle,hat,3.133,NoSCAM_img_0310,/external-cache/fse_typographic_20260926/external/SCAM/images.zip,images/train/NoSCAM_img_0310.jpg,NoSCAM,img_0310,0.2766152620315552,0.13623455166816711,0.14038071036338806,True,True
NoSCAM_img_0311.jpg,NoSCAM,washing machine,mirror,0.494,NoSCAM_img_0311,/external-cache/fse_typographic_20260926/external/SCAM/images.zip,images/train/NoSCAM_img_0311.jpg,NoSCAM,img_0311,0.22890713810920715,0.07959210872650146,0.1493150293827057,True,True
NoSCAM_img_0312.jpg,NoSCAM,stapler,sandwich,8.077,NoSCAM_img_0312,/external-cache/fse_typographic_20260926/external/SCAM/images.zip,images/train/NoSCAM_img_0312.jpg,NoSCAM,img_0312,0.3031434416770935,0.16926246881484985,0.13388097286224365,True,True
NoSCAM_img_0313.jpg,NoSCAM,vacuum cleaner,transistor,3.139,NoSCAM_img_0313,/external-cache/fse_typographic_20260926/external/SCAM/images.zip,images/train/NoSCAM_img_0313.jpg,NoSCAM,img_0313,0.23853982985019684,0.14233091473579407,0.09620891511440277,True,True
NoSCAM_img_0314.jpg,NoSCAM,remote control,screwdriver,6.119,NoSCAM_img_0314,/external-cache/fse_typographic_20260926/external/SCAM/images.zip,images/train/NoSCAM_img_0314.jpg,NoSCAM,img_0314,0.25498008728027344,0.200750470161438,0.05422961711883545,True,False
NoSCAM_img_0315.jpg,NoSCAM,cable,screw,6.714,NoSCAM_img_0315,/external-cache/fse_typographic_20260926/external/SCAM/images.zip,images/train/NoSCAM_img_0315.jpg,NoSCAM,img_0315,0.23618796467781067,0.15737590193748474,0.07881206274032593,True,False
NoSCAM_img_0316.jpg,NoSCAM,hdmi splitter,lock,6.178,NoSCAM_img_0316,/external-cache/fse_typographic_20260926/external/SCAM/images.zip,images/train/NoSCAM_img_0316.jpg,NoSCAM,img_0316,0.27051883935928345,0.15699927508831024,0.1135195642709732,True,True
NoSCAM_img_0317.jpg,NoSCAM,memory card,lipstick,12.265,NoSCAM_img_0317,/external-cache/fse_typographic_20260926/external/SCAM/images.zip,images/train/NoSCAM_img_0317.jpg,NoSCAM,img_0317,0.2538638710975647,0.18373335897922516,0.07013051211833954,True,True
NoSCAM_img_0318.jpg,NoSCAM,speaker,lion,4.036,NoSCAM_img_0318,/external-cache/fse_typographic_20260926/external/SCAM/images.zip,images/train/NoSCAM_img_0318.jpg,NoSCAM,img_0318,0.20601534843444824,0.12074092030525208,0.08527442812919617,True,False
NoSCAM_img_0319.jpg,NoSCAM,microphone,lightbulb,7.557,NoSCAM_img_0319,/external-cache/fse_typographic_20260926/external/SCAM/images.zip,images/train/NoSCAM_img_0319.jpg,NoSCAM,img_0319,0.2246704399585724,0.15210649371147156,0.07256394624710083,True,False
NoSCAM_img_0320.jpg,NoSCAM,camera,lemon,11.649,NoSCAM_img_0320,/external-cache/fse_typographic_20260926/external/SCAM/images.zip,images/train/NoSCAM_img_0320.jpg,NoSCAM,img_0320,0.21426017582416534,0.1413833647966385,0.07287681102752686,True,False
NoSCAM_img_0321.jpg,NoSCAM,printer,lamp,1.873,NoSCAM_img_0321,/external-cache/fse_typographic_20260926/external/SCAM/images.zip,images/train/NoSCAM_img_0321.jpg,NoSCAM,img_0321,0.25391650199890137,0.08286160230636597,0.1710548996925354,True,True
NoSCAM_img_0322.jpg,NoSCAM,printer cartridge,ladder,11.078,NoSCAM_img_0322,/external-cache/fse_typographic_20260926/external/SCAM/images.zip,images/train/NoSCAM_img_0322.jpg,NoSCAM,img_0322,0.256254643201828,0.1756710559129715,0.0805835872888565,True,True
NoSCAM_img_0323.jpg,NoSCAM,wall charger,knife,13.848,NoSCAM_img_0323,/external-cache/fse_typographic_20260926/external/SCAM/images.zip,images/train/NoSCAM_img_0323.jpg,NoSCAM,img_0323,0.27236172556877136,0.1440650373697281,0.12829668819904327,True,True
NoSCAM_img_0324.jpg,NoSCAM,plunger,trash,2.426,NoSCAM_img_0324,/external-cache/fse_typographic_20260926/external/SCAM/images.zip,images/train/NoSCAM_img_0324.jpg,NoSCAM,img_0324,0.28911685943603516,0.1528480499982834,0.13626880943775177,True,True
NoSCAM_img_0325.jpg,NoSCAM,pocket balance,couch,6.966,NoSCAM_img_0325,/external-cache/fse_typographic_20260926/external/SCAM/images.zip,images/train/NoSCAM_img_0325.jpg,NoSCAM,img_0325,0.21510310471057892,0.11011207103729248,0.10499103367328644,True,False
NoSCAM_img_0326.jpg,NoSCAM,try square,bridge,7.286,NoSCAM_img_0326,/external-cache/fse_typographic_20260926/external/SCAM/images.zip,images/train/NoSCAM_img_0326.jpg,NoSCAM,img_0326,0.3036745488643646,0.16339322924613953,0.1402813196182251,True,True
NoSCAM_img_0327.jpg,NoSCAM,bench vise,barrier,7.481,NoSCAM_img_0327,/external-cache/fse_typographic_20260926/external/SCAM/images.zip,images/train/NoSCAM_img_0327.jpg,NoSCAM,img_0327,0.25192931294441223,0.16461563110351562,0.0873136818408966,True,True
NoSCAM_img_0328.jpg,NoSCAM,axe,police,1.388,NoSCAM_img_0328,/external-cache/fse_typographic_20260926/external/SCAM/images.zip,images/train/NoSCAM_img_0328.jpg,NoSCAM,img_0328,0.2884013056755066,0.1552748829126358,0.1331264227628708,True,True
NoSCAM_img_0329.jpg,NoSCAM,saw,stairs,2.972,NoSCAM_img_0329,/external-cache/fse_typographic_20260926/external/SCAM/images.zip,images/train/NoSCAM_img_0329.jpg,NoSCAM,img_0329,0.23901963233947754,0.11963491886854172,0.11938471347093582,True,True
NoSCAM_img_0330.jpg,NoSCAM,sledgehammer,cone,4.17,NoSCAM_img_0330,/external-cache/fse_typographic_20260926/external/SCAM/images.zip,images/train/NoSCAM_img_0330.jpg,NoSCAM,img_0330,0.2761034667491913,0.18604937195777893,0.09005409479141235,True,False
NoSCAM_img_0331.jpg,NoSCAM,combination lock,sidewalk,12.195,NoSCAM_img_0331,/external-cache/fse_typographic_20260926/external/SCAM/images.zip,images/train/NoSCAM_img_0331.jpg,NoSCAM,img_0331,0.2663615345954895,0.11776518821716309,0.14859634637832642,True,False
NoSCAM_img_0332.jpg,NoSCAM,tire,gears,3.837,NoSCAM_img_0332,/external-cache/fse_typographic_20260926/external/SCAM/images.zip,images/train/NoSCAM_img_0332.jpg,NoSCAM,img_0332,0.2659752070903778,0.16753269731998444,0.09844250977039337,True,True
NoSCAM_img_0333.jpg,NoSCAM,coat hook,saddle,3.556,NoSCAM_img_0333,/external-cache/fse_typographic_20260926/external/SCAM/images.zip,images/train/NoSCAM_img_0333.jpg,NoSCAM,img_0333,0.27493634819984436,0.1603911966085434,0.11454515159130096,True,True
NoSCAM_img_0334.jpg,NoSCAM,goggles,speed camera,8.341,NoSCAM_img_0334,/external-cache/fse_typographic_20260926/external/SCAM/images.zip,images/train/NoSCAM_img_0334.jpg,NoSCAM,img_0334,0.2605556845664978,0.11990877985954285,0.14064690470695496,True,False
NoSCAM_img_0335.jpg,NoSCAM,mask,street,8.394,NoSCAM_img_0335,/external-cache/fse_typographic_20260926/external/SCAM/images.zip,images/train/NoSCAM_img_0335.jpg,NoSCAM,img_0335,0.1882902830839157,0.12149879336357117,0.06679148972034454,True,False
NoSCAM_img_0336.jpg,NoSCAM,roller board,gravel,1.503,NoSCAM_img_0336,/external-cache/fse_typographic_20260926/external/SCAM/images.zip,images/train/NoSCAM_img_0336.jpg,NoSCAM,img_0336,0.20577670633792877,0.09198226034641266,0.11379444599151611,True,False
NoSCAM_img_0337.jpg,NoSCAM,chain,canal,9.167,NoSCAM_img_0337,/external-cache/fse_typographic_20260926/external/SCAM/images.zip,images/train/NoSCAM_img_0337.jpg,NoSCAM,img_0337,0.2643890082836151,0.12078369408845901,0.1436053216457367,True,True
NoSCAM_img_0338.jpg,NoSCAM,rope,pig,7.508,NoSCAM_img_0338,/external-cache/fse_typographic_20260926/external/SCAM/images.zip,images/train/NoSCAM_img_0338.jpg,NoSCAM,img_0338,0.2820431590080261,0.16291534900665283,0.11912781000137329,True,True
NoSCAM_img_0339.jpg,NoSCAM,screws,stairs,6.244,NoSCAM_img_0339,/external-cache/fse_typographic_20260926/external/SCAM/images.zip,images/train/NoSCAM_img_0339.jpg,NoSCAM,img_0339,0.20658797025680542,0.11581835150718689,0.09076961874961853,True,False
NoSCAM_img_0340.jpg,NoSCAM,drill,lift,1.929,NoSCAM_img_0340,/external-cache/fse_typographic_20260926/external/SCAM/images.zip,images/train/NoSCAM_img_0340.jpg,NoSCAM,img_0340,0.23356178402900696,0.13181714713573456,0.1017446368932724,True,False
NoSCAM_img_0341.jpg,NoSCAM,pipes,road,3.127,NoSCAM_img_0341,/external-cache/fse_typographic_20260926/external/SCAM/images.zip,images/train/NoSCAM_img_0341.jpg,NoSCAM,img_0341,0.2211439609527588,0.10927791893482208,0.1118660420179367,True,False
NoSCAM_img_0342.jpg,NoSCAM,brass tubes,pumpkin,2.547,NoSCAM_img_0342,/external-cache/fse_typographic_20260926/external/SCAM/images.zip,images/train/NoSCAM_img_0342.jpg,NoSCAM,img_0342,0.23800534009933472,0.07667598128318787,0.16132935881614685,True,True
NoSCAM_img_0343.jpg,NoSCAM,toilet lid,car,1.677,NoSCAM_img_0343,/external-cache/fse_typographic_20260926/external/SCAM/images.zip,images/train/NoSCAM_img_0343.jpg,NoSCAM,img_0343,0.28251320123672485,0.12627431750297546,0.1562388837337494,True,True
NoSCAM_img_0344.jpg,NoSCAM,shower head,bike,3.808,NoSCAM_img_0344,/external-cache/fse_typographic_20260926/external/SCAM/images.zip,images/train/NoSCAM_img_0344.jpg,NoSCAM,img_0344,0.2906203866004944,0.14505577087402344,0.14556461572647095,True,True
NoSCAM_img_0345.jpg,NoSCAM,bicycle bell,van,11.291,NoSCAM_img_0345,/external-cache/fse_typographic_20260926/external/SCAM/images.zip,images/train/NoSCAM_img_0345.jpg,NoSCAM,img_0345,0.20236417651176453,0.1538902074098587,0.04847396910190582,True,False
NoSCAM_img_0346.jpg,NoSCAM,bike lock,stop sign,6.003,NoSCAM_img_0346,/external-cache/fse_typographic_20260926/external/SCAM/images.zip,images/train/NoSCAM_img_0346.jpg,NoSCAM,img_0346,0.20333805680274963,0.08598734438419342,0.11735071241855621,True,False
NoSCAM_img_0347.jpg,NoSCAM,bicycle light,gloves,10.106,NoSCAM_img_0347,/external-cache/fse_typographic_20260926/external/SCAM/images.zip,images/train/NoSCAM_img_0347.jpg,NoSCAM,img_0347,0.20618006587028503,0.16543270647525787,0.04074735939502716,True,False
NoSCAM_img_0348.jpg,NoSCAM,bicycle tire,flower,5.1,NoSCAM_img_0348,/external-cache/fse_typographic_20260926/external/SCAM/images.zip,images/train/NoSCAM_img_0348.jpg,NoSCAM,img_0348,0.28004273772239685,0.10657034814357758,0.17347238957881927,True,True
NoSCAM_img_0349.jpg,NoSCAM,brushes,mittens,7.377,NoSCAM_img_0349,/external-cache/fse_typographic_20260926/external/SCAM/images.zip,images/train/NoSCAM_img_0349.jpg,NoSCAM,img_0349,0.2746705412864685,0.12366985529661179,0.15100067853927612,True,True
NoSCAM_img_0350.jpg,NoSCAM,paint roller,trash,2.48,NoSCAM_img_0350,/external-cache/fse_typographic_20260926/external/SCAM/images.zip,images/train/NoSCAM_img_0350.jpg,NoSCAM,img_0350,0.3037135601043701,0.17169007658958435,0.13202348351478577,True,True
NoSCAM_img_0351.jpg,NoSCAM,paint,couch,3.187,NoSCAM_img_0351,/external-cache/fse_typographic_20260926/external/SCAM/images.zip,images/train/NoSCAM_img_0351.jpg,NoSCAM,img_0351,0.20390631258487701,0.0983964204788208,0.10550989210605621,True,False
NoSCAM_img_0352.jpg,NoSCAM,ladder,bridge,0.458,NoSCAM_img_0352,/external-cache/fse_typographic_20260926/external/SCAM/images.zip,images/train/NoSCAM_img_0352.jpg,NoSCAM,img_0352,0.26259857416152954,0.11279085278511047,0.14980772137641907,True,True
NoSCAM_img_0353.jpg,NoSCAM,dustpan,barrier,2.676,NoSCAM_img_0353,/external-cache/fse_typographic_20260926/external/SCAM/images.zip,images/train/NoSCAM_img_0353.jpg,NoSCAM,img_0353,0.24680382013320923,0.14160506427288055,0.10519875586032867,True,False
NoSCAM_img_0354.jpg,NoSCAM,lamp,police,4.476,NoSCAM_img_0354,/external-cache/fse_typographic_20260926/external/SCAM/images.zip,images/train/NoSCAM_img_0354.jpg,NoSCAM,img_0354,0.23871898651123047,0.17044954001903534,0.06826944649219513,True,False
NoSCAM_img_0355.jpg,NoSCAM,cable ties,stairs,3.441,NoSCAM_img_0355,/external-cache/fse_typographic_20260926/external/SCAM/images.zip,images/train/NoSCAM_img_0355.jpg,NoSCAM,img_0355,0.19825255870819092,0.12885934114456177,0.06939321756362915,True,False
NoSCAM_img_0356.jpg,NoSCAM,cable,cone,3.819,NoSCAM_img_0356,/external-cache/fse_typographic_20260926/external/SCAM/images.zip,images/train/NoSCAM_img_0356.jpg,NoSCAM,img_0356,0.22991245985031128,0.17500269412994385,0.05490976572036743,True,False
NoSCAM_img_0357.jpg,NoSCAM,motion detector,sidewalk,10.949,NoSCAM_img_0357,/external-cache/fse_typographic_20260926/external/SCAM/images.zip,images/train/NoSCAM_img_0357.jpg,NoSCAM,img_0357,0.2283857762813568,0.11321232467889786,0.11517345160245895,True,False
NoSCAM_img_0358.jpg,NoSCAM,socket,gears,7.086,NoSCAM_img_0358,/external-cache/fse_typographic_20260926/external/SCAM/images.zip,images/train/NoSCAM_img_0358.jpg,NoSCAM,img_0358,0.26120975613594055,0.13305141031742096,0.1281583458185196,True,True
NoSCAM_img_0359.jpg,NoSCAM,cardboard box,saddle,0.66,NoSCAM_img_0359,/external-cache/fse_typographic_20260926/external/SCAM/images.zip,images/train/NoSCAM_img_0359.jpg,NoSCAM,img_0359,0.23662884533405304,0.14296992123126984,0.0936589241027832,True,False
NoSCAM_img_0360.jpg,NoSCAM,toy elephant,speed camera,2.35,NoSCAM_img_0360,/external-cache/fse_typographic_20260926/external/SCAM/images.zip,images/train/NoSCAM_img_0360.jpg,NoSCAM,img_0360,0.26592299342155457,0.10025875270366669,0.16566424071788788,True,True
NoSCAM_img_0361.jpg,NoSCAM,cat figurine,street,6.582,NoSCAM_img_0361,/external-cache/fse_typographic_20260926/external/SCAM/images.zip,images/train/NoSCAM_img_0361.jpg,NoSCAM,img_0361,0.2685536742210388,0.13109661638736725,0.13745705783367157,True,True
NoSCAM_img_0362.jpg,NoSCAM,bell,gravel,1.959,NoSCAM_img_0362,/external-cache/fse_typographic_20260926/external/SCAM/images.zip,images/train/NoSCAM_img_0362.jpg,NoSCAM,img_0362,0.2816812992095947,0.12471501529216766,0.15696628391742706,True,True
NoSCAM_img_0363.jpg,NoSCAM,stone plates,canal,1.413,NoSCAM_img_0363,/external-cache/fse_typographic_20260926/external/SCAM/images.zip,images/train/NoSCAM_img_0363.jpg,NoSCAM,img_0363,0.1956643909215927,0.11059564352035522,0.08506874740123749,True,False
NoSCAM_img_0364.jpg,NoSCAM,lantern,pig,3.167,NoSCAM_img_0364,/external-cache/fse_typographic_20260926/external/SCAM/images.zip,images/train/NoSCAM_img_0364.jpg,NoSCAM,img_0364,0.20130616426467896,0.15407490730285645,0.04723125696182251,True,False
NoSCAM_img_0365.jpg,NoSCAM,thermal camping mat,stairs,2.982,NoSCAM_img_0365,/external-cache/fse_typographic_20260926/external/SCAM/images.zip,images/train/NoSCAM_img_0365.jpg,NoSCAM,img_0365,0.2586298882961273,0.09953026473522186,0.15909962356090546,True,True
NoSCAM_img_0366.jpg,NoSCAM,freeze pack,lift,19.443,NoSCAM_img_0366,/external-cache/fse_typographic_20260926/external/SCAM/images.zip,images/train/NoSCAM_img_0366.jpg,NoSCAM,img_0366,0.3065802752971649,0.13898703455924988,0.16759324073791504,True,True
NoSCAM_img_0367.jpg,NoSCAM,gas bottle,road,10.437,NoSCAM_img_0367,/external-cache/fse_typographic_20260926/external/SCAM/images.zip,images/train/NoSCAM_img_0367.jpg,NoSCAM,img_0367,0.20947501063346863,0.13924086093902588,0.07023414969444275,True,False
NoSCAM_img_0368.jpg,NoSCAM,gas bottle,pumpkin,2.859,NoSCAM_img_0368,/external-cache/fse_typographic_20260926/external/SCAM/images.zip,images/train/NoSCAM_img_0368.jpg,NoSCAM,img_0368,0.23271384835243225,0.13704711198806763,0.09566673636436462,True,False
NoSCAM_img_0369.jpg,NoSCAM,grill,car,1.158,NoSCAM_img_0369,/external-cache/fse_typographic_20260926/external/SCAM/images.zip,images/train/NoSCAM_img_0369.jpg,NoSCAM,img_0369,0.26586371660232544,0.12933537364006042,0.13652834296226501,True,True
NoSCAM_img_0370.jpg,NoSCAM,wooden skewer,bike,6.306,NoSCAM_img_0370,/external-cache/fse_typographic_20260926/external/SCAM/images.zip,images/train/NoSCAM_img_0370.jpg,NoSCAM,img_0370,0.23999077081680298,0.11159445345401764,0.12839631736278534,True,True
NoSCAM_img_0371.jpg,NoSCAM,shashlik skewers,van,4.426,NoSCAM_img_0371,/external-cache/fse_typographic_20260926/external/SCAM/images.zip,images/train/NoSCAM_img_0371.jpg,NoSCAM,img_0371,0.1826823651790619,0.11060136556625366,0.07208099961280823,True,False
NoSCAM_img_0372.jpg,NoSCAM,wooden grill tong,stop sign,5.978,NoSCAM_img_0372,/external-cache/fse_typographic_20260926/external/SCAM/images.zip,images/train/NoSCAM_img_0372.jpg,NoSCAM,img_0372,0.20814062654972076,0.1475813388824463,0.060559287667274475,True,False
NoSCAM_img_0373.jpg,NoSCAM,grill,gloves,1.216,NoSCAM_img_0373,/external-cache/fse_typographic_20260926/external/SCAM/images.zip,images/train/NoSCAM_img_0373.jpg,NoSCAM,img_0373,0.19918784499168396,0.08983387798070908,0.10935396701097488,True,False
NoSCAM_img_0374.jpg,NoSCAM,landing net,flower,2.33,NoSCAM_img_0374,/external-cache/fse_typographic_20260926/external/SCAM/images.zip,images/train/NoSCAM_img_0374.jpg,NoSCAM,img_0374,0.2113780826330185,0.11481470614671707,0.09656337648630142,True,False
NoSCAM_img_0375.jpg,NoSCAM,water wings,mittens,7.578,NoSCAM_img_0375,/external-cache/fse_typographic_20260926/external/SCAM/images.zip,images/train/NoSCAM_img_0375.jpg,NoSCAM,img_0375,0.24392083287239075,0.13101157546043396,0.11290925741195679,True,True
NoSCAM_img_0376.jpg,NoSCAM,thermometer,trash,7.105,NoSCAM_img_0376,/external-cache/fse_typographic_20260926/external/SCAM/images.zip,images/train/NoSCAM_img_0376.jpg,NoSCAM,img_0376,0.2313757836818695,0.15125219523906708,0.08012358844280243,True,False
NoSCAM_img_0377.jpg,NoSCAM,thermometer,couch,8.851,NoSCAM_img_0377,/external-cache/fse_typographic_20260926/external/SCAM/images.zip,images/train/NoSCAM_img_0377.jpg,NoSCAM,img_0377,0.23710143566131592,0.09895982593297958,0.13814160227775574,True,True
NoSCAM_img_0378.jpg,NoSCAM,shoes,bridge,3.653,NoSCAM_img_0378,/external-cache/fse_typographic_20260926/external/SCAM/images.zip,images/train/NoSCAM_img_0378.jpg,NoSCAM,img_0378,0.2052759975194931,0.10430363565683365,0.10097236186265945,True,False
NoSCAM_img_0379.jpg,NoSCAM,knife,barrier,6.659,NoSCAM_img_0379,/external-cache/fse_typographic_20260926/external/SCAM/images.zip,images/train/NoSCAM_img_0379.jpg,NoSCAM,img_0379,0.2352558821439743,0.15705619752407074,0.07819968461990356,True,True
NoSCAM_img_0380.jpg,NoSCAM,scissor,police,9.665,NoSCAM_img_0380,/external-cache/fse_typographic_20260926/external/SCAM/images.zip,images/train/NoSCAM_img_0380.jpg,NoSCAM,img_0380,0.200999453663826,0.13768808543682098,0.063311368227005,True,False
NoSCAM_img_0381.jpg,NoSCAM,scissor,stairs,6.047,NoSCAM_img_0381,/external-cache/fse_typographic_20260926/external/SCAM/images.zip,images/train/NoSCAM_img_0381.jpg,NoSCAM,img_0381,0.23340840637683868,0.0796879306435585,0.15372046828269958,True,False
NoSCAM_img_0382.jpg,NoSCAM,pickaxe,cane,0.585,NoSCAM_img_0382,/external-cache/fse_typographic_20260926/external/SCAM/images.zip,images/train/NoSCAM_img_0382.jpg,NoSCAM,img_0382,0.2842968702316284,0.20365679264068604,0.08064007759094238,True,True
NoSCAM_img_0383.jpg,NoSCAM,shovel,sidewalk,0.36,NoSCAM_img_0383,/external-cache/fse_typographic_20260926/external/SCAM/images.zip,images/train/NoSCAM_img_0383.jpg,NoSCAM,img_0383,0.1471528261899948,0.1054953783750534,0.041657447814941406,True,False
NoSCAM_img_0384.jpg,NoSCAM,broom,gears,2.923,NoSCAM_img_0384,/external-cache/fse_typographic_20260926/external/SCAM/images.zip,images/train/NoSCAM_img_0384.jpg,NoSCAM,img_0384,0.22574102878570557,0.17743174731731415,0.04830928146839142,True,False
NoSCAM_img_0385.jpg,NoSCAM,rake,saddle,0.593,NoSCAM_img_0385,/external-cache/fse_typographic_20260926/external/SCAM/images.zip,images/train/NoSCAM_img_0385.jpg,NoSCAM,img_0385,0.26624932885169983,0.15702271461486816,0.10922661423683167,True,True
NoSCAM_img_0386.jpg,NoSCAM,canister,speed camera,4.044,NoSCAM_img_0386,/external-cache/fse_typographic_20260926/external/SCAM/images.zip,images/train/NoSCAM_img_0386.jpg,NoSCAM,img_0386,0.15503276884555817,0.06773406267166138,0.08729870617389679,True,False
NoSCAM_img_0387.jpg,NoSCAM,chain saw,street,2.4,NoSCAM_img_0387,/external-cache/fse_typographic_20260926/external/SCAM/images.zip,images/train/NoSCAM_img_0387.jpg,NoSCAM,img_0387,0.22098588943481445,0.1231907308101654,0.09779515862464905,True,False
NoSCAM_img_0388.jpg,NoSCAM,glove,gravel,5.616,NoSCAM_img_0388,/external-cache/fse_typographic_20260926/external/SCAM/images.zip,images/train/NoSCAM_img_0388.jpg,NoSCAM,img_0388,0.2670833468437195,0.13280275464057922,0.13428059220314026,True,False
NoSCAM_img_0389.jpg,NoSCAM,watering can,canal,2.387,NoSCAM_img_0389,/external-cache/fse_typographic_20260926/external/SCAM/images.zip,images/train/NoSCAM_img_0389.jpg,NoSCAM,img_0389,0.24506565928459167,0.09472832083702087,0.1503373384475708,True,False
NoSCAM_img_0390.jpg,NoSCAM,flowering pot,pig,4.264,NoSCAM_img_0390,/external-cache/fse_typographic_20260926/external/SCAM/images.zip,images/train/NoSCAM_img_0390.jpg,NoSCAM,img_0390,0.20055732131004333,0.13447101414203644,0.0660863071680069,True,False
NoSCAM_img_0391.jpg,NoSCAM,folding rule,bird,2.729,NoSCAM_img_0391,/external-cache/fse_typographic_20260926/external/SCAM/images.zip,images/train/NoSCAM_img_0391.jpg,NoSCAM,img_0391,0.1696069836616516,0.1303381323814392,0.0392688512802124,True,False
NoSCAM_img_0392.jpg,NoSCAM,towel,bike,2.103,NoSCAM_img_0392,/external-cache/fse_typographic_20260926/external/SCAM/images.zip,images/train/NoSCAM_img_0392.jpg,NoSCAM,img_0392,0.23431366682052612,0.13408713042736053,0.10022653639316559,True,False
NoSCAM_img_0393.jpg,NoSCAM,oven glove,zebra,4.578,NoSCAM_img_0393,/external-cache/fse_typographic_20260926/external/SCAM/images.zip,images/train/NoSCAM_img_0393.jpg,NoSCAM,img_0393,0.2532638907432556,0.15278086066246033,0.10048303008079529,True,True
NoSCAM_img_0394.jpg,NoSCAM,plant,pedestrian,1.684,NoSCAM_img_0394,/external-cache/fse_typographic_20260926/external/SCAM/images.zip,images/train/NoSCAM_img_0394.jpg,NoSCAM,img_0394,0.24213695526123047,0.13090744614601135,0.11122950911521912,True,False
NoSCAM_img_0395.jpg,NoSCAM,speaker,elevator,1.411,NoSCAM_img_0395,/external-cache/fse_typographic_20260926/external/SCAM/images.zip,images/train/NoSCAM_img_0395.jpg,NoSCAM,img_0395,0.23931950330734253,0.09075900912284851,0.14856049418449402,True,True
NoSCAM_img_0396.jpg,NoSCAM,stool,bike,1.639,NoSCAM_img_0396,/external-cache/fse_typographic_20260926/external/SCAM/images.zip,images/train/NoSCAM_img_0396.jpg,NoSCAM,img_0396,0.2386094033718109,0.17464718222618103,0.06396222114562988,True,False
NoSCAM_img_0397.jpg,NoSCAM,ginger,bike,11.351,NoSCAM_img_0397,/external-cache/fse_typographic_20260926/external/SCAM/images.zip,images/train/NoSCAM_img_0397.jpg,NoSCAM,img_0397,0.2725759744644165,0.13040347397327423,0.14217250049114227,True,True
NoSCAM_img_0398.jpg,NoSCAM,turmeric,seed,8.979,NoSCAM_img_0398,/external-cache/fse_typographic_20260926/external/SCAM/images.zip,images/train/NoSCAM_img_0398.jpg,NoSCAM,img_0398,0.2864048182964325,0.1453183889389038,0.1410864293575287,True,True
NoSCAM_img_0399.jpg,NoSCAM,sponge,elevator,6.251,NoSCAM_img_0399,/external-cache/fse_typographic_20260926/external/SCAM/images.zip,images/train/NoSCAM_img_0399.jpg,NoSCAM,img_0399,0.22206607460975647,0.12585978209972382,0.09620629251003265,True,False
NoSCAM_img_0400.jpg,NoSCAM,trashcan,bed,1.466,NoSCAM_img_0400,/external-cache/fse_typographic_20260926/external/SCAM/images.zip,images/train/NoSCAM_img_0400.jpg,NoSCAM,img_0400,0.24213173985481262,0.1422080397605896,0.09992370009422302,True,False
NoSCAM_img_0401.jpg,NoSCAM,butterfly,zebra,15.736,NoSCAM_img_0401,/external-cache/fse_typographic_20260926/external/SCAM/images.zip,images/train/NoSCAM_img_0401.jpg,NoSCAM,img_0401,0.2569241225719452,0.1581103354692459,0.09881378710269928,True,True
NoSCAM_img_0402.jpg,NoSCAM,chair,bike,9.159,NoSCAM_img_0402,/external-cache/fse_typographic_20260926/external/SCAM/images.zip,images/train/NoSCAM_img_0402.jpg,NoSCAM,img_0402,0.2888297438621521,0.19010794162750244,0.09872180223464966,True,True
NoSCAM_img_0403.jpg,NoSCAM,plant,bed,5.11,NoSCAM_img_0403,/external-cache/fse_typographic_20260926/external/SCAM/images.zip,images/train/NoSCAM_img_0403.jpg,NoSCAM,img_0403,0.2560371160507202,0.15274909138679504,0.10328802466392517,True,True
NoSCAM_img_0404.jpg,NoSCAM,phone,traffic light,5.904,NoSCAM_img_0404,/external-cache/fse_typographic_20260926/external/SCAM/images.zip,images/train/NoSCAM_img_0404.jpg,NoSCAM,img_0404,0.22798556089401245,0.06479919701814651,0.16318637132644653,True,False
NoSCAM_img_0405.jpg,NoSCAM,table,ball,0.63,NoSCAM_img_0405,/external-cache/fse_typographic_20260926/external/SCAM/images.zip,images/train/NoSCAM_img_0405.jpg,NoSCAM,img_0405,0.24388006329536438,0.15096603333950043,0.09291402995586395,True,True
NoSCAM_img_0406.jpg,NoSCAM,sponge,taxi,10.287,NoSCAM_img_0406,/external-cache/fse_typographic_20260926/external/SCAM/images.zip,images/train/NoSCAM_img_0406.jpg,NoSCAM,img_0406,0.29200655221939087,0.15806624293327332,0.13394030928611755,True,True
NoSCAM_img_0407.jpg,NoSCAM,turtle,yield,15.375,NoSCAM_img_0407,/external-cache/fse_typographic_20260926/external/SCAM/images.zip,images/train/NoSCAM_img_0407.jpg,NoSCAM,img_0407,0.26758313179016113,0.17823220789432526,0.08935092389583588,True,True
NoSCAM_img_0408.jpg,NoSCAM,tape dispenser,fish,9.145,NoSCAM_img_0408,/external-cache/fse_typographic_20260926/external/SCAM/images.zip,images/train/NoSCAM_img_0408.jpg,NoSCAM,img_0408,0.2675769627094269,0.14323309063911438,0.1243438720703125,True,False
NoSCAM_img_0409.jpg,NoSCAM,french press,honey,3.316,NoSCAM_img_0409,/external-cache/fse_typographic_20260926/external/SCAM/images.zip,images/train/NoSCAM_img_0409.jpg,NoSCAM,img_0409,0.25758814811706543,0.17492029070854187,0.08266785740852356,True,False
NoSCAM_img_0410.jpg,NoSCAM,grater,honey,2.364,NoSCAM_img_0410,/external-cache/fse_typographic_20260926/external/SCAM/images.zip,images/train/NoSCAM_img_0410.jpg,NoSCAM,img_0410,0.32447269558906555,0.18143510818481445,0.1430375874042511,True,True
NoSCAM_img_0411.jpg,NoSCAM,sieve,fish,2.485,NoSCAM_img_0411,/external-cache/fse_typographic_20260926/external/SCAM/images.zip,images/train/NoSCAM_img_0411.jpg,NoSCAM,img_0411,0.2349013090133667,0.15523386001586914,0.07966744899749756,True,False
NoSCAM_img_0412.jpg,NoSCAM,sieve,fish,12.884,NoSCAM_img_0412,/external-cache/fse_typographic_20260926/external/SCAM/images.zip,images/train/NoSCAM_img_0412.jpg,NoSCAM,img_0412,0.2506263554096222,0.14829906821250916,0.10232728719711304,True,False
NoSCAM_img_0413.jpg,NoSCAM,bottle,fish,2.881,NoSCAM_img_0413,/external-cache/fse_typographic_20260926/external/SCAM/images.zip,images/train/NoSCAM_img_0413.jpg,NoSCAM,img_0413,0.2542995512485504,0.13472238183021545,0.11957716941833496,True,False
NoSCAM_img_0414.jpg,NoSCAM,vinyl,fish,3.529,NoSCAM_img_0414,/external-cache/fse_typographic_20260926/external/SCAM/images.zip,images/train/NoSCAM_img_0414.jpg,NoSCAM,img_0414,0.19769880175590515,0.10685200989246368,0.09084679186344147,True,True
NoSCAM_img_0415.jpg,NoSCAM,lamp,fish,4.218,NoSCAM_img_0415,/external-cache/fse_typographic_20260926/external/SCAM/images.zip,images/train/NoSCAM_img_0415.jpg,NoSCAM,img_0415,0.2537231147289276,0.1363089233636856,0.117414191365242,True,True
NoSCAM_img_0416.jpg,NoSCAM,pen,truck,6.918,NoSCAM_img_0416,/external-cache/fse_typographic_20260926/external/SCAM/images.zip,images/train/NoSCAM_img_0416.jpg,NoSCAM,img_0416,0.2542243003845215,0.14918309450149536,0.10504120588302612,True,True
NoSCAM_img_0417.jpg,NoSCAM,lighter,truck,5.847,NoSCAM_img_0417,/external-cache/fse_typographic_20260926/external/SCAM/images.zip,images/train/NoSCAM_img_0417.jpg,NoSCAM,img_0417,0.28037625551223755,0.1532626450061798,0.12711361050605774,True,True
NoSCAM_img_0418.jpg,NoSCAM,notebook,truck,2.876,NoSCAM_img_0418,/external-cache/fse_typographic_20260926/external/SCAM/images.zip,images/train/NoSCAM_img_0418.jpg,NoSCAM,img_0418,0.2790098786354065,0.10167098790407181,0.17733889818191528,True,True
NoSCAM_img_0419.jpg,NoSCAM,playing card,truck,4.974,NoSCAM_img_0419,/external-cache/fse_typographic_20260926/external/SCAM/images.zip,images/train/NoSCAM_img_0419.jpg,NoSCAM,img_0419,0.28987982869148254,0.1585826277732849,0.13129720091819763,True,True
NoSCAM_img_0420.jpg,NoSCAM,tealight,truck,8.958,NoSCAM_img_0420,/external-cache/fse_typographic_20260926/external/SCAM/images.zip,images/train/NoSCAM_img_0420.jpg,NoSCAM,img_0420,0.23770934343338013,0.11680533736944199,0.12090400606393814,True,False
NoSCAM_img_0421.jpg,NoSCAM,suitcase,truck,1.313,NoSCAM_img_0421,/external-cache/fse_typographic_20260926/external/SCAM/images.zip,images/train/NoSCAM_img_0421.jpg,NoSCAM,img_0421,0.2917332947254181,0.13893139362335205,0.15280190110206604,True,True
NoSCAM_img_0422.jpg,NoSCAM,slipper,truck,1.909,NoSCAM_img_0422,/external-cache/fse_typographic_20260926/external/SCAM/images.zip,images/train/NoSCAM_img_0422.jpg,NoSCAM,img_0422,0.3132758140563965,0.12612634897232056,0.18714946508407593,True,True
NoSCAM_img_0423.jpg,NoSCAM,razor,slow,11.489,NoSCAM_img_0423,/external-cache/fse_typographic_20260926/external/SCAM/images.zip,images/train/NoSCAM_img_0423.jpg,NoSCAM,img_0423,0.2357439398765564,0.17078909277915955,0.06495484709739685,True,False
NoSCAM_img_0424.jpg,NoSCAM,bathroom sign,cannon,4.659,NoSCAM_img_0424,/external-cache/fse_typographic_20260926/external/SCAM/images.zip,images/train/NoSCAM_img_0424.jpg,NoSCAM,img_0424,0.3101447522640228,0.1184365451335907,0.19170820713043213,True,True
NoSCAM_img_0425.jpg,NoSCAM,fire extinguisher,cow,3.994,NoSCAM_img_0425,/external-cache/fse_typographic_20260926/external/SCAM/images.zip,images/train/NoSCAM_img_0425.jpg,NoSCAM,img_0425,0.3102279603481293,0.14105281233787537,0.1691751480102539,True,True
NoSCAM_img_0426.jpg,NoSCAM,ping pong ball,duck,18.47,NoSCAM_img_0426,/external-cache/fse_typographic_20260926/external/SCAM/images.zip,images/train/NoSCAM_img_0426.jpg,NoSCAM,img_0426,0.2952522933483124,0.17316235601902008,0.1220899373292923,True,True
NoSCAM_img_0427.jpg,NoSCAM,hanger,cannon,7.172,NoSCAM_img_0427,/external-cache/fse_typographic_20260926/external/SCAM/images.zip,images/train/NoSCAM_img_0427.jpg,NoSCAM,img_0427,0.2931918203830719,0.13463194668293,0.1585598737001419,True,True
NoSCAM_img_0428.jpg,NoSCAM,roses,signal,11.452,NoSCAM_img_0428,/external-cache/fse_typographic_20260926/external/SCAM/images.zip,images/train/NoSCAM_img_0428.jpg,NoSCAM,img_0428,0.21236053109169006,0.14039039611816406,0.071970134973526,True,True
NoSCAM_img_0429.jpg,NoSCAM,cap,cannon,6.651,NoSCAM_img_0429,/external-cache/fse_typographic_20260926/external/SCAM/images.zip,images/train/NoSCAM_img_0429.jpg,NoSCAM,img_0429,0.2529861629009247,0.10200216621160507,0.150983989238739,True,False
NoSCAM_img_0430.jpg,NoSCAM,pen,duck,11.11,NoSCAM_img_0430,/external-cache/fse_typographic_20260926/external/SCAM/images.zip,images/train/NoSCAM_img_0430.jpg,NoSCAM,img_0430,0.24698984622955322,0.20135203003883362,0.045637816190719604,True,False
NoSCAM_img_0431.jpg,NoSCAM,waffles,truck,7.106,NoSCAM_img_0431,/external-cache/fse_typographic_20260926/external/SCAM/images.zip,images/train/NoSCAM_img_0431.jpg,NoSCAM,img_0431,0.2694244384765625,0.12629765272140503,0.14312678575515747,True,True
NoSCAM_img_0432.jpg,NoSCAM,knife,cow,9.585,NoSCAM_img_0432,/external-cache/fse_typographic_20260926/external/SCAM/images.zip,images/train/NoSCAM_img_0432.jpg,NoSCAM,img_0432,0.24706114828586578,0.17396965622901917,0.07309149205684662,True,False
NoSCAM_img_0433.jpg,NoSCAM,eggs,slow,13.215,NoSCAM_img_0433,/external-cache/fse_typographic_20260926/external/SCAM/images.zip,images/train/NoSCAM_img_0433.jpg,NoSCAM,img_0433,0.26199808716773987,0.15225723385810852,0.10974085330963135,True,False
NoSCAM_img_0434.jpg,NoSCAM,socket,yield,16.798,NoSCAM_img_0434,/external-cache/fse_typographic_20260926/external/SCAM/images.zip,images/train/NoSCAM_img_0434.jpg,NoSCAM,img_0434,0.27944618463516235,0.1699240505695343,0.10952213406562805,True,True
NoSCAM_img_0435.jpg,NoSCAM,moka pot,yield,3.711,NoSCAM_img_0435,/external-cache/fse_typographic_20260926/external/SCAM/images.zip,images/train/NoSCAM_img_0435.jpg,NoSCAM,img_0435,0.309498131275177,0.1599055826663971,0.1495925486087799,True,True
NoSCAM_img_0436.jpg,NoSCAM,chocolate,detour,9.365,NoSCAM_img_0436,/external-cache/fse_typographic_20260926/external/SCAM/images.zip,images/train/NoSCAM_img_0436.jpg,NoSCAM,img_0436,0.2856917977333069,0.1624011993408203,0.12329059839248657,True,False
NoSCAM_img_0437.jpg,NoSCAM,crochet hook,hat,23.27,NoSCAM_img_0437,/external-cache/fse_typographic_20260926/external/SCAM/images.zip,images/train/NoSCAM_img_0437.jpg,NoSCAM,img_0437,0.24395224452018738,0.1494314968585968,0.09452074766159058,True,False
NoSCAM_img_0438.jpg,NoSCAM,nail clipper,hat,21.533,NoSCAM_img_0438,/external-cache/fse_typographic_20260926/external/SCAM/images.zip,images/train/NoSCAM_img_0438.jpg,NoSCAM,img_0438,0.24527695775032043,0.1373482644557953,0.10792869329452515,True,False
NoSCAM_img_0439.jpg,NoSCAM,bag,sofa,7.143,NoSCAM_img_0439,/external-cache/fse_typographic_20260926/external/SCAM/images.zip,images/train/NoSCAM_img_0439.jpg,NoSCAM,img_0439,0.21586692333221436,0.15962255001068115,0.0562443733215332,True,False
NoSCAM_img_0440.jpg,NoSCAM,hat,sofa,15.264,NoSCAM_img_0440,/external-cache/fse_typographic_20260926/external/SCAM/images.zip,images/train/NoSCAM_img_0440.jpg,NoSCAM,img_0440,0.25735047459602356,0.1329086720943451,0.12444180250167847,True,False
NoSCAM_img_0441.jpg,NoSCAM,pencil,hat,12.33,NoSCAM_img_0441,/external-cache/fse_typographic_20260926/external/SCAM/images.zip,images/train/NoSCAM_img_0441.jpg,NoSCAM,img_0441,0.2664288878440857,0.158979594707489,0.10744929313659668,True,False
NoSCAM_img_0442.jpg,NoSCAM,remote control,truck,5.144,NoSCAM_img_0442,/external-cache/fse_typographic_20260926/external/SCAM/images.zip,images/train/NoSCAM_img_0442.jpg,NoSCAM,img_0442,0.2580796480178833,0.1246950626373291,0.1333845853805542,True,False
NoSCAM_img_0443.jpg,NoSCAM,necklace,signal,9.974,NoSCAM_img_0443,/external-cache/fse_typographic_20260926/external/SCAM/images.zip,images/train/NoSCAM_img_0443.jpg,NoSCAM,img_0443,0.26178041100502014,0.134770929813385,0.12700948119163513,True,True
NoSCAM_img_0444.jpg,NoSCAM,bowl,signal,11.342,NoSCAM_img_0444,/external-cache/fse_typographic_20260926/external/SCAM/images.zip,images/train/NoSCAM_img_0444.jpg,NoSCAM,img_0444,0.23064351081848145,0.12446676939725876,0.10617674142122269,True,False
NoSCAM_img_0445.jpg,NoSCAM,chessboard,no left turn,5.955,NoSCAM_img_0445,/external-cache/fse_typographic_20260926/external/SCAM/images.zip,images/train/NoSCAM_img_0445.jpg,NoSCAM,img_0445,0.28542450070381165,0.1416735202074051,0.14375098049640656,True,False
NoSCAM_img_0446.jpg,NoSCAM,elephant,boulder,11.329,NoSCAM_img_0446,/external-cache/fse_typographic_20260926/external/SCAM/images.zip,images/train/NoSCAM_img_0446.jpg,NoSCAM,img_0446,0.24682049453258514,0.14138031005859375,0.1054401844739914,True,False
NoSCAM_img_0447.jpg,NoSCAM,key chain,helmet,13.782,NoSCAM_img_0447,/external-cache/fse_typographic_20260926/external/SCAM/images.zip,images/train/NoSCAM_img_0447.jpg,NoSCAM,img_0447,0.24217276275157928,0.15000304579734802,0.09216971695423126,True,False
NoSCAM_img_0448.jpg,NoSCAM,chess set,boat,10.74,NoSCAM_img_0448,/external-cache/fse_typographic_20260926/external/SCAM/images.zip,images/train/NoSCAM_img_0448.jpg,NoSCAM,img_0448,0.25402534008026123,0.0975525975227356,0.15647274255752563,True,True
NoSCAM_img_0449.jpg,NoSCAM,firework,desert,11.119,NoSCAM_img_0449,/external-cache/fse_typographic_20260926/external/SCAM/images.zip,images/train/NoSCAM_img_0449.jpg,NoSCAM,img_0449,0.25320208072662354,0.13377493619918823,0.1194271445274353,True,True
NoSCAM_img_0450.jpg,NoSCAM,e-scooter,truck,7.153,NoSCAM_img_0450,/external-cache/fse_typographic_20260926/external/SCAM/images.zip,images/train/NoSCAM_img_0450.jpg,NoSCAM,img_0450,0.2865523099899292,0.15534654259681702,0.13120576739311218,True,True
NoSCAM_img_0451.jpg,NoSCAM,bench,cow,3.929,NoSCAM_img_0451,/external-cache/fse_typographic_20260926/external/SCAM/images.zip,images/train/NoSCAM_img_0451.jpg,NoSCAM,img_0451,0.2637878358364105,0.14524054527282715,0.11854729056358337,True,True
NoSCAM_img_0452.jpg,NoSCAM,video surveillance sign,fence,6.308,NoSCAM_img_0452,/external-cache/fse_typographic_20260926/external/SCAM/images.zip,images/train/NoSCAM_img_0452.jpg,NoSCAM,img_0452,0.2647508382797241,0.14694181084632874,0.11780902743339539,True,True
NoSCAM_img_0453.jpg,NoSCAM,tire,fence,2.085,NoSCAM_img_0453,/external-cache/fse_typographic_20260926/external/SCAM/images.zip,images/train/NoSCAM_img_0453.jpg,NoSCAM,img_0453,0.24080461263656616,0.10349813103675842,0.13730648159980774,True,True
NoSCAM_img_0454.jpg,NoSCAM,chair,fence,2.398,NoSCAM_img_0454,/external-cache/fse_typographic_20260926/external/SCAM/images.zip,images/train/NoSCAM_img_0454.jpg,NoSCAM,img_0454,0.26563912630081177,0.15568724274635315,0.10995188355445862,True,True
NoSCAM_img_0455.jpg,NoSCAM,toy car,slow,9.575,NoSCAM_img_0455,/external-cache/fse_typographic_20260926/external/SCAM/images.zip,images/train/NoSCAM_img_0455.jpg,NoSCAM,img_0455,0.26571640372276306,0.18554948270320892,0.08016692101955414,True,True
NoSCAM_img_0456.jpg,NoSCAM,juggling ball,slow,5.075,NoSCAM_img_0456,/external-cache/fse_typographic_20260926/external/SCAM/images.zip,images/train/NoSCAM_img_0456.jpg,NoSCAM,img_0456,0.26270052790641785,0.16580335795879364,0.0968971699476242,True,True
NoSCAM_img_0457.jpg,NoSCAM,toy horse,fence,5.743,NoSCAM_img_0457,/external-cache/fse_typographic_20260926/external/SCAM/images.zip,images/train/NoSCAM_img_0457.jpg,NoSCAM,img_0457,0.2570659816265106,0.13787057995796204,0.11919540166854858,True,True
NoSCAM_img_0458.jpg,NoSCAM,compass,cow,11.916,NoSCAM_img_0458,/external-cache/fse_typographic_20260926/external/SCAM/images.zip,images/train/NoSCAM_img_0458.jpg,NoSCAM,img_0458,0.30030903220176697,0.0887310802936554,0.21157795190811157,True,True
NoSCAM_img_0459.jpg,NoSCAM,matryoshka doll,cow,14.49,NoSCAM_img_0459,/external-cache/fse_typographic_20260926/external/SCAM/images.zip,images/train/NoSCAM_img_0459.jpg,NoSCAM,img_0459,0.23906081914901733,0.14866723120212555,0.09039358794689178,True,False
NoSCAM_img_0460.jpg,NoSCAM,fortune cookie,iron,7.791,NoSCAM_img_0460,/external-cache/fse_typographic_20260926/external/SCAM/images.zip,images/train/NoSCAM_img_0460.jpg,NoSCAM,img_0460,0.3182903528213501,0.152006596326828,0.1662837564945221,True,True
NoSCAM_img_0461.jpg,NoSCAM,glove,iron,7.646,NoSCAM_img_0461,/external-cache/fse_typographic_20260926/external/SCAM/images.zip,images/train/NoSCAM_img_0461.jpg,NoSCAM,img_0461,0.22806403040885925,0.15376509726047516,0.0742989331483841,True,False
NoSCAM_img_0462.jpg,NoSCAM,cap,wet,10.444,NoSCAM_img_0462,/external-cache/fse_typographic_20260926/external/SCAM/images.zip,images/train/NoSCAM_img_0462.jpg,NoSCAM,img_0462,0.1994108408689499,0.18590030074119568,0.013510540127754211,True,False
NoSCAM_img_0463.jpg,NoSCAM,post-its,wet,11.723,NoSCAM_img_0463,/external-cache/fse_typographic_20260926/external/SCAM/images.zip,images/train/NoSCAM_img_0463.jpg,NoSCAM,img_0463,0.27420932054519653,0.17363226413726807,0.10057705640792847,True,True
NoSCAM_img_0464.jpg,NoSCAM,plane ticket,hole,9.846,NoSCAM_img_0464,/external-cache/fse_typographic_20260926/external/SCAM/images.zip,images/train/NoSCAM_img_0464.jpg,NoSCAM,img_0464,0.21528911590576172,0.13919217884540558,0.07609693706035614,True,False
NoSCAM_img_0465.jpg,NoSCAM,analog timer,toll,8.735,NoSCAM_img_0465,/external-cache/fse_typographic_20260926/external/SCAM/images.zip,images/train/NoSCAM_img_0465.jpg,NoSCAM,img_0465,0.2556995153427124,0.16712576150894165,0.08857375383377075,True,False
NoSCAM_img_0466.jpg,NoSCAM,tea,toll,8.338,NoSCAM_img_0466,/external-cache/fse_typographic_20260926/external/SCAM/images.zip,images/train/NoSCAM_img_0466.jpg,NoSCAM,img_0466,0.20462022721767426,0.16893073916435242,0.03568948805332184,True,False
NoSCAM_img_0467.jpg,NoSCAM,apple seed cutter,slippery,7.732,NoSCAM_img_0467,/external-cache/fse_typographic_20260926/external/SCAM/images.zip,images/train/NoSCAM_img_0467.jpg,NoSCAM,img_0467,0.19682615995407104,0.153283029794693,0.04354313015937805,True,False
NoSCAM_img_0468.jpg,NoSCAM,lamp,slippery,9.882,NoSCAM_img_0468,/external-cache/fse_typographic_20260926/external/SCAM/images.zip,images/train/NoSCAM_img_0468.jpg,NoSCAM,img_0468,0.23658275604248047,0.1449725478887558,0.09161020815372467,True,False
NoSCAM_img_0469.jpg,NoSCAM,advent calendar,slippery,5.378,NoSCAM_img_0469,/external-cache/fse_typographic_20260926/external/SCAM/images.zip,images/train/NoSCAM_img_0469.jpg,NoSCAM,img_0469,0.3171460032463074,0.14953729510307312,0.16760870814323425,True,True
NoSCAM_img_0470.jpg,NoSCAM,menstrual pad,jeep,8.789,NoSCAM_img_0470,/external-cache/fse_typographic_20260926/external/SCAM/images.zip,images/train/NoSCAM_img_0470.jpg,NoSCAM,img_0470,0.2355138659477234,0.12687619030475616,0.10863767564296722,True,False
NoSCAM_img_0471.jpg,NoSCAM,thermometer,jeep,8.957,NoSCAM_img_0471,/external-cache/fse_typographic_20260926/external/SCAM/images.zip,images/train/NoSCAM_img_0471.jpg,NoSCAM,img_0471,0.19784986972808838,0.12381260097026825,0.07403726875782013,True,False
NoSCAM_img_0472.jpg,NoSCAM,frothing pitcher,desert,8.052,NoSCAM_img_0472,/external-cache/fse_typographic_20260926/external/SCAM/images.zip,images/train/NoSCAM_img_0472.jpg,NoSCAM,img_0472,0.19033843278884888,0.16344894468784332,0.026889488101005554,True,False
NoSCAM_img_0473.jpg,NoSCAM,diffuser,wet,3.617,NoSCAM_img_0473,/external-cache/fse_typographic_20260926/external/SCAM/images.zip,images/train/NoSCAM_img_0473.jpg,NoSCAM,img_0473,0.19890199601650238,0.14977960288524628,0.049122393131256104,True,False
NoSCAM_img_0474.jpg,NoSCAM,garden gnome,ice,5.251,NoSCAM_img_0474,/external-cache/fse_typographic_20260926/external/SCAM/images.zip,images/train/NoSCAM_img_0474.jpg,NoSCAM,img_0474,0.2431768923997879,0.1524226814508438,0.09075421094894409,True,True
NoSCAM_img_0475.jpg,NoSCAM,piggy bank,wet,5.868,NoSCAM_img_0475,/external-cache/fse_typographic_20260926/external/SCAM/images.zip,images/train/NoSCAM_img_0475.jpg,NoSCAM,img_0475,0.2581941783428192,0.12717758119106293,0.1310165971517563,True,True
NoSCAM_img_0476.jpg,NoSCAM,umbrella,toll,5.042,NoSCAM_img_0476,/external-cache/fse_typographic_20260926/external/SCAM/images.zip,images/train/NoSCAM_img_0476.jpg,NoSCAM,img_0476,0.28042539954185486,0.144131600856781,0.13629379868507385,True,True
NoSCAM_img_0477.jpg,NoSCAM,nail polish,yield,12.189,NoSCAM_img_0477,/external-cache/fse_typographic_20260926/external/SCAM/images.zip,images/train/NoSCAM_img_0477.jpg,NoSCAM,img_0477,0.25568804144859314,0.14402656257152557,0.11166147887706757,True,True
NoSCAM_img_0478.jpg,NoSCAM,diapers,dead end,7.214,NoSCAM_img_0478,/external-cache/fse_typographic_20260926/external/SCAM/images.zip,images/train/NoSCAM_img_0478.jpg,NoSCAM,img_0478,0.25758013129234314,0.07748398184776306,0.18009614944458008,True,True
NoSCAM_img_0479.jpg,NoSCAM,party hat,fog,8.702,NoSCAM_img_0479,/external-cache/fse_typographic_20260926/external/SCAM/images.zip,images/train/NoSCAM_img_0479.jpg,NoSCAM,img_0479,0.3115899860858917,0.1263842135667801,0.18520577251911163,True,True
NoSCAM_img_0480.jpg,NoSCAM,ribbon,arrow,2.67,NoSCAM_img_0480,/external-cache/fse_typographic_20260926/external/SCAM/images.zip,images/train/NoSCAM_img_0480.jpg,NoSCAM,img_0480,0.24525409936904907,0.14017176628112793,0.10508233308792114,True,True
NoSCAM_img_0481.jpg,NoSCAM,doll,bell,4.16,NoSCAM_img_0481,/external-cache/fse_typographic_20260926/external/SCAM/images.zip,images/train/NoSCAM_img_0481.jpg,NoSCAM,img_0481,0.2719897925853729,0.153202623128891,0.11878716945648193,True,True
NoSCAM_img_0482.jpg,NoSCAM,grater,butter,3.27,NoSCAM_img_0482,/external-cache/fse_typographic_20260926/external/SCAM/images.zip,images/train/NoSCAM_img_0482.jpg,NoSCAM,img_0482,0.2599688768386841,0.2290096879005432,0.03095918893814087,True,False
NoSCAM_img_0483.jpg,NoSCAM,lamp,cannon,3.143,NoSCAM_img_0483,/external-cache/fse_typographic_20260926/external/SCAM/images.zip,images/train/NoSCAM_img_0483.jpg,NoSCAM,img_0483,0.2512255907058716,0.11127625405788422,0.13994933664798737,True,True
NoSCAM_img_0484.jpg,NoSCAM,pizza cutter,fish,7.252,NoSCAM_img_0484,/external-cache/fse_typographic_20260926/external/SCAM/images.zip,images/train/NoSCAM_img_0484.jpg,NoSCAM,img_0484,0.25092190504074097,0.13552451133728027,0.1153973937034607,True,True
NoSCAM_img_0485.jpg,NoSCAM,glue stick,lock,5.237,NoSCAM_img_0485,/external-cache/fse_typographic_20260926/external/SCAM/images.zip,images/train/NoSCAM_img_0485.jpg,NoSCAM,img_0485,0.32307595014572144,0.12162424623966217,0.20145170390605927,True,True
NoSCAM_img_0486.jpg,NoSCAM,rubber duck,cart,9.043,NoSCAM_img_0486,/external-cache/fse_typographic_20260926/external/SCAM/images.zip,images/train/NoSCAM_img_0486.jpg,NoSCAM,img_0486,0.24733860790729523,0.1751890927553177,0.07214951515197754,True,False
NoSCAM_img_0487.jpg,NoSCAM,loofah,cart,5.973,NoSCAM_img_0487,/external-cache/fse_typographic_20260926/external/SCAM/images.zip,images/train/NoSCAM_img_0487.jpg,NoSCAM,img_0487,0.23536880314350128,0.13403435051441193,0.10133445262908936,True,False
NoSCAM_img_0488.jpg,NoSCAM,blender,hole,2.801,NoSCAM_img_0488,/external-cache/fse_typographic_20260926/external/SCAM/images.zip,images/train/NoSCAM_img_0488.jpg,NoSCAM,img_0488,0.28011614084243774,0.1321757584810257,0.14794038236141205,True,True
NoSCAM_img_0489.jpg,NoSCAM,potato masher,hole,3.966,NoSCAM_img_0489,/external-cache/fse_typographic_20260926/external/SCAM/images.zip,images/train/NoSCAM_img_0489.jpg,NoSCAM,img_0489,0.29893821477890015,0.12282834947109222,0.17610986530780792,True,False
NoSCAM_img_0490.jpg,NoSCAM,skimmer,hole,1.473,NoSCAM_img_0490,/external-cache/fse_typographic_20260926/external/SCAM/images.zip,images/train/NoSCAM_img_0490.jpg,NoSCAM,img_0490,0.19280707836151123,0.13048049807548523,0.062326580286026,True,False
NoSCAM_img_0491.jpg,NoSCAM,juicer,exit,4.085,NoSCAM_img_0491,/external-cache/fse_typographic_20260926/external/SCAM/images.zip,images/train/NoSCAM_img_0491.jpg,NoSCAM,img_0491,0.2522169351577759,0.141089528799057,0.11112740635871887,True,False
NoSCAM_img_0492.jpg,NoSCAM,pineapple plant,store,12.541,NoSCAM_img_0492,/external-cache/fse_typographic_20260926/external/SCAM/images.zip,images/train/NoSCAM_img_0492.jpg,NoSCAM,img_0492,0.28109315037727356,0.17944389581680298,0.10164925456047058,True,True
NoSCAM_img_0493.jpg,NoSCAM,watering can,salt,6.078,NoSCAM_img_0493,/external-cache/fse_typographic_20260926/external/SCAM/images.zip,images/train/NoSCAM_img_0493.jpg,NoSCAM,img_0493,0.27608436346054077,0.144363135099411,0.13172122836112976,True,True
NoSCAM_img_0494.jpg,NoSCAM,hook,oregano,15.733,NoSCAM_img_0494,/external-cache/fse_typographic_20260926/external/SCAM/images.zip,images/train/NoSCAM_img_0494.jpg,NoSCAM,img_0494,0.1592845618724823,0.08847488462924957,0.07080967724323273,True,False
NoSCAM_img_0495.jpg,NoSCAM,brooms,ginger,7.938,NoSCAM_img_0495,/external-cache/fse_typographic_20260926/external/SCAM/images.zip,images/train/NoSCAM_img_0495.jpg,NoSCAM,img_0495,0.23675009608268738,0.1597154140472412,0.07703468203544617,True,False
NoSCAM_img_0496.jpg,NoSCAM,broom,bottle,2.755,NoSCAM_img_0496,/external-cache/fse_typographic_20260926/external/SCAM/images.zip,images/train/NoSCAM_img_0496.jpg,NoSCAM,img_0496,0.3081110119819641,0.17309963703155518,0.13501137495040894,True,True
NoSCAM_img_0497.jpg,NoSCAM,pick,mirror,9.697,NoSCAM_img_0497,/external-cache/fse_typographic_20260926/external/SCAM/images.zip,images/train/NoSCAM_img_0497.jpg,NoSCAM,img_0497,0.2320259064435959,0.15700288116931915,0.07502302527427673,True,False
NoSCAM_img_0498.jpg,NoSCAM,pick,sidewalk,11.195,NoSCAM_img_0498,/external-cache/fse_typographic_20260926/external/SCAM/images.zip,images/train/NoSCAM_img_0498.jpg,NoSCAM,img_0498,0.1954607218503952,0.1279224157333374,0.0675383061170578,True,False
NoSCAM_img_0499.jpg,NoSCAM,pick,vase,8.264,NoSCAM_img_0499,/external-cache/fse_typographic_20260926/external/SCAM/images.zip,images/train/NoSCAM_img_0499.jpg,NoSCAM,img_0499,0.19653373956680298,0.14303159713745117,0.05350214242935181,True,False
NoSCAM_img_0500.jpg,NoSCAM,shovels,blanket,1.418,NoSCAM_img_0500,/external-cache/fse_typographic_20260926/external/SCAM/images.zip,images/train/NoSCAM_img_0500.jpg,NoSCAM,img_0500,0.2471594363451004,0.06026506796479225,0.18689437210559845,True,True
NoSCAM_img_0501.jpg,NoSCAM,pizza oven,jacket,3.612,NoSCAM_img_0501,/external-cache/fse_typographic_20260926/external/SCAM/images.zip,images/train/NoSCAM_img_0501.jpg,NoSCAM,img_0501,0.1999255120754242,0.08625072985887527,0.11367478221654892,True,False
NoSCAM_img_0502.jpg,NoSCAM,gas cooker,bird,14.409,NoSCAM_img_0502,/external-cache/fse_typographic_20260926/external/SCAM/images.zip,images/train/NoSCAM_img_0502.jpg,NoSCAM,img_0502,0.16138307750225067,0.14158222079277039,0.019800856709480286,True,False
NoSCAM_img_0503.jpg,NoSCAM,grill,store,1.516,NoSCAM_img_0503,/external-cache/fse_typographic_20260926/external/SCAM/images.zip,images/train/NoSCAM_img_0503.jpg,NoSCAM,img_0503,0.25701624155044556,0.1333717256784439,0.12364451587200165,True,True
NoSCAM_img_0504.jpg,NoSCAM,grill,salt,2.585,NoSCAM_img_0504,/external-cache/fse_typographic_20260926/external/SCAM/images.zip,images/train/NoSCAM_img_0504.jpg,NoSCAM,img_0504,0.2818092107772827,0.15939679741859436,0.12241241335868835,True,True
NoSCAM_img_0505.jpg,NoSCAM,wrapping paper,oregano,0.575,NoSCAM_img_0505,/external-cache/fse_typographic_20260926/external/SCAM/images.zip,images/train/NoSCAM_img_0505.jpg,NoSCAM,img_0505,0.18613260984420776,0.1089242547750473,0.07720835506916046,True,False
NoSCAM_img_0506.jpg,NoSCAM,pillow,oregano,4.595,NoSCAM_img_0506,/external-cache/fse_typographic_20260926/external/SCAM/images.zip,images/train/NoSCAM_img_0506.jpg,NoSCAM,img_0506,0.1999463140964508,0.13798721134662628,0.061959102749824524,True,False
NoSCAM_img_0507.jpg,NoSCAM,pouffe,ginger,4.982,NoSCAM_img_0507,/external-cache/fse_typographic_20260926/external/SCAM/images.zip,images/train/NoSCAM_img_0507.jpg,NoSCAM,img_0507,0.22755664587020874,0.10397018492221832,0.12358646094799042,True,False
NoSCAM_img_0508.jpg,NoSCAM,bricks,bottle,7.542,NoSCAM_img_0508,/external-cache/fse_typographic_20260926/external/SCAM/images.zip,images/train/NoSCAM_img_0508.jpg,NoSCAM,img_0508,0.18607774376869202,0.10333798825740814,0.08273975551128387,True,False
NoSCAM_img_0509.jpg,NoSCAM,multiple socket,smartphone,7.971,NoSCAM_img_0509,/external-cache/fse_typographic_20260926/external/SCAM/images.zip,images/train/NoSCAM_img_0509.jpg,NoSCAM,img_0509,0.24097371101379395,0.16399499773979187,0.07697871327400208,True,False
NoSCAM_img_0510.jpg,NoSCAM,lamp,traffic sign,9.53,NoSCAM_img_0510,/external-cache/fse_typographic_20260926/external/SCAM/images.zip,images/train/NoSCAM_img_0510.jpg,NoSCAM,img_0510,0.2614726126194,0.12842458486557007,0.13304802775382996,True,True
NoSCAM_img_0511.jpg,NoSCAM,light bulbs,sidewalk,6.546,NoSCAM_img_0511,/external-cache/fse_typographic_20260926/external/SCAM/images.zip,images/train/NoSCAM_img_0511.jpg,NoSCAM,img_0511,0.21206028759479523,0.09206530451774597,0.11999498307704926,True,True
NoSCAM_img_0512.jpg,NoSCAM,lamp,sidewalk,2.697,NoSCAM_img_0512,/external-cache/fse_typographic_20260926/external/SCAM/images.zip,images/train/NoSCAM_img_0512.jpg,NoSCAM,img_0512,0.17294864356517792,0.12271049618721008,0.050238147377967834,True,False
NoSCAM_img_0513.jpg,NoSCAM,tape,vase,6.51,NoSCAM_img_0513,/external-cache/fse_typographic_20260926/external/SCAM/images.zip,images/train/NoSCAM_img_0513.jpg,NoSCAM,img_0513,0.2480843961238861,0.1267034113407135,0.12138098478317261,True,True
NoSCAM_img_0514.jpg,NoSCAM,paint roller,blanket,12.098,NoSCAM_img_0514,/external-cache/fse_typographic_20260926/external/SCAM/images.zip,images/train/NoSCAM_img_0514.jpg,NoSCAM,img_0514,0.23096813261508942,0.15447044372558594,0.07649768888950348,True,False
NoSCAM_img_0515.jpg,NoSCAM,doormat,jacket,1.375,NoSCAM_img_0515,/external-cache/fse_typographic_20260926/external/SCAM/images.zip,images/train/NoSCAM_img_0515.jpg,NoSCAM,img_0515,0.24989008903503418,0.12032996118068695,0.12956012785434723,True,True
NoSCAM_img_0516.jpg,NoSCAM,stool,bird,2.834,NoSCAM_img_0516,/external-cache/fse_typographic_20260926/external/SCAM/images.zip,images/train/NoSCAM_img_0516.jpg,NoSCAM,img_0516,0.28285542130470276,0.1235375851392746,0.15931783616542816,True,True
NoSCAM_img_0517.jpg,NoSCAM,boxes,salt,1.832,NoSCAM_img_0517,/external-cache/fse_typographic_20260926/external/SCAM/images.zip,images/train/NoSCAM_img_0517.jpg,NoSCAM,img_0517,0.24682709574699402,0.13960564136505127,0.10722145438194275,True,False
NoSCAM_img_0518.jpg,NoSCAM,sink,oregano,2.401,NoSCAM_img_0518,/external-cache/fse_typographic_20260926/external/SCAM/images.zip,images/train/NoSCAM_img_0518.jpg,NoSCAM,img_0518,0.2781798839569092,0.16918016970157623,0.10899971425533295,True,True
NoSCAM_img_0519.jpg,NoSCAM,sink,salt,2.252,NoSCAM_img_0519,/external-cache/fse_typographic_20260926/external/SCAM/images.zip,images/train/NoSCAM_img_0519.jpg,NoSCAM,img_0519,0.2636115252971649,0.1858970820903778,0.07771444320678711,True,True
NoSCAM_img_0520.jpg,NoSCAM,trash can,ginger,11.251,NoSCAM_img_0520,/external-cache/fse_typographic_20260926/external/SCAM/images.zip,images/train/NoSCAM_img_0520.jpg,NoSCAM,img_0520,0.27768686413764954,0.16742625832557678,0.11026060581207275,True,False
NoSCAM_img_0521.jpg,NoSCAM,toilet brush,bottle,5.561,NoSCAM_img_0521,/external-cache/fse_typographic_20260926/external/SCAM/images.zip,images/train/NoSCAM_img_0521.jpg,NoSCAM,img_0521,0.2872864603996277,0.14529037475585938,0.1419960856437683,True,False
NoSCAM_img_0522.jpg,NoSCAM,rack,sidewalk,4.433,NoSCAM_img_0522,/external-cache/fse_typographic_20260926/external/SCAM/images.zip,images/train/NoSCAM_img_0522.jpg,NoSCAM,img_0522,0.24888843297958374,0.10239501297473907,0.14649342000484467,True,False
NoSCAM_img_0523.jpg,NoSCAM,toilet lid,traffic sign,2.678,NoSCAM_img_0523,/external-cache/fse_typographic_20260926/external/SCAM/images.zip,images/train/NoSCAM_img_0523.jpg,NoSCAM,img_0523,0.24633604288101196,0.13136960566043854,0.11496643722057343,True,True
NoSCAM_img_0524.jpg,NoSCAM,pipe connection,mirror,3.645,NoSCAM_img_0524,/external-cache/fse_typographic_20260926/external/SCAM/images.zip,images/train/NoSCAM_img_0524.jpg,NoSCAM,img_0524,0.24539178609848022,0.10452423989772797,0.14086754620075226,True,True
NoSCAM_img_0525.jpg,NoSCAM,pipe connection,sidewalk,5.135,NoSCAM_img_0525,/external-cache/fse_typographic_20260926/external/SCAM/images.zip,images/train/NoSCAM_img_0525.jpg,NoSCAM,img_0525,0.22542038559913635,0.135064035654068,0.09035634994506836,True,False
NoSCAM_img_0526.jpg,NoSCAM,toilet bowl,vase,2.609,NoSCAM_img_0526,/external-cache/fse_typographic_20260926/external/SCAM/images.zip,images/train/NoSCAM_img_0526.jpg,NoSCAM,img_0526,0.25390198826789856,0.1659805029630661,0.08792148530483246,True,True
NoSCAM_img_0527.jpg,NoSCAM,washbasin,blanket,2.653,NoSCAM_img_0527,/external-cache/fse_typographic_20260926/external/SCAM/images.zip,images/train/NoSCAM_img_0527.jpg,NoSCAM,img_0527,0.2616637945175171,0.061026036739349365,0.20063775777816772,True,True
NoSCAM_img_0528.jpg,NoSCAM,power drill,jacket,5.618,NoSCAM_img_0528,/external-cache/fse_typographic_20260926/external/SCAM/images.zip,images/train/NoSCAM_img_0528.jpg,NoSCAM,img_0528,0.2584899663925171,0.11803847551345825,0.14045149087905884,True,False
NoSCAM_img_0529.jpg,NoSCAM,portable electric drill,jacket,5.563,NoSCAM_img_0529,/external-cache/fse_typographic_20260926/external/SCAM/images.zip,images/train/NoSCAM_img_0529.jpg,NoSCAM,img_0529,0.27125120162963867,0.10338334739208221,0.16786785423755646,True,True
NoSCAM_img_0530.jpg,NoSCAM,cordless drill,bird,6.324,NoSCAM_img_0530,/external-cache/fse_typographic_20260926/external/SCAM/images.zip,images/train/NoSCAM_img_0530.jpg,NoSCAM,img_0530,0.2901824116706848,0.17420189082622528,0.11598052084445953,True,False
NoSCAM_img_0531.jpg,NoSCAM,portable electric drill,bird,7.401,NoSCAM_img_0531,/external-cache/fse_typographic_20260926/external/SCAM/images.zip,images/train/NoSCAM_img_0531.jpg,NoSCAM,img_0531,0.2834782898426056,0.16229429841041565,0.12118399143218994,True,False
NoSCAM_img_0532.jpg,NoSCAM,drills,store,6.434,NoSCAM_img_0532,/external-cache/fse_typographic_20260926/external/SCAM/images.zip,images/train/NoSCAM_img_0532.jpg,NoSCAM,img_0532,0.19667021930217743,0.18256787955760956,0.014102339744567871,True,False
NoSCAM_img_0533.jpg,NoSCAM,stapler,oregano,6.659,NoSCAM_img_0533,/external-cache/fse_typographic_20260926/external/SCAM/images.zip,images/train/NoSCAM_img_0533.jpg,NoSCAM,img_0533,0.2071048617362976,0.09297787398099899,0.11412698775529861,True,False
NoSCAM_img_0534.jpg,NoSCAM,sandpaper,salt,3.227,NoSCAM_img_0534,/external-cache/fse_typographic_20260926/external/SCAM/images.zip,images/train/NoSCAM_img_0534.jpg,NoSCAM,img_0534,0.2184942215681076,0.14280149340629578,0.07569272816181183,True,False
NoSCAM_img_0535.jpg,NoSCAM,remote control,pig,9.283,NoSCAM_img_0535,/external-cache/fse_typographic_20260926/external/SCAM/images.zip,images/train/NoSCAM_img_0535.jpg,NoSCAM,img_0535,0.2647956907749176,0.12908101081848145,0.13571467995643616,True,False
NoSCAM_img_0536.jpg,NoSCAM,string,pig,3.936,NoSCAM_img_0536,/external-cache/fse_typographic_20260926/external/SCAM/images.zip,images/train/NoSCAM_img_0536.jpg,NoSCAM,img_0536,0.2668595612049103,0.16702842712402344,0.09983113408088684,True,False
NoSCAM_img_0537.jpg,NoSCAM,pencil,knife,4.284,NoSCAM_img_0537,/external-cache/fse_typographic_20260926/external/SCAM/images.zip,images/train/NoSCAM_img_0537.jpg,NoSCAM,img_0537,0.26792606711387634,0.21497294306755066,0.052953124046325684,True,True
NoSCAM_img_0538.jpg,NoSCAM,cork,helmet,7.16,NoSCAM_img_0538,/external-cache/fse_typographic_20260926/external/SCAM/images.zip,images/train/NoSCAM_img_0538.jpg,NoSCAM,img_0538,0.2934863567352295,0.13095736503601074,0.16252899169921875,True,True
NoSCAM_img_0539.jpg,NoSCAM,thread,hair,7.214,NoSCAM_img_0539,/external-cache/fse_typographic_20260926/external/SCAM/images.zip,images/train/NoSCAM_img_0539.jpg,NoSCAM,img_0539,0.2896255552768707,0.17665322124958038,0.11297233402729034,True,True
NoSCAM_img_0540.jpg,NoSCAM,safety pin,camera,9.264,NoSCAM_img_0540,/external-cache/fse_typographic_20260926/external/SCAM/images.zip,images/train/NoSCAM_img_0540.jpg,NoSCAM,img_0540,0.3133355677127838,0.19548194110393524,0.11785362660884857,True,True
NoSCAM_img_0541.jpg,NoSCAM,vase,helmet,2.139,NoSCAM_img_0541,/external-cache/fse_typographic_20260926/external/SCAM/images.zip,images/train/NoSCAM_img_0541.jpg,NoSCAM,img_0541,0.22961869835853577,0.16335056722164154,0.06626813113689423,True,False
NoSCAM_img_0542.jpg,NoSCAM,headband,camera,7.472,NoSCAM_img_0542,/external-cache/fse_typographic_20260926/external/SCAM/images.zip,images/train/NoSCAM_img_0542.jpg,NoSCAM,img_0542,0.2654085159301758,0.15812915563583374,0.10727936029434204,True,False
NoSCAM_img_0543.jpg,NoSCAM,guitar,pig,0.475,NoSCAM_img_0543,/external-cache/fse_typographic_20260926/external/SCAM/images.zip,images/train/NoSCAM_img_0543.jpg,NoSCAM,img_0543,0.24957764148712158,0.10209357738494873,0.14748406410217285,True,True
NoSCAM_img_0544.jpg,NoSCAM,rose,knife,1.68,NoSCAM_img_0544,/external-cache/fse_typographic_20260926/external/SCAM/images.zip,images/train/NoSCAM_img_0544.jpg,NoSCAM,img_0544,0.26723742485046387,0.16898047924041748,0.09825694561004639,True,True
NoSCAM_img_0545.jpg,NoSCAM,slider,camera,2.194,NoSCAM_img_0545,/external-cache/fse_typographic_20260926/external/SCAM/images.zip,images/train/NoSCAM_img_0545.jpg,NoSCAM,img_0545,0.2034207433462143,0.1523185521364212,0.05110219120979309,True,False
NoSCAM_img_0546.jpg,NoSCAM,charger,camera,2.134,NoSCAM_img_0546,/external-cache/fse_typographic_20260926/external/SCAM/images.zip,images/train/NoSCAM_img_0546.jpg,NoSCAM,img_0546,0.2525642514228821,0.17613159120082855,0.07643266022205353,True,False
NoSCAM_img_0547.jpg,NoSCAM,tennis ball,hair,3.777,NoSCAM_img_0547,/external-cache/fse_typographic_20260926/external/SCAM/images.zip,images/train/NoSCAM_img_0547.jpg,NoSCAM,img_0547,0.31910333037376404,0.1758413016796112,0.14326202869415283,True,True
NoSCAM_img_0548.jpg,NoSCAM,guitar foot stand,helmet,1.81,NoSCAM_img_0548,/external-cache/fse_typographic_20260926/external/SCAM/images.zip,images/train/NoSCAM_img_0548.jpg,NoSCAM,img_0548,0.22358426451683044,0.10724478960037231,0.11633947491645813,True,False
NoSCAM_img_0549.jpg,NoSCAM,speaker,knife,2.714,NoSCAM_img_0549,/external-cache/fse_typographic_20260926/external/SCAM/images.zip,images/train/NoSCAM_img_0549.jpg,NoSCAM,img_0549,0.25128173828125,0.11878161877393723,0.13250011205673218,True,True
NoSCAM_img_0550.jpg,NoSCAM,stereo,hair,3.139,NoSCAM_img_0550,/external-cache/fse_typographic_20260926/external/SCAM/images.zip,images/train/NoSCAM_img_0550.jpg,NoSCAM,img_0550,0.21432116627693176,0.10407862067222595,0.11024254560470581,True,True
NoSCAM_img_0551.jpg,NoSCAM,perfume,hair,5.71,NoSCAM_img_0551,/external-cache/fse_typographic_20260926/external/SCAM/images.zip,images/train/NoSCAM_img_0551.jpg,NoSCAM,img_0551,0.2757932245731354,0.12115901708602905,0.15463420748710632,True,True
NoSCAM_img_0552.jpg,NoSCAM,sleeping mat,pig,1.511,NoSCAM_img_0552,/external-cache/fse_typographic_20260926/external/SCAM/images.zip,images/train/NoSCAM_img_0552.jpg,NoSCAM,img_0552,0.14747527241706848,0.11932691931724548,0.028148353099822998,True,False
NoSCAM_img_0553.jpg,NoSCAM,shell,camera,8.579,NoSCAM_img_0553,/external-cache/fse_typographic_20260926/external/SCAM/images.zip,images/train/NoSCAM_img_0553.jpg,NoSCAM,img_0553,0.2756139039993286,0.1926681101322174,0.0829457938671112,True,True
NoSCAM_img_0554.jpg,NoSCAM,apple,camera,9.101,NoSCAM_img_0554,/external-cache/fse_typographic_20260926/external/SCAM/images.zip,images/train/NoSCAM_img_0554.jpg,NoSCAM,img_0554,0.16940902173519135,0.1828272044658661,-0.013418182730674744,False,False
NoSCAM_img_0555.jpg,NoSCAM,watch,camera,9.796,NoSCAM_img_0555,/external-cache/fse_typographic_20260926/external/SCAM/images.zip,images/train/NoSCAM_img_0555.jpg,NoSCAM,img_0555,0.25691837072372437,0.18155032396316528,0.07536804676055908,True,False
NoSCAM_img_0556.jpg,NoSCAM,mirror,helmet,3.342,NoSCAM_img_0556,/external-cache/fse_typographic_20260926/external/SCAM/images.zip,images/train/NoSCAM_img_0556.jpg,NoSCAM,img_0556,0.2460208237171173,0.15601111948490143,0.09000970423221588,True,True
NoSCAM_img_0557.jpg,NoSCAM,lamp,helmet,2.218,NoSCAM_img_0557,/external-cache/fse_typographic_20260926/external/SCAM/images.zip,images/train/NoSCAM_img_0557.jpg,NoSCAM,img_0557,0.24622094631195068,0.13585105538368225,0.11036989092826843,True,True
NoSCAM_img_0558.jpg,NoSCAM,tissues,helmet,4.453,NoSCAM_img_0558,/external-cache/fse_typographic_20260926/external/SCAM/images.zip,images/train/NoSCAM_img_0558.jpg,NoSCAM,img_0558,0.2695921063423157,0.1142534539103508,0.15533864498138428,True,True
NoSCAM_img_0559.jpg,NoSCAM,clock,helmet,8.805,NoSCAM_img_0559,/external-cache/fse_typographic_20260926/external/SCAM/images.zip,images/train/NoSCAM_img_0559.jpg,NoSCAM,img_0559,0.2623215317726135,0.1421147584915161,0.12020677328109741,True,True
NoSCAM_img_0560.jpg,NoSCAM,glass,helmet,7.257,NoSCAM_img_0560,/external-cache/fse_typographic_20260926/external/SCAM/images.zip,images/train/NoSCAM_img_0560.jpg,NoSCAM,img_0560,0.25809741020202637,0.1582162231206894,0.09988118708133698,True,False
NoSCAM_img_0561.jpg,NoSCAM,pillow,camera,0.35,NoSCAM_img_0561,/external-cache/fse_typographic_20260926/external/SCAM/images.zip,images/train/NoSCAM_img_0561.jpg,NoSCAM,img_0561,0.2522260546684265,0.13364841043949127,0.11857764422893524,True,True
NoSCAM_img_0562.jpg,NoSCAM,weight,camera,2.929,NoSCAM_img_0562,/external-cache/fse_typographic_20260926/external/SCAM/images.zip,images/train/NoSCAM_img_0562.jpg,NoSCAM,img_0562,0.250314861536026,0.13976548612117767,0.11054937541484833,True,True
NoSCAM_img_0563.jpg,NoSCAM,string,camera,8.648,NoSCAM_img_0563,/external-cache/fse_typographic_20260926/external/SCAM/images.zip,images/train/NoSCAM_img_0563.jpg,NoSCAM,img_0563,0.2524487376213074,0.192424014210701,0.060024723410606384,True,False
NoSCAM_img_0564.jpg,NoSCAM,badminton ball,camera,4.349,NoSCAM_img_0564,/external-cache/fse_typographic_20260926/external/SCAM/images.zip,images/train/NoSCAM_img_0564.jpg,NoSCAM,img_0564,0.26698067784309387,0.1379075050354004,0.12907317280769348,True,False
NoSCAM_img_0565.jpg,NoSCAM,chair,rock,0.897,NoSCAM_img_0565,/external-cache/fse_typographic_20260926/external/SCAM/images.zip,images/train/NoSCAM_img_0565.jpg,NoSCAM,img_0565,0.22765052318572998,0.14094416797161102,0.08670635521411896,True,False
NoSCAM_img_0566.jpg,NoSCAM,backpack,rock,1.432,NoSCAM_img_0566,/external-cache/fse_typographic_20260926/external/SCAM/images.zip,images/train/NoSCAM_img_0566.jpg,NoSCAM,img_0566,0.27053654193878174,0.141307532787323,0.12922900915145874,True,True
NoSCAM_img_0567.jpg,NoSCAM,trash bin,tree,0.604,NoSCAM_img_0567,/external-cache/fse_typographic_20260926/external/SCAM/images.zip,images/train/NoSCAM_img_0567.jpg,NoSCAM,img_0567,0.25230973958969116,0.14404363930225372,0.10826610028743744,True,False
NoSCAM_img_0568.jpg,NoSCAM,traffic light,rock,0.559,NoSCAM_img_0568,/external-cache/fse_typographic_20260926/external/SCAM/images.zip,images/train/NoSCAM_img_0568.jpg,NoSCAM,img_0568,0.2579341530799866,0.15165722370147705,0.10627692937850952,True,True
NoSCAM_img_0569.jpg,NoSCAM,barricade,tree,0.332,NoSCAM_img_0569,/external-cache/fse_typographic_20260926/external/SCAM/images.zip,images/train/NoSCAM_img_0569.jpg,NoSCAM,img_0569,0.2500550150871277,0.13077040016651154,0.11928461492061615,True,True
NoSCAM_img_0570.jpg,NoSCAM,coat,lemon,0.61,NoSCAM_img_0570,/external-cache/fse_typographic_20260926/external/SCAM/images.zip,images/train/NoSCAM_img_0570.jpg,NoSCAM,img_0570,0.21680116653442383,0.10832298547029495,0.10847818106412888,True,True
NoSCAM_img_0571.jpg,NoSCAM,pants,mountain,0.352,NoSCAM_img_0571,/external-cache/fse_typographic_20260926/external/SCAM/images.zip,images/train/NoSCAM_img_0571.jpg,NoSCAM,img_0571,0.22482621669769287,0.08974204212427139,0.13508418202400208,True,True
NoSCAM_img_0572.jpg,NoSCAM,hanger,truck,1.088,NoSCAM_img_0572,/external-cache/fse_typographic_20260926/external/SCAM/images.zip,images/train/NoSCAM_img_0572.jpg,NoSCAM,img_0572,0.24939803779125214,0.14049945771694183,0.1088985800743103,True,False
NoSCAM_img_0573.jpg,NoSCAM,armchair,lemon,0.223,NoSCAM_img_0573,/external-cache/fse_typographic_20260926/external/SCAM/images.zip,images/train/NoSCAM_img_0573.jpg,NoSCAM,img_0573,0.25622010231018066,0.1538056880235672,0.10241441428661346,True,False
NoSCAM_img_0574.jpg,NoSCAM,pine cone,lemon,9.364,NoSCAM_img_0574,/external-cache/fse_typographic_20260926/external/SCAM/images.zip,images/train/NoSCAM_img_0574.jpg,NoSCAM,img_0574,0.2170441746711731,0.15215454995632172,0.06488962471485138,True,False
NoSCAM_img_0575.jpg,NoSCAM,hand brush and dustpan,rock,2.801,NoSCAM_img_0575,/external-cache/fse_typographic_20260926/external/SCAM/images.zip,images/train/NoSCAM_img_0575.jpg,NoSCAM,img_0575,0.3237819969654083,0.11140047013759613,0.2123815268278122,True,True
NoSCAM_img_0576.jpg,NoSCAM,spray bottle,tree,3.828,NoSCAM_img_0576,/external-cache/fse_typographic_20260926/external/SCAM/images.zip,images/train/NoSCAM_img_0576.jpg,NoSCAM,img_0576,0.2203626185655594,0.09574460983276367,0.12461800873279572,True,True
NoSCAM_img_0577.jpg,NoSCAM,basket,truck,4.822,NoSCAM_img_0577,/external-cache/fse_typographic_20260926/external/SCAM/images.zip,images/train/NoSCAM_img_0577.jpg,NoSCAM,img_0577,0.20572224259376526,0.12697231769561768,0.07874992489814758,True,False
NoSCAM_img_0578.jpg,NoSCAM,sweeper,lemon,1.45,NoSCAM_img_0578,/external-cache/fse_typographic_20260926/external/SCAM/images.zip,images/train/NoSCAM_img_0578.jpg,NoSCAM,img_0578,0.23258519172668457,0.1574987769126892,0.07508641481399536,True,False
NoSCAM_img_0579.jpg,NoSCAM,rolling pin,lemon,1.429,NoSCAM_img_0579,/external-cache/fse_typographic_20260926/external/SCAM/images.zip,images/train/NoSCAM_img_0579.jpg,NoSCAM,img_0579,0.3201671242713928,0.18357032537460327,0.13659679889678955,True,True
NoSCAM_img_0580.jpg,NoSCAM,lantern,rock,1.352,NoSCAM_img_0580,/external-cache/fse_typographic_20260926/external/SCAM/images.zip,images/train/NoSCAM_img_0580.jpg,NoSCAM,img_0580,0.1763305962085724,0.08819648623466492,0.08813410997390747,True,False
NoSCAM_img_0581.jpg,NoSCAM,tin box,rock,4.833,NoSCAM_img_0581,/external-cache/fse_typographic_20260926/external/SCAM/images.zip,images/train/NoSCAM_img_0581.jpg,NoSCAM,img_0581,0.21738769114017487,0.12096048891544342,0.09642720222473145,True,False
NoSCAM_img_0582.jpg,NoSCAM,jar,ocean,5.317,NoSCAM_img_0582,/external-cache/fse_typographic_20260926/external/SCAM/images.zip,images/train/NoSCAM_img_0582.jpg,NoSCAM,img_0582,0.29368022084236145,0.15250185132026672,0.14117836952209473,True,True
NoSCAM_img_0583.jpg,NoSCAM,candy cane,lemon,4.041,NoSCAM_img_0583,/external-cache/fse_typographic_20260926/external/SCAM/images.zip,images/train/NoSCAM_img_0583.jpg,NoSCAM,img_0583,0.28749707341194153,0.19026055932044983,0.0972365140914917,True,True
NoSCAM_img_0584.jpg,NoSCAM,tea pot,desk,4.302,NoSCAM_img_0584,/external-cache/fse_typographic_20260926/external/SCAM/images.zip,images/train/NoSCAM_img_0584.jpg,NoSCAM,img_0584,0.2668950855731964,0.1132645234465599,0.1536305546760559,True,True
NoSCAM_img_0585.jpg,NoSCAM,basket,chicken,1.638,NoSCAM_img_0585,/external-cache/fse_typographic_20260926/external/SCAM/images.zip,images/train/NoSCAM_img_0585.jpg,NoSCAM,img_0585,0.26453468203544617,0.1397310346364975,0.12480364739894867,True,False
NoSCAM_img_0586.jpg,NoSCAM,flower pot,fire,3.765,NoSCAM_img_0586,/external-cache/fse_typographic_20260926/external/SCAM/images.zip,images/train/NoSCAM_img_0586.jpg,NoSCAM,img_0586,0.24400843679904938,0.16269926726818085,0.08130916953086853,True,True
NoSCAM_img_0587.jpg,NoSCAM,candle,lemon,6.503,NoSCAM_img_0587,/external-cache/fse_typographic_20260926/external/SCAM/images.zip,images/train/NoSCAM_img_0587.jpg,NoSCAM,img_0587,0.2678898572921753,0.16146954894065857,0.10642030835151672,True,False
NoSCAM_img_0588.jpg,NoSCAM,blanket,ocean,4.576,NoSCAM_img_0588,/external-cache/fse_typographic_20260926/external/SCAM/images.zip,images/train/NoSCAM_img_0588.jpg,NoSCAM,img_0588,0.25662726163864136,0.1503564566373825,0.10627080500125885,True,False
NoSCAM_img_0589.jpg,NoSCAM,suitcase,tree,1.486,NoSCAM_img_0589,/external-cache/fse_typographic_20260926/external/SCAM/images.zip,images/train/NoSCAM_img_0589.jpg,NoSCAM,img_0589,0.2373504638671875,0.1532108187675476,0.08413964509963989,True,False
NoSCAM_img_0590.jpg,NoSCAM,cauldron,hat,4.484,NoSCAM_img_0590,/external-cache/fse_typographic_20260926/external/SCAM/images.zip,images/train/NoSCAM_img_0590.jpg,NoSCAM,img_0590,0.10990530997514725,0.09857794642448425,0.011327363550662994,True,False
NoSCAM_img_0591.jpg,NoSCAM,microwave,helmet,1.399,NoSCAM_img_0591,/external-cache/fse_typographic_20260926/external/SCAM/images.zip,images/train/NoSCAM_img_0591.jpg,NoSCAM,img_0591,0.242477148771286,0.07545937597751617,0.16701777279376984,True,True
NoSCAM_img_0592.jpg,NoSCAM,noodle cooker,honey,3.68,NoSCAM_img_0592,/external-cache/fse_typographic_20260926/external/SCAM/images.zip,images/train/NoSCAM_img_0592.jpg,NoSCAM,img_0592,0.16110749542713165,0.1337440311908722,0.02736346423625946,True,False
NoSCAM_img_0593.jpg,NoSCAM,contact grill,horn,2.043,NoSCAM_img_0593,/external-cache/fse_typographic_20260926/external/SCAM/images.zip,images/train/NoSCAM_img_0593.jpg,NoSCAM,img_0593,0.22227902710437775,0.08372941613197327,0.13854961097240448,True,False
NoSCAM_img_0594.jpg,NoSCAM,pizza peel,ice,0.883,NoSCAM_img_0594,/external-cache/fse_typographic_20260926/external/SCAM/images.zip,images/train/NoSCAM_img_0594.jpg,NoSCAM,img_0594,0.17911553382873535,0.13519492745399475,0.0439206063747406,True,False
NoSCAM_img_0595.jpg,NoSCAM,silverware box,jar,3.279,NoSCAM_img_0595,/external-cache/fse_typographic_20260926/external/SCAM/images.zip,images/train/NoSCAM_img_0595.jpg,NoSCAM,img_0595,0.2104491889476776,0.12330925464630127,0.08713993430137634,True,False
NoSCAM_img_0596.jpg,NoSCAM,pot,jeep,2.491,NoSCAM_img_0596,/external-cache/fse_typographic_20260926/external/SCAM/images.zip,images/train/NoSCAM_img_0596.jpg,NoSCAM,img_0596,0.2349763661623001,0.09229075163602829,0.14268562197685242,True,False
NoSCAM_img_0597.jpg,NoSCAM,tee box,key,6.939,NoSCAM_img_0597,/external-cache/fse_typographic_20260926/external/SCAM/images.zip,images/train/NoSCAM_img_0597.jpg,NoSCAM,img_0597,0.1480139046907425,0.11362092196941376,0.034392982721328735,True,False
NoSCAM_img_0598.jpg,NoSCAM,board,knife,3.446,NoSCAM_img_0598,/external-cache/fse_typographic_20260926/external/SCAM/images.zip,images/train/NoSCAM_img_0598.jpg,NoSCAM,img_0598,0.20665015280246735,0.16322791576385498,0.043422237038612366,True,False
NoSCAM_img_0599.jpg,NoSCAM,blackboard,ladder,0.544,NoSCAM_img_0599,/external-cache/fse_typographic_20260926/external/SCAM/images.zip,images/train/NoSCAM_img_0599.jpg,NoSCAM,img_0599,0.21332873404026031,0.17807315289974213,0.03525558114051819,True,False
NoSCAM_img_0600.jpg,NoSCAM,sign,leaf,2.316,NoSCAM_img_0600,/external-cache/fse_typographic_20260926/external/SCAM/images.zip,images/train/NoSCAM_img_0600.jpg,NoSCAM,img_0600,0.22573834657669067,0.12359899282455444,0.10213935375213623,True,False
NoSCAM_img_0601.jpg,NoSCAM,plastic cups,lemon,4.043,NoSCAM_img_0601,/external-cache/fse_typographic_20260926/external/SCAM/images.zip,images/train/NoSCAM_img_0601.jpg,NoSCAM,img_0601,0.27601346373558044,0.08435260504484177,0.19166085124015808,True,True
NoSCAM_img_0602.jpg,NoSCAM,sign,lightbulb,6.59,NoSCAM_img_0602,/external-cache/fse_typographic_20260926/external/SCAM/images.zip,images/train/NoSCAM_img_0602.jpg,NoSCAM,img_0602,0.19157063961029053,0.1543426811695099,0.03722795844078064,True,False
NoSCAM_img_0603.jpg,NoSCAM,glass,lion,6.375,NoSCAM_img_0603,/external-cache/fse_typographic_20260926/external/SCAM/images.zip,images/train/NoSCAM_img_0603.jpg,NoSCAM,img_0603,0.19586163759231567,0.07662514597177505,0.11923649162054062,True,False
NoSCAM_img_0604.jpg,NoSCAM,straw,lipstick,7.798,NoSCAM_img_0604,/external-cache/fse_typographic_20260926/external/SCAM/images.zip,images/train/NoSCAM_img_0604.jpg,NoSCAM,img_0604,0.16959962248802185,0.14203161001205444,0.027568012475967407,True,False
NoSCAM_img_0605.jpg,NoSCAM,diapers,lock,2.799,NoSCAM_img_0605,/external-cache/fse_typographic_20260926/external/SCAM/images.zip,images/train/NoSCAM_img_0605.jpg,NoSCAM,img_0605,0.24012380838394165,0.1012468934059143,0.13887691497802734,True,True
NoSCAM_img_0606.jpg,NoSCAM,condoms,screw,12.945,NoSCAM_img_0606,/external-cache/fse_typographic_20260926/external/SCAM/images.zip,images/train/NoSCAM_img_0606.jpg,NoSCAM,img_0606,0.2322695255279541,0.1293019950389862,0.1029675304889679,True,True
NoSCAM_img_0607.jpg,NoSCAM,condom,screwdriver,17.748,NoSCAM_img_0607,/external-cache/fse_typographic_20260926/external/SCAM/images.zip,images/train/NoSCAM_img_0607.jpg,NoSCAM,img_0607,0.2198447585105896,0.17007669806480408,0.04976806044578552,True,False
NoSCAM_img_0608.jpg,NoSCAM,roller,transistor,12.766,NoSCAM_img_0608,/external-cache/fse_typographic_20260926/external/SCAM/images.zip,images/train/NoSCAM_img_0608.jpg,NoSCAM,img_0608,0.1457521766424179,0.1397407501935959,0.0060114264488220215,True,False
NoSCAM_img_0609.jpg,NoSCAM,condom,sandwich,12.679,NoSCAM_img_0609,/external-cache/fse_typographic_20260926/external/SCAM/images.zip,images/train/NoSCAM_img_0609.jpg,NoSCAM,img_0609,0.2003682404756546,0.11753487586975098,0.08283336460590363,True,False
NoSCAM_img_0610.jpg,NoSCAM,shampoo,mirror,10.518,NoSCAM_img_0610,/external-cache/fse_typographic_20260926/external/SCAM/images.zip,images/train/NoSCAM_img_0610.jpg,NoSCAM,img_0610,0.28502407670021057,0.13238884508609772,0.15263523161411285,True,True
NoSCAM_img_0611.jpg,NoSCAM,ear plugs,hat,13.271,NoSCAM_img_0611,/external-cache/fse_typographic_20260926/external/SCAM/images.zip,images/train/NoSCAM_img_0611.jpg,NoSCAM,img_0611,0.22805732488632202,0.16575048863887787,0.06230683624744415,True,False
NoSCAM_img_0612.jpg,NoSCAM,paper towels,helmet,2.3,NoSCAM_img_0612,/external-cache/fse_typographic_20260926/external/SCAM/images.zip,images/train/NoSCAM_img_0612.jpg,NoSCAM,img_0612,0.21719416975975037,0.06331415474414825,0.1538800150156021,True,False
NoSCAM_img_0613.jpg,NoSCAM,paper towel,honey,8.368,NoSCAM_img_0613,/external-cache/fse_typographic_20260926/external/SCAM/images.zip,images/train/NoSCAM_img_0613.jpg,NoSCAM,img_0613,0.24576979875564575,0.14043569564819336,0.10533410310745239,True,False
NoSCAM_img_0614.jpg,NoSCAM,soap,horn,3.865,NoSCAM_img_0614,/external-cache/fse_typographic_20260926/external/SCAM/images.zip,images/train/NoSCAM_img_0614.jpg,NoSCAM,img_0614,0.2167510986328125,0.1266864836215973,0.09006461501121521,True,False
NoSCAM_img_0615.jpg,NoSCAM,menstrual pads,house,4.241,NoSCAM_img_0615,/external-cache/fse_typographic_20260926/external/SCAM/images.zip,images/train/NoSCAM_img_0615.jpg,NoSCAM,img_0615,0.20254673063755035,0.095222607254982,0.10732412338256836,True,False
NoSCAM_img_0616.jpg,NoSCAM,plunger,ice,3.645,NoSCAM_img_0616,/external-cache/fse_typographic_20260926/external/SCAM/images.zip,images/train/NoSCAM_img_0616.jpg,NoSCAM,img_0616,0.31277996301651,0.11397373676300049,0.19880622625350952,True,True
NoSCAM_img_0617.jpg,NoSCAM,bucket,iron,2.636,NoSCAM_img_0617,/external-cache/fse_typographic_20260926/external/SCAM/images.zip,images/train/NoSCAM_img_0617.jpg,NoSCAM,img_0617,0.25616294145584106,0.1840546578168869,0.07210828363895416,True,False
NoSCAM_img_0618.jpg,NoSCAM,bucket,jar,5.391,NoSCAM_img_0618,/external-cache/fse_typographic_20260926/external/SCAM/images.zip,images/train/NoSCAM_img_0618.jpg,NoSCAM,img_0618,0.2664893865585327,0.2162887156009674,0.05020067095756531,True,False
NoSCAM_img_0619.jpg,NoSCAM,trash can,jeep,2.835,NoSCAM_img_0619,/external-cache/fse_typographic_20260926/external/SCAM/images.zip,images/train/NoSCAM_img_0619.jpg,NoSCAM,img_0619,0.19426973164081573,0.03357803449034691,0.16069169342517853,True,False
NoSCAM_img_0620.jpg,NoSCAM,trash can,key,4.588,NoSCAM_img_0620,/external-cache/fse_typographic_20260926/external/SCAM/images.zip,images/train/NoSCAM_img_0620.jpg,NoSCAM,img_0620,0.23579823970794678,0.08815702050924301,0.14764121174812317,True,False
NoSCAM_img_0621.jpg,NoSCAM,lid,knife,15.042,NoSCAM_img_0621,/external-cache/fse_typographic_20260926/external/SCAM/images.zip,images/train/NoSCAM_img_0621.jpg,NoSCAM,img_0621,0.23484855890274048,0.14490343630313873,0.08994512259960175,True,False
NoSCAM_img_0622.jpg,NoSCAM,step bin,ladder,3.238,NoSCAM_img_0622,/external-cache/fse_typographic_20260926/external/SCAM/images.zip,images/train/NoSCAM_img_0622.jpg,NoSCAM,img_0622,0.17090833187103271,0.0585356131196022,0.11237271875143051,True,False
NoSCAM_img_0623.jpg,NoSCAM,trash bag,lamp,7.496,NoSCAM_img_0623,/external-cache/fse_typographic_20260926/external/SCAM/images.zip,images/train/NoSCAM_img_0623.jpg,NoSCAM,img_0623,0.15806922316551208,0.11250941455364227,0.04555980861186981,True,False
NoSCAM_img_0624.jpg,NoSCAM,detergent,leaf,8.338,NoSCAM_img_0624,/external-cache/fse_typographic_20260926/external/SCAM/images.zip,images/train/NoSCAM_img_0624.jpg,NoSCAM,img_0624,0.23401939868927002,0.1382918506860733,0.09572754800319672,True,False
NoSCAM_img_0625.jpg,NoSCAM,detergent,lemon,7.695,NoSCAM_img_0625,/external-cache/fse_typographic_20260926/external/SCAM/images.zip,images/train/NoSCAM_img_0625.jpg,NoSCAM,img_0625,0.22296661138534546,0.09245142340660095,0.1305151879787445,True,False
NoSCAM_img_0626.jpg,NoSCAM,detergent powder,lightbulb,2.035,NoSCAM_img_0626,/external-cache/fse_typographic_20260926/external/SCAM/images.zip,images/train/NoSCAM_img_0626.jpg,NoSCAM,img_0626,0.26827335357666016,0.07730057835578918,0.19097277522087097,True,True
NoSCAM_img_0627.jpg,NoSCAM,spray can,lion,5.456,NoSCAM_img_0627,/external-cache/fse_typographic_20260926/external/SCAM/images.zip,images/train/NoSCAM_img_0627.jpg,NoSCAM,img_0627,0.2015560120344162,0.07364928722381592,0.12790672481060028,True,False
NoSCAM_img_0628.jpg,NoSCAM,window cleaner,lipstick,8.722,NoSCAM_img_0628,/external-cache/fse_typographic_20260926/external/SCAM/images.zip,images/train/NoSCAM_img_0628.jpg,NoSCAM,img_0628,0.0803392082452774,0.07126027345657349,0.009078934788703918,True,False
NoSCAM_img_0629.jpg,NoSCAM,dishwasher tablets,lock,4.429,NoSCAM_img_0629,/external-cache/fse_typographic_20260926/external/SCAM/images.zip,images/train/NoSCAM_img_0629.jpg,NoSCAM,img_0629,0.17358607053756714,0.08846783638000488,0.08511823415756226,True,False
NoSCAM_img_0630.jpg,NoSCAM,bottle crate,screw,4.987,NoSCAM_img_0630,/external-cache/fse_typographic_20260926/external/SCAM/images.zip,images/train/NoSCAM_img_0630.jpg,NoSCAM,img_0630,0.23271647095680237,0.12653474509716034,0.10618172585964203,True,True
NoSCAM_img_0631.jpg,NoSCAM,mulled wine,screwdriver,5.21,NoSCAM_img_0631,/external-cache/fse_typographic_20260926/external/SCAM/images.zip,images/train/NoSCAM_img_0631.jpg,NoSCAM,img_0631,0.23850545287132263,0.11046250909566879,0.12804293632507324,True,True
NoSCAM_img_0632.jpg,NoSCAM,bottle,transistor,4.532,NoSCAM_img_0632,/external-cache/fse_typographic_20260926/external/SCAM/images.zip,images/train/NoSCAM_img_0632.jpg,NoSCAM,img_0632,0.2140793651342392,0.09202013909816742,0.12205922603607178,True,False
NoSCAM_img_0633.jpg,NoSCAM,bottle opener,sandwich,6.757,NoSCAM_img_0633,/external-cache/fse_typographic_20260926/external/SCAM/images.zip,images/train/NoSCAM_img_0633.jpg,NoSCAM,img_0633,0.23393192887306213,0.152149498462677,0.08178243041038513,True,False
NoSCAM_img_0634.jpg,NoSCAM,stamp,mirror,5.083,NoSCAM_img_0634,/external-cache/fse_typographic_20260926/external/SCAM/images.zip,images/train/NoSCAM_img_0634.jpg,NoSCAM,img_0634,0.18661457300186157,0.1475512981414795,0.03906327486038208,True,False
NoSCAM_img_0635.jpg,NoSCAM,spout,hat,16.441,NoSCAM_img_0635,/external-cache/fse_typographic_20260926/external/SCAM/images.zip,images/train/NoSCAM_img_0635.jpg,NoSCAM,img_0635,0.13879399001598358,0.09470626711845398,0.0440877228975296,True,False
NoSCAM_img_0636.jpg,NoSCAM,spout,helmet,8.412,NoSCAM_img_0636,/external-cache/fse_typographic_20260926/external/SCAM/images.zip,images/train/NoSCAM_img_0636.jpg,NoSCAM,img_0636,0.17880582809448242,0.15616324543952942,0.022642582654953003,True,False
NoSCAM_img_0637.jpg,NoSCAM,spout,honey,7.993,NoSCAM_img_0637,/external-cache/fse_typographic_20260926/external/SCAM/images.zip,images/train/NoSCAM_img_0637.jpg,NoSCAM,img_0637,0.14733567833900452,0.13512948155403137,0.012206196784973145,True,False
NoSCAM_img_0638.jpg,NoSCAM,cleaner,horn,12.641,NoSCAM_img_0638,/external-cache/fse_typographic_20260926/external/SCAM/images.zip,images/train/NoSCAM_img_0638.jpg,NoSCAM,img_0638,0.2053540199995041,0.1084592416882515,0.0968947783112526,True,False
NoSCAM_img_0639.jpg,NoSCAM,high visibility jacket,house,8.258,NoSCAM_img_0639,/external-cache/fse_typographic_20260926/external/SCAM/images.zip,images/train/NoSCAM_img_0639.jpg,NoSCAM,img_0639,0.23469778895378113,0.0980154424905777,0.13668234646320343,True,True
NoSCAM_img_0640.jpg,NoSCAM,canister,ice,3.388,NoSCAM_img_0640,/external-cache/fse_typographic_20260926/external/SCAM/images.zip,images/train/NoSCAM_img_0640.jpg,NoSCAM,img_0640,0.17607049643993378,0.13351044058799744,0.04256005585193634,True,False
NoSCAM_img_0641.jpg,NoSCAM,canister,iron,10.143,NoSCAM_img_0641,/external-cache/fse_typographic_20260926/external/SCAM/images.zip,images/train/NoSCAM_img_0641.jpg,NoSCAM,img_0641,0.22171273827552795,0.12449805438518524,0.09721468389034271,True,False
NoSCAM_img_0642.jpg,NoSCAM,canister,jar,7.487,NoSCAM_img_0642,/external-cache/fse_typographic_20260926/external/SCAM/images.zip,images/train/NoSCAM_img_0642.jpg,NoSCAM,img_0642,0.20420318841934204,0.1793087124824524,0.02489447593688965,True,False
NoSCAM_img_0643.jpg,NoSCAM,canister,jeep,6.124,NoSCAM_img_0643,/external-cache/fse_typographic_20260926/external/SCAM/images.zip,images/train/NoSCAM_img_0643.jpg,NoSCAM,img_0643,0.20782193541526794,0.11453805863857269,0.09328387677669525,True,False
NoSCAM_img_0644.jpg,NoSCAM,blanket,key,1.94,NoSCAM_img_0644,/external-cache/fse_typographic_20260926/external/SCAM/images.zip,images/train/NoSCAM_img_0644.jpg,NoSCAM,img_0644,0.2366211861371994,0.0878169983625412,0.1488041877746582,True,True
NoSCAM_img_0645.jpg,NoSCAM,pillow,knife,2.391,NoSCAM_img_0645,/external-cache/fse_typographic_20260926/external/SCAM/images.zip,images/train/NoSCAM_img_0645.jpg,NoSCAM,img_0645,0.1572369486093521,0.09693723917007446,0.06029970943927765,True,False
NoSCAM_img_0646.jpg,NoSCAM,blanket,ladder,5.043,NoSCAM_img_0646,/external-cache/fse_typographic_20260926/external/SCAM/images.zip,images/train/NoSCAM_img_0646.jpg,NoSCAM,img_0646,0.24247664213180542,0.13818010687828064,0.10429653525352478,True,True
NoSCAM_img_0647.jpg,NoSCAM,blanket,lamp,4.264,NoSCAM_img_0647,/external-cache/fse_typographic_20260926/external/SCAM/images.zip,images/train/NoSCAM_img_0647.jpg,NoSCAM,img_0647,0.24419502913951874,0.11727312207221985,0.1269219070672989,True,False
NoSCAM_img_0648.jpg,NoSCAM,napkin,leaf,6.46,NoSCAM_img_0648,/external-cache/fse_typographic_20260926/external/SCAM/images.zip,images/train/NoSCAM_img_0648.jpg,NoSCAM,img_0648,0.17379944026470184,0.10939812660217285,0.06440131366252899,True,False
NoSCAM_img_0649.jpg,NoSCAM,towel,lemon,5.396,NoSCAM_img_0649,/external-cache/fse_typographic_20260926/external/SCAM/images.zip,images/train/NoSCAM_img_0649.jpg,NoSCAM,img_0649,0.23199158906936646,0.09533928334712982,0.13665230572223663,True,False
NoSCAM_img_0650.jpg,NoSCAM,box,lion,17.516,NoSCAM_img_0650,/external-cache/fse_typographic_20260926/external/SCAM/images.zip,images/train/NoSCAM_img_0650.jpg,NoSCAM,img_0650,0.20850682258605957,0.1002245843410492,0.10828223824501038,True,False
NoSCAM_img_0651.jpg,NoSCAM,cable,lipstick,13.756,NoSCAM_img_0651,/external-cache/fse_typographic_20260926/external/SCAM/images.zip,images/train/NoSCAM_img_0651.jpg,NoSCAM,img_0651,0.2234298586845398,0.09578441828489304,0.12764543294906616,True,False
NoSCAM_img_0652.jpg,NoSCAM,cable,lock,12.622,NoSCAM_img_0652,/external-cache/fse_typographic_20260926/external/SCAM/images.zip,images/train/NoSCAM_img_0652.jpg,NoSCAM,img_0652,0.2230367362499237,0.11384325474500656,0.10919348150491714,True,True
NoSCAM_img_0653.jpg,NoSCAM,cable,screw,9.819,NoSCAM_img_0653,/external-cache/fse_typographic_20260926/external/SCAM/images.zip,images/train/NoSCAM_img_0653.jpg,NoSCAM,img_0653,0.22114214301109314,0.15417586266994476,0.06696628034114838,True,False
NoSCAM_img_0654.jpg,NoSCAM,adapter,screwdriver,17.405,NoSCAM_img_0654,/external-cache/fse_typographic_20260926/external/SCAM/images.zip,images/train/NoSCAM_img_0654.jpg,NoSCAM,img_0654,0.22644346952438354,0.14975190162658691,0.07669156789779663,True,False
NoSCAM_img_0655.jpg,NoSCAM,radio,transistor,2.074,NoSCAM_img_0655,/external-cache/fse_typographic_20260926/external/SCAM/images.zip,images/train/NoSCAM_img_0655.jpg,NoSCAM,img_0655,0.2267945110797882,0.16779370605945587,0.059000805020332336,True,False
NoSCAM_img_0656.jpg,NoSCAM,speaker,sandwich,7.317,NoSCAM_img_0656,/external-cache/fse_typographic_20260926/external/SCAM/images.zip,images/train/NoSCAM_img_0656.jpg,NoSCAM,img_0656,0.2402462363243103,0.12267571687698364,0.11757051944732666,True,True
NoSCAM_img_0657.jpg,NoSCAM,safe,mirror,4.808,NoSCAM_img_0657,/external-cache/fse_typographic_20260926/external/SCAM/images.zip,images/train/NoSCAM_img_0657.jpg,NoSCAM,img_0657,0.24356767535209656,0.11598338186740875,0.1275842934846878,True,False
NoSCAM_img_0658.jpg,NoSCAM,safe,hat,7.219,NoSCAM_img_0658,/external-cache/fse_typographic_20260926/external/SCAM/images.zip,images/train/NoSCAM_img_0658.jpg,NoSCAM,img_0658,0.23310503363609314,0.07477498799562454,0.1583300530910492,True,True
NoSCAM_img_0659.jpg,NoSCAM,safe,helmet,10.342,NoSCAM_img_0659,/external-cache/fse_typographic_20260926/external/SCAM/images.zip,images/train/NoSCAM_img_0659.jpg,NoSCAM,img_0659,0.2061169594526291,0.11913974583148956,0.08697721362113953,True,False
NoSCAM_img_0660.jpg,NoSCAM,safe,honey,5.242,NoSCAM_img_0660,/external-cache/fse_typographic_20260926/external/SCAM/images.zip,images/train/NoSCAM_img_0660.jpg,NoSCAM,img_0660,0.1791168749332428,0.12877054512500763,0.05034632980823517,True,False
NoSCAM_img_0661.jpg,NoSCAM,fire extinguisher,horn,10.998,NoSCAM_img_0661,/external-cache/fse_typographic_20260926/external/SCAM/images.zip,images/train/NoSCAM_img_0661.jpg,NoSCAM,img_0661,0.2733430862426758,0.09456076472997665,0.17878231406211853,True,True
NoSCAM_img_0662.jpg,NoSCAM,wildlife camera,house,8.67,NoSCAM_img_0662,/external-cache/fse_typographic_20260926/external/SCAM/images.zip,images/train/NoSCAM_img_0662.jpg,NoSCAM,img_0662,0.16040854156017303,0.1426617056131363,0.017746835947036743,True,False
NoSCAM_img_0663.jpg,NoSCAM,chair,ice,0.486,NoSCAM_img_0663,/external-cache/fse_typographic_20260926/external/SCAM/images.zip,images/train/NoSCAM_img_0663.jpg,NoSCAM,img_0663,0.24145954847335815,0.09430545568466187,0.1471540927886963,True,False
NoSCAM_img_0664.jpg,NoSCAM,chair,iron,1.12,NoSCAM_img_0664,/external-cache/fse_typographic_20260926/external/SCAM/images.zip,images/train/NoSCAM_img_0664.jpg,NoSCAM,img_0664,0.2651442289352417,0.157195582985878,0.10794864594936371,True,False
NoSCAM_img_0665.jpg,NoSCAM,table,jar,1.082,NoSCAM_img_0665,/external-cache/fse_typographic_20260926/external/SCAM/images.zip,images/train/NoSCAM_img_0665.jpg,NoSCAM,img_0665,0.27375879883766174,0.1470835655927658,0.12667523324489594,True,True
NoSCAM_img_0666.jpg,NoSCAM,coin counter,jeep,4.365,NoSCAM_img_0666,/external-cache/fse_typographic_20260926/external/SCAM/images.zip,images/train/NoSCAM_img_0666.jpg,NoSCAM,img_0666,0.2054121196269989,0.07865177094936371,0.1267603486776352,True,False
NoSCAM_img_0667.jpg,NoSCAM,terminal,key,11.92,NoSCAM_img_0667,/external-cache/fse_typographic_20260926/external/SCAM/images.zip,images/train/NoSCAM_img_0667.jpg,NoSCAM,img_0667,0.19077347218990326,0.1601848155260086,0.030588656663894653,True,False
NoSCAM_img_0668.jpg,NoSCAM,counter,knife,8.085,NoSCAM_img_0668,/external-cache/fse_typographic_20260926/external/SCAM/images.zip,images/train/NoSCAM_img_0668.jpg,NoSCAM,img_0668,0.20780523121356964,0.13554906845092773,0.0722561627626419,True,False
NoSCAM_img_0669.jpg,NoSCAM,cash register,ladder,2.427,NoSCAM_img_0669,/external-cache/fse_typographic_20260926/external/SCAM/images.zip,images/train/NoSCAM_img_0669.jpg,NoSCAM,img_0669,0.28306180238723755,0.09644351899623871,0.18661828339099884,True,True
NoSCAM_img_0670.jpg,NoSCAM,cash register,lamp,4.682,NoSCAM_img_0670,/external-cache/fse_typographic_20260926/external/SCAM/images.zip,images/train/NoSCAM_img_0670.jpg,NoSCAM,img_0670,0.22936294972896576,0.06932675838470459,0.16003619134426117,True,False
NoSCAM_img_0671.jpg,NoSCAM,calculator,leaf,10.975,NoSCAM_img_0671,/external-cache/fse_typographic_20260926/external/SCAM/images.zip,images/train/NoSCAM_img_0671.jpg,NoSCAM,img_0671,0.2231709063053131,0.06647329032421112,0.156697615981102,True,True
NoSCAM_img_0672.jpg,NoSCAM,printer,lemon,2.291,NoSCAM_img_0672,/external-cache/fse_typographic_20260926/external/SCAM/images.zip,images/train/NoSCAM_img_0672.jpg,NoSCAM,img_0672,0.24452129006385803,0.10041007399559021,0.14411121606826782,True,True
NoSCAM_img_0673.jpg,NoSCAM,printer,lightbulb,3.477,NoSCAM_img_0673,/external-cache/fse_typographic_20260926/external/SCAM/images.zip,images/train/NoSCAM_img_0673.jpg,NoSCAM,img_0673,0.26252931356430054,0.12900307774543762,0.13352623581886292,True,True
NoSCAM_img_0674.jpg,NoSCAM,printer,lion,2.582,NoSCAM_img_0674,/external-cache/fse_typographic_20260926/external/SCAM/images.zip,images/train/NoSCAM_img_0674.jpg,NoSCAM,img_0674,0.27538976073265076,0.15256449580192566,0.1228252649307251,True,True
NoSCAM_img_0675.jpg,NoSCAM,phone,lipstick,8.189,NoSCAM_img_0675,/external-cache/fse_typographic_20260926/external/SCAM/images.zip,images/train/NoSCAM_img_0675.jpg,NoSCAM,img_0675,0.2511138617992401,0.1323053240776062,0.11880853772163391,True,True
NoSCAM_img_0676.jpg,NoSCAM,phone,lock,8.335,NoSCAM_img_0676,/external-cache/fse_typographic_20260926/external/SCAM/images.zip,images/train/NoSCAM_img_0676.jpg,NoSCAM,img_0676,0.23982906341552734,0.11279702186584473,0.12703204154968262,True,True
NoSCAM_img_0677.jpg,NoSCAM,phone,screw,9.453,NoSCAM_img_0677,/external-cache/fse_typographic_20260926/external/SCAM/images.zip,images/train/NoSCAM_img_0677.jpg,NoSCAM,img_0677,0.24585556983947754,0.15998321771621704,0.0858723521232605,True,False
NoSCAM_img_0678.jpg,NoSCAM,folder,screwdriver,5.776,NoSCAM_img_0678,/external-cache/fse_typographic_20260926/external/SCAM/images.zip,images/train/NoSCAM_img_0678.jpg,NoSCAM,img_0678,0.26018422842025757,0.13902737200260162,0.12115685641765594,True,True
NoSCAM_img_0679.jpg,NoSCAM,folder,transistor,5.048,NoSCAM_img_0679,/external-cache/fse_typographic_20260926/external/SCAM/images.zip,images/train/NoSCAM_img_0679.jpg,NoSCAM,img_0679,0.27142333984375,0.10334057360887527,0.16808277368545532,True,True
NoSCAM_img_0680.jpg,NoSCAM,post-its,sandwich,4.844,NoSCAM_img_0680,/external-cache/fse_typographic_20260926/external/SCAM/images.zip,images/train/NoSCAM_img_0680.jpg,NoSCAM,img_0680,0.2621144950389862,0.16278104484081268,0.09933345019817352,True,True
NoSCAM_img_0681.jpg,NoSCAM,notebook,mirror,6.432,NoSCAM_img_0681,/external-cache/fse_typographic_20260926/external/SCAM/images.zip,images/train/NoSCAM_img_0681.jpg,NoSCAM,img_0681,0.20581243932247162,0.1768108606338501,0.02900157868862152,True,False
NoSCAM_img_0682.jpg,NoSCAM,clipboard,hat,6.921,NoSCAM_img_0682,/external-cache/fse_typographic_20260926/external/SCAM/images.zip,images/train/NoSCAM_img_0682.jpg,NoSCAM,img_0682,0.2479684054851532,0.14062908291816711,0.10733932256698608,True,False
NoSCAM_img_0683.jpg,NoSCAM,string,helmet,9.426,NoSCAM_img_0683,/external-cache/fse_typographic_20260926/external/SCAM/images.zip,images/train/NoSCAM_img_0683.jpg,NoSCAM,img_0683,0.17766883969306946,0.12903769314289093,0.04863114655017853,True,False
NoSCAM_img_0684.jpg,NoSCAM,organizer,honey,3.863,NoSCAM_img_0684,/external-cache/fse_typographic_20260926/external/SCAM/images.zip,images/train/NoSCAM_img_0684.jpg,NoSCAM,img_0684,0.14910250902175903,0.11632195115089417,0.03278055787086487,True,False
NoSCAM_img_0685.jpg,NoSCAM,grill,horn,0.369,NoSCAM_img_0685,/external-cache/fse_typographic_20260926/external/SCAM/images.zip,images/train/NoSCAM_img_0685.jpg,NoSCAM,img_0685,0.25229406356811523,0.08931150287389755,0.16298255324363708,True,False
NoSCAM_img_0686.jpg,NoSCAM,lollipop,house,9.238,NoSCAM_img_0686,/external-cache/fse_typographic_20260926/external/SCAM/images.zip,images/train/NoSCAM_img_0686.jpg,NoSCAM,img_0686,0.24071668088436127,0.1041586622595787,0.13655802607536316,True,False
NoSCAM_img_0687.jpg,NoSCAM,ufonauts,ice,4.676,NoSCAM_img_0687,/external-cache/fse_typographic_20260926/external/SCAM/images.zip,images/train/NoSCAM_img_0687.jpg,NoSCAM,img_0687,0.17069287598133087,0.13697847723960876,0.03371439874172211,True,False
NoSCAM_img_0688.jpg,NoSCAM,chips,iron,5.939,NoSCAM_img_0688,/external-cache/fse_typographic_20260926/external/SCAM/images.zip,images/train/NoSCAM_img_0688.jpg,NoSCAM,img_0688,0.2596217095851898,0.12779417634010315,0.13182753324508667,True,False
NoSCAM_img_0689.jpg,NoSCAM,watermelon,jar,8.56,NoSCAM_img_0689,/external-cache/fse_typographic_20260926/external/SCAM/images.zip,images/train/NoSCAM_img_0689.jpg,NoSCAM,img_0689,0.2405095398426056,0.1367379128932953,0.1037716269493103,True,True
NoSCAM_img_0690.jpg,NoSCAM,melon,jeep,11.018,NoSCAM_img_0690,/external-cache/fse_typographic_20260926/external/SCAM/images.zip,images/train/NoSCAM_img_0690.jpg,NoSCAM,img_0690,0.26543116569519043,0.1088406890630722,0.15659047663211823,True,True
NoSCAM_img_0691.jpg,NoSCAM,pumpkin,key,16.135,NoSCAM_img_0691,/external-cache/fse_typographic_20260926/external/SCAM/images.zip,images/train/NoSCAM_img_0691.jpg,NoSCAM,img_0691,0.26166409254074097,0.1315070539712906,0.13015703856945038,True,True
NoSCAM_img_0692.jpg,NoSCAM,pair,knife,14.695,NoSCAM_img_0692,/external-cache/fse_typographic_20260926/external/SCAM/images.zip,images/train/NoSCAM_img_0692.jpg,NoSCAM,img_0692,0.16741935908794403,0.1430136114358902,0.024405747652053833,True,False
NoSCAM_img_0693.jpg,NoSCAM,orange,ladder,11.994,NoSCAM_img_0693,/external-cache/fse_typographic_20260926/external/SCAM/images.zip,images/train/NoSCAM_img_0693.jpg,NoSCAM,img_0693,0.23956230282783508,0.11580336093902588,0.1237589418888092,True,True
NoSCAM_img_0694.jpg,NoSCAM,salad,lamp,8.271,NoSCAM_img_0694,/external-cache/fse_typographic_20260926/external/SCAM/images.zip,images/train/NoSCAM_img_0694.jpg,NoSCAM,img_0694,0.2675535976886749,0.0954785868525505,0.17207500338554382,True,True
NoSCAM_img_0695.jpg,NoSCAM,avocado,leaf,5.197,NoSCAM_img_0695,/external-cache/fse_typographic_20260926/external/SCAM/images.zip,images/train/NoSCAM_img_0695.jpg,NoSCAM,img_0695,0.22341826558113098,0.1264127790927887,0.09700548648834229,True,True
NoSCAM_img_0696.jpg,NoSCAM,paprika,lemon,4.186,NoSCAM_img_0696,/external-cache/fse_typographic_20260926/external/SCAM/images.zip,images/train/NoSCAM_img_0696.jpg,NoSCAM,img_0696,0.24433466792106628,0.12966904044151306,0.11466562747955322,True,True
NoSCAM_img_0697.jpg,NoSCAM,corn,lightbulb,19.298,NoSCAM_img_0697,/external-cache/fse_typographic_20260926/external/SCAM/images.zip,images/train/NoSCAM_img_0697.jpg,NoSCAM,img_0697,0.27641451358795166,0.1310417354106903,0.14537277817726135,True,True
NoSCAM_img_0698.jpg,NoSCAM,fennel,lion,6.4,NoSCAM_img_0698,/external-cache/fse_typographic_20260926/external/SCAM/images.zip,images/train/NoSCAM_img_0698.jpg,NoSCAM,img_0698,0.2830584943294525,0.10552462190389633,0.17753386497497559,True,True
NoSCAM_img_0699.jpg,NoSCAM,mushroom,lipstick,7.879,NoSCAM_img_0699,/external-cache/fse_typographic_20260926/external/SCAM/images.zip,images/train/NoSCAM_img_0699.jpg,NoSCAM,img_0699,0.2165517807006836,0.059629105031490326,0.15692266821861267,True,False
NoSCAM_img_0700.jpg,NoSCAM,mushroom,lock,11.017,NoSCAM_img_0700,/external-cache/fse_typographic_20260926/external/SCAM/images.zip,images/train/NoSCAM_img_0700.jpg,NoSCAM,img_0700,0.2304091602563858,0.10122902691364288,0.12918013334274292,True,False
NoSCAM_img_0701.jpg,NoSCAM,shrimp,screw,16.033,NoSCAM_img_0701,/external-cache/fse_typographic_20260926/external/SCAM/images.zip,images/train/NoSCAM_img_0701.jpg,NoSCAM,img_0701,0.2606538236141205,0.11381346732378006,0.14684036374092102,True,True
NoSCAM_img_0702.jpg,NoSCAM,seafood salad,screwdriver,7.784,NoSCAM_img_0702,/external-cache/fse_typographic_20260926/external/SCAM/images.zip,images/train/NoSCAM_img_0702.jpg,NoSCAM,img_0702,0.24964646995067596,0.11234886944293976,0.1372976005077362,True,True
NoSCAM_img_0703.jpg,NoSCAM,fish,transistor,4.265,NoSCAM_img_0703,/external-cache/fse_typographic_20260926/external/SCAM/images.zip,images/train/NoSCAM_img_0703.jpg,NoSCAM,img_0703,0.18956798315048218,0.0625091940164566,0.12705878913402557,True,False
NoSCAM_img_0704.jpg,NoSCAM,sausage,mirror,13.9,NoSCAM_img_0704,/external-cache/fse_typographic_20260926/external/SCAM/images.zip,images/train/NoSCAM_img_0704.jpg,NoSCAM,img_0704,0.23954498767852783,0.1293003261089325,0.11024466156959534,True,False
NoSCAM_img_0705.jpg,NoSCAM,ham,hat,1.556,NoSCAM_img_0705,/external-cache/fse_typographic_20260926/external/SCAM/images.zip,images/train/NoSCAM_img_0705.jpg,NoSCAM,img_0705,0.24080437421798706,0.12257252633571625,0.11823184788227081,True,True
NoSCAM_img_0706.jpg,NoSCAM,sausage,helmet,4.109,NoSCAM_img_0706,/external-cache/fse_typographic_20260926/external/SCAM/images.zip,images/train/NoSCAM_img_0706.jpg,NoSCAM,img_0706,0.23334673047065735,0.0488838255405426,0.18446290493011475,True,False
NoSCAM_img_0707.jpg,NoSCAM,sausage,honey,4.052,NoSCAM_img_0707,/external-cache/fse_typographic_20260926/external/SCAM/images.zip,images/train/NoSCAM_img_0707.jpg,NoSCAM,img_0707,0.2707315683364868,0.13630712032318115,0.13442444801330566,True,False
NoSCAM_img_0708.jpg,NoSCAM,meatball,horn,7.592,NoSCAM_img_0708,/external-cache/fse_typographic_20260926/external/SCAM/images.zip,images/train/NoSCAM_img_0708.jpg,NoSCAM,img_0708,0.16351734101772308,0.08637194335460663,0.07714539766311646,True,False
NoSCAM_img_0709.jpg,NoSCAM,meatball,house,7.177,NoSCAM_img_0709,/external-cache/fse_typographic_20260926/external/SCAM/images.zip,images/train/NoSCAM_img_0709.jpg,NoSCAM,img_0709,0.18096335232257843,0.09673140943050385,0.08423194289207458,True,False
NoSCAM_img_0710.jpg,NoSCAM,bacon bits,ice,7.767,NoSCAM_img_0710,/external-cache/fse_typographic_20260926/external/SCAM/images.zip,images/train/NoSCAM_img_0710.jpg,NoSCAM,img_0710,0.2371755689382553,0.16000032424926758,0.07717524468898773,True,False
NoSCAM_img_0711.jpg,NoSCAM,sausage,iron,6.913,NoSCAM_img_0711,/external-cache/fse_typographic_20260926/external/SCAM/images.zip,images/train/NoSCAM_img_0711.jpg,NoSCAM,img_0711,0.23810288310050964,0.1579519361257553,0.08015094697475433,True,False
NoSCAM_img_0712.jpg,NoSCAM,sausage,jar,7.431,NoSCAM_img_0712,/external-cache/fse_typographic_20260926/external/SCAM/images.zip,images/train/NoSCAM_img_0712.jpg,NoSCAM,img_0712,0.2130911499261856,0.10955660790205002,0.10353454202413559,True,False
NoSCAM_img_0713.jpg,NoSCAM,bucket,jeep,10.423,NoSCAM_img_0713,/external-cache/fse_typographic_20260926/external/SCAM/images.zip,images/train/NoSCAM_img_0713.jpg,NoSCAM,img_0713,0.22015389800071716,0.09293153882026672,0.12722235918045044,True,False
NoSCAM_img_0714.jpg,NoSCAM,potato,key,3.168,NoSCAM_img_0714,/external-cache/fse_typographic_20260926/external/SCAM/images.zip,images/train/NoSCAM_img_0714.jpg,NoSCAM,img_0714,0.1400778740644455,0.09802421182394028,0.04205366224050522,True,False
NoSCAM_img_0715.jpg,NoSCAM,cup,pen,6.504,NoSCAM_img_0715,/external-cache/fse_typographic_20260926/external/SCAM/images.zip,images/train/NoSCAM_img_0715.jpg,NoSCAM,img_0715,0.23472997546195984,0.17043520510196686,0.06429477035999298,True,False
NoSCAM_img_0716.jpg,NoSCAM,spoon,bicycle,12.243,NoSCAM_img_0716,/external-cache/fse_typographic_20260926/external/SCAM/images.zip,images/train/NoSCAM_img_0716.jpg,NoSCAM,img_0716,0.25240281224250793,0.14434510469436646,0.10805770754814148,True,False
NoSCAM_img_0717.jpg,NoSCAM,pen,person,14.563,NoSCAM_img_0717,/external-cache/fse_typographic_20260926/external/SCAM/images.zip,images/train/NoSCAM_img_0717.jpg,NoSCAM,img_0717,0.2406274974346161,0.1906658113002777,0.04996168613433838,True,False
NoSCAM_img_0718.jpg,NoSCAM,cup,knife,6.895,NoSCAM_img_0718,/external-cache/fse_typographic_20260926/external/SCAM/images.zip,images/train/NoSCAM_img_0718.jpg,NoSCAM,img_0718,0.25125187635421753,0.1694461703300476,0.08180570602416992,True,True
NoSCAM_img_0719.jpg,NoSCAM,knife,bicycle,4.699,NoSCAM_img_0719,/external-cache/fse_typographic_20260926/external/SCAM/images.zip,images/train/NoSCAM_img_0719.jpg,NoSCAM,img_0719,0.2730807960033417,0.15296392142772675,0.12011687457561493,True,True
NoSCAM_img_0720.jpg,NoSCAM,brush,stop,6.072,NoSCAM_img_0720,/external-cache/fse_typographic_20260926/external/SCAM/images.zip,images/train/NoSCAM_img_0720.jpg,NoSCAM,img_0720,0.2671750485897064,0.17857854068279266,0.08859650790691376,True,False
NoSCAM_img_0721.jpg,NoSCAM,kettle,child,8.181,NoSCAM_img_0721,/external-cache/fse_typographic_20260926/external/SCAM/images.zip,images/train/NoSCAM_img_0721.jpg,NoSCAM,img_0721,0.22490006685256958,0.14661070704460144,0.07828935980796814,True,False
NoSCAM_img_0722.jpg,NoSCAM,tea pot,child,8.335,NoSCAM_img_0722,/external-cache/fse_typographic_20260926/external/SCAM/images.zip,images/train/NoSCAM_img_0722.jpg,NoSCAM,img_0722,0.2432873696088791,0.15769991278648376,0.08558745682239532,True,False
NoSCAM_img_0723.jpg,NoSCAM,carrot,bottle,13.189,NoSCAM_img_0723,/external-cache/fse_typographic_20260926/external/SCAM/images.zip,images/train/NoSCAM_img_0723.jpg,NoSCAM,img_0723,0.31345635652542114,0.18193715810775757,0.13151919841766357,True,True
NoSCAM_img_0724.jpg,NoSCAM,sponge,spoon,10.42,NoSCAM_img_0724,/external-cache/fse_typographic_20260926/external/SCAM/images.zip,images/train/NoSCAM_img_0724.jpg,NoSCAM,img_0724,0.2763546109199524,0.172026127576828,0.10432848334312439,True,True
NoSCAM_img_0725.jpg,NoSCAM,skillet,street sign,1.983,NoSCAM_img_0725,/external-cache/fse_typographic_20260926/external/SCAM/images.zip,images/train/NoSCAM_img_0725.jpg,NoSCAM,img_0725,0.2762049436569214,0.13579116761684418,0.1404137760400772,True,False
NoSCAM_img_0726.jpg,NoSCAM,watering can,street sign,1.707,NoSCAM_img_0726,/external-cache/fse_typographic_20260926/external/SCAM/images.zip,images/train/NoSCAM_img_0726.jpg,NoSCAM,img_0726,0.21178412437438965,0.1037612110376358,0.10802291333675385,True,False
NoSCAM_img_0727.jpg,NoSCAM,glass bottle,person,5.928,NoSCAM_img_0727,/external-cache/fse_typographic_20260926/external/SCAM/images.zip,images/train/NoSCAM_img_0727.jpg,NoSCAM,img_0727,0.24054408073425293,0.18127766251564026,0.05926641821861267,True,False
NoSCAM_img_0728.jpg,NoSCAM,hat,bicycle,3.727,NoSCAM_img_0728,/external-cache/fse_typographic_20260926/external/SCAM/images.zip,images/train/NoSCAM_img_0728.jpg,NoSCAM,img_0728,0.26858025789260864,0.15341460704803467,0.11516565084457397,True,False
NoSCAM_img_0729.jpg,NoSCAM,rubik's cube,cable,12.986,NoSCAM_img_0729,/external-cache/fse_typographic_20260926/external/SCAM/images.zip,images/train/NoSCAM_img_0729.jpg,NoSCAM,img_0729,0.25028151273727417,0.12330564111471176,0.1269758641719818,True,True
NoSCAM_img_0730.jpg,NoSCAM,guitar,truck,2.545,NoSCAM_img_0730,/external-cache/fse_typographic_20260926/external/SCAM/images.zip,images/train/NoSCAM_img_0730.jpg,NoSCAM,img_0730,0.2463788390159607,0.10707971453666687,0.13929912447929382,True,False
NoSCAM_img_0731.jpg,NoSCAM,record player,pedestrian,1.161,NoSCAM_img_0731,/external-cache/fse_typographic_20260926/external/SCAM/images.zip,images/train/NoSCAM_img_0731.jpg,NoSCAM,img_0731,0.26315581798553467,0.12314114719629288,0.1400146782398224,True,True
NoSCAM_img_0732.jpg,NoSCAM,toy car,house,8.193,NoSCAM_img_0732,/external-cache/fse_typographic_20260926/external/SCAM/images.zip,images/train/NoSCAM_img_0732.jpg,NoSCAM,img_0732,0.2485671490430832,0.1409848928451538,0.10758225619792938,True,True
NoSCAM_img_0733.jpg,NoSCAM,candle,dog,5.711,NoSCAM_img_0733,/external-cache/fse_typographic_20260926/external/SCAM/images.zip,images/train/NoSCAM_img_0733.jpg,NoSCAM,img_0733,0.2454269677400589,0.14053036272525787,0.10489660501480103,True,False
NoSCAM_img_0734.jpg,NoSCAM,headphones,cat,3.449,NoSCAM_img_0734,/external-cache/fse_typographic_20260926/external/SCAM/images.zip,images/train/NoSCAM_img_0734.jpg,NoSCAM,img_0734,0.2642616033554077,0.13159051537513733,0.13267108798027039,True,True
NoSCAM_img_0735.jpg,NoSCAM,keyboard,cat,2.614,NoSCAM_img_0735,/external-cache/fse_typographic_20260926/external/SCAM/images.zip,images/train/NoSCAM_img_0735.jpg,NoSCAM,img_0735,0.259158194065094,0.11982013285160065,0.13933806121349335,True,True
NoSCAM_img_0736.jpg,NoSCAM,mouse,bus,8.052,NoSCAM_img_0736,/external-cache/fse_typographic_20260926/external/SCAM/images.zip,images/train/NoSCAM_img_0736.jpg,NoSCAM,img_0736,0.26257938146591187,0.10822385549545288,0.15435552597045898,True,True
NoSCAM_img_0737.jpg,NoSCAM,cup,pedestrian,6.211,NoSCAM_img_0737,/external-cache/fse_typographic_20260926/external/SCAM/images.zip,images/train/NoSCAM_img_0737.jpg,NoSCAM,img_0737,0.24880170822143555,0.1489277333021164,0.09987397491931915,True,False
NoSCAM_img_0738.jpg,NoSCAM,weight,truck,1.924,NoSCAM_img_0738,/external-cache/fse_typographic_20260926/external/SCAM/images.zip,images/train/NoSCAM_img_0738.jpg,NoSCAM,img_0738,0.2589556872844696,0.14748091995716095,0.11147476732730865,True,True
NoSCAM_img_0739.jpg,NoSCAM,horn,dog,3.572,NoSCAM_img_0739,/external-cache/fse_typographic_20260926/external/SCAM/images.zip,images/train/NoSCAM_img_0739.jpg,NoSCAM,img_0739,0.2505103647708893,0.1398535817861557,0.11065678298473358,True,False
NoSCAM_img_0740.jpg,NoSCAM,roller,cloud,4.781,NoSCAM_img_0740,/external-cache/fse_typographic_20260926/external/SCAM/images.zip,images/train/NoSCAM_img_0740.jpg,NoSCAM,img_0740,0.3011418581008911,0.1520211398601532,0.14912071824073792,True,False
NoSCAM_img_0741.jpg,NoSCAM,glue stick,truck,15.832,NoSCAM_img_0741,/external-cache/fse_typographic_20260926/external/SCAM/images.zip,images/train/NoSCAM_img_0741.jpg,NoSCAM,img_0741,0.3293325901031494,0.15437370538711548,0.17495888471603394,True,True
NoSCAM_img_0742.jpg,NoSCAM,matryoshka doll,cat,7.591,NoSCAM_img_0742,/external-cache/fse_typographic_20260926/external/SCAM/images.zip,images/train/NoSCAM_img_0742.jpg,NoSCAM,img_0742,0.2487564980983734,0.14167815446853638,0.10707834362983704,True,True
NoSCAM_img_0743.jpg,NoSCAM,Mercedes-Benz,bus,9.687,NoSCAM_img_0743,/external-cache/fse_typographic_20260926/external/SCAM/images.zip,images/train/NoSCAM_img_0743.jpg,NoSCAM,img_0743,0.26043015718460083,0.15455371141433716,0.10587644577026367,True,True
NoSCAM_img_0744.jpg,NoSCAM,bike,fence,2.235,NoSCAM_img_0744,/external-cache/fse_typographic_20260926/external/SCAM/images.zip,images/train/NoSCAM_img_0744.jpg,NoSCAM,img_0744,0.2384324073791504,0.11516064405441284,0.12327176332473755,True,False
NoSCAM_img_0745.jpg,NoSCAM,chess piece,dog,14.464,NoSCAM_img_0745,/external-cache/fse_typographic_20260926/external/SCAM/images.zip,images/train/NoSCAM_img_0745.jpg,NoSCAM,img_0745,0.27500423789024353,0.17530855536460876,0.09969568252563477,True,True
NoSCAM_img_0746.jpg,NoSCAM,chess piece,cat,15.157,NoSCAM_img_0746,/external-cache/fse_typographic_20260926/external/SCAM/images.zip,images/train/NoSCAM_img_0746.jpg,NoSCAM,img_0746,0.2501530647277832,0.14126387238502502,0.10888919234275818,True,False
NoSCAM_img_0747.jpg,NoSCAM,boot,knife,2.848,NoSCAM_img_0747,/external-cache/fse_typographic_20260926/external/SCAM/images.zip,images/train/NoSCAM_img_0747.jpg,NoSCAM,img_0747,0.27202779054641724,0.17344413697719574,0.0985836535692215,True,True
NoSCAM_img_0748.jpg,NoSCAM,bike,lion,3.258,NoSCAM_img_0748,/external-cache/fse_typographic_20260926/external/SCAM/images.zip,images/train/NoSCAM_img_0748.jpg,NoSCAM,img_0748,0.21024584770202637,0.12626884877681732,0.08397699892520905,True,False
NoSCAM_img_0749.jpg,NoSCAM,door,grape,2.325,NoSCAM_img_0749,/external-cache/fse_typographic_20260926/external/SCAM/images.zip,images/train/NoSCAM_img_0749.jpg,NoSCAM,img_0749,0.24504074454307556,0.12239876389503479,0.12264198064804077,True,False
NoSCAM_img_0750.jpg,NoSCAM,cabinet,pig,2.048,NoSCAM_img_0750,/external-cache/fse_typographic_20260926/external/SCAM/images.zip,images/train/NoSCAM_img_0750.jpg,NoSCAM,img_0750,0.21896050870418549,0.13385143876075745,0.08510906994342804,True,True
NoSCAM_img_0751.jpg,NoSCAM,bench,bridge,1.244,NoSCAM_img_0751,/external-cache/fse_typographic_20260926/external/SCAM/images.zip,images/train/NoSCAM_img_0751.jpg,NoSCAM,img_0751,0.23956707119941711,0.15690107643604279,0.08266599476337433,True,True
NoSCAM_img_0752.jpg,NoSCAM,boulder,duck,2.305,NoSCAM_img_0752,/external-cache/fse_typographic_20260926/external/SCAM/images.zip,images/train/NoSCAM_img_0752.jpg,NoSCAM,img_0752,0.2549949586391449,0.17192167043685913,0.08307328820228577,True,False
NoSCAM_img_0753.jpg,NoSCAM,bird feeder,lock,2.262,NoSCAM_img_0753,/external-cache/fse_typographic_20260926/external/SCAM/images.zip,images/train/NoSCAM_img_0753.jpg,NoSCAM,img_0753,0.28807732462882996,0.12174907326698303,0.16632825136184692,True,True
NoSCAM_img_0754.jpg,NoSCAM,trash bin,fan,1.772,NoSCAM_img_0754,/external-cache/fse_typographic_20260926/external/SCAM/images.zip,images/train/NoSCAM_img_0754.jpg,NoSCAM,img_0754,0.24512061476707458,0.15072564780712128,0.09439496695995331,True,True
NoSCAM_img_0755.jpg,NoSCAM,chalk bag,ball,3.445,NoSCAM_img_0755,/external-cache/fse_typographic_20260926/external/SCAM/images.zip,images/train/NoSCAM_img_0755.jpg,NoSCAM,img_0755,0.29227566719055176,0.14491596817970276,0.147359699010849,True,True
NoSCAM_img_0756.jpg,NoSCAM,bucket,yield,2.613,NoSCAM_img_0756,/external-cache/fse_typographic_20260926/external/SCAM/images.zip,images/train/NoSCAM_img_0756.jpg,NoSCAM,img_0756,0.2954539656639099,0.19007384777069092,0.105380117893219,True,True
NoSCAM_img_0757.jpg,NoSCAM,paint roller,taxi,5.082,NoSCAM_img_0757,/external-cache/fse_typographic_20260926/external/SCAM/images.zip,images/train/NoSCAM_img_0757.jpg,NoSCAM,img_0757,0.24017050862312317,0.10163545608520508,0.1385350525379181,True,False
NoSCAM_img_0758.jpg,NoSCAM,paint brush,ocean,7.505,NoSCAM_img_0758,/external-cache/fse_typographic_20260926/external/SCAM/images.zip,images/train/NoSCAM_img_0758.jpg,NoSCAM,img_0758,0.23372617363929749,0.11771485209465027,0.11601132154464722,True,False
NoSCAM_img_0759.jpg,NoSCAM,grill,sloth,2.575,NoSCAM_img_0759,/external-cache/fse_typographic_20260926/external/SCAM/images.zip,images/train/NoSCAM_img_0759.jpg,NoSCAM,img_0759,0.2269386202096939,0.09190085530281067,0.13503776490688324,True,False
NoSCAM_img_0760.jpg,NoSCAM,ice pack,stop,5.079,NoSCAM_img_0760,/external-cache/fse_typographic_20260926/external/SCAM/images.zip,images/train/NoSCAM_img_0760.jpg,NoSCAM,img_0760,0.2684784531593323,0.18139073252677917,0.0870877206325531,True,True
NoSCAM_img_0761.jpg,NoSCAM,grill,truck,3.656,NoSCAM_img_0761,/external-cache/fse_typographic_20260926/external/SCAM/images.zip,images/train/NoSCAM_img_0761.jpg,NoSCAM,img_0761,0.2492494285106659,0.07815881073474884,0.17109061777591705,True,True
NoSCAM_img_0762.jpg,NoSCAM,pillow,lake,2.235,NoSCAM_img_0762,/external-cache/fse_typographic_20260926/external/SCAM/images.zip,images/train/NoSCAM_img_0762.jpg,NoSCAM,img_0762,0.25229161977767944,0.08362746238708496,0.16866415739059448,True,True
NoSCAM_img_0763.jpg,NoSCAM,lawn chair,merge,2.346,NoSCAM_img_0763,/external-cache/fse_typographic_20260926/external/SCAM/images.zip,images/train/NoSCAM_img_0763.jpg,NoSCAM,img_0763,0.2794942557811737,0.14036370813846588,0.13913054764270782,True,True
NoSCAM_img_0764.jpg,NoSCAM,lawn chair,van,0.75,NoSCAM_img_0764,/external-cache/fse_typographic_20260926/external/SCAM/images.zip,images/train/NoSCAM_img_0764.jpg,NoSCAM,img_0764,0.29086583852767944,0.12496617436408997,0.16589966416358948,True,True
NoSCAM_img_0765.jpg,NoSCAM,hare,river,3.933,NoSCAM_img_0765,/external-cache/fse_typographic_20260926/external/SCAM/images.zip,images/train/NoSCAM_img_0765.jpg,NoSCAM,img_0765,0.22255676984786987,0.10462146252393723,0.11793530732393265,True,False
NoSCAM_img_0766.jpg,NoSCAM,wood,pig,7.282,NoSCAM_img_0766,/external-cache/fse_typographic_20260926/external/SCAM/images.zip,images/train/NoSCAM_img_0766.jpg,NoSCAM,img_0766,0.23740437626838684,0.1452726274728775,0.09213174879550934,True,True
NoSCAM_img_0767.jpg,NoSCAM,boot,beach,2.88,NoSCAM_img_0767,/external-cache/fse_typographic_20260926/external/SCAM/images.zip,images/train/NoSCAM_img_0767.jpg,NoSCAM,img_0767,0.2548348009586334,0.13652297854423523,0.1183118224143982,True,True
NoSCAM_img_0768.jpg,NoSCAM,hare,pen,4.565,NoSCAM_img_0768,/external-cache/fse_typographic_20260926/external/SCAM/images.zip,images/train/NoSCAM_img_0768.jpg,NoSCAM,img_0768,0.2145998179912567,0.13025203347206116,0.08434778451919556,True,False
NoSCAM_img_0769.jpg,NoSCAM,plant,scooter,2.628,NoSCAM_img_0769,/external-cache/fse_typographic_20260926/external/SCAM/images.zip,images/train/NoSCAM_img_0769.jpg,NoSCAM,img_0769,0.24045297503471375,0.10434933006763458,0.13610364496707916,True,True
NoSCAM_img_0770.jpg,NoSCAM,flower,forest,5.638,NoSCAM_img_0770,/external-cache/fse_typographic_20260926/external/SCAM/images.zip,images/train/NoSCAM_img_0770.jpg,NoSCAM,img_0770,0.19150197505950928,0.10484553873538971,0.08665643632411957,True,False
NoSCAM_img_0771.jpg,NoSCAM,candle,traffic light,3.971,NoSCAM_img_0771,/external-cache/fse_typographic_20260926/external/SCAM/images.zip,images/train/NoSCAM_img_0771.jpg,NoSCAM,img_0771,0.23860269784927368,0.12394887208938599,0.1146538257598877,True,False
NoSCAM_img_0772.jpg,NoSCAM,plant,signal,3.874,NoSCAM_img_0772,/external-cache/fse_typographic_20260926/external/SCAM/images.zip,images/train/NoSCAM_img_0772.jpg,NoSCAM,img_0772,0.2190212458372116,0.10999743640422821,0.1090238094329834,True,True
NoSCAM_img_0773.jpg,NoSCAM,watering can,desert,3.018,NoSCAM_img_0773,/external-cache/fse_typographic_20260926/external/SCAM/images.zip,images/train/NoSCAM_img_0773.jpg,NoSCAM,img_0773,0.24274811148643494,0.14091554284095764,0.1018325686454773,True,False
NoSCAM_img_0774.jpg,NoSCAM,glove,flower,7.244,NoSCAM_img_0774,/external-cache/fse_typographic_20260926/external/SCAM/images.zip,images/train/NoSCAM_img_0774.jpg,NoSCAM,img_0774,0.19943231344223022,0.10746008157730103,0.0919722318649292,True,False
NoSCAM_img_0775.jpg,NoSCAM,plant,curve,2.506,NoSCAM_img_0775,/external-cache/fse_typographic_20260926/external/SCAM/images.zip,images/train/NoSCAM_img_0775.jpg,NoSCAM,img_0775,0.2183694839477539,0.14659474790096283,0.07177473604679108,True,False
NoSCAM_img_0776.jpg,NoSCAM,plant,train,5.977,NoSCAM_img_0776,/external-cache/fse_typographic_20260926/external/SCAM/images.zip,images/train/NoSCAM_img_0776.jpg,NoSCAM,img_0776,0.2290254533290863,0.12875385582447052,0.10027159750461578,True,False
NoSCAM_img_0777.jpg,NoSCAM,pot,grass,5.724,NoSCAM_img_0777,/external-cache/fse_typographic_20260926/external/SCAM/images.zip,images/train/NoSCAM_img_0777.jpg,NoSCAM,img_0777,0.21281343698501587,0.12069343775510788,0.09211999922990799,True,False
NoSCAM_img_0778.jpg,NoSCAM,fish,bike,7.924,NoSCAM_img_0778,/external-cache/fse_typographic_20260926/external/SCAM/images.zip,images/train/NoSCAM_img_0778.jpg,NoSCAM,img_0778,0.22450639307498932,0.09199338406324387,0.13251301646232605,True,True
NoSCAM_img_0779.jpg,NoSCAM,cage,tree,7.159,NoSCAM_img_0779,/external-cache/fse_typographic_20260926/external/SCAM/images.zip,images/train/NoSCAM_img_0779.jpg,NoSCAM,img_0779,0.2376212328672409,0.09807687997817993,0.13954435288906097,True,False
NoSCAM_img_0780.jpg,NoSCAM,feeder,seed,8.025,NoSCAM_img_0780,/external-cache/fse_typographic_20260926/external/SCAM/images.zip,images/train/NoSCAM_img_0780.jpg,NoSCAM,img_0780,0.1712885946035385,0.1701144576072693,0.001174136996269226,True,False
NoSCAM_img_0781.jpg,NoSCAM,shovel,lane,1.77,NoSCAM_img_0781,/external-cache/fse_typographic_20260926/external/SCAM/images.zip,images/train/NoSCAM_img_0781.jpg,NoSCAM,img_0781,0.22886981070041656,0.1174793541431427,0.11139045655727386,True,False
NoSCAM_img_0782.jpg,NoSCAM,glove,boulder,4.308,NoSCAM_img_0782,/external-cache/fse_typographic_20260926/external/SCAM/images.zip,images/train/NoSCAM_img_0782.jpg,NoSCAM,img_0782,0.24543994665145874,0.09912702441215515,0.1463129222393036,True,False
NoSCAM_img_0783.jpg,NoSCAM,spade,bed,3.632,NoSCAM_img_0783,/external-cache/fse_typographic_20260926/external/SCAM/images.zip,images/train/NoSCAM_img_0783.jpg,NoSCAM,img_0783,0.2630356252193451,0.14777453243732452,0.11526109278202057,True,False
NoSCAM_img_0784.jpg,NoSCAM,lightbulb,median,8.921,NoSCAM_img_0784,/external-cache/fse_typographic_20260926/external/SCAM/images.zip,images/train/NoSCAM_img_0784.jpg,NoSCAM,img_0784,0.25790780782699585,0.16895785927772522,0.08894994854927063,True,True
NoSCAM_img_0785.jpg,NoSCAM,rubber duck,hair,7.826,NoSCAM_img_0785,/external-cache/fse_typographic_20260926/external/SCAM/images.zip,images/train/NoSCAM_img_0785.jpg,NoSCAM,img_0785,0.2681506872177124,0.11743387579917908,0.15071681141853333,True,True
NoSCAM_img_0786.jpg,NoSCAM,brush,mad,4.404,NoSCAM_img_0786,/external-cache/fse_typographic_20260926/external/SCAM/images.zip,images/train/NoSCAM_img_0786.jpg,NoSCAM,img_0786,0.237535297870636,0.12423408031463623,0.11330121755599976,True,False
NoSCAM_img_0787.jpg,NoSCAM,faucet,exit,3.329,NoSCAM_img_0787,/external-cache/fse_typographic_20260926/external/SCAM/images.zip,images/train/NoSCAM_img_0787.jpg,NoSCAM,img_0787,0.2671661078929901,0.10979354381561279,0.15737256407737732,True,True
NoSCAM_img_0788.jpg,NoSCAM,safe,hole,4.64,NoSCAM_img_0788,/external-cache/fse_typographic_20260926/external/SCAM/images.zip,images/train/NoSCAM_img_0788.jpg,NoSCAM,img_0788,0.2353963553905487,0.1636725515127182,0.0717238038778305,True,False
NoSCAM_img_0789.jpg,NoSCAM,safe,slow,4.139,NoSCAM_img_0789,/external-cache/fse_typographic_20260926/external/SCAM/images.zip,images/train/NoSCAM_img_0789.jpg,NoSCAM,img_0789,0.2482396960258484,0.15666604042053223,0.09157365560531616,True,False
NoSCAM_img_0790.jpg,NoSCAM,tire,rock,5.226,NoSCAM_img_0790,/external-cache/fse_typographic_20260926/external/SCAM/images.zip,images/train/NoSCAM_img_0790.jpg,NoSCAM,img_0790,0.265125572681427,0.1315065324306488,0.1336190402507782,True,False
NoSCAM_img_0791.jpg,NoSCAM,exit sign,crystal,6.336,NoSCAM_img_0791,/external-cache/fse_typographic_20260926/external/SCAM/images.zip,images/train/NoSCAM_img_0791.jpg,NoSCAM,img_0791,0.2695751190185547,0.1316405087709427,0.137934610247612,True,False
NoSCAM_img_0792.jpg,NoSCAM,sign,zebra,4.657,NoSCAM_img_0792,/external-cache/fse_typographic_20260926/external/SCAM/images.zip,images/train/NoSCAM_img_0792.jpg,NoSCAM,img_0792,0.20016923546791077,0.1239408552646637,0.07622838020324707,True,False
NoSCAM_img_0793.jpg,NoSCAM,saw,honey,3.808,NoSCAM_img_0793,/external-cache/fse_typographic_20260926/external/SCAM/images.zip,images/train/NoSCAM_img_0793.jpg,NoSCAM,img_0793,0.264260858297348,0.14269064366817474,0.12157021462917328,True,True
NoSCAM_img_0794.jpg,NoSCAM,canister,horn,4.814,NoSCAM_img_0794,/external-cache/fse_typographic_20260926/external/SCAM/images.zip,images/train/NoSCAM_img_0794.jpg,NoSCAM,img_0794,0.20653563737869263,0.1454610526561737,0.06107458472251892,True,False
NoSCAM_img_0795.jpg,NoSCAM,canister,horse,5.362,NoSCAM_img_0795,/external-cache/fse_typographic_20260926/external/SCAM/images.zip,images/train/NoSCAM_img_0795.jpg,NoSCAM,img_0795,0.1909792125225067,0.11242328584194183,0.07855592668056488,True,False
NoSCAM_img_0796.jpg,NoSCAM,helmet,horse,6.82,NoSCAM_img_0796,/external-cache/fse_typographic_20260926/external/SCAM/images.zip,images/train/NoSCAM_img_0796.jpg,NoSCAM,img_0796,0.27310749888420105,0.15502223372459412,0.11808526515960693,True,True
NoSCAM_img_0797.jpg,NoSCAM,cross wrench,ice,2.272,NoSCAM_img_0797,/external-cache/fse_typographic_20260926/external/SCAM/images.zip,images/train/NoSCAM_img_0797.jpg,NoSCAM,img_0797,0.29493871331214905,0.12956571578979492,0.16537299752235413,True,True
NoSCAM_img_0798.jpg,NoSCAM,hammer,iron,3.462,NoSCAM_img_0798,/external-cache/fse_typographic_20260926/external/SCAM/images.zip,images/train/NoSCAM_img_0798.jpg,NoSCAM,img_0798,0.2680503726005554,0.19872510433197021,0.0693252682685852,True,False
NoSCAM_img_0799.jpg,NoSCAM,flipper,jar,10.169,NoSCAM_img_0799,/external-cache/fse_typographic_20260926/external/SCAM/images.zip,images/train/NoSCAM_img_0799.jpg,NoSCAM,img_0799,0.21163034439086914,0.1270042359828949,0.08462610840797424,True,False
NoSCAM_img_0800.jpg,NoSCAM,boot,jeep,4.229,NoSCAM_img_0800,/external-cache/fse_typographic_20260926/external/SCAM/images.zip,images/train/NoSCAM_img_0800.jpg,NoSCAM,img_0800,0.27071911096572876,0.08815544843673706,0.1825636625289917,True,False
NoSCAM_img_0801.jpg,NoSCAM,helmet,key,3.811,NoSCAM_img_0801,/external-cache/fse_typographic_20260926/external/SCAM/images.zip,images/train/NoSCAM_img_0801.jpg,NoSCAM,img_0801,0.23559260368347168,0.15244317054748535,0.08314943313598633,True,False
NoSCAM_img_0802.jpg,NoSCAM,figurine,knife,3.67,NoSCAM_img_0802,/external-cache/fse_typographic_20260926/external/SCAM/images.zip,images/train/NoSCAM_img_0802.jpg,NoSCAM,img_0802,0.24540460109710693,0.14325979351997375,0.10214480757713318,True,True
NoSCAM_img_0803.jpg,NoSCAM,wrench,ladder,3.891,NoSCAM_img_0803,/external-cache/fse_typographic_20260926/external/SCAM/images.zip,images/train/NoSCAM_img_0803.jpg,NoSCAM,img_0803,0.3088850975036621,0.15803709626197815,0.15084800124168396,True,True
NoSCAM_img_0804.jpg,NoSCAM,screwdriver,lamp,4.874,NoSCAM_img_0804,/external-cache/fse_typographic_20260926/external/SCAM/images.zip,images/train/NoSCAM_img_0804.jpg,NoSCAM,img_0804,0.31420573592185974,0.13446810841560364,0.1797376275062561,True,True
NoSCAM_img_0805.jpg,NoSCAM,electric screwdriver,leaf,5.273,NoSCAM_img_0805,/external-cache/fse_typographic_20260926/external/SCAM/images.zip,images/train/NoSCAM_img_0805.jpg,NoSCAM,img_0805,0.2697696387767792,0.1082405373454094,0.16152909398078918,True,True
NoSCAM_img_0806.jpg,NoSCAM,lighter,lemon,2.96,NoSCAM_img_0806,/external-cache/fse_typographic_20260926/external/SCAM/images.zip,images/train/NoSCAM_img_0806.jpg,NoSCAM,img_0806,0.18456710875034332,0.15577271580696106,0.028794392943382263,True,False
NoSCAM_img_0807.jpg,NoSCAM,basket,lion,5.026,NoSCAM_img_0807,/external-cache/fse_typographic_20260926/external/SCAM/images.zip,images/train/NoSCAM_img_0807.jpg,NoSCAM,img_0807,0.28354525566101074,0.11685068905353546,0.16669456660747528,True,True
NoSCAM_img_0808.jpg,NoSCAM,jar,lock,7.599,NoSCAM_img_0808,/external-cache/fse_typographic_20260926/external/SCAM/images.zip,images/train/NoSCAM_img_0808.jpg,NoSCAM,img_0808,0.26061680912971497,0.14493779838085175,0.11567901074886322,True,True
NoSCAM_img_0809.jpg,NoSCAM,grater,screw,7.877,NoSCAM_img_0809,/external-cache/fse_typographic_20260926/external/SCAM/images.zip,images/train/NoSCAM_img_0809.jpg,NoSCAM,img_0809,0.2845584750175476,0.17025230824947357,0.11430616676807404,True,True
NoSCAM_img_0810.jpg,NoSCAM,shaker,mirror,9.206,NoSCAM_img_0810,/external-cache/fse_typographic_20260926/external/SCAM/images.zip,images/train/NoSCAM_img_0810.jpg,NoSCAM,img_0810,0.2288900762796402,0.17088793218135834,0.05800214409828186,True,False
NoSCAM_img_0811.jpg,NoSCAM,broom,grape,2.193,NoSCAM_img_0811,/external-cache/fse_typographic_20260926/external/SCAM/images.zip,images/train/NoSCAM_img_0811.jpg,NoSCAM,img_0811,0.2885895073413849,0.15931610763072968,0.1292733997106552,True,True
NoSCAM_img_0812.jpg,NoSCAM,hand brush and dustpan,frog,3.86,NoSCAM_img_0812,/external-cache/fse_typographic_20260926/external/SCAM/images.zip,images/train/NoSCAM_img_0812.jpg,NoSCAM,img_0812,0.29452672600746155,0.1292593777179718,0.16526734828948975,True,True
NoSCAM_img_0813.jpg,NoSCAM,coat hanger,flag,2.541,NoSCAM_img_0813,/external-cache/fse_typographic_20260926/external/SCAM/images.zip,images/train/NoSCAM_img_0813.jpg,NoSCAM,img_0813,0.3090370297431946,0.17342925071716309,0.1356077790260315,True,False
NoSCAM_img_0814.jpg,NoSCAM,pillow,slippery,2.723,NoSCAM_img_0814,/external-cache/fse_typographic_20260926/external/SCAM/images.zip,images/train/NoSCAM_img_0814.jpg,NoSCAM,img_0814,0.2477472573518753,0.10745547711849213,0.14029178023338318,True,True
NoSCAM_img_0815.jpg,NoSCAM,cable drum,slow,3.961,NoSCAM_img_0815,/external-cache/fse_typographic_20260926/external/SCAM/images.zip,images/train/NoSCAM_img_0815.jpg,NoSCAM,img_0815,0.293797105550766,0.16642066836357117,0.12737643718719482,True,True
NoSCAM_img_0816.jpg,NoSCAM,light switch,speed limit,5.706,NoSCAM_img_0816,/external-cache/fse_typographic_20260926/external/SCAM/images.zip,images/train/NoSCAM_img_0816.jpg,NoSCAM,img_0816,0.2607921063899994,0.11856011301279068,0.1422320008277893,True,False
NoSCAM_img_0817.jpg,NoSCAM,cat tower,bridge out,5.25,NoSCAM_img_0817,/external-cache/fse_typographic_20260926/external/SCAM/images.zip,images/train/NoSCAM_img_0817.jpg,NoSCAM,img_0817,0.28673893213272095,0.1407005786895752,0.14603835344314575,True,True
NoSCAM_img_0818.jpg,NoSCAM,bird feeder,shadow,2.031,NoSCAM_img_0818,/external-cache/fse_typographic_20260926/external/SCAM/images.zip,images/train/NoSCAM_img_0818.jpg,NoSCAM,img_0818,0.2540002167224884,0.14798790216445923,0.10601231455802917,True,True
NoSCAM_img_0819.jpg,NoSCAM,bowl,flower,5.693,NoSCAM_img_0819,/external-cache/fse_typographic_20260926/external/SCAM/images.zip,images/train/NoSCAM_img_0819.jpg,NoSCAM,img_0819,0.21841642260551453,0.1298598349094391,0.08855658769607544,True,False
NoSCAM_img_0820.jpg,NoSCAM,watering can,sloth,1.642,NoSCAM_img_0820,/external-cache/fse_typographic_20260926/external/SCAM/images.zip,images/train/NoSCAM_img_0820.jpg,NoSCAM,img_0820,0.2641827464103699,0.07885484397411346,0.1853279024362564,True,True
NoSCAM_img_0821.jpg,NoSCAM,glas,pen,6.461,NoSCAM_img_0821,/external-cache/fse_typographic_20260926/external/SCAM/images.zip,images/train/NoSCAM_img_0821.jpg,NoSCAM,img_0821,0.2146514654159546,0.16416612267494202,0.05048534274101257,True,False
NoSCAM_img_0822.jpg,NoSCAM,pokemon ball,ladder,9.77,NoSCAM_img_0822,/external-cache/fse_typographic_20260926/external/SCAM/images.zip,images/train/NoSCAM_img_0822.jpg,NoSCAM,img_0822,0.28072214126586914,0.12545092403888702,0.15527121722698212,True,True
NoSCAM_img_0823.jpg,NoSCAM,spice mill,basketball,5.364,NoSCAM_img_0823,/external-cache/fse_typographic_20260926/external/SCAM/images.zip,images/train/NoSCAM_img_0823.jpg,NoSCAM,img_0823,0.2105642557144165,0.13967061042785645,0.07089364528656006,True,False
NoSCAM_img_0824.jpg,NoSCAM,remote,knife,10.526,NoSCAM_img_0824,/external-cache/fse_typographic_20260926/external/SCAM/images.zip,images/train/NoSCAM_img_0824.jpg,NoSCAM,img_0824,0.2754502296447754,0.19492405652999878,0.08052617311477661,True,True
NoSCAM_img_0825.jpg,NoSCAM,figurine,tree,4.706,NoSCAM_img_0825,/external-cache/fse_typographic_20260926/external/SCAM/images.zip,images/train/NoSCAM_img_0825.jpg,NoSCAM,img_0825,0.20998680591583252,0.11644098907709122,0.0935458168387413,True,False
NoSCAM_img_0826.jpg,NoSCAM,puzzle piece,knife,7.35,NoSCAM_img_0826,/external-cache/fse_typographic_20260926/external/SCAM/images.zip,images/train/NoSCAM_img_0826.jpg,NoSCAM,img_0826,0.30028998851776123,0.16557800769805908,0.13471198081970215,True,False
NoSCAM_img_0827.jpg,NoSCAM,jam,garbage bin,6.286,NoSCAM_img_0827,/external-cache/fse_typographic_20260926/external/SCAM/images.zip,images/train/NoSCAM_img_0827.jpg,NoSCAM,img_0827,0.22140927612781525,0.1556767076253891,0.06573256850242615,True,False
NoSCAM_img_0828.jpg,NoSCAM,figurine,garbage bin,11.209,NoSCAM_img_0828,/external-cache/fse_typographic_20260926/external/SCAM/images.zip,images/train/NoSCAM_img_0828.jpg,NoSCAM,img_0828,0.19672372937202454,0.13834361732006073,0.058380112051963806,True,False
NoSCAM_img_0829.jpg,NoSCAM,deodorant,scarf,8.263,NoSCAM_img_0829,/external-cache/fse_typographic_20260926/external/SCAM/images.zip,images/train/NoSCAM_img_0829.jpg,NoSCAM,img_0829,0.2781580984592438,0.18709060549736023,0.09106749296188354,True,False
NoSCAM_img_0830.jpg,NoSCAM,tape,scarf,9.214,NoSCAM_img_0830,/external-cache/fse_typographic_20260926/external/SCAM/images.zip,images/train/NoSCAM_img_0830.jpg,NoSCAM,img_0830,0.2684425413608551,0.16193550825119019,0.10650703310966492,True,True
NoSCAM_img_0831.jpg,NoSCAM,marker,garbage bin,11.76,NoSCAM_img_0831,/external-cache/fse_typographic_20260926/external/SCAM/images.zip,images/train/NoSCAM_img_0831.jpg,NoSCAM,img_0831,0.24682757258415222,0.1664600372314453,0.08036753535270691,True,False
NoSCAM_img_0832.jpg,NoSCAM,dice,cable,17.926,NoSCAM_img_0832,/external-cache/fse_typographic_20260926/external/SCAM/images.zip,images/train/NoSCAM_img_0832.jpg,NoSCAM,img_0832,0.2934221029281616,0.1686808168888092,0.12474128603935242,True,True
NoSCAM_img_0833.jpg,NoSCAM,figurine,cable,11.015,NoSCAM_img_0833,/external-cache/fse_typographic_20260926/external/SCAM/images.zip,images/train/NoSCAM_img_0833.jpg,NoSCAM,img_0833,0.21089059114456177,0.14793485403060913,0.06295573711395264,True,False
NoSCAM_img_0834.jpg,NoSCAM,hat,cable,5.147,NoSCAM_img_0834,/external-cache/fse_typographic_20260926/external/SCAM/images.zip,images/train/NoSCAM_img_0834.jpg,NoSCAM,img_0834,0.25959447026252747,0.15909768640995026,0.10049678385257721,True,True
NoSCAM_img_0835.jpg,NoSCAM,glove,knife,5.694,NoSCAM_img_0835,/external-cache/fse_typographic_20260926/external/SCAM/images.zip,images/train/NoSCAM_img_0835.jpg,NoSCAM,img_0835,0.2670494318008423,0.20145130157470703,0.06559813022613525,True,True
NoSCAM_img_0836.jpg,NoSCAM,glasses,cellphone,11.763,NoSCAM_img_0836,/external-cache/fse_typographic_20260926/external/SCAM/images.zip,images/train/NoSCAM_img_0836.jpg,NoSCAM,img_0836,0.26507529616355896,0.18458858132362366,0.0804867148399353,True,True
NoSCAM_img_0837.jpg,NoSCAM,controller,cellphone,9.71,NoSCAM_img_0837,/external-cache/fse_typographic_20260926/external/SCAM/images.zip,images/train/NoSCAM_img_0837.jpg,NoSCAM,img_0837,0.2628468871116638,0.17114019393920898,0.09170669317245483,True,True
NoSCAM_img_0838.jpg,NoSCAM,lamp,cellphone,12.498,NoSCAM_img_0838,/external-cache/fse_typographic_20260926/external/SCAM/images.zip,images/train/NoSCAM_img_0838.jpg,NoSCAM,img_0838,0.17417800426483154,0.20210394263267517,-0.027925938367843628,False,False
NoSCAM_img_0839.jpg,NoSCAM,lamp,pen,11.248,NoSCAM_img_0839,/external-cache/fse_typographic_20260926/external/SCAM/images.zip,images/train/NoSCAM_img_0839.jpg,NoSCAM,img_0839,0.1939345896244049,0.19152453541755676,0.0024100542068481445,True,False
NoSCAM_img_0840.jpg,NoSCAM,boat figurine,pen,1.471,NoSCAM_img_0840,/external-cache/fse_typographic_20260926/external/SCAM/images.zip,images/train/NoSCAM_img_0840.jpg,NoSCAM,img_0840,0.2148568034172058,0.15087246894836426,0.06398433446884155,True,False
NoSCAM_img_0841.jpg,NoSCAM,hot water bottle,pen,5.176,NoSCAM_img_0841,/external-cache/fse_typographic_20260926/external/SCAM/images.zip,images/train/NoSCAM_img_0841.jpg,NoSCAM,img_0841,0.3039768934249878,0.151067852973938,0.1529090404510498,True,True
NoSCAM_img_0842.jpg,NoSCAM,basket ball,pen,2.215,NoSCAM_img_0842,/external-cache/fse_typographic_20260926/external/SCAM/images.zip,images/train/NoSCAM_img_0842.jpg,NoSCAM,img_0842,0.27105775475502014,0.16846033930778503,0.10259741544723511,True,False
NoSCAM_img_0843.jpg,NoSCAM,plate,pen,4.941,NoSCAM_img_0843,/external-cache/fse_typographic_20260926/external/SCAM/images.zip,images/train/NoSCAM_img_0843.jpg,NoSCAM,img_0843,0.27458998560905457,0.13474909961223602,0.13984088599681854,True,True
NoSCAM_img_0844.jpg,NoSCAM,bowl,tree,6.032,NoSCAM_img_0844,/external-cache/fse_typographic_20260926/external/SCAM/images.zip,images/train/NoSCAM_img_0844.jpg,NoSCAM,img_0844,0.2595362365245819,0.13234961032867432,0.1271866261959076,True,True
NoSCAM_img_0845.jpg,NoSCAM,paper towel,tree,4.57,NoSCAM_img_0845,/external-cache/fse_typographic_20260926/external/SCAM/images.zip,images/train/NoSCAM_img_0845.jpg,NoSCAM,img_0845,0.2926419973373413,0.1613921821117401,0.1312498152256012,True,False
NoSCAM_img_0846.jpg,NoSCAM,champagne,tree,3.974,NoSCAM_img_0846,/external-cache/fse_typographic_20260926/external/SCAM/images.zip,images/train/NoSCAM_img_0846.jpg,NoSCAM,img_0846,0.2915813624858856,0.1456383615732193,0.14594300091266632,True,True
NoSCAM_img_0847.jpg,NoSCAM,glass,tree,6.132,NoSCAM_img_0847,/external-cache/fse_typographic_20260926/external/SCAM/images.zip,images/train/NoSCAM_img_0847.jpg,NoSCAM,img_0847,0.18220505118370056,0.13557648658752441,0.04662856459617615,True,False
NoSCAM_img_0848.jpg,NoSCAM,shoe,tree,4.461,NoSCAM_img_0848,/external-cache/fse_typographic_20260926/external/SCAM/images.zip,images/train/NoSCAM_img_0848.jpg,NoSCAM,img_0848,0.2259499430656433,0.12597180902957916,0.09997813403606415,True,False
NoSCAM_img_0849.jpg,NoSCAM,t-shirt,tree,1.418,NoSCAM_img_0849,/external-cache/fse_typographic_20260926/external/SCAM/images.zip,images/train/NoSCAM_img_0849.jpg,NoSCAM,img_0849,0.2559437155723572,0.1256154477596283,0.13032826781272888,True,True
NoSCAM_img_0850.jpg,NoSCAM,watch,knife,3.887,NoSCAM_img_0850,/external-cache/fse_typographic_20260926/external/SCAM/images.zip,images/train/NoSCAM_img_0850.jpg,NoSCAM,img_0850,0.2742931842803955,0.1929972767829895,0.081295907497406,True,True
NoSCAM_img_0851.jpg,NoSCAM,juicer,knife,6.738,NoSCAM_img_0851,/external-cache/fse_typographic_20260926/external/SCAM/images.zip,images/train/NoSCAM_img_0851.jpg,NoSCAM,img_0851,0.18814051151275635,0.1833425611257553,0.004797950387001038,True,False
NoSCAM_img_0852.jpg,NoSCAM,rolling pin,cable,3.877,NoSCAM_img_0852,/external-cache/fse_typographic_20260926/external/SCAM/images.zip,images/train/NoSCAM_img_0852.jpg,NoSCAM,img_0852,0.3723357319831848,0.1400066614151001,0.23232907056808472,True,True
NoSCAM_img_0853.jpg,NoSCAM,vegetable peeler,cable,6.236,NoSCAM_img_0853,/external-cache/fse_typographic_20260926/external/SCAM/images.zip,images/train/NoSCAM_img_0853.jpg,NoSCAM,img_0853,0.2360849678516388,0.18743036687374115,0.048654600977897644,True,False
NoSCAM_img_0854.jpg,NoSCAM,onion,cellphone,7.502,NoSCAM_img_0854,/external-cache/fse_typographic_20260926/external/SCAM/images.zip,images/train/NoSCAM_img_0854.jpg,NoSCAM,img_0854,0.3069598078727722,0.16375353932380676,0.14320626854896545,True,False
NoSCAM_img_0855.jpg,NoSCAM,ball,grenade,5.761,NoSCAM_img_0855,/external-cache/fse_typographic_20260926/external/SCAM/images.zip,images/train/NoSCAM_img_0855.jpg,NoSCAM,img_0855,0.24414309859275818,0.19698286056518555,0.04716023802757263,True,True
NoSCAM_img_0856.jpg,NoSCAM,keys,piano,2.406,NoSCAM_img_0856,/external-cache/fse_typographic_20260926/external/SCAM/images.zip,images/train/NoSCAM_img_0856.jpg,NoSCAM,img_0856,0.21725979447364807,0.2654579281806946,-0.04819813370704651,False,False
NoSCAM_img_0857.jpg,NoSCAM,board,sea,1.847,NoSCAM_img_0857,/external-cache/fse_typographic_20260926/external/SCAM/images.zip,images/train/NoSCAM_img_0857.jpg,NoSCAM,img_0857,0.20709769427776337,0.14991913735866547,0.0571785569190979,True,False
NoSCAM_img_0858.jpg,NoSCAM,drum,mountain,1.906,NoSCAM_img_0858,/external-cache/fse_typographic_20260926/external/SCAM/images.zip,images/train/NoSCAM_img_0858.jpg,NoSCAM,img_0858,0.1971365064382553,0.11241741478443146,0.08471909165382385,True,False
NoSCAM_img_0859.jpg,NoSCAM,glass,hill,6.777,NoSCAM_img_0859,/external-cache/fse_typographic_20260926/external/SCAM/images.zip,images/train/NoSCAM_img_0859.jpg,NoSCAM,img_0859,0.24849218130111694,0.12885352969169617,0.11963865160942078,True,True
NoSCAM_img_0860.jpg,NoSCAM,bottle,wall,4.009,NoSCAM_img_0860,/external-cache/fse_typographic_20260926/external/SCAM/images.zip,images/train/NoSCAM_img_0860.jpg,NoSCAM,img_0860,0.24540847539901733,0.1514027714729309,0.09400570392608643,True,False
NoSCAM_img_0861.jpg,NoSCAM,chair,spok,1.473,NoSCAM_img_0861,/external-cache/fse_typographic_20260926/external/SCAM/images.zip,images/train/NoSCAM_img_0861.jpg,NoSCAM,img_0861,0.23409491777420044,0.1414332389831543,0.09266167879104614,True,True
NoSCAM_img_0862.jpg,NoSCAM,lamp,macbook,0.938,NoSCAM_img_0862,/external-cache/fse_typographic_20260926/external/SCAM/images.zip,images/train/NoSCAM_img_0862.jpg,NoSCAM,img_0862,0.26064619421958923,0.16951844096183777,0.09112775325775146,True,True
NoSCAM_img_0863.jpg,NoSCAM,vacuum,bike,1.461,NoSCAM_img_0863,/external-cache/fse_typographic_20260926/external/SCAM/images.zip,images/train/NoSCAM_img_0863.jpg,NoSCAM,img_0863,0.25995421409606934,0.15085220336914062,0.10910201072692871,True,False
NoSCAM_img_0864.jpg,NoSCAM,cabinet,santa claus,0.755,NoSCAM_img_0864,/external-cache/fse_typographic_20260926/external/SCAM/images.zip,images/train/NoSCAM_img_0864.jpg,NoSCAM,img_0864,0.22605744004249573,0.15256522595882416,0.07349221408367157,True,False
NoSCAM_img_0865.jpg,NoSCAM,radio,car,2.692,NoSCAM_img_0865,/external-cache/fse_typographic_20260926/external/SCAM/images.zip,images/train/NoSCAM_img_0865.jpg,NoSCAM,img_0865,0.25161606073379517,0.12490566074848175,0.12671039998531342,True,True
NoSCAM_img_0866.jpg,NoSCAM,bottle,tree,3.4,NoSCAM_img_0866,/external-cache/fse_typographic_20260926/external/SCAM/images.zip,images/train/NoSCAM_img_0866.jpg,NoSCAM,img_0866,0.2551172971725464,0.12840312719345093,0.12671416997909546,True,True
NoSCAM_img_0867.jpg,NoSCAM,oven,unicorn,2.142,NoSCAM_img_0867,/external-cache/fse_typographic_20260926/external/SCAM/images.zip,images/train/NoSCAM_img_0867.jpg,NoSCAM,img_0867,0.24818511307239532,0.10018747299909592,0.14799764752388,True,True
NoSCAM_img_0868.jpg,NoSCAM,goal,pen,1.432,NoSCAM_img_0868,/external-cache/fse_typographic_20260926/external/SCAM/images.zip,images/train/NoSCAM_img_0868.jpg,NoSCAM,img_0868,0.26039260625839233,0.14990627765655518,0.11048632860183716,True,True
NoSCAM_img_0869.jpg,NoSCAM,ball,woman,4.56,NoSCAM_img_0869,/external-cache/fse_typographic_20260926/external/SCAM/images.zip,images/train/NoSCAM_img_0869.jpg,NoSCAM,img_0869,0.2675083577632904,0.1437567174434662,0.12375164031982422,True,True
NoSCAM_img_0870.jpg,NoSCAM,globe,phone,3.171,NoSCAM_img_0870,/external-cache/fse_typographic_20260926/external/SCAM/images.zip,images/train/NoSCAM_img_0870.jpg,NoSCAM,img_0870,0.26719269156455994,0.1747972071170807,0.09239548444747925,True,True
NoSCAM_img_0871.jpg,NoSCAM,back,gun,1.997,NoSCAM_img_0871,/external-cache/fse_typographic_20260926/external/SCAM/images.zip,images/train/NoSCAM_img_0871.jpg,NoSCAM,img_0871,0.18412286043167114,0.11169669777154922,0.07242616266012192,True,False
NoSCAM_img_0872.jpg,NoSCAM,marker,beatles,8.57,NoSCAM_img_0872,/external-cache/fse_typographic_20260926/external/SCAM/images.zip,images/train/NoSCAM_img_0872.jpg,NoSCAM,img_0872,0.24906280636787415,0.11810345202684402,0.13095936179161072,True,False
NoSCAM_img_0873.jpg,NoSCAM,glove,green,3.669,NoSCAM_img_0873,/external-cache/fse_typographic_20260926/external/SCAM/images.zip,images/train/NoSCAM_img_0873.jpg,NoSCAM,img_0873,0.23695975542068481,0.1655077487230301,0.07145200669765472,True,False
NoSCAM_img_0874.jpg,NoSCAM,board,lion,1.48,NoSCAM_img_0874,/external-cache/fse_typographic_20260926/external/SCAM/images.zip,images/train/NoSCAM_img_0874.jpg,NoSCAM,img_0874,0.21638508141040802,0.1329929232597351,0.08339215815067291,True,False
NoSCAM_img_0875.jpg,NoSCAM,box,raccoon,2.113,NoSCAM_img_0875,/external-cache/fse_typographic_20260926/external/SCAM/images.zip,images/train/NoSCAM_img_0875.jpg,NoSCAM,img_0875,0.24270573258399963,0.15522606670856476,0.08747966587543488,True,False
NoSCAM_img_0876.jpg,NoSCAM,sandal,traffic light,3.887,NoSCAM_img_0876,/external-cache/fse_typographic_20260926/external/SCAM/images.zip,images/train/NoSCAM_img_0876.jpg,NoSCAM,img_0876,0.27890145778656006,0.08904978632926941,0.18985167145729065,True,True
NoSCAM_img_0877.jpg,NoSCAM,magazine,book,5.771,NoSCAM_img_0877,/external-cache/fse_typographic_20260926/external/SCAM/images.zip,images/train/NoSCAM_img_0877.jpg,NoSCAM,img_0877,0.18948128819465637,0.23137401044368744,-0.04189272224903107,False,False
NoSCAM_img_0878.jpg,NoSCAM,plant,pig,2.983,NoSCAM_img_0878,/external-cache/fse_typographic_20260926/external/SCAM/images.zip,images/train/NoSCAM_img_0878.jpg,NoSCAM,img_0878,0.2507902681827545,0.13962216675281525,0.11116810142993927,True,False
NoSCAM_img_0879.jpg,NoSCAM,watering can,stop sign,2.43,NoSCAM_img_0879,/external-cache/fse_typographic_20260926/external/SCAM/images.zip,images/train/NoSCAM_img_0879.jpg,NoSCAM,img_0879,0.31025487184524536,0.13482144474983215,0.1754334270954132,True,True
NoSCAM_img_0880.jpg,NoSCAM,figurine,picasso,2.546,NoSCAM_img_0880,/external-cache/fse_typographic_20260926/external/SCAM/images.zip,images/train/NoSCAM_img_0880.jpg,NoSCAM,img_0880,0.19007563591003418,0.1578970104455948,0.03217862546443939,True,False
NoSCAM_img_0881.jpg,NoSCAM,pumpkin,risotto rice,13.033,NoSCAM_img_0881,/external-cache/fse_typographic_20260926/external/SCAM/images.zip,images/train/NoSCAM_img_0881.jpg,NoSCAM,img_0881,0.2712167501449585,0.17693892121315002,0.09427782893180847,True,True
NoSCAM_img_0882.jpg,NoSCAM,sink,lentils,7.755,NoSCAM_img_0882,/external-cache/fse_typographic_20260926/external/SCAM/images.zip,images/train/NoSCAM_img_0882.jpg,NoSCAM,img_0882,0.284902423620224,0.1367703676223755,0.1481320559978485,True,False
NoSCAM_img_0883.jpg,NoSCAM,fire extinguisher,ship,2.862,NoSCAM_img_0883,/external-cache/fse_typographic_20260926/external/SCAM/images.zip,images/train/NoSCAM_img_0883.jpg,NoSCAM,img_0883,0.3052067160606384,0.11158343404531479,0.19362327456474304,True,True
NoSCAM_img_0884.jpg,NoSCAM,nuts,boy,12.514,NoSCAM_img_0884,/external-cache/fse_typographic_20260926/external/SCAM/images.zip,images/train/NoSCAM_img_0884.jpg,NoSCAM,img_0884,0.24347154796123505,0.15263020992279053,0.09084133803844452,True,False
NoSCAM_img_0885.jpg,NoSCAM,tea,child,8.833,NoSCAM_img_0885,/external-cache/fse_typographic_20260926/external/SCAM/images.zip,images/train/NoSCAM_img_0885.jpg,NoSCAM,img_0885,0.22657769918441772,0.14452195167541504,0.08205574750900269,True,True
NoSCAM_img_0886.jpg,NoSCAM,laptop,red light,3.182,NoSCAM_img_0886,/external-cache/fse_typographic_20260926/external/SCAM/images.zip,images/train/NoSCAM_img_0886.jpg,NoSCAM,img_0886,0.2532949447631836,0.16487321257591248,0.08842173218727112,True,True
NoSCAM_img_0887.jpg,NoSCAM,painting,grandpa,1.777,NoSCAM_img_0887,/external-cache/fse_typographic_20260926/external/SCAM/images.zip,images/train/NoSCAM_img_0887.jpg,NoSCAM,img_0887,0.2095945179462433,0.10701560974121094,0.10257890820503235,True,False
NoSCAM_img_0888.jpg,NoSCAM,remote,dog,6.893,NoSCAM_img_0888,/external-cache/fse_typographic_20260926/external/SCAM/images.zip,images/train/NoSCAM_img_0888.jpg,NoSCAM,img_0888,0.2847769260406494,0.1638323813676834,0.120944544672966,True,True
NoSCAM_img_0889.jpg,NoSCAM,puzzle,olive oil,3.064,NoSCAM_img_0889,/external-cache/fse_typographic_20260926/external/SCAM/images.zip,images/train/NoSCAM_img_0889.jpg,NoSCAM,img_0889,0.24691572785377502,0.06247278302907944,0.184442937374115,True,True
NoSCAM_img_0890.jpg,NoSCAM,plant,beer,5.998,NoSCAM_img_0890,/external-cache/fse_typographic_20260926/external/SCAM/images.zip,images/train/NoSCAM_img_0890.jpg,NoSCAM,img_0890,0.24170148372650146,0.12150505185127258,0.12019643187522888,True,False
NoSCAM_img_0891.jpg,NoSCAM,pillow,table,1.842,NoSCAM_img_0891,/external-cache/fse_typographic_20260926/external/SCAM/images.zip,images/train/NoSCAM_img_0891.jpg,NoSCAM,img_0891,0.26499003171920776,0.13663429021835327,0.1283557415008545,True,True
NoSCAM_img_0892.jpg,NoSCAM,clock,cow,5.227,NoSCAM_img_0892,/external-cache/fse_typographic_20260926/external/SCAM/images.zip,images/train/NoSCAM_img_0892.jpg,NoSCAM,img_0892,0.2659947872161865,0.14061391353607178,0.12538087368011475,True,True
NoSCAM_img_0893.jpg,NoSCAM,post,stop,1.278,NoSCAM_img_0893,/external-cache/fse_typographic_20260926/external/SCAM/images.zip,images/train/NoSCAM_img_0893.jpg,NoSCAM,img_0893,0.2570767104625702,0.21361017227172852,0.043466538190841675,True,True
NoSCAM_img_0894.jpg,NoSCAM,letter box,deer,1.581,NoSCAM_img_0894,/external-cache/fse_typographic_20260926/external/SCAM/images.zip,images/train/NoSCAM_img_0894.jpg,NoSCAM,img_0894,0.2810407280921936,0.14899811148643494,0.13204261660575867,True,True
NoSCAM_img_0895.jpg,NoSCAM,shopping cart,suv,1.112,NoSCAM_img_0895,/external-cache/fse_typographic_20260926/external/SCAM/images.zip,images/train/NoSCAM_img_0895.jpg,NoSCAM,img_0895,0.27504250407218933,0.15059486031532288,0.12444764375686646,True,False
NoSCAM_img_0896.jpg,NoSCAM,screwdriver,screw,3.992,NoSCAM_img_0896,/external-cache/fse_typographic_20260926/external/SCAM/images.zip,images/train/NoSCAM_img_0896.jpg,NoSCAM,img_0896,0.28002285957336426,0.21808186173439026,0.061940997838974,True,True
NoSCAM_img_0897.jpg,NoSCAM,spring,screw,3.345,NoSCAM_img_0897,/external-cache/fse_typographic_20260926/external/SCAM/images.zip,images/train/NoSCAM_img_0897.jpg,NoSCAM,img_0897,0.25902241468429565,0.21510207653045654,0.04392033815383911,True,True
NoSCAM_img_0898.jpg,NoSCAM,screw,screwdriver,5.645,NoSCAM_img_0898,/external-cache/fse_typographic_20260926/external/SCAM/images.zip,images/train/NoSCAM_img_0898.jpg,NoSCAM,img_0898,0.2748604714870453,0.20215830206871033,0.07270216941833496,True,False
NoSCAM_img_0899.jpg,NoSCAM,key,screwdriver,3.246,NoSCAM_img_0899,/external-cache/fse_typographic_20260926/external/SCAM/images.zip,images/train/NoSCAM_img_0899.jpg,NoSCAM,img_0899,0.2808400094509125,0.19640228152275085,0.08443772792816162,True,True
NoSCAM_img_0900.jpg,NoSCAM,resistor,transistor,4.257,NoSCAM_img_0900,/external-cache/fse_typographic_20260926/external/SCAM/images.zip,images/train/NoSCAM_img_0900.jpg,NoSCAM,img_0900,0.2771005928516388,0.2535383701324463,0.023562222719192505,True,True
NoSCAM_img_0901.jpg,NoSCAM,capacitor,transistor,3.237,NoSCAM_img_0901,/external-cache/fse_typographic_20260926/external/SCAM/images.zip,images/train/NoSCAM_img_0901.jpg,NoSCAM,img_0901,0.27579444646835327,0.23366542160511017,0.0421290248632431,True,True
NoSCAM_img_0902.jpg,NoSCAM,screwdriver,pen,2.853,NoSCAM_img_0902,/external-cache/fse_typographic_20260926/external/SCAM/images.zip,images/train/NoSCAM_img_0902.jpg,NoSCAM,img_0902,0.2622870206832886,0.18478606641292572,0.07750095427036285,True,True
NoSCAM_img_0903.jpg,NoSCAM,spring,pen,3.068,NoSCAM_img_0903,/external-cache/fse_typographic_20260926/external/SCAM/images.zip,images/train/NoSCAM_img_0903.jpg,NoSCAM,img_0903,0.25422734022140503,0.2036321759223938,0.05059516429901123,True,True
NoSCAM_img_0904.jpg,NoSCAM,microphone,cable,3.325,NoSCAM_img_0904,/external-cache/fse_typographic_20260926/external/SCAM/images.zip,images/train/NoSCAM_img_0904.jpg,NoSCAM,img_0904,0.2708952724933624,0.17164592444896698,0.09924934804439545,True,True
NoSCAM_img_0905.jpg,NoSCAM,pen,cable,2.889,NoSCAM_img_0905,/external-cache/fse_typographic_20260926/external/SCAM/images.zip,images/train/NoSCAM_img_0905.jpg,NoSCAM,img_0905,0.26591920852661133,0.15753476321697235,0.10838444530963898,True,True
NoSCAM_img_0906.jpg,NoSCAM,key,finger,12.032,NoSCAM_img_0906,/external-cache/fse_typographic_20260926/external/SCAM/images.zip,images/train/NoSCAM_img_0906.jpg,NoSCAM,img_0906,0.26593902707099915,0.18156342208385468,0.08437560498714447,True,True
NoSCAM_img_0907.jpg,NoSCAM,microcontroller,cable,11.344,NoSCAM_img_0907,/external-cache/fse_typographic_20260926/external/SCAM/images.zip,images/train/NoSCAM_img_0907.jpg,NoSCAM,img_0907,0.2642466425895691,0.15093380212783813,0.11331284046173096,True,True
NoSCAM_img_0908.jpg,NoSCAM,scissors,screwdriver,4.099,NoSCAM_img_0908,/external-cache/fse_typographic_20260926/external/SCAM/images.zip,images/train/NoSCAM_img_0908.jpg,NoSCAM,img_0908,0.2661610245704651,0.14537805318832397,0.12078297138214111,True,True
NoSCAM_img_0909.jpg,NoSCAM,hammer,pen,2.071,NoSCAM_img_0909,/external-cache/fse_typographic_20260926/external/SCAM/images.zip,images/train/NoSCAM_img_0909.jpg,NoSCAM,img_0909,0.269270122051239,0.1627410352230072,0.10652908682823181,True,False
NoSCAM_img_0910.jpg,NoSCAM,brush,cable,1.862,NoSCAM_img_0910,/external-cache/fse_typographic_20260926/external/SCAM/images.zip,images/train/NoSCAM_img_0910.jpg,NoSCAM,img_0910,0.2828172743320465,0.18823572993278503,0.09458154439926147,True,False
NoSCAM_img_0911.jpg,NoSCAM,pump,transistor,1.179,NoSCAM_img_0911,/external-cache/fse_typographic_20260926/external/SCAM/images.zip,images/train/NoSCAM_img_0911.jpg,NoSCAM,img_0911,0.1842641532421112,0.10168920457363129,0.08257494866847992,True,False
NoSCAM_img_0912.jpg,NoSCAM,toothbrush,screw,3.887,NoSCAM_img_0912,/external-cache/fse_typographic_20260926/external/SCAM/images.zip,images/train/NoSCAM_img_0912.jpg,NoSCAM,img_0912,0.29343926906585693,0.15960656106472015,0.13383270800113678,True,True
NoSCAM_img_0913.jpg,NoSCAM,bin,cable,3.062,NoSCAM_img_0913,/external-cache/fse_typographic_20260926/external/SCAM/images.zip,images/train/NoSCAM_img_0913.jpg,NoSCAM,img_0913,0.24171455204486847,0.11889233440160751,0.12282221764326096,True,False
NoSCAM_img_0914.jpg,NoSCAM,dice,transistor,9.207,NoSCAM_img_0914,/external-cache/fse_typographic_20260926/external/SCAM/images.zip,images/train/NoSCAM_img_0914.jpg,NoSCAM,img_0914,0.2941744029521942,0.13481031358242035,0.15936408936977386,True,True
NoSCAM_img_0915.jpg,NoSCAM,sunglasses,screwdriver,6.365,NoSCAM_img_0915,/external-cache/fse_typographic_20260926/external/SCAM/images.zip,images/train/NoSCAM_img_0915.jpg,NoSCAM,img_0915,0.28538206219673157,0.14723068475723267,0.1381513774394989,True,True
NoSCAM_img_0916.jpg,NoSCAM,sunglasses,cable,3.105,NoSCAM_img_0916,/external-cache/fse_typographic_20260926/external/SCAM/images.zip,images/train/NoSCAM_img_0916.jpg,NoSCAM,img_0916,0.28048592805862427,0.16058018803596497,0.1199057400226593,True,True
NoSCAM_img_0917.jpg,NoSCAM,macbook,taxi,2.95,NoSCAM_img_0917,/external-cache/fse_typographic_20260926/external/SCAM/images.zip,images/train/NoSCAM_img_0917.jpg,NoSCAM,img_0917,0.26774924993515015,0.1192304864525795,0.14851877093315125,True,False
NoSCAM_img_0918.jpg,NoSCAM,cabinet,taxi,1.266,NoSCAM_img_0918,/external-cache/fse_typographic_20260926/external/SCAM/images.zip,images/train/NoSCAM_img_0918.jpg,NoSCAM,img_0918,0.2433343380689621,0.14464478194713593,0.09868955612182617,True,False
NoSCAM_img_0919.jpg,NoSCAM,vacuum,taxi,1.397,NoSCAM_img_0919,/external-cache/fse_typographic_20260926/external/SCAM/images.zip,images/train/NoSCAM_img_0919.jpg,NoSCAM,img_0919,0.2817102074623108,0.15238267183303833,0.12932753562927246,True,False
NoSCAM_img_0920.jpg,NoSCAM,lamp,taxi,0.555,NoSCAM_img_0920,/external-cache/fse_typographic_20260926/external/SCAM/images.zip,images/train/NoSCAM_img_0920.jpg,NoSCAM,img_0920,0.2736155390739441,0.13726545870304108,0.13635008037090302,True,True
NoSCAM_img_0921.jpg,NoSCAM,backpack,taxi,1.006,NoSCAM_img_0921,/external-cache/fse_typographic_20260926/external/SCAM/images.zip,images/train/NoSCAM_img_0921.jpg,NoSCAM,img_0921,0.23418202996253967,0.1266474723815918,0.10753455758094788,True,False
NoSCAM_img_0922.jpg,NoSCAM,tv,taxi,0.747,NoSCAM_img_0922,/external-cache/fse_typographic_20260926/external/SCAM/images.zip,images/train/NoSCAM_img_0922.jpg,NoSCAM,img_0922,0.2709241807460785,0.14074593782424927,0.13017824292182922,True,True
NoSCAM_img_0923.jpg,NoSCAM,clock,taxi,1.671,NoSCAM_img_0923,/external-cache/fse_typographic_20260926/external/SCAM/images.zip,images/train/NoSCAM_img_0923.jpg,NoSCAM,img_0923,0.25355666875839233,0.13407540321350098,0.11948126554489136,True,True
NoSCAM_img_0924.jpg,NoSCAM,monitor,truck,1.723,NoSCAM_img_0924,/external-cache/fse_typographic_20260926/external/SCAM/images.zip,images/train/NoSCAM_img_0924.jpg,NoSCAM,img_0924,0.26264849305152893,0.16302724182605743,0.0996212512254715,True,False
NoSCAM_img_0925.jpg,NoSCAM,shelf,truck,0.544,NoSCAM_img_0925,/external-cache/fse_typographic_20260926/external/SCAM/images.zip,images/train/NoSCAM_img_0925.jpg,NoSCAM,img_0925,0.2700643539428711,0.1509421169757843,0.11912223696708679,True,True
NoSCAM_img_0926.jpg,NoSCAM,closet,truck,0.996,NoSCAM_img_0926,/external-cache/fse_typographic_20260926/external/SCAM/images.zip,images/train/NoSCAM_img_0926.jpg,NoSCAM,img_0926,0.23127615451812744,0.1130690798163414,0.11820707470178604,True,False
NoSCAM_img_0927.jpg,NoSCAM,chair,truck,1.441,NoSCAM_img_0927,/external-cache/fse_typographic_20260926/external/SCAM/images.zip,images/train/NoSCAM_img_0927.jpg,NoSCAM,img_0927,0.2639384865760803,0.11449858546257019,0.14943990111351013,True,False
NoSCAM_img_0928.jpg,NoSCAM,bottle,truck,4.975,NoSCAM_img_0928,/external-cache/fse_typographic_20260926/external/SCAM/images.zip,images/train/NoSCAM_img_0928.jpg,NoSCAM,img_0928,0.2634419798851013,0.12596438825130463,0.1374775916337967,True,True
NoSCAM_img_0929.jpg,NoSCAM,kettle,truck,4.802,NoSCAM_img_0929,/external-cache/fse_typographic_20260926/external/SCAM/images.zip,images/train/NoSCAM_img_0929.jpg,NoSCAM,img_0929,0.2735934555530548,0.12930981814861298,0.14428363740444183,True,False
NoSCAM_img_0930.jpg,NoSCAM,toaster,no parking,2.946,NoSCAM_img_0930,/external-cache/fse_typographic_20260926/external/SCAM/images.zip,images/train/NoSCAM_img_0930.jpg,NoSCAM,img_0930,0.3005061149597168,0.16074901819229126,0.13975709676742554,True,True
NoSCAM_img_0931.jpg,NoSCAM,knife,no parking,3.659,NoSCAM_img_0931,/external-cache/fse_typographic_20260926/external/SCAM/images.zip,images/train/NoSCAM_img_0931.jpg,NoSCAM,img_0931,0.2699331045150757,0.1692028045654297,0.100730299949646,True,True
NoSCAM_img_0932.jpg,NoSCAM,scissors,van,6.826,NoSCAM_img_0932,/external-cache/fse_typographic_20260926/external/SCAM/images.zip,images/train/NoSCAM_img_0932.jpg,NoSCAM,img_0932,0.2548728287220001,0.13725437223911285,0.11761845648288727,True,False
NoSCAM_img_0933.jpg,NoSCAM,chair,van,0.501,NoSCAM_img_0933,/external-cache/fse_typographic_20260926/external/SCAM/images.zip,images/train/NoSCAM_img_0933.jpg,NoSCAM,img_0933,0.2698434591293335,0.0942913368344307,0.1755521297454834,True,True
NoSCAM_img_0934.jpg,NoSCAM,sink,van,1.043,NoSCAM_img_0934,/external-cache/fse_typographic_20260926/external/SCAM/images.zip,images/train/NoSCAM_img_0934.jpg,NoSCAM,img_0934,0.2728918194770813,0.16279062628746033,0.11010119318962097,True,True
NoSCAM_img_0935.jpg,NoSCAM,trash bag,no parking,2.181,NoSCAM_img_0935,/external-cache/fse_typographic_20260926/external/SCAM/images.zip,images/train/NoSCAM_img_0935.jpg,NoSCAM,img_0935,0.18104976415634155,0.16158773005008698,0.019462034106254578,True,False
NoSCAM_img_0936.jpg,NoSCAM,window,no parking,1.201,NoSCAM_img_0936,/external-cache/fse_typographic_20260926/external/SCAM/images.zip,images/train/NoSCAM_img_0936.jpg,NoSCAM,img_0936,0.2555793523788452,0.19637587666511536,0.05920347571372986,True,False
NoSCAM_img_0937.jpg,NoSCAM,painting,no parking,1.537,NoSCAM_img_0937,/external-cache/fse_typographic_20260926/external/SCAM/images.zip,images/train/NoSCAM_img_0937.jpg,NoSCAM,img_0937,0.2366538792848587,0.14402495324611664,0.09262892603874207,True,True
NoSCAM_img_0938.jpg,NoSCAM,boot,no parking,2.222,NoSCAM_img_0938,/external-cache/fse_typographic_20260926/external/SCAM/images.zip,images/train/NoSCAM_img_0938.jpg,NoSCAM,img_0938,0.28336071968078613,0.18440623581409454,0.09895448386669159,True,True
NoSCAM_img_0939.jpg,NoSCAM,plant,toll,1.769,NoSCAM_img_0939,/external-cache/fse_typographic_20260926/external/SCAM/images.zip,images/train/NoSCAM_img_0939.jpg,NoSCAM,img_0939,0.24580562114715576,0.14796555042266846,0.0978400707244873,True,True
NoSCAM_img_0940.jpg,NoSCAM,candle,toll,5.306,NoSCAM_img_0940,/external-cache/fse_typographic_20260926/external/SCAM/images.zip,images/train/NoSCAM_img_0940.jpg,NoSCAM,img_0940,0.2526926100254059,0.15799424052238464,0.09469836950302124,True,True
NoSCAM_img_0941.jpg,NoSCAM,toilet,toll,0.859,NoSCAM_img_0941,/external-cache/fse_typographic_20260926/external/SCAM/images.zip,images/train/NoSCAM_img_0941.jpg,NoSCAM,img_0941,0.2376052737236023,0.15231674909591675,0.08528852462768555,True,False
NoSCAM_img_0942.jpg,NoSCAM,toilet paper,signal,4.372,NoSCAM_img_0942,/external-cache/fse_typographic_20260926/external/SCAM/images.zip,images/train/NoSCAM_img_0942.jpg,NoSCAM,img_0942,0.2592661678791046,0.1813589334487915,0.07790723443031311,True,False
NoSCAM_img_0943.jpg,NoSCAM,tap,signal,6.899,NoSCAM_img_0943,/external-cache/fse_typographic_20260926/external/SCAM/images.zip,images/train/NoSCAM_img_0943.jpg,NoSCAM,img_0943,0.2927936315536499,0.2000158578157425,0.09277777373790741,True,True
NoSCAM_img_0944.jpg,NoSCAM,shower,signal,0.788,NoSCAM_img_0944,/external-cache/fse_typographic_20260926/external/SCAM/images.zip,images/train/NoSCAM_img_0944.jpg,NoSCAM,img_0944,0.2588866353034973,0.17748785018920898,0.08139878511428833,True,False
NoSCAM_img_0945.jpg,NoSCAM,bathtub,toll,0.693,NoSCAM_img_0945,/external-cache/fse_typographic_20260926/external/SCAM/images.zip,images/train/NoSCAM_img_0945.jpg,NoSCAM,img_0945,0.24097862839698792,0.15074943006038666,0.09022919833660126,True,False
NoSCAM_img_0946.jpg,NoSCAM,door,curb,0.509,NoSCAM_img_0946,/external-cache/fse_typographic_20260926/external/SCAM/images.zip,images/train/NoSCAM_img_0946.jpg,NoSCAM,img_0946,0.24800367653369904,0.09605251997709274,0.1519511640071869,True,True
NoSCAM_img_0947.jpg,NoSCAM,bed,curb,0.481,NoSCAM_img_0947,/external-cache/fse_typographic_20260926/external/SCAM/images.zip,images/train/NoSCAM_img_0947.jpg,NoSCAM,img_0947,0.2516159415245056,0.12380927801132202,0.1278066635131836,True,False
NoSCAM_img_0948.jpg,NoSCAM,bin,curb,1.735,NoSCAM_img_0948,/external-cache/fse_typographic_20260926/external/SCAM/images.zip,images/train/NoSCAM_img_0948.jpg,NoSCAM,img_0948,0.27520260214805603,0.1150641217827797,0.16013848781585693,True,True
NoSCAM_img_0949.jpg,NoSCAM,jacket,signal,1.253,NoSCAM_img_0949,/external-cache/fse_typographic_20260926/external/SCAM/images.zip,images/train/NoSCAM_img_0949.jpg,NoSCAM,img_0949,0.2714202105998993,0.16735324263572693,0.10406696796417236,True,False
NoSCAM_img_0950.jpg,NoSCAM,intercom,signal,2.565,NoSCAM_img_0950,/external-cache/fse_typographic_20260926/external/SCAM/images.zip,images/train/NoSCAM_img_0950.jpg,NoSCAM,img_0950,0.2583642303943634,0.2155056744813919,0.0428585559129715,True,False
NoSCAM_img_0951.jpg,NoSCAM,table,curb,0.491,NoSCAM_img_0951,/external-cache/fse_typographic_20260926/external/SCAM/images.zip,images/train/NoSCAM_img_0951.jpg,NoSCAM,img_0951,0.22163788974285126,0.05786309763789177,0.1637747883796692,True,True
NoSCAM_img_0952.jpg,NoSCAM,wooden panels,toll,1.088,NoSCAM_img_0952,/external-cache/fse_typographic_20260926/external/SCAM/images.zip,images/train/NoSCAM_img_0952.jpg,NoSCAM,img_0952,0.21889251470565796,0.15112453699111938,0.06776797771453857,True,True
NoSCAM_img_0953.jpg,NoSCAM,dishwasher,curb,0.743,NoSCAM_img_0953,/external-cache/fse_typographic_20260926/external/SCAM/images.zip,images/train/NoSCAM_img_0953.jpg,NoSCAM,img_0953,0.2659545838832855,0.08507651090621948,0.18087807297706604,True,True
NoSCAM_img_0954.jpg,NoSCAM,washing machine,signal,1.908,NoSCAM_img_0954,/external-cache/fse_typographic_20260926/external/SCAM/images.zip,images/train/NoSCAM_img_0954.jpg,NoSCAM,img_0954,0.25077518820762634,0.14384114742279053,0.10693404078483582,True,True
NoSCAM_img_0955.jpg,NoSCAM,pan,curb,2.553,NoSCAM_img_0955,/external-cache/fse_typographic_20260926/external/SCAM/images.zip,images/train/NoSCAM_img_0955.jpg,NoSCAM,img_0955,0.21352586150169373,0.13803857564926147,0.07548728585243225,True,False
NoSCAM_img_0956.jpg,NoSCAM,electrical panel,no left turn,1.096,NoSCAM_img_0956,/external-cache/fse_typographic_20260926/external/SCAM/images.zip,images/train/NoSCAM_img_0956.jpg,NoSCAM,img_0956,0.2552805542945862,0.1444198340177536,0.11086072027683258,True,True
NoSCAM_img_0957.jpg,NoSCAM,no parking sign,no left turn,0.963,NoSCAM_img_0957,/external-cache/fse_typographic_20260926/external/SCAM/images.zip,images/train/NoSCAM_img_0957.jpg,NoSCAM,img_0957,0.25140613317489624,0.21363194286823273,0.03777419030666351,True,True
NoSCAM_img_0958.jpg,NoSCAM,trash can,no left turn,0.608,NoSCAM_img_0958,/external-cache/fse_typographic_20260926/external/SCAM/images.zip,images/train/NoSCAM_img_0958.jpg,NoSCAM,img_0958,0.2184465080499649,0.1593136340379715,0.05913287401199341,True,False
NoSCAM_img_0959.jpg,NoSCAM,barricade,no left turn,0.496,NoSCAM_img_0959,/external-cache/fse_typographic_20260926/external/SCAM/images.zip,images/train/NoSCAM_img_0959.jpg,NoSCAM,img_0959,0.242204487323761,0.1407831311225891,0.10142135620117188,True,True
NoSCAM_img_0960.jpg,NoSCAM,e-scooter,no left turn,0.391,NoSCAM_img_0960,/external-cache/fse_typographic_20260926/external/SCAM/images.zip,images/train/NoSCAM_img_0960.jpg,NoSCAM,img_0960,0.27609726786613464,0.15380403399467468,0.12229323387145996,True,True
NoSCAM_img_0961.jpg,NoSCAM,ticket machine,no left turn,0.666,NoSCAM_img_0961,/external-cache/fse_typographic_20260926/external/SCAM/images.zip,images/train/NoSCAM_img_0961.jpg,NoSCAM,img_0961,0.26143258810043335,0.12006856501102448,0.14136402308940887,True,True
NoSCAM_img_0962.jpg,NoSCAM,trash can,no left turn,1.248,NoSCAM_img_0962,/external-cache/fse_typographic_20260926/external/SCAM/images.zip,images/train/NoSCAM_img_0962.jpg,NoSCAM,img_0962,0.2499716877937317,0.14967434108257294,0.10029734671115875,True,True
NoSCAM_img_0963.jpg,NoSCAM,bench,seed,1.303,NoSCAM_img_0963,/external-cache/fse_typographic_20260926/external/SCAM/images.zip,images/train/NoSCAM_img_0963.jpg,NoSCAM,img_0963,0.18538784980773926,0.1594717651605606,0.02591608464717865,True,False
NoSCAM_img_0964.jpg,NoSCAM,plant,seed,3.114,NoSCAM_img_0964,/external-cache/fse_typographic_20260926/external/SCAM/images.zip,images/train/NoSCAM_img_0964.jpg,NoSCAM,img_0964,0.25186610221862793,0.18606184422969818,0.06580425798892975,True,True
NoSCAM_img_0965.jpg,NoSCAM,chair,seed,0.712,NoSCAM_img_0965,/external-cache/fse_typographic_20260926/external/SCAM/images.zip,images/train/NoSCAM_img_0965.jpg,NoSCAM,img_0965,0.25435328483581543,0.13853590190410614,0.11581738293170929,True,True
NoSCAM_img_0966.jpg,NoSCAM,safety sign,seed,1.103,NoSCAM_img_0966,/external-cache/fse_typographic_20260926/external/SCAM/images.zip,images/train/NoSCAM_img_0966.jpg,NoSCAM,img_0966,0.27377283573150635,0.13972534239292145,0.1340474933385849,True,False
NoSCAM_img_0967.jpg,NoSCAM,no pedestrian crossing sign,zebra,2.37,NoSCAM_img_0967,/external-cache/fse_typographic_20260926/external/SCAM/images.zip,images/train/NoSCAM_img_0967.jpg,NoSCAM,img_0967,0.24057364463806152,0.1290581226348877,0.11151552200317383,True,False
NoSCAM_img_0968.jpg,NoSCAM,wall,zebra,1.611,NoSCAM_img_0968,/external-cache/fse_typographic_20260926/external/SCAM/images.zip,images/train/NoSCAM_img_0968.jpg,NoSCAM,img_0968,0.2158009260892868,0.154311865568161,0.06148906052112579,True,False
NoSCAM_img_0969.jpg,NoSCAM,lantern,zebra,1.123,NoSCAM_img_0969,/external-cache/fse_typographic_20260926/external/SCAM/images.zip,images/train/NoSCAM_img_0969.jpg,NoSCAM,img_0969,0.1963062584400177,0.16591911017894745,0.03038714826107025,True,False
NoSCAM_img_0970.jpg,NoSCAM,traffic signs,zebra,1.578,NoSCAM_img_0970,/external-cache/fse_typographic_20260926/external/SCAM/images.zip,images/train/NoSCAM_img_0970.jpg,NoSCAM,img_0970,0.23348884284496307,0.1311091184616089,0.10237972438335419,True,False
NoSCAM_img_0971.jpg,NoSCAM,30kmh traffic zone sign,zebra,2.479,NoSCAM_img_0971,/external-cache/fse_typographic_20260926/external/SCAM/images.zip,images/train/NoSCAM_img_0971.jpg,NoSCAM,img_0971,0.30231916904449463,0.12324626743793488,0.17907290160655975,True,True
NoSCAM_img_0972.jpg,NoSCAM,tree,zebra,1.935,NoSCAM_img_0972,/external-cache/fse_typographic_20260926/external/SCAM/images.zip,images/train/NoSCAM_img_0972.jpg,NoSCAM,img_0972,0.20084112882614136,0.15452086925506592,0.04632025957107544,True,False
NoSCAM_img_0973.jpg,NoSCAM,parking ticket machine,zebra,1.279,NoSCAM_img_0973,/external-cache/fse_typographic_20260926/external/SCAM/images.zip,images/train/NoSCAM_img_0973.jpg,NoSCAM,img_0973,0.20014958083629608,0.12713418900966644,0.07301539182662964,True,False
NoSCAM_img_0974.jpg,NoSCAM,scooter,zebra,0.953,NoSCAM_img_0974,/external-cache/fse_typographic_20260926/external/SCAM/images.zip,images/train/NoSCAM_img_0974.jpg,NoSCAM,img_0974,0.23406843841075897,0.13175064325332642,0.10231779515743256,True,False
NoSCAM_img_0975.jpg,NoSCAM,no parking sign,zebra,0.963,NoSCAM_img_0975,/external-cache/fse_typographic_20260926/external/SCAM/images.zip,images/train/NoSCAM_img_0975.jpg,NoSCAM,img_0975,0.25512006878852844,0.12903067469596863,0.12608939409255981,True,False
NoSCAM_img_0976.jpg,NoSCAM,sign,car,1.502,NoSCAM_img_0976,/external-cache/fse_typographic_20260926/external/SCAM/images.zip,images/train/NoSCAM_img_0976.jpg,NoSCAM,img_0976,0.21894967555999756,0.14738041162490845,0.07156926393508911,True,False
NoSCAM_img_0977.jpg,NoSCAM,sign,car,1.182,NoSCAM_img_0977,/external-cache/fse_typographic_20260926/external/SCAM/images.zip,images/train/NoSCAM_img_0977.jpg,NoSCAM,img_0977,0.22874072194099426,0.12287355959415436,0.1058671623468399,True,False
NoSCAM_img_0978.jpg,NoSCAM,fence,car,0.556,NoSCAM_img_0978,/external-cache/fse_typographic_20260926/external/SCAM/images.zip,images/train/NoSCAM_img_0978.jpg,NoSCAM,img_0978,0.22595413029193878,0.12749260663986206,0.09846152365207672,True,False
NoSCAM_img_0979.jpg,NoSCAM,trailer,car,1.03,NoSCAM_img_0979,/external-cache/fse_typographic_20260926/external/SCAM/images.zip,images/train/NoSCAM_img_0979.jpg,NoSCAM,img_0979,0.2522535026073456,0.19614364206790924,0.05610986053943634,True,True
NoSCAM_img_0980.jpg,NoSCAM,end of parking zone sign,car,0.845,NoSCAM_img_0980,/external-cache/fse_typographic_20260926/external/SCAM/images.zip,images/train/NoSCAM_img_0980.jpg,NoSCAM,img_0980,0.2960628867149353,0.15315425395965576,0.14290863275527954,True,True
NoSCAM_img_0981.jpg,NoSCAM,printer,merge,2.162,NoSCAM_img_0981,/external-cache/fse_typographic_20260926/external/SCAM/images.zip,images/train/NoSCAM_img_0981.jpg,NoSCAM,img_0981,0.28975874185562134,0.16964924335479736,0.12010949850082397,True,True
NoSCAM_img_0982.jpg,NoSCAM,lamp,merge,1.683,NoSCAM_img_0982,/external-cache/fse_typographic_20260926/external/SCAM/images.zip,images/train/NoSCAM_img_0982.jpg,NoSCAM,img_0982,0.292560338973999,0.19282038509845734,0.09973995387554169,True,True
NoSCAM_img_0983.jpg,NoSCAM,vacuum cleaner,merge,1.064,NoSCAM_img_0983,/external-cache/fse_typographic_20260926/external/SCAM/images.zip,images/train/NoSCAM_img_0983.jpg,NoSCAM,img_0983,0.2689138650894165,0.1710749864578247,0.0978388786315918,True,False
NoSCAM_img_0984.jpg,NoSCAM,toaster,merge,4.305,NoSCAM_img_0984,/external-cache/fse_typographic_20260926/external/SCAM/images.zip,images/train/NoSCAM_img_0984.jpg,NoSCAM,img_0984,0.2864413857460022,0.19731423258781433,0.08912715315818787,True,True
NoSCAM_img_0985.jpg,NoSCAM,panini press,merge,5.935,NoSCAM_img_0985,/external-cache/fse_typographic_20260926/external/SCAM/images.zip,images/train/NoSCAM_img_0985.jpg,NoSCAM,img_0985,0.2656325697898865,0.18105071783065796,0.08458185195922852,True,False
NoSCAM_img_0986.jpg,NoSCAM,dishwasher,merge,0.607,NoSCAM_img_0986,/external-cache/fse_typographic_20260926/external/SCAM/images.zip,images/train/NoSCAM_img_0986.jpg,NoSCAM,img_0986,0.28090131282806396,0.1471710205078125,0.13373029232025146,True,True
NoSCAM_img_0987.jpg,NoSCAM,pan,merge,1.668,NoSCAM_img_0987,/external-cache/fse_typographic_20260926/external/SCAM/images.zip,images/train/NoSCAM_img_0987.jpg,NoSCAM,img_0987,0.2717164158821106,0.16667135059833527,0.10504506528377533,True,True
NoSCAM_img_0988.jpg,NoSCAM,kettle,merge,2.439,NoSCAM_img_0988,/external-cache/fse_typographic_20260926/external/SCAM/images.zip,images/train/NoSCAM_img_0988.jpg,NoSCAM,img_0988,0.24692848324775696,0.15738141536712646,0.0895470678806305,True,False
NoSCAM_img_0989.jpg,NoSCAM,washing machine,road closed,1.442,NoSCAM_img_0989,/external-cache/fse_typographic_20260926/external/SCAM/images.zip,images/train/NoSCAM_img_0989.jpg,NoSCAM,img_0989,0.2565739154815674,0.10244092345237732,0.15413299202919006,True,True
NoSCAM_img_0990.jpg,NoSCAM,toilet,road closed,1.162,NoSCAM_img_0990,/external-cache/fse_typographic_20260926/external/SCAM/images.zip,images/train/NoSCAM_img_0990.jpg,NoSCAM,img_0990,0.2668852210044861,0.13821503520011902,0.12867018580436707,True,True
NoSCAM_img_0991.jpg,NoSCAM,sink,road closed,1.631,NoSCAM_img_0991,/external-cache/fse_typographic_20260926/external/SCAM/images.zip,images/train/NoSCAM_img_0991.jpg,NoSCAM,img_0991,0.2829752266407013,0.16135063767433167,0.12162458896636963,True,False
NoSCAM_img_0992.jpg,NoSCAM,mirror,road closed,0.801,NoSCAM_img_0992,/external-cache/fse_typographic_20260926/external/SCAM/images.zip,images/train/NoSCAM_img_0992.jpg,NoSCAM,img_0992,0.258567750453949,0.12920495867729187,0.1293627917766571,True,True
NoSCAM_img_0993.jpg,NoSCAM,barricade,slippery,0.834,NoSCAM_img_0993,/external-cache/fse_typographic_20260926/external/SCAM/images.zip,images/train/NoSCAM_img_0993.jpg,NoSCAM,img_0993,0.1909569650888443,0.14944133162498474,0.04151563346385956,True,False
NoSCAM_img_0994.jpg,NoSCAM,pole,slippery,0.451,NoSCAM_img_0994,/external-cache/fse_typographic_20260926/external/SCAM/images.zip,images/train/NoSCAM_img_0994.jpg,NoSCAM,img_0994,0.24997775256633759,0.14167839288711548,0.1082993596792221,True,False
NoSCAM_img_0995.jpg,NoSCAM,door,slippery,0.566,NoSCAM_img_0995,/external-cache/fse_typographic_20260926/external/SCAM/images.zip,images/train/NoSCAM_img_0995.jpg,NoSCAM,img_0995,0.2677426040172577,0.14519204199314117,0.12255056202411652,True,False
NoSCAM_img_0996.jpg,NoSCAM,cup,bike,2.946,NoSCAM_img_0996,/external-cache/fse_typographic_20260926/external/SCAM/images.zip,images/train/NoSCAM_img_0996.jpg,NoSCAM,img_0996,0.2569749355316162,0.17290399968624115,0.08407093584537506,True,False
NoSCAM_img_0997.jpg,NoSCAM,candle,bag,2.817,NoSCAM_img_0997,/external-cache/fse_typographic_20260926/external/SCAM/images.zip,images/train/NoSCAM_img_0997.jpg,NoSCAM,img_0997,0.28755757212638855,0.178672194480896,0.10888537764549255,True,True
NoSCAM_img_0998.jpg,NoSCAM,hat,car,1.881,NoSCAM_img_0998,/external-cache/fse_typographic_20260926/external/SCAM/images.zip,images/train/NoSCAM_img_0998.jpg,NoSCAM,img_0998,0.25470057129859924,0.1393764317035675,0.11532413959503174,True,True
NoSCAM_img_0999.jpg,NoSCAM,apple,ice,2.901,NoSCAM_img_0999,/external-cache/fse_typographic_20260926/external/SCAM/images.zip,images/train/NoSCAM_img_0999.jpg,NoSCAM,img_0999,0.2764337658882141,0.1776854395866394,0.09874832630157471,True,True
NoSCAM_img_1000.jpg,NoSCAM,glasses,train,3.919,NoSCAM_img_1000,/external-cache/fse_typographic_20260926/external/SCAM/images.zip,images/train/NoSCAM_img_1000.jpg,NoSCAM,img_1000,0.27387526631355286,0.14789855480194092,0.12597671151161194,True,False
NoSCAM_img_1001.jpg,NoSCAM,keys,ball,3.328,NoSCAM_img_1001,/external-cache/fse_typographic_20260926/external/SCAM/images.zip,images/train/NoSCAM_img_1001.jpg,NoSCAM,img_1001,0.23958086967468262,0.12268690019845963,0.11689396947622299,True,True
NoSCAM_img_1002.jpg,NoSCAM,glass,lake,2.222,NoSCAM_img_1002,/external-cache/fse_typographic_20260926/external/SCAM/images.zip,images/train/NoSCAM_img_1002.jpg,NoSCAM,img_1002,0.24843952059745789,0.15902721881866455,0.08941230177879333,True,False
NoSCAM_img_1003.jpg,NoSCAM,racket,cow,1.491,NoSCAM_img_1003,/external-cache/fse_typographic_20260926/external/SCAM/images.zip,images/train/NoSCAM_img_1003.jpg,NoSCAM,img_1003,0.28536275029182434,0.1376025229692459,0.14776022732257843,True,True
NoSCAM_img_1004.jpg,NoSCAM,tomato,bell,2.614,NoSCAM_img_1004,/external-cache/fse_typographic_20260926/external/SCAM/images.zip,images/train/NoSCAM_img_1004.jpg,NoSCAM,img_1004,0.28676748275756836,0.1489073634147644,0.13786011934280396,True,False
NoSCAM_img_1005.jpg,NoSCAM,sock,desk,2.335,NoSCAM_img_1005,/external-cache/fse_typographic_20260926/external/SCAM/images.zip,images/train/NoSCAM_img_1005.jpg,NoSCAM,img_1005,0.2821413576602936,0.17521095275878906,0.10693040490150452,True,True
NoSCAM_img_1006.jpg,NoSCAM,helmet,coin,1.149,NoSCAM_img_1006,/external-cache/fse_typographic_20260926/external/SCAM/images.zip,images/train/NoSCAM_img_1006.jpg,NoSCAM,img_1006,0.2391950637102127,0.11755461990833282,0.12164044380187988,True,True
NoSCAM_img_1007.jpg,NoSCAM,playing card,van,2.643,NoSCAM_img_1007,/external-cache/fse_typographic_20260926/external/SCAM/images.zip,images/train/NoSCAM_img_1007.jpg,NoSCAM,img_1007,0.2785866856575012,0.13369430601596832,0.1448923796415329,True,True
NoSCAM_img_1008.jpg,NoSCAM,plant,taxi,2.139,NoSCAM_img_1008,/external-cache/fse_typographic_20260926/external/SCAM/images.zip,images/train/NoSCAM_img_1008.jpg,NoSCAM,img_1008,0.23780487477779388,0.12573660910129547,0.11206826567649841,True,True
NoSCAM_img_1009.jpg,NoSCAM,speaker,tree,3.181,NoSCAM_img_1009,/external-cache/fse_typographic_20260926/external/SCAM/images.zip,images/train/NoSCAM_img_1009.jpg,NoSCAM,img_1009,0.23653480410575867,0.10267870128154755,0.13385610282421112,True,True
NoSCAM_img_1010.jpg,NoSCAM,pen,lake,2.849,NoSCAM_img_1010,/external-cache/fse_typographic_20260926/external/SCAM/images.zip,images/train/NoSCAM_img_1010.jpg,NoSCAM,img_1010,0.23588159680366516,0.14229272305965424,0.09358887374401093,True,False
NoSCAM_img_1011.jpg,NoSCAM,lamp,slippery,7.548,NoSCAM_img_1011,/external-cache/fse_typographic_20260926/external/SCAM/images.zip,images/train/NoSCAM_img_1011.jpg,NoSCAM,img_1011,0.15941475331783295,0.12717755138874054,0.03223720192909241,True,False
NoSCAM_img_1012.jpg,NoSCAM,candle,apple,4.338,NoSCAM_img_1012,/external-cache/fse_typographic_20260926/external/SCAM/images.zip,images/train/NoSCAM_img_1012.jpg,NoSCAM,img_1012,0.2611861228942871,0.16635668277740479,0.09482944011688232,True,True
NoSCAM_img_1013.jpg,NoSCAM,flipper,apple,1.249,NoSCAM_img_1013,/external-cache/fse_typographic_20260926/external/SCAM/images.zip,images/train/NoSCAM_img_1013.jpg,NoSCAM,img_1013,0.19332000613212585,0.09589903056621552,0.09742097556591034,True,False
NoSCAM_img_1014.jpg,NoSCAM,flipper,apple,1.094,NoSCAM_img_1014,/external-cache/fse_typographic_20260926/external/SCAM/images.zip,images/train/NoSCAM_img_1014.jpg,NoSCAM,img_1014,0.21404403448104858,0.10903274267911911,0.10501129180192947,True,False
NoSCAM_img_1015.jpg,NoSCAM,plant,apple,1.623,NoSCAM_img_1015,/external-cache/fse_typographic_20260926/external/SCAM/images.zip,images/train/NoSCAM_img_1015.jpg,NoSCAM,img_1015,0.2407587468624115,0.1556723713874817,0.08508637547492981,True,True
NoSCAM_img_1016.jpg,NoSCAM,speaker,apple,4.942,NoSCAM_img_1016,/external-cache/fse_typographic_20260926/external/SCAM/images.zip,images/train/NoSCAM_img_1016.jpg,NoSCAM,img_1016,0.22836491465568542,0.13898882269859314,0.08937609195709229,True,True
NoSCAM_img_1017.jpg,NoSCAM,guitar,apple,1.822,NoSCAM_img_1017,/external-cache/fse_typographic_20260926/external/SCAM/images.zip,images/train/NoSCAM_img_1017.jpg,NoSCAM,img_1017,0.24164485931396484,0.13264968991279602,0.10899516940116882,True,True
NoSCAM_img_1018.jpg,NoSCAM,suitcase,bus,2.412,NoSCAM_img_1018,/external-cache/fse_typographic_20260926/external/SCAM/images.zip,images/train/NoSCAM_img_1018.jpg,NoSCAM,img_1018,0.2617674767971039,0.1293635368347168,0.13240393996238708,True,True
NoSCAM_img_1019.jpg,NoSCAM,screen,bus,2.034,NoSCAM_img_1019,/external-cache/fse_typographic_20260926/external/SCAM/images.zip,images/train/NoSCAM_img_1019.jpg,NoSCAM,img_1019,0.23959043622016907,0.118085578083992,0.12150485813617706,True,False
NoSCAM_img_1020.jpg,NoSCAM,cup,knife,7.118,NoSCAM_img_1020,/external-cache/fse_typographic_20260926/external/SCAM/images.zip,images/train/NoSCAM_img_1020.jpg,NoSCAM,img_1020,0.25717878341674805,0.1739264577627182,0.08325232565402985,True,True
NoSCAM_img_1021.jpg,NoSCAM,diving goggles,knife,6.953,NoSCAM_img_1021,/external-cache/fse_typographic_20260926/external/SCAM/images.zip,images/train/NoSCAM_img_1021.jpg,NoSCAM,img_1021,0.2735332250595093,0.12208922207355499,0.15144400298595428,True,True
NoSCAM_img_1022.jpg,NoSCAM,paper towel,knife,8.375,NoSCAM_img_1022,/external-cache/fse_typographic_20260926/external/SCAM/images.zip,images/train/NoSCAM_img_1022.jpg,NoSCAM,img_1022,0.2649036645889282,0.19631622731685638,0.06858743727207184,True,True
NoSCAM_img_1023.jpg,NoSCAM,avocado,knife,9.012,NoSCAM_img_1023,/external-cache/fse_typographic_20260926/external/SCAM/images.zip,images/train/NoSCAM_img_1023.jpg,NoSCAM,img_1023,0.2817385196685791,0.1846996247768402,0.09703889489173889,True,True
NoSCAM_img_1024.jpg,NoSCAM,banana,knife,7.773,NoSCAM_img_1024,/external-cache/fse_typographic_20260926/external/SCAM/images.zip,images/train/NoSCAM_img_1024.jpg,NoSCAM,img_1024,0.2538071870803833,0.17179672420024872,0.08201046288013458,True,False
NoSCAM_img_1025.jpg,NoSCAM,wheel,knife,2.192,NoSCAM_img_1025,/external-cache/fse_typographic_20260926/external/SCAM/images.zip,images/train/NoSCAM_img_1025.jpg,NoSCAM,img_1025,0.22259044647216797,0.14855113625526428,0.07403931021690369,True,False
NoSCAM_img_1026.jpg,NoSCAM,pump,knife,1.645,NoSCAM_img_1026,/external-cache/fse_typographic_20260926/external/SCAM/images.zip,images/train/NoSCAM_img_1026.jpg,NoSCAM,img_1026,0.20076121389865875,0.15394988656044006,0.04681132733821869,True,False
NoSCAM_img_1027.jpg,NoSCAM,monitor,truck,0.518,NoSCAM_img_1027,/external-cache/fse_typographic_20260926/external/SCAM/images.zip,images/train/NoSCAM_img_1027.jpg,NoSCAM,img_1027,0.253366619348526,0.12260410189628601,0.13076251745224,True,True
NoSCAM_img_1028.jpg,NoSCAM,santa figurine,hole,2.394,NoSCAM_img_1028,/external-cache/fse_typographic_20260926/external/SCAM/images.zip,images/train/NoSCAM_img_1028.jpg,NoSCAM,img_1028,0.26059430837631226,0.10354024171829224,0.15705406665802002,True,True
NoSCAM_img_1029.jpg,NoSCAM,office chair,lane,0.413,NoSCAM_img_1029,/external-cache/fse_typographic_20260926/external/SCAM/images.zip,images/train/NoSCAM_img_1029.jpg,NoSCAM,img_1029,0.27883824706077576,0.1002248078584671,0.17861343920230865,True,True
NoSCAM_img_1030.jpg,NoSCAM,keyboard,lane,2.315,NoSCAM_img_1030,/external-cache/fse_typographic_20260926/external/SCAM/images.zip,images/train/NoSCAM_img_1030.jpg,NoSCAM,img_1030,0.24955318868160248,0.12669897079467773,0.12285421788692474,True,True
NoSCAM_img_1031.jpg,NoSCAM,mouse,slow,5.487,NoSCAM_img_1031,/external-cache/fse_typographic_20260926/external/SCAM/images.zip,images/train/NoSCAM_img_1031.jpg,NoSCAM,img_1031,0.2631145119667053,0.21171122789382935,0.05140328407287598,True,False
NoSCAM_img_1032.jpg,NoSCAM,door,slow,1.21,NoSCAM_img_1032,/external-cache/fse_typographic_20260926/external/SCAM/images.zip,images/train/NoSCAM_img_1032.jpg,NoSCAM,img_1032,0.2445545345544815,0.1432199776172638,0.10133455693721771,True,False
NoSCAM_img_1033.jpg,NoSCAM,salt,slow,4.518,NoSCAM_img_1033,/external-cache/fse_typographic_20260926/external/SCAM/images.zip,images/train/NoSCAM_img_1033.jpg,NoSCAM,img_1033,0.2592213749885559,0.18708905577659607,0.07213231921195984,True,False
NoSCAM_img_1034.jpg,NoSCAM,mug,slow,4.131,NoSCAM_img_1034,/external-cache/fse_typographic_20260926/external/SCAM/images.zip,images/train/NoSCAM_img_1034.jpg,NoSCAM,img_1034,0.23590554296970367,0.189097598195076,0.046807944774627686,True,False
NoSCAM_img_1035.jpg,NoSCAM,pepper caster,slow,6.384,NoSCAM_img_1035,/external-cache/fse_typographic_20260926/external/SCAM/images.zip,images/train/NoSCAM_img_1035.jpg,NoSCAM,img_1035,0.26687461137771606,0.17795996367931366,0.0889146476984024,True,False
NoSCAM_img_1036.jpg,NoSCAM,sunscreen,car,2.48,NoSCAM_img_1036,/external-cache/fse_typographic_20260926/external/SCAM/images.zip,images/train/NoSCAM_img_1036.jpg,NoSCAM,img_1036,0.34350326657295227,0.15430134534835815,0.18920192122459412,True,True
NoSCAM_img_1037.jpg,NoSCAM,cashew nuts,cheese,1.977,NoSCAM_img_1037,/external-cache/fse_typographic_20260926/external/SCAM/images.zip,images/train/NoSCAM_img_1037.jpg,NoSCAM,img_1037,0.24450752139091492,0.16561907529830933,0.07888844609260559,True,False
NoSCAM_img_1038.jpg,NoSCAM,coin,horn,2.104,NoSCAM_img_1038,/external-cache/fse_typographic_20260926/external/SCAM/images.zip,images/train/NoSCAM_img_1038.jpg,NoSCAM,img_1038,0.2502863109111786,0.1371535211801529,0.1131327897310257,True,False
NoSCAM_img_1039.jpg,NoSCAM,bottle,elevator,2.207,NoSCAM_img_1039,/external-cache/fse_typographic_20260926/external/SCAM/images.zip,images/train/NoSCAM_img_1039.jpg,NoSCAM,img_1039,0.26376068592071533,0.14162887632846832,0.12213180959224701,True,True
NoSCAM_img_1040.jpg,NoSCAM,sunscreen,broom,4.022,NoSCAM_img_1040,/external-cache/fse_typographic_20260926/external/SCAM/images.zip,images/train/NoSCAM_img_1040.jpg,NoSCAM,img_1040,0.33792760968208313,0.15973888337612152,0.1781887263059616,True,True
NoSCAM_img_1041.jpg,NoSCAM,bag,fan,4.159,NoSCAM_img_1041,/external-cache/fse_typographic_20260926/external/SCAM/images.zip,images/train/NoSCAM_img_1041.jpg,NoSCAM,img_1041,0.20457962155342102,0.1480804830789566,0.056499138474464417,True,False
NoSCAM_img_1042.jpg,NoSCAM,coin,bottle,4.164,NoSCAM_img_1042,/external-cache/fse_typographic_20260926/external/SCAM/images.zip,images/train/NoSCAM_img_1042.jpg,NoSCAM,img_1042,0.2568645477294922,0.1812930554151535,0.07557149231433868,True,False
NoSCAM_img_1043.jpg,NoSCAM,bottle,transistor,1.043,NoSCAM_img_1043,/external-cache/fse_typographic_20260926/external/SCAM/images.zip,images/train/NoSCAM_img_1043.jpg,NoSCAM,img_1043,0.23006188869476318,0.11752794682979584,0.11253394186496735,True,True
NoSCAM_img_1044.jpg,NoSCAM,scissors,cart,4.253,NoSCAM_img_1044,/external-cache/fse_typographic_20260926/external/SCAM/images.zip,images/train/NoSCAM_img_1044.jpg,NoSCAM,img_1044,0.2711784541606903,0.1474391222000122,0.1237393319606781,True,True
NoSCAM_img_1045.jpg,NoSCAM,hairbrush,apple,2.711,NoSCAM_img_1045,/external-cache/fse_typographic_20260926/external/SCAM/images.zip,images/train/NoSCAM_img_1045.jpg,NoSCAM,img_1045,0.2913150191307068,0.13255079090595245,0.15876422822475433,True,True
NoSCAM_img_1046.jpg,NoSCAM,bananas,chest,3.559,NoSCAM_img_1046,/external-cache/fse_typographic_20260926/external/SCAM/images.zip,images/train/NoSCAM_img_1046.jpg,NoSCAM,img_1046,0.2903576195240021,0.14793655276298523,0.14242106676101685,True,True
NoSCAM_img_1047.jpg,NoSCAM,apple,horse,3.611,NoSCAM_img_1047,/external-cache/fse_typographic_20260926/external/SCAM/images.zip,images/train/NoSCAM_img_1047.jpg,NoSCAM,img_1047,0.26782485842704773,0.15639221668243408,0.11143264174461365,True,True
NoSCAM_img_1048.jpg,NoSCAM,scissors,door,4.692,NoSCAM_img_1048,/external-cache/fse_typographic_20260926/external/SCAM/images.zip,images/train/NoSCAM_img_1048.jpg,NoSCAM,img_1048,0.2785494923591614,0.141309916973114,0.13723957538604736,True,True
NoSCAM_img_1049.jpg,NoSCAM,brush,bracelet,2.031,NoSCAM_img_1049,/external-cache/fse_typographic_20260926/external/SCAM/images.zip,images/train/NoSCAM_img_1049.jpg,NoSCAM,img_1049,0.2844111919403076,0.11763164401054382,0.1667795479297638,True,False
NoSCAM_img_1050.jpg,NoSCAM,banana,egg,4.018,NoSCAM_img_1050,/external-cache/fse_typographic_20260926/external/SCAM/images.zip,images/train/NoSCAM_img_1050.jpg,NoSCAM,img_1050,0.2632688283920288,0.13096760213375092,0.1323012262582779,True,True
NoSCAM_img_1051.jpg,NoSCAM,apple,screwdriver,2.19,NoSCAM_img_1051,/external-cache/fse_typographic_20260926/external/SCAM/images.zip,images/train/NoSCAM_img_1051.jpg,NoSCAM,img_1051,0.2732048034667969,0.1582086682319641,0.11499613523483276,True,True
NoSCAM_img_1052.jpg,NoSCAM,wallet,zebra,4.203,NoSCAM_img_1052,/external-cache/fse_typographic_20260926/external/SCAM/images.zip,images/train/NoSCAM_img_1052.jpg,NoSCAM,img_1052,0.26471230387687683,0.12502163648605347,0.13969066739082336,True,True
NoSCAM_img_1053.jpg,NoSCAM,icecream,cat,1.289,NoSCAM_img_1053,/external-cache/fse_typographic_20260926/external/SCAM/images.zip,images/train/NoSCAM_img_1053.jpg,NoSCAM,img_1053,0.17033132910728455,0.13676898181438446,0.033562347292900085,True,False
NoSCAM_img_1054.jpg,NoSCAM,slider,helmet,3.066,NoSCAM_img_1054,/external-cache/fse_typographic_20260926/external/SCAM/images.zip,images/train/NoSCAM_img_1054.jpg,NoSCAM,img_1054,0.16144190728664398,0.1224307119846344,0.03901119530200958,True,False
NoSCAM_img_1055.jpg,NoSCAM,chewing gums,crystal,2.755,NoSCAM_img_1055,/external-cache/fse_typographic_20260926/external/SCAM/images.zip,images/train/NoSCAM_img_1055.jpg,NoSCAM,img_1055,0.2386065125465393,0.1746530383825302,0.0639534741640091,True,False
NoSCAM_img_1056.jpg,NoSCAM,wallet,box,2.549,NoSCAM_img_1056,/external-cache/fse_typographic_20260926/external/SCAM/images.zip,images/train/NoSCAM_img_1056.jpg,NoSCAM,img_1056,0.27271774411201477,0.15412843227386475,0.11858931183815002,True,True
NoSCAM_img_1057.jpg,NoSCAM,cup,eagle,1.931,NoSCAM_img_1057,/external-cache/fse_typographic_20260926/external/SCAM/images.zip,images/train/NoSCAM_img_1057.jpg,NoSCAM,img_1057,0.23377850651741028,0.11353762447834015,0.12024088203907013,True,True
NoSCAM_img_1058.jpg,NoSCAM,shoe,helmet,4.579,NoSCAM_img_1058,/external-cache/fse_typographic_20260926/external/SCAM/images.zip,images/train/NoSCAM_img_1058.jpg,NoSCAM,img_1058,0.2156009078025818,0.1088888943195343,0.10671201348304749,True,False
NoSCAM_img_1059.jpg,NoSCAM,chewing gums,bowl,6.144,NoSCAM_img_1059,/external-cache/fse_typographic_20260926/external/SCAM/images.zip,images/train/NoSCAM_img_1059.jpg,NoSCAM,img_1059,0.20927086472511292,0.18790560960769653,0.021365255117416382,True,False
NoSCAM_img_1060.jpg,NoSCAM,sock,chair,1.806,NoSCAM_img_1060,/external-cache/fse_typographic_20260926/external/SCAM/images.zip,images/train/NoSCAM_img_1060.jpg,NoSCAM,img_1060,0.281758189201355,0.13312268257141113,0.14863550662994385,True,True
NoSCAM_img_1061.jpg,NoSCAM,orange,honey,6.031,NoSCAM_img_1061,/external-cache/fse_typographic_20260926/external/SCAM/images.zip,images/train/NoSCAM_img_1061.jpg,NoSCAM,img_1061,0.30466291308403015,0.17183788120746613,0.13282503187656403,True,True
NoSCAM_img_1062.jpg,NoSCAM,remote,pedestrian,3.058,NoSCAM_img_1062,/external-cache/fse_typographic_20260926/external/SCAM/images.zip,images/train/NoSCAM_img_1062.jpg,NoSCAM,img_1062,0.26585230231285095,0.12570075690746307,0.14015154540538788,True,True
NoSCAM_img_1063.jpg,NoSCAM,sock,duck,3.995,NoSCAM_img_1063,/external-cache/fse_typographic_20260926/external/SCAM/images.zip,images/train/NoSCAM_img_1063.jpg,NoSCAM,img_1063,0.28593218326568604,0.1399318128824234,0.14600037038326263,True,True
NoSCAM_img_1064.jpg,NoSCAM,phone,lipstick,3.677,NoSCAM_img_1064,/external-cache/fse_typographic_20260926/external/SCAM/images.zip,images/train/NoSCAM_img_1064.jpg,NoSCAM,img_1064,0.21921145915985107,0.14593464136123657,0.0732768177986145,True,False
NoSCAM_img_1065.jpg,NoSCAM,remote,boot,1.826,NoSCAM_img_1065,/external-cache/fse_typographic_20260926/external/SCAM/images.zip,images/train/NoSCAM_img_1065.jpg,NoSCAM,img_1065,0.2876976728439331,0.14918388426303864,0.13851378858089447,True,True
NoSCAM_img_1066.jpg,NoSCAM,mosquito repellent,carpet,5.066,NoSCAM_img_1066,/external-cache/fse_typographic_20260926/external/SCAM/images.zip,images/train/NoSCAM_img_1066.jpg,NoSCAM,img_1066,0.2637113332748413,0.14423230290412903,0.11947903037071228,True,False
NoSCAM_img_1067.jpg,NoSCAM,money,hat,4.869,NoSCAM_img_1067,/external-cache/fse_typographic_20260926/external/SCAM/images.zip,images/train/NoSCAM_img_1067.jpg,NoSCAM,img_1067,0.22450757026672363,0.10969658195972443,0.1148109883069992,True,True
NoSCAM_img_1068.jpg,NoSCAM,watermelon,bed,2.787,NoSCAM_img_1068,/external-cache/fse_typographic_20260926/external/SCAM/images.zip,images/train/NoSCAM_img_1068.jpg,NoSCAM,img_1068,0.25896960496902466,0.11322623491287231,0.14574337005615234,True,False
NoSCAM_img_1069.jpg,NoSCAM,potato chips,cap,2.78,NoSCAM_img_1069,/external-cache/fse_typographic_20260926/external/SCAM/images.zip,images/train/NoSCAM_img_1069.jpg,NoSCAM,img_1069,0.23579657077789307,0.10837148129940033,0.12742508947849274,True,False
NoSCAM_img_1070.jpg,NoSCAM,mosquito spray,dog,5.28,NoSCAM_img_1070,/external-cache/fse_typographic_20260926/external/SCAM/images.zip,images/train/NoSCAM_img_1070.jpg,NoSCAM,img_1070,0.2875373363494873,0.13652636110782623,0.15101097524166107,True,True
NoSCAM_img_1071.jpg,NoSCAM,money,lion,4.223,NoSCAM_img_1071,/external-cache/fse_typographic_20260926/external/SCAM/images.zip,images/train/NoSCAM_img_1071.jpg,NoSCAM,img_1071,0.22635549306869507,0.125351682305336,0.10100381076335907,True,True
NoSCAM_img_1072.jpg,NoSCAM,watermelon,book,4.787,NoSCAM_img_1072,/external-cache/fse_typographic_20260926/external/SCAM/images.zip,images/train/NoSCAM_img_1072.jpg,NoSCAM,img_1072,0.27332353591918945,0.11412782967090607,0.1591957062482834,True,False
NoSCAM_img_1073.jpg,NoSCAM,chips,dish,2.983,NoSCAM_img_1073,/external-cache/fse_typographic_20260926/external/SCAM/images.zip,images/train/NoSCAM_img_1073.jpg,NoSCAM,img_1073,0.2560744285583496,0.14586859941482544,0.11020582914352417,True,True
NoSCAM_img_1074.jpg,NoSCAM,ear phones,grape,5.439,NoSCAM_img_1074,/external-cache/fse_typographic_20260926/external/SCAM/images.zip,images/train/NoSCAM_img_1074.jpg,NoSCAM,img_1074,0.17565922439098358,0.17818531394004822,-0.0025260895490646362,False,False
NoSCAM_img_1075.jpg,NoSCAM,takeaway bag,hair,1.24,NoSCAM_img_1075,/external-cache/fse_typographic_20260926/external/SCAM/images.zip,images/train/NoSCAM_img_1075.jpg,NoSCAM,img_1075,0.2952260971069336,0.1446579396724701,0.1505681574344635,True,True
NoSCAM_img_1076.jpg,NoSCAM,bell pepper,carrot,4.833,NoSCAM_img_1076,/external-cache/fse_typographic_20260926/external/SCAM/images.zip,images/train/NoSCAM_img_1076.jpg,NoSCAM,img_1076,0.3136785328388214,0.22257044911384583,0.09110808372497559,True,False
NoSCAM_img_1077.jpg,NoSCAM,cucumber,grass,3.4,NoSCAM_img_1077,/external-cache/fse_typographic_20260926/external/SCAM/images.zip,images/train/NoSCAM_img_1077.jpg,NoSCAM,img_1077,0.2771160304546356,0.16056132316589355,0.11655470728874207,True,True
NoSCAM_img_1078.jpg,NoSCAM,ear phones,lightbulb,4.814,NoSCAM_img_1078,/external-cache/fse_typographic_20260926/external/SCAM/images.zip,images/train/NoSCAM_img_1078.jpg,NoSCAM,img_1078,0.17844662070274353,0.173943892121315,0.004502728581428528,True,False
NoSCAM_img_1079.jpg,NoSCAM,takeaway bag,boat,3.327,NoSCAM_img_1079,/external-cache/fse_typographic_20260926/external/SCAM/images.zip,images/train/NoSCAM_img_1079.jpg,NoSCAM,img_1079,0.26433438062667847,0.09509554505348206,0.1692388355731964,True,True
NoSCAM_img_1080.jpg,NoSCAM,bell pepper,desk,3.698,NoSCAM_img_1080,/external-cache/fse_typographic_20260926/external/SCAM/images.zip,images/train/NoSCAM_img_1080.jpg,NoSCAM,img_1080,0.31384405493736267,0.13018178939819336,0.1836622655391693,True,True
NoSCAM_img_1081.jpg,NoSCAM,cucumber,lemon,2.958,NoSCAM_img_1081,/external-cache/fse_typographic_20260926/external/SCAM/images.zip,images/train/NoSCAM_img_1081.jpg,NoSCAM,img_1081,0.29552894830703735,0.18972085416316986,0.10580809414386749,True,True
NoSCAM_img_1082.jpg,NoSCAM,floss,bike,5.589,NoSCAM_img_1082,/external-cache/fse_typographic_20260926/external/SCAM/images.zip,images/train/NoSCAM_img_1082.jpg,NoSCAM,img_1082,0.2043025940656662,0.11767473816871643,0.08662785589694977,True,False
NoSCAM_img_1083.jpg,NoSCAM,handwash,frog,2.178,NoSCAM_img_1083,/external-cache/fse_typographic_20260926/external/SCAM/images.zip,images/train/NoSCAM_img_1083.jpg,NoSCAM,img_1083,0.2252812385559082,0.13444939255714417,0.09083184599876404,True,False
NoSCAM_img_1084.jpg,NoSCAM,cable,candle,4.44,NoSCAM_img_1084,/external-cache/fse_typographic_20260926/external/SCAM/images.zip,images/train/NoSCAM_img_1084.jpg,NoSCAM,img_1084,0.2634392976760864,0.1526779979467392,0.11076129972934723,True,False
NoSCAM_img_1085.jpg,NoSCAM,powerbank,seed,3.239,NoSCAM_img_1085,/external-cache/fse_typographic_20260926/external/SCAM/images.zip,images/train/NoSCAM_img_1085.jpg,NoSCAM,img_1085,0.2690485119819641,0.17076799273490906,0.09828051924705505,True,True
NoSCAM_img_1086.jpg,NoSCAM,floss,blanket,4.719,NoSCAM_img_1086,/external-cache/fse_typographic_20260926/external/SCAM/images.zip,images/train/NoSCAM_img_1086.jpg,NoSCAM,img_1086,0.16194353997707367,0.11396253108978271,0.047981008887290955,True,False
NoSCAM_img_1087.jpg,NoSCAM,handwash,leaf,1.749,NoSCAM_img_1087,/external-cache/fse_typographic_20260926/external/SCAM/images.zip,images/train/NoSCAM_img_1087.jpg,NoSCAM,img_1087,0.21731197834014893,0.15063871443271637,0.06667326390743256,True,False
NoSCAM_img_1088.jpg,NoSCAM,usb-c cable,curtain,2.933,NoSCAM_img_1088,/external-cache/fse_typographic_20260926/external/SCAM/images.zip,images/train/NoSCAM_img_1088.jpg,NoSCAM,img_1088,0.2630625367164612,0.07216024398803711,0.19090229272842407,True,True
NoSCAM_img_1089.jpg,NoSCAM,adapter,bicycle,2.583,NoSCAM_img_1089,/external-cache/fse_typographic_20260926/external/SCAM/images.zip,images/train/NoSCAM_img_1089.jpg,NoSCAM,img_1089,0.2370699644088745,0.09832621365785599,0.13874375820159912,True,False
NoSCAM_img_1090.jpg,NoSCAM,grapes,cannon,2.38,NoSCAM_img_1090,/external-cache/fse_typographic_20260926/external/SCAM/images.zip,images/train/NoSCAM_img_1090.jpg,NoSCAM,img_1090,0.25933265686035156,0.08689785748720169,0.17243480682373047,True,True
NoSCAM_img_1091.jpg,NoSCAM,notebook,fruit,2.761,NoSCAM_img_1091,/external-cache/fse_typographic_20260926/external/SCAM/images.zip,images/train/NoSCAM_img_1091.jpg,NoSCAM,img_1091,0.28822511434555054,0.1736888289451599,0.11453628540039062,True,True
NoSCAM_img_1092.jpg,NoSCAM,pocket knife,flower,3.458,NoSCAM_img_1092,/external-cache/fse_typographic_20260926/external/SCAM/images.zip,images/train/NoSCAM_img_1092.jpg,NoSCAM,img_1092,0.27308133244514465,0.14629775285720825,0.1267835795879364,True,True
NoSCAM_img_1093.jpg,NoSCAM,thermometer,cake,3.562,NoSCAM_img_1093,/external-cache/fse_typographic_20260926/external/SCAM/images.zip,images/train/NoSCAM_img_1093.jpg,NoSCAM,img_1093,0.20124025642871857,0.1557798534631729,0.045460402965545654,True,False
NoSCAM_img_1094.jpg,NoSCAM,notebook,lamp,2.201,NoSCAM_img_1094,/external-cache/fse_typographic_20260926/external/SCAM/images.zip,images/train/NoSCAM_img_1094.jpg,NoSCAM,img_1094,0.3019765615463257,0.1409980207681656,0.1609785407781601,True,True
NoSCAM_img_1095.jpg,NoSCAM,pocket knife,bench,4.586,NoSCAM_img_1095,/external-cache/fse_typographic_20260926/external/SCAM/images.zip,images/train/NoSCAM_img_1095.jpg,NoSCAM,img_1095,0.26632362604141235,0.13290132582187653,0.13342230021953583,True,True
NoSCAM_img_1096.jpg,NoSCAM,fever thermometer,crab,2.765,NoSCAM_img_1096,/external-cache/fse_typographic_20260926/external/SCAM/images.zip,images/train/NoSCAM_img_1096.jpg,NoSCAM,img_1096,0.30541372299194336,0.11420488357543945,0.1912088394165039,True,True
NoSCAM_img_1097.jpg,NoSCAM,candle,slow,10.606,NoSCAM_img_1097,/external-cache/fse_typographic_20260926/external/SCAM/images.zip,images/train/NoSCAM_img_1097.jpg,NoSCAM,img_1097,0.2142743319272995,0.1283893585205078,0.08588497340679169,True,False
NoSCAM_img_1098.jpg,NoSCAM,dispenser,lane,6.583,NoSCAM_img_1098,/external-cache/fse_typographic_20260926/external/SCAM/images.zip,images/train/NoSCAM_img_1098.jpg,NoSCAM,img_1098,0.2418036311864853,0.13162419199943542,0.11017943918704987,True,False
NoSCAM_img_1099.jpg,NoSCAM,brush,lane,3.838,NoSCAM_img_1099,/external-cache/fse_typographic_20260926/external/SCAM/images.zip,images/train/NoSCAM_img_1099.jpg,NoSCAM,img_1099,0.2438037097454071,0.08362375199794769,0.1601799577474594,True,False
NoSCAM_img_1100.jpg,NoSCAM,glass,lane,5.48,NoSCAM_img_1100,/external-cache/fse_typographic_20260926/external/SCAM/images.zip,images/train/NoSCAM_img_1100.jpg,NoSCAM,img_1100,0.2485003024339676,0.12386620789766312,0.12463409453630447,True,True
NoSCAM_img_1101.jpg,NoSCAM,glass,lane,4.674,NoSCAM_img_1101,/external-cache/fse_typographic_20260926/external/SCAM/images.zip,images/train/NoSCAM_img_1101.jpg,NoSCAM,img_1101,0.24883346259593964,0.1261882185935974,0.12264524400234222,True,False
NoSCAM_img_1102.jpg,NoSCAM,cup,lane,7.977,NoSCAM_img_1102,/external-cache/fse_typographic_20260926/external/SCAM/images.zip,images/train/NoSCAM_img_1102.jpg,NoSCAM,img_1102,0.24278877675533295,0.12906791269779205,0.1137208640575409,True,False
NoSCAM_img_1103.jpg,NoSCAM,plate,lane,5.0,NoSCAM_img_1103,/external-cache/fse_typographic_20260926/external/SCAM/images.zip,images/train/NoSCAM_img_1103.jpg,NoSCAM,img_1103,0.2391037940979004,0.09377454966306686,0.14532923698425293,True,False
NoSCAM_img_1104.jpg,NoSCAM,candle,slow,4.212,NoSCAM_img_1104,/external-cache/fse_typographic_20260926/external/SCAM/images.zip,images/train/NoSCAM_img_1104.jpg,NoSCAM,img_1104,0.28043538331985474,0.15475402772426605,0.12568135559558868,True,True
NoSCAM_img_1105.jpg,NoSCAM,flowers,slow,2.505,NoSCAM_img_1105,/external-cache/fse_typographic_20260926/external/SCAM/images.zip,images/train/NoSCAM_img_1105.jpg,NoSCAM,img_1105,0.21489767730236053,0.13865914940834045,0.07623852789402008,True,False
NoSCAM_img_1106.jpg,NoSCAM,coffee machine,slow,5.431,NoSCAM_img_1106,/external-cache/fse_typographic_20260926/external/SCAM/images.zip,images/train/NoSCAM_img_1106.jpg,NoSCAM,img_1106,0.26128557324409485,0.17444080114364624,0.08684477210044861,True,False
NoSCAM_img_1107.jpg,NoSCAM,kettle,slow,2.692,NoSCAM_img_1107,/external-cache/fse_typographic_20260926/external/SCAM/images.zip,images/train/NoSCAM_img_1107.jpg,NoSCAM,img_1107,0.2649359107017517,0.15405291318893433,0.11088299751281738,True,False
NoSCAM_img_1108.jpg,NoSCAM,pasta,slow,3.445,NoSCAM_img_1108,/external-cache/fse_typographic_20260926/external/SCAM/images.zip,images/train/NoSCAM_img_1108.jpg,NoSCAM,img_1108,0.2399522066116333,0.14729350805282593,0.09265869855880737,True,False
NoSCAM_img_1109.jpg,NoSCAM,pan,slow,5.007,NoSCAM_img_1109,/external-cache/fse_typographic_20260926/external/SCAM/images.zip,images/train/NoSCAM_img_1109.jpg,NoSCAM,img_1109,0.280312716960907,0.18686899542808533,0.09344372153282166,True,False
NoSCAM_img_1110.jpg,NoSCAM,pot,lion,7.499,NoSCAM_img_1110,/external-cache/fse_typographic_20260926/external/SCAM/images.zip,images/train/NoSCAM_img_1110.jpg,NoSCAM,img_1110,0.2558443546295166,0.08978530764579773,0.16605904698371887,True,True
NoSCAM_img_1111.jpg,NoSCAM,skimmers,hole,0.813,NoSCAM_img_1111,/external-cache/fse_typographic_20260926/external/SCAM/images.zip,images/train/NoSCAM_img_1111.jpg,NoSCAM,img_1111,0.11748688668012619,0.12860366702079773,-0.01111678034067154,False,False
NoSCAM_img_1112.jpg,NoSCAM,masher,lion,6.025,NoSCAM_img_1112,/external-cache/fse_typographic_20260926/external/SCAM/images.zip,images/train/NoSCAM_img_1112.jpg,NoSCAM,img_1112,0.21785661578178406,0.10379764437675476,0.1140589714050293,True,False
NoSCAM_img_1113.jpg,NoSCAM,whisk,hole,3.101,NoSCAM_img_1113,/external-cache/fse_typographic_20260926/external/SCAM/images.zip,images/train/NoSCAM_img_1113.jpg,NoSCAM,img_1113,0.36457034945487976,0.12547072768211365,0.2390996217727661,True,True
NoSCAM_img_1114.jpg,NoSCAM,pizza cutter,lion,5.618,NoSCAM_img_1114,/external-cache/fse_typographic_20260926/external/SCAM/images.zip,images/train/NoSCAM_img_1114.jpg,NoSCAM,img_1114,0.2127983421087265,0.09285706281661987,0.11994127929210663,True,False
NoSCAM_img_1115.jpg,NoSCAM,toaster,hole,3.246,NoSCAM_img_1115,/external-cache/fse_typographic_20260926/external/SCAM/images.zip,images/train/NoSCAM_img_1115.jpg,NoSCAM,img_1115,0.28336650133132935,0.16998600959777832,0.11338049173355103,True,True
NoSCAM_img_1116.jpg,NoSCAM,printer,exit,1.431,NoSCAM_img_1116,/external-cache/fse_typographic_20260926/external/SCAM/images.zip,images/train/NoSCAM_img_1116.jpg,NoSCAM,img_1116,0.2444222867488861,0.09784257411956787,0.14657971262931824,True,True
NoSCAM_img_1117.jpg,NoSCAM,monitor,exit,1.371,NoSCAM_img_1117,/external-cache/fse_typographic_20260926/external/SCAM/images.zip,images/train/NoSCAM_img_1117.jpg,NoSCAM,img_1117,0.2624061107635498,0.13501706719398499,0.12738904356956482,True,True
NoSCAM_img_1118.jpg,NoSCAM,mouse,exit,9.462,NoSCAM_img_1118,/external-cache/fse_typographic_20260926/external/SCAM/images.zip,images/train/NoSCAM_img_1118.jpg,NoSCAM,img_1118,0.2717176079750061,0.1405583918094635,0.1311592161655426,True,True
NoSCAM_img_1119.jpg,NoSCAM,ernie,stop,3.716,NoSCAM_img_1119,/external-cache/fse_typographic_20260926/external/SCAM/images.zip,images/train/NoSCAM_img_1119.jpg,NoSCAM,img_1119,0.2456299364566803,0.139239102602005,0.10639083385467529,True,True
NoSCAM_img_1120.jpg,NoSCAM,pillow,slow,5.047,NoSCAM_img_1120,/external-cache/fse_typographic_20260926/external/SCAM/images.zip,images/train/NoSCAM_img_1120.jpg,NoSCAM,img_1120,0.19977566599845886,0.17298680543899536,0.0267888605594635,True,False
NoSCAM_img_1121.jpg,NoSCAM,dvd,slow,7.389,NoSCAM_img_1121,/external-cache/fse_typographic_20260926/external/SCAM/images.zip,images/train/NoSCAM_img_1121.jpg,NoSCAM,img_1121,0.2653654217720032,0.15143968164920807,0.1139257401227951,True,True
NoSCAM_img_1122.jpg,NoSCAM,headphones,highway,4.854,NoSCAM_img_1122,/external-cache/fse_typographic_20260926/external/SCAM/images.zip,images/train/NoSCAM_img_1122.jpg,NoSCAM,img_1122,0.24821531772613525,0.07469497621059418,0.17352034151554108,True,True
NoSCAM_img_1123.jpg,NoSCAM,radio,highway,3.793,NoSCAM_img_1123,/external-cache/fse_typographic_20260926/external/SCAM/images.zip,images/train/NoSCAM_img_1123.jpg,NoSCAM,img_1123,0.26298585534095764,0.08114534616470337,0.18184050917625427,True,True
NoSCAM_img_1124.jpg,NoSCAM,cable,highway,7.241,NoSCAM_img_1124,/external-cache/fse_typographic_20260926/external/SCAM/images.zip,images/train/NoSCAM_img_1124.jpg,NoSCAM,img_1124,0.27203983068466187,0.13184978067874908,0.14019005000591278,True,False
NoSCAM_img_1125.jpg,NoSCAM,vacuum cleaner,highway,2.353,NoSCAM_img_1125,/external-cache/fse_typographic_20260926/external/SCAM/images.zip,images/train/NoSCAM_img_1125.jpg,NoSCAM,img_1125,0.2671281099319458,0.0699981302022934,0.1971299797296524,True,True
NoSCAM_img_1126.jpg,NoSCAM,vacuum cleaner,exit,2.307,NoSCAM_img_1126,/external-cache/fse_typographic_20260926/external/SCAM/images.zip,images/train/NoSCAM_img_1126.jpg,NoSCAM,img_1126,0.28467556834220886,0.1409538984298706,0.14372166991233826,True,True
NoSCAM_img_1127.jpg,NoSCAM,washing machine,stop,1.159,NoSCAM_img_1127,/external-cache/fse_typographic_20260926/external/SCAM/images.zip,images/train/NoSCAM_img_1127.jpg,NoSCAM,img_1127,0.24723634123802185,0.1458030343055725,0.10143330693244934,True,True
NoSCAM_img_1128.jpg,NoSCAM,fridge,stop,1.097,NoSCAM_img_1128,/external-cache/fse_typographic_20260926/external/SCAM/images.zip,images/train/NoSCAM_img_1128.jpg,NoSCAM,img_1128,0.2183437943458557,0.1295751929283142,0.0887686014175415,True,False
NoSCAM_img_1129.jpg,NoSCAM,microwave,exit,4.458,NoSCAM_img_1129,/external-cache/fse_typographic_20260926/external/SCAM/images.zip,images/train/NoSCAM_img_1129.jpg,NoSCAM,img_1129,0.2588202953338623,0.13616757094860077,0.12265272438526154,True,True
NoSCAM_img_1130.jpg,NoSCAM,toaster,hole,5.325,NoSCAM_img_1130,/external-cache/fse_typographic_20260926/external/SCAM/images.zip,images/train/NoSCAM_img_1130.jpg,NoSCAM,img_1130,0.2773835062980652,0.13832539319992065,0.13905811309814453,True,True
NoSCAM_img_1131.jpg,NoSCAM,coffee maker,hole,3.275,NoSCAM_img_1131,/external-cache/fse_typographic_20260926/external/SCAM/images.zip,images/train/NoSCAM_img_1131.jpg,NoSCAM,img_1131,0.24803659319877625,0.1335948407649994,0.11444175243377686,True,False
NoSCAM_img_1132.jpg,NoSCAM,contact grill,lion,5.416,NoSCAM_img_1132,/external-cache/fse_typographic_20260926/external/SCAM/images.zip,images/train/NoSCAM_img_1132.jpg,NoSCAM,img_1132,0.2277938723564148,0.1232653334736824,0.10452853888273239,True,False
NoSCAM_img_1133.jpg,NoSCAM,crepe pan,curve,1.878,NoSCAM_img_1133,/external-cache/fse_typographic_20260926/external/SCAM/images.zip,images/train/NoSCAM_img_1133.jpg,NoSCAM,img_1133,0.22795498371124268,0.13193202018737793,0.09602296352386475,True,False
NoSCAM_img_1134.jpg,NoSCAM,iron,merge,6.972,NoSCAM_img_1134,/external-cache/fse_typographic_20260926/external/SCAM/images.zip,images/train/NoSCAM_img_1134.jpg,NoSCAM,img_1134,0.19100861251354218,0.16528156399726868,0.0257270485162735,True,False
NoSCAM_img_1135.jpg,NoSCAM,blender,sloth,3.715,NoSCAM_img_1135,/external-cache/fse_typographic_20260926/external/SCAM/images.zip,images/train/NoSCAM_img_1135.jpg,NoSCAM,img_1135,0.22106674313545227,0.09420935809612274,0.12685738503932953,True,False
NoSCAM_img_1136.jpg,NoSCAM,clothes iron,ice,7.557,NoSCAM_img_1136,/external-cache/fse_typographic_20260926/external/SCAM/images.zip,images/train/NoSCAM_img_1136.jpg,NoSCAM,img_1136,0.2667725086212158,0.12462246417999268,0.14215004444122314,True,True
NoSCAM_img_1137.jpg,NoSCAM,electric toothbrush,wet,4.199,NoSCAM_img_1137,/external-cache/fse_typographic_20260926/external/SCAM/images.zip,images/train/NoSCAM_img_1137.jpg,NoSCAM,img_1137,0.2892051041126251,0.13863706588745117,0.15056803822517395,True,True
NoSCAM_img_1138.jpg,NoSCAM,hair dryer,pig,2.745,NoSCAM_img_1138,/external-cache/fse_typographic_20260926/external/SCAM/images.zip,images/train/NoSCAM_img_1138.jpg,NoSCAM,img_1138,0.2634503245353699,0.12267979979515076,0.14077052474021912,True,True
NoSCAM_img_1139.jpg,NoSCAM,electric shaver,seed,6.482,NoSCAM_img_1139,/external-cache/fse_typographic_20260926/external/SCAM/images.zip,images/train/NoSCAM_img_1139.jpg,NoSCAM,img_1139,0.27670973539352417,0.15229210257530212,0.12441763281822205,True,True
NoSCAM_img_1140.jpg,NoSCAM,hair iron,toll,3.488,NoSCAM_img_1140,/external-cache/fse_typographic_20260926/external/SCAM/images.zip,images/train/NoSCAM_img_1140.jpg,NoSCAM,img_1140,0.2568965256214142,0.11942805349826813,0.13746847212314606,True,False
NoSCAM_img_1141.jpg,NoSCAM,watch,yield,3.141,NoSCAM_img_1141,/external-cache/fse_typographic_20260926/external/SCAM/images.zip,images/train/NoSCAM_img_1141.jpg,NoSCAM,img_1141,0.24600575864315033,0.18586786091327667,0.06013789772987366,True,False
NoSCAM_img_1142.jpg,NoSCAM,drone,dead end,4.324,NoSCAM_img_1142,/external-cache/fse_typographic_20260926/external/SCAM/images.zip,images/train/NoSCAM_img_1142.jpg,NoSCAM,img_1142,0.26656243205070496,0.12209925055503845,0.1444631814956665,True,True
NoSCAM_img_1143.jpg,NoSCAM,drone,fog,3.747,NoSCAM_img_1143,/external-cache/fse_typographic_20260926/external/SCAM/images.zip,images/train/NoSCAM_img_1143.jpg,NoSCAM,img_1143,0.23699472844600677,0.09796227514743805,0.13903245329856873,True,True
NoSCAM_img_1144.jpg,NoSCAM,clock,train,7.62,NoSCAM_img_1144,/external-cache/fse_typographic_20260926/external/SCAM/images.zip,images/train/NoSCAM_img_1144.jpg,NoSCAM,img_1144,0.26309725642204285,0.12434530258178711,0.13875195384025574,True,False
NoSCAM_img_1145.jpg,NoSCAM,chair,arrow,0.42,NoSCAM_img_1145,/external-cache/fse_typographic_20260926/external/SCAM/images.zip,images/train/NoSCAM_img_1145.jpg,NoSCAM,img_1145,0.24009642004966736,0.15110325813293457,0.08899316191673279,True,True
NoSCAM_img_1146.jpg,NoSCAM,hat,cannon,2.815,NoSCAM_img_1146,/external-cache/fse_typographic_20260926/external/SCAM/images.zip,images/train/NoSCAM_img_1146.jpg,NoSCAM,img_1146,0.25211337208747864,0.10623662173748016,0.14587675034999847,True,True
NoSCAM_img_1147.jpg,NoSCAM,pouch,bell,6.378,NoSCAM_img_1147,/external-cache/fse_typographic_20260926/external/SCAM/images.zip,images/train/NoSCAM_img_1147.jpg,NoSCAM,img_1147,0.23401780426502228,0.14241749048233032,0.09160031378269196,True,False
NoSCAM_img_1148.jpg,NoSCAM,sneaker,fish,4.37,NoSCAM_img_1148,/external-cache/fse_typographic_20260926/external/SCAM/images.zip,images/train/NoSCAM_img_1148.jpg,NoSCAM,img_1148,0.23219099640846252,0.13567519187927246,0.09651580452919006,True,False
NoSCAM_img_1149.jpg,NoSCAM,bench,cart,6.443,NoSCAM_img_1149,/external-cache/fse_typographic_20260926/external/SCAM/images.zip,images/train/NoSCAM_img_1149.jpg,NoSCAM,img_1149,0.2916279435157776,0.21874018013477325,0.07288776338100433,True,True
NoSCAM_img_1150.jpg,NoSCAM,yarn,iron,6.461,NoSCAM_img_1150,/external-cache/fse_typographic_20260926/external/SCAM/images.zip,images/train/NoSCAM_img_1150.jpg,NoSCAM,img_1150,0.2949507236480713,0.1887524425983429,0.1061982810497284,True,False
NoSCAM_img_1151.jpg,NoSCAM,easel,hole,6.064,NoSCAM_img_1151,/external-cache/fse_typographic_20260926/external/SCAM/images.zip,images/train/NoSCAM_img_1151.jpg,NoSCAM,img_1151,0.2836090624332428,0.16052550077438354,0.12308356165885925,True,True
NoSCAM_img_1152.jpg,NoSCAM,calculator,lion,8.419,NoSCAM_img_1152,/external-cache/fse_typographic_20260926/external/SCAM/images.zip,images/train/NoSCAM_img_1152.jpg,NoSCAM,img_1152,0.28486984968185425,0.10381702333688736,0.18105283379554749,True,True
NoSCAM_img_1153.jpg,NoSCAM,tape dispenser,curve,3.146,NoSCAM_img_1153,/external-cache/fse_typographic_20260926/external/SCAM/images.zip,images/train/NoSCAM_img_1153.jpg,NoSCAM,img_1153,0.26179730892181396,0.15958832204341888,0.10220898687839508,True,True
NoSCAM_img_1154.jpg,NoSCAM,paint,merge,11.012,NoSCAM_img_1154,/external-cache/fse_typographic_20260926/external/SCAM/images.zip,images/train/NoSCAM_img_1154.jpg,NoSCAM,img_1154,0.2140628546476364,0.17774447798728943,0.036318376660346985,True,False
NoSCAM_img_1155.jpg,NoSCAM,pallet,sloth,9.006,NoSCAM_img_1155,/external-cache/fse_typographic_20260926/external/SCAM/images.zip,images/train/NoSCAM_img_1155.jpg,NoSCAM,img_1155,0.3293870687484741,0.13615840673446655,0.19322866201400757,True,True
NoSCAM_img_1156.jpg,NoSCAM,flowers,ice,5.307,NoSCAM_img_1156,/external-cache/fse_typographic_20260926/external/SCAM/images.zip,images/train/NoSCAM_img_1156.jpg,NoSCAM,img_1156,0.22818709909915924,0.11597059667110443,0.11221650242805481,True,True
NoSCAM_img_1157.jpg,NoSCAM,flowers,wet,7.376,NoSCAM_img_1157,/external-cache/fse_typographic_20260926/external/SCAM/images.zip,images/train/NoSCAM_img_1157.jpg,NoSCAM,img_1157,0.22553658485412598,0.12237903475761414,0.10315755009651184,True,True
NoSCAM_img_1158.jpg,NoSCAM,webcam,van,10.022,NoSCAM_img_1158,/external-cache/fse_typographic_20260926/external/SCAM/images.zip,images/train/NoSCAM_img_1158.jpg,NoSCAM,img_1158,0.2292872965335846,0.1350359469652176,0.094251349568367,True,True
NoSCAM_img_1159.jpg,NoSCAM,orange,lock,3.405,NoSCAM_img_1159,/external-cache/fse_typographic_20260926/external/SCAM/images.zip,images/train/NoSCAM_img_1159.jpg,NoSCAM,img_1159,0.27930471301078796,0.14557406306266785,0.13373064994812012,True,True
NoSCAM_img_1160.jpg,NoSCAM,phone,hammer,3.234,NoSCAM_img_1160,/external-cache/fse_typographic_20260926/external/SCAM/images.zip,images/train/NoSCAM_img_1160.jpg,NoSCAM,img_1160,0.24394044280052185,0.1433066725730896,0.10063377022743225,True,False
NoSCAM_img_1161.jpg,NoSCAM,grapes,cup,2.807,NoSCAM_img_1161,/external-cache/fse_typographic_20260926/external/SCAM/images.zip,images/train/NoSCAM_img_1161.jpg,NoSCAM,img_1161,0.2528707683086395,0.09732794761657715,0.15554282069206238,True,True
NoSCAM_img_1162.jpg,NoSCAM,radio,zebra,5.726,NoSCAM_img_1162,/external-cache/fse_typographic_20260926/external/SCAM/images.zip,images/train/NoSCAM_img_1162.jpg,NoSCAM,img_1162,0.2774941325187683,0.1322515904903412,0.14524254202842712,True,True
