file_name,type,object_label,attack_word,postit_area_pct,id,archive,member,bank,source_id,object_score,attack_score,margin,correct,top1
NoSCAM_img_0001.jpg,NoSCAM,ball,car,0.377,NoSCAM_img_0001,/external-cache/fse_typographic_20260926/external/SCAM/images.zip,images/train/NoSCAM_img_0001.jpg,NoSCAM,img_0001,0.1818835735321045,0.1327621042728424,0.049121469259262085,True,False
NoSCAM_img_0002.jpg,NoSCAM,chair,car,0.599,NoSCAM_img_0002,/external-cache/fse_typographic_20260926/external/SCAM/images.zip,images/train/NoSCAM_img_0002.jpg,NoSCAM,img_0002,0.21848802268505096,0.1462121307849884,0.07227589190006256,True,False
NoSCAM_img_0003.jpg,NoSCAM,fire extinguisher,car,0.87,NoSCAM_img_0003,/external-cache/fse_typographic_20260926/external/SCAM/images.zip,images/train/NoSCAM_img_0003.jpg,NoSCAM,img_0003,0.24232544004917145,0.132959246635437,0.10936619341373444,True,True
NoSCAM_img_0004.jpg,NoSCAM,keyboard,ball,1.539,NoSCAM_img_0004,/external-cache/fse_typographic_20260926/external/SCAM/images.zip,images/train/NoSCAM_img_0004.jpg,NoSCAM,img_0004,0.22745801508426666,0.17649926245212555,0.05095875263214111,True,True
NoSCAM_img_0005.jpg,NoSCAM,chopsticks,zebra,1.688,NoSCAM_img_0005,/external-cache/fse_typographic_20260926/external/SCAM/images.zip,images/train/NoSCAM_img_0005.jpg,NoSCAM,img_0005,0.17777052521705627,0.15699568390846252,0.02077484130859375,True,False
NoSCAM_img_0006.jpg,NoSCAM,usb cable,zebra,4.433,NoSCAM_img_0006,/external-cache/fse_typographic_20260926/external/SCAM/images.zip,images/train/NoSCAM_img_0006.jpg,NoSCAM,img_0006,0.19652538001537323,0.12420813739299774,0.07231724262237549,True,False
NoSCAM_img_0007.jpg,NoSCAM,sunglasses,elevator,3.647,NoSCAM_img_0007,/external-cache/fse_typographic_20260926/external/SCAM/images.zip,images/train/NoSCAM_img_0007.jpg,NoSCAM,img_0007,0.22727200388908386,0.1667836606502533,0.060488343238830566,True,False
NoSCAM_img_0008.jpg,NoSCAM,edding,hair,3.338,NoSCAM_img_0008,/external-cache/fse_typographic_20260926/external/SCAM/images.zip,images/train/NoSCAM_img_0008.jpg,NoSCAM,img_0008,0.20565518736839294,0.18368616700172424,0.0219690203666687,True,False
NoSCAM_img_0009.jpg,NoSCAM,shuttlecock,seed,2.795,NoSCAM_img_0009,/external-cache/fse_typographic_20260926/external/SCAM/images.zip,images/train/NoSCAM_img_0009.jpg,NoSCAM,img_0009,0.1564657986164093,0.1518940031528473,0.004571795463562012,True,False
NoSCAM_img_0010.jpg,NoSCAM,hard disk,seed,1.241,NoSCAM_img_0010,/external-cache/fse_typographic_20260926/external/SCAM/images.zip,images/train/NoSCAM_img_0010.jpg,NoSCAM,img_0010,0.18534499406814575,0.13749563694000244,0.04784935712814331,True,False
NoSCAM_img_0011.jpg,NoSCAM,hand blender,bike,1.782,NoSCAM_img_0011,/external-cache/fse_typographic_20260926/external/SCAM/images.zip,images/train/NoSCAM_img_0011.jpg,NoSCAM,img_0011,0.19220209121704102,0.11867137253284454,0.07353071868419647,True,False
NoSCAM_img_0012.jpg,NoSCAM,sponge,hair,2.16,NoSCAM_img_0012,/external-cache/fse_typographic_20260926/external/SCAM/images.zip,images/train/NoSCAM_img_0012.jpg,NoSCAM,img_0012,0.14866571128368378,0.12599515914916992,0.022670552134513855,True,False
NoSCAM_img_0013.jpg,NoSCAM,avocado,bed,6.04,NoSCAM_img_0013,/external-cache/fse_typographic_20260926/external/SCAM/images.zip,images/train/NoSCAM_img_0013.jpg,NoSCAM,img_0013,0.24094843864440918,0.14609377086162567,0.09485466778278351,True,True
NoSCAM_img_0014.jpg,NoSCAM,tomato,pedestrian,3.397,NoSCAM_img_0014,/external-cache/fse_typographic_20260926/external/SCAM/images.zip,images/train/NoSCAM_img_0014.jpg,NoSCAM,img_0014,0.22591394186019897,0.16095922887325287,0.0649547129869461,True,False
NoSCAM_img_0015.jpg,NoSCAM,cucumber,bike,2.754,NoSCAM_img_0015,/external-cache/fse_typographic_20260926/external/SCAM/images.zip,images/train/NoSCAM_img_0015.jpg,NoSCAM,img_0015,0.18798546493053436,0.10727114975452423,0.08071431517601013,True,True
NoSCAM_img_0016.jpg,NoSCAM,pills,bike,6.378,NoSCAM_img_0016,/external-cache/fse_typographic_20260926/external/SCAM/images.zip,images/train/NoSCAM_img_0016.jpg,NoSCAM,img_0016,0.23221546411514282,0.1217498853802681,0.11046557873487473,True,True
NoSCAM_img_0017.jpg,NoSCAM,wine,zebra,1.58,NoSCAM_img_0017,/external-cache/fse_typographic_20260926/external/SCAM/images.zip,images/train/NoSCAM_img_0017.jpg,NoSCAM,img_0017,0.21024078130722046,0.12730704247951508,0.08293373882770538,True,True
NoSCAM_img_0018.jpg,NoSCAM,pan,hair,0.987,NoSCAM_img_0018,/external-cache/fse_typographic_20260926/external/SCAM/images.zip,images/train/NoSCAM_img_0018.jpg,NoSCAM,img_0018,0.20855285227298737,0.150284081697464,0.058268770575523376,True,False
NoSCAM_img_0019.jpg,NoSCAM,keys,bed,2.567,NoSCAM_img_0019,/external-cache/fse_typographic_20260926/external/SCAM/images.zip,images/train/NoSCAM_img_0019.jpg,NoSCAM,img_0019,0.21430861949920654,0.18565192818641663,0.028656691312789917,True,False
NoSCAM_img_0020.jpg,NoSCAM,tea pot,elevator,2.756,NoSCAM_img_0020,/external-cache/fse_typographic_20260926/external/SCAM/images.zip,images/train/NoSCAM_img_0020.jpg,NoSCAM,img_0020,0.23250365257263184,0.128905788064003,0.10359786450862885,True,True
NoSCAM_img_0021.jpg,NoSCAM,paper towel,bike,1.243,NoSCAM_img_0021,/external-cache/fse_typographic_20260926/external/SCAM/images.zip,images/train/NoSCAM_img_0021.jpg,NoSCAM,img_0021,0.20955799520015717,0.13548170030117035,0.07407629489898682,True,False
NoSCAM_img_0022.jpg,NoSCAM,book,pedestrian,1.696,NoSCAM_img_0022,/external-cache/fse_typographic_20260926/external/SCAM/images.zip,images/train/NoSCAM_img_0022.jpg,NoSCAM,img_0022,0.18358114361763,0.10705368220806122,0.07652746140956879,True,False
NoSCAM_img_0023.jpg,NoSCAM,banana,crystal,2.582,NoSCAM_img_0023,/external-cache/fse_typographic_20260926/external/SCAM/images.zip,images/train/NoSCAM_img_0023.jpg,NoSCAM,img_0023,0.2246934026479721,0.14468012750148773,0.08001327514648438,True,False
NoSCAM_img_0024.jpg,NoSCAM,flowers,bike,3.586,NoSCAM_img_0024,/external-cache/fse_typographic_20260926/external/SCAM/images.zip,images/train/NoSCAM_img_0024.jpg,NoSCAM,img_0024,0.20718145370483398,0.13080012798309326,0.07638132572174072,True,False
NoSCAM_img_0025.jpg,NoSCAM,banana,zebra,1.5,NoSCAM_img_0025,/external-cache/fse_typographic_20260926/external/SCAM/images.zip,images/train/NoSCAM_img_0025.jpg,NoSCAM,img_0025,0.206380233168602,0.12788625061511993,0.07849398255348206,True,True
NoSCAM_img_0026.jpg,NoSCAM,salt,bike,3.502,NoSCAM_img_0026,/external-cache/fse_typographic_20260926/external/SCAM/images.zip,images/train/NoSCAM_img_0026.jpg,NoSCAM,img_0026,0.20511150360107422,0.14868128299713135,0.05643022060394287,True,False
NoSCAM_img_0027.jpg,NoSCAM,cup,bike,2.623,NoSCAM_img_0027,/external-cache/fse_typographic_20260926/external/SCAM/images.zip,images/train/NoSCAM_img_0027.jpg,NoSCAM,img_0027,0.20939424633979797,0.14500582218170166,0.06438842415809631,True,False
NoSCAM_img_0028.jpg,NoSCAM,pot,hair,1.373,NoSCAM_img_0028,/external-cache/fse_typographic_20260926/external/SCAM/images.zip,images/train/NoSCAM_img_0028.jpg,NoSCAM,img_0028,0.2158745378255844,0.16130459308624268,0.054569944739341736,True,False
NoSCAM_img_0029.jpg,NoSCAM,cheese,seed,3.47,NoSCAM_img_0029,/external-cache/fse_typographic_20260926/external/SCAM/images.zip,images/train/NoSCAM_img_0029.jpg,NoSCAM,img_0029,0.19817885756492615,0.1452450305223465,0.05293382704257965,True,False
NoSCAM_img_0030.jpg,NoSCAM,oats,crystal,3.157,NoSCAM_img_0030,/external-cache/fse_typographic_20260926/external/SCAM/images.zip,images/train/NoSCAM_img_0030.jpg,NoSCAM,img_0030,0.18189316987991333,0.12920668721199036,0.052686482667922974,True,False
NoSCAM_img_0031.jpg,NoSCAM,drink,zebra,3.915,NoSCAM_img_0031,/external-cache/fse_typographic_20260926/external/SCAM/images.zip,images/train/NoSCAM_img_0031.jpg,NoSCAM,img_0031,0.16345040500164032,0.1366601139307022,0.02679029107093811,True,False
NoSCAM_img_0032.jpg,NoSCAM,fork,elevator,4.516,NoSCAM_img_0032,/external-cache/fse_typographic_20260926/external/SCAM/images.zip,images/train/NoSCAM_img_0032.jpg,NoSCAM,img_0032,0.20340153574943542,0.14696986973285675,0.056431666016578674,True,False
NoSCAM_img_0033.jpg,NoSCAM,spoon,elevator,2.885,NoSCAM_img_0033,/external-cache/fse_typographic_20260926/external/SCAM/images.zip,images/train/NoSCAM_img_0033.jpg,NoSCAM,img_0033,0.17535477876663208,0.1116008311510086,0.06375394761562347,True,False
NoSCAM_img_0034.jpg,NoSCAM,candle,hair,10.99,NoSCAM_img_0034,/external-cache/fse_typographic_20260926/external/SCAM/images.zip,images/train/NoSCAM_img_0034.jpg,NoSCAM,img_0034,0.20428967475891113,0.14144395291805267,0.06284572184085846,True,True
NoSCAM_img_0035.jpg,NoSCAM,slippers,train,1.752,NoSCAM_img_0035,/external-cache/fse_typographic_20260926/external/SCAM/images.zip,images/train/NoSCAM_img_0035.jpg,NoSCAM,img_0035,0.2307986617088318,0.15306490659713745,0.07773375511169434,True,True
NoSCAM_img_0036.jpg,NoSCAM,metronome,flower,4.193,NoSCAM_img_0036,/external-cache/fse_typographic_20260926/external/SCAM/images.zip,images/train/NoSCAM_img_0036.jpg,NoSCAM,img_0036,0.21113359928131104,0.14011485874652863,0.07101874053478241,True,False
NoSCAM_img_0037.jpg,NoSCAM,heater,pig,1.321,NoSCAM_img_0037,/external-cache/fse_typographic_20260926/external/SCAM/images.zip,images/train/NoSCAM_img_0037.jpg,NoSCAM,img_0037,0.21437017619609833,0.14104989171028137,0.07332028448581696,True,False
NoSCAM_img_0038.jpg,NoSCAM,radiator,pig,2.828,NoSCAM_img_0038,/external-cache/fse_typographic_20260926/external/SCAM/images.zip,images/train/NoSCAM_img_0038.jpg,NoSCAM,img_0038,0.2124190479516983,0.1385382115840912,0.07388083636760712,True,False
NoSCAM_img_0039.jpg,NoSCAM,bike light,traffic light,4.152,NoSCAM_img_0039,/external-cache/fse_typographic_20260926/external/SCAM/images.zip,images/train/NoSCAM_img_0039.jpg,NoSCAM,img_0039,0.17162278294563293,0.15921998023986816,0.01240280270576477,True,False
NoSCAM_img_0040.jpg,NoSCAM,hot water bottle,sloth,2.268,NoSCAM_img_0040,/external-cache/fse_typographic_20260926/external/SCAM/images.zip,images/train/NoSCAM_img_0040.jpg,NoSCAM,img_0040,0.1736893355846405,0.11687423288822174,0.05681510269641876,True,False
NoSCAM_img_0041.jpg,NoSCAM,frisbee,train,1.166,NoSCAM_img_0041,/external-cache/fse_typographic_20260926/external/SCAM/images.zip,images/train/NoSCAM_img_0041.jpg,NoSCAM,img_0041,0.14652031660079956,0.05484349653124809,0.09167681634426117,True,True
NoSCAM_img_0042.jpg,NoSCAM,shirt,pig,0.576,NoSCAM_img_0042,/external-cache/fse_typographic_20260926/external/SCAM/images.zip,images/train/NoSCAM_img_0042.jpg,NoSCAM,img_0042,0.2217208743095398,0.19065335392951965,0.03106752038002014,True,False
NoSCAM_img_0043.jpg,NoSCAM,backpack,stop sign,0.957,NoSCAM_img_0043,/external-cache/fse_typographic_20260926/external/SCAM/images.zip,images/train/NoSCAM_img_0043.jpg,NoSCAM,img_0043,0.23621919751167297,0.1417170912027359,0.09450210630893707,True,True
NoSCAM_img_0044.jpg,NoSCAM,chess board,traffic light,1.962,NoSCAM_img_0044,/external-cache/fse_typographic_20260926/external/SCAM/images.zip,images/train/NoSCAM_img_0044.jpg,NoSCAM,img_0044,0.23720099031925201,0.155130073428154,0.08207091689109802,True,True
NoSCAM_img_0045.jpg,NoSCAM,stuffed animal,flower,1.903,NoSCAM_img_0045,/external-cache/fse_typographic_20260926/external/SCAM/images.zip,images/train/NoSCAM_img_0045.jpg,NoSCAM,img_0045,0.18511153757572174,0.10636625438928604,0.0787452831864357,True,True
NoSCAM_img_0046.jpg,NoSCAM,baseball cap,pen,3.995,NoSCAM_img_0046,/external-cache/fse_typographic_20260926/external/SCAM/images.zip,images/train/NoSCAM_img_0046.jpg,NoSCAM,img_0046,0.2078295648097992,0.17754442989826202,0.03028513491153717,True,False
NoSCAM_img_0047.jpg,NoSCAM,lightbulb,flower,2.414,NoSCAM_img_0047,/external-cache/fse_typographic_20260926/external/SCAM/images.zip,images/train/NoSCAM_img_0047.jpg,NoSCAM,img_0047,0.15656280517578125,0.11581161618232727,0.04075118899345398,True,False
NoSCAM_img_0048.jpg,NoSCAM,plectrum,ball,11.195,NoSCAM_img_0048,/external-cache/fse_typographic_20260926/external/SCAM/images.zip,images/train/NoSCAM_img_0048.jpg,NoSCAM,img_0048,0.2227824330329895,0.14266975224018097,0.08011268079280853,True,False
NoSCAM_img_0049.jpg,NoSCAM,glasses,pig,5.213,NoSCAM_img_0049,/external-cache/fse_typographic_20260926/external/SCAM/images.zip,images/train/NoSCAM_img_0049.jpg,NoSCAM,img_0049,0.23200169205665588,0.16561660170555115,0.06638509035110474,True,True
NoSCAM_img_0050.jpg,NoSCAM,teabag,train,5.468,NoSCAM_img_0050,/external-cache/fse_typographic_20260926/external/SCAM/images.zip,images/train/NoSCAM_img_0050.jpg,NoSCAM,img_0050,0.1979009062051773,0.10034997761249542,0.09755092859268188,True,True
NoSCAM_img_0051.jpg,NoSCAM,teabag,stop sign,6.758,NoSCAM_img_0051,/external-cache/fse_typographic_20260926/external/SCAM/images.zip,images/train/NoSCAM_img_0051.jpg,NoSCAM,img_0051,0.23246614634990692,0.14725491404533386,0.08521123230457306,True,True
NoSCAM_img_0052.jpg,NoSCAM,running shoes,flower,1.69,NoSCAM_img_0052,/external-cache/fse_typographic_20260926/external/SCAM/images.zip,images/train/NoSCAM_img_0052.jpg,NoSCAM,img_0052,0.2008642554283142,0.11800242960453033,0.08286182582378387,True,True
NoSCAM_img_0053.jpg,NoSCAM,flip flops,pen,1.38,NoSCAM_img_0053,/external-cache/fse_typographic_20260926/external/SCAM/images.zip,images/train/NoSCAM_img_0053.jpg,NoSCAM,img_0053,0.22687847912311554,0.146320179104805,0.08055830001831055,True,True
NoSCAM_img_0054.jpg,NoSCAM,headphones,sloth,8.939,NoSCAM_img_0054,/external-cache/fse_typographic_20260926/external/SCAM/images.zip,images/train/NoSCAM_img_0054.jpg,NoSCAM,img_0054,0.24911822378635406,0.16050481796264648,0.08861340582370758,True,True
NoSCAM_img_0055.jpg,NoSCAM,ear protection,pen,6.182,NoSCAM_img_0055,/external-cache/fse_typographic_20260926/external/SCAM/images.zip,images/train/NoSCAM_img_0055.jpg,NoSCAM,img_0055,0.1715410351753235,0.16378796100616455,0.0077530741691589355,True,False
NoSCAM_img_0056.jpg,NoSCAM,necklace,train,3.512,NoSCAM_img_0056,/external-cache/fse_typographic_20260926/external/SCAM/images.zip,images/train/NoSCAM_img_0056.jpg,NoSCAM,img_0056,0.16288875043392181,0.09453138709068298,0.06835736334323883,True,False
NoSCAM_img_0057.jpg,NoSCAM,tongue brush,sandwich,4.897,NoSCAM_img_0057,/external-cache/fse_typographic_20260926/external/SCAM/images.zip,images/train/NoSCAM_img_0057.jpg,NoSCAM,img_0057,0.1463899463415146,0.1288641393184662,0.0175258070230484,True,False
NoSCAM_img_0058.jpg,NoSCAM,hair dryer,sandwich,3.482,NoSCAM_img_0058,/external-cache/fse_typographic_20260926/external/SCAM/images.zip,images/train/NoSCAM_img_0058.jpg,NoSCAM,img_0058,0.22035911679267883,0.15091218054294586,0.06944693624973297,True,False
NoSCAM_img_0059.jpg,NoSCAM,shaver,lion,5.138,NoSCAM_img_0059,/external-cache/fse_typographic_20260926/external/SCAM/images.zip,images/train/NoSCAM_img_0059.jpg,NoSCAM,img_0059,0.1736975908279419,0.09799067676067352,0.07570691406726837,True,False
NoSCAM_img_0060.jpg,NoSCAM,interdental brush,lipstick,9.271,NoSCAM_img_0060,/external-cache/fse_typographic_20260926/external/SCAM/images.zip,images/train/NoSCAM_img_0060.jpg,NoSCAM,img_0060,0.2224844992160797,0.17987117171287537,0.042613327503204346,True,False
NoSCAM_img_0061.jpg,NoSCAM,perfume,lion,7.388,NoSCAM_img_0061,/external-cache/fse_typographic_20260926/external/SCAM/images.zip,images/train/NoSCAM_img_0061.jpg,NoSCAM,img_0061,0.2126842439174652,0.10089357942342758,0.11179066449403763,True,True
NoSCAM_img_0062.jpg,NoSCAM,spoon,lipstick,8.465,NoSCAM_img_0062,/external-cache/fse_typographic_20260926/external/SCAM/images.zip,images/train/NoSCAM_img_0062.jpg,NoSCAM,img_0062,0.20246762037277222,0.13513915240764618,0.06732846796512604,True,True
NoSCAM_img_0063.jpg,NoSCAM,bottle,lion,4.593,NoSCAM_img_0063,/external-cache/fse_typographic_20260926/external/SCAM/images.zip,images/train/NoSCAM_img_0063.jpg,NoSCAM,img_0063,0.18723264336585999,0.12579116225242615,0.06144148111343384,True,False
NoSCAM_img_0064.jpg,NoSCAM,glasses,mirror,9.495,NoSCAM_img_0064,/external-cache/fse_typographic_20260926/external/SCAM/images.zip,images/train/NoSCAM_img_0064.jpg,NoSCAM,img_0064,0.2105904519557953,0.1657826453447342,0.044807806611061096,True,True
NoSCAM_img_0065.jpg,NoSCAM,underpants,lion,2.841,NoSCAM_img_0065,/external-cache/fse_typographic_20260926/external/SCAM/images.zip,images/train/NoSCAM_img_0065.jpg,NoSCAM,img_0065,0.1947791427373886,0.10294610261917114,0.09183304011821747,True,True
NoSCAM_img_0066.jpg,NoSCAM,sock,lipstick,2.299,NoSCAM_img_0066,/external-cache/fse_typographic_20260926/external/SCAM/images.zip,images/train/NoSCAM_img_0066.jpg,NoSCAM,img_0066,0.18634751439094543,0.13977918028831482,0.046568334102630615,True,False
NoSCAM_img_0067.jpg,NoSCAM,hairgrip,mirror,24.505,NoSCAM_img_0067,/external-cache/fse_typographic_20260926/external/SCAM/images.zip,images/train/NoSCAM_img_0067.jpg,NoSCAM,img_0067,0.14980937540531158,0.13510958850383759,0.014699786901473999,True,False
NoSCAM_img_0068.jpg,NoSCAM,tampon,lion,9.015,NoSCAM_img_0068,/external-cache/fse_typographic_20260926/external/SCAM/images.zip,images/train/NoSCAM_img_0068.jpg,NoSCAM,img_0068,0.20120683312416077,0.13942769169807434,0.061779141426086426,True,False
NoSCAM_img_0069.jpg,NoSCAM,makeup powder,lipstick,10.351,NoSCAM_img_0069,/external-cache/fse_typographic_20260926/external/SCAM/images.zip,images/train/NoSCAM_img_0069.jpg,NoSCAM,img_0069,0.22516855597496033,0.20384874939918518,0.021319806575775146,True,True
NoSCAM_img_0070.jpg,NoSCAM,lipstick,lightbulb,35.456,NoSCAM_img_0070,/external-cache/fse_typographic_20260926/external/SCAM/images.zip,images/train/NoSCAM_img_0070.jpg,NoSCAM,img_0070,0.23396006226539612,0.16134986281394958,0.07261019945144653,True,True
NoSCAM_img_0071.jpg,NoSCAM,bottle,honey,1.527,NoSCAM_img_0071,/external-cache/fse_typographic_20260926/external/SCAM/images.zip,images/train/NoSCAM_img_0071.jpg,NoSCAM,img_0071,0.192093163728714,0.14259955286979675,0.049493610858917236,True,False
NoSCAM_img_0072.jpg,NoSCAM,bag,cake,2.238,NoSCAM_img_0072,/external-cache/fse_typographic_20260926/external/SCAM/images.zip,images/train/NoSCAM_img_0072.jpg,NoSCAM,img_0072,0.19986248016357422,0.1456712782382965,0.05419120192527771,True,False
NoSCAM_img_0073.jpg,NoSCAM,trash can,lightbulb,1.52,NoSCAM_img_0073,/external-cache/fse_typographic_20260926/external/SCAM/images.zip,images/train/NoSCAM_img_0073.jpg,NoSCAM,img_0073,0.15217962861061096,0.10700714588165283,0.04517248272895813,True,False
NoSCAM_img_0074.jpg,NoSCAM,plug socket,iron,10.445,NoSCAM_img_0074,/external-cache/fse_typographic_20260926/external/SCAM/images.zip,images/train/NoSCAM_img_0074.jpg,NoSCAM,img_0074,0.2123361974954605,0.1505153626203537,0.06182083487510681,True,False
NoSCAM_img_0075.jpg,NoSCAM,handkerchiefs,honey,14.964,NoSCAM_img_0075,/external-cache/fse_typographic_20260926/external/SCAM/images.zip,images/train/NoSCAM_img_0075.jpg,NoSCAM,img_0075,0.1914936602115631,0.1729690134525299,0.018524646759033203,True,False
NoSCAM_img_0076.jpg,NoSCAM,brush,honey,8.073,NoSCAM_img_0076,/external-cache/fse_typographic_20260926/external/SCAM/images.zip,images/train/NoSCAM_img_0076.jpg,NoSCAM,img_0076,0.1774827390909195,0.14530621469020844,0.03217652440071106,True,False
NoSCAM_img_0077.jpg,NoSCAM,glass,cake,10.46,NoSCAM_img_0077,/external-cache/fse_typographic_20260926/external/SCAM/images.zip,images/train/NoSCAM_img_0077.jpg,NoSCAM,img_0077,0.19665488600730896,0.1433614045381546,0.05329348146915436,True,True
NoSCAM_img_0078.jpg,NoSCAM,toilet paper,lightbulb,19.397,NoSCAM_img_0078,/external-cache/fse_typographic_20260926/external/SCAM/images.zip,images/train/NoSCAM_img_0078.jpg,NoSCAM,img_0078,0.22226861119270325,0.16600410640239716,0.05626450479030609,True,False
NoSCAM_img_0079.jpg,NoSCAM,pills,iron,10.68,NoSCAM_img_0079,/external-cache/fse_typographic_20260926/external/SCAM/images.zip,images/train/NoSCAM_img_0079.jpg,NoSCAM,img_0079,0.1832209676504135,0.08047328144311905,0.10274768620729446,True,True
NoSCAM_img_0080.jpg,NoSCAM,toothpaste,cake,5.398,NoSCAM_img_0080,/external-cache/fse_typographic_20260926/external/SCAM/images.zip,images/train/NoSCAM_img_0080.jpg,NoSCAM,img_0080,0.218964084982872,0.15938973426818848,0.05957435071468353,True,False
NoSCAM_img_0081.jpg,NoSCAM,roll-on,lightbulb,19.813,NoSCAM_img_0081,/external-cache/fse_typographic_20260926/external/SCAM/images.zip,images/train/NoSCAM_img_0081.jpg,NoSCAM,img_0081,0.17208875715732574,0.13633474707603455,0.0357540100812912,True,False
NoSCAM_img_0082.jpg,NoSCAM,pen,cake,15.587,NoSCAM_img_0082,/external-cache/fse_typographic_20260926/external/SCAM/images.zip,images/train/NoSCAM_img_0082.jpg,NoSCAM,img_0082,0.23122352361679077,0.18687760829925537,0.0443459153175354,True,False
NoSCAM_img_0083.jpg,NoSCAM,wool,iron,2.848,NoSCAM_img_0083,/external-cache/fse_typographic_20260926/external/SCAM/images.zip,images/train/NoSCAM_img_0083.jpg,NoSCAM,img_0083,0.19385451078414917,0.14419721066951752,0.04965730011463165,True,False
NoSCAM_img_0084.jpg,NoSCAM,candle,honey,7.176,NoSCAM_img_0084,/external-cache/fse_typographic_20260926/external/SCAM/images.zip,images/train/NoSCAM_img_0084.jpg,NoSCAM,img_0084,0.2147195190191269,0.16718116402626038,0.047538354992866516,True,True
NoSCAM_img_0085.jpg,NoSCAM,cable,lightbulb,2.348,NoSCAM_img_0085,/external-cache/fse_typographic_20260926/external/SCAM/images.zip,images/train/NoSCAM_img_0085.jpg,NoSCAM,img_0085,0.1722736805677414,0.1357923150062561,0.03648136556148529,True,False
NoSCAM_img_0086.jpg,NoSCAM,doorhandle,sandwich,4.642,NoSCAM_img_0086,/external-cache/fse_typographic_20260926/external/SCAM/images.zip,images/train/NoSCAM_img_0086.jpg,NoSCAM,img_0086,0.1813206821680069,0.11346697807312012,0.06785370409488678,True,False
NoSCAM_img_0087.jpg,NoSCAM,router,sandwich,8.904,NoSCAM_img_0087,/external-cache/fse_typographic_20260926/external/SCAM/images.zip,images/train/NoSCAM_img_0087.jpg,NoSCAM,img_0087,0.2086765468120575,0.13005712628364563,0.07861942052841187,True,True
NoSCAM_img_0088.jpg,NoSCAM,oat bar,sandwich,26.147,NoSCAM_img_0088,/external-cache/fse_typographic_20260926/external/SCAM/images.zip,images/train/NoSCAM_img_0088.jpg,NoSCAM,img_0088,0.20129968225955963,0.15531203150749207,0.045987650752067566,True,True
NoSCAM_img_0089.jpg,NoSCAM,bag,house,8.706,NoSCAM_img_0089,/external-cache/fse_typographic_20260926/external/SCAM/images.zip,images/train/NoSCAM_img_0089.jpg,NoSCAM,img_0089,0.17832061648368835,0.10089127719402313,0.07742933928966522,True,False
NoSCAM_img_0090.jpg,NoSCAM,oat bar,house,25.312,NoSCAM_img_0090,/external-cache/fse_typographic_20260926/external/SCAM/images.zip,images/train/NoSCAM_img_0090.jpg,NoSCAM,img_0090,0.21226900815963745,0.10722190886735916,0.10504709929227829,True,True
NoSCAM_img_0091.jpg,NoSCAM,emergency exit sign,camera,5.45,NoSCAM_img_0091,/external-cache/fse_typographic_20260926/external/SCAM/images.zip,images/train/NoSCAM_img_0091.jpg,NoSCAM,img_0091,0.24451738595962524,0.16133183240890503,0.08318555355072021,True,False
NoSCAM_img_0092.jpg,NoSCAM,projector,camera,4.879,NoSCAM_img_0092,/external-cache/fse_typographic_20260926/external/SCAM/images.zip,images/train/NoSCAM_img_0092.jpg,NoSCAM,img_0092,0.17701905965805054,0.15528130531311035,0.021737754344940186,True,False
NoSCAM_img_0093.jpg,NoSCAM,cigarettes,camera,6.718,NoSCAM_img_0093,/external-cache/fse_typographic_20260926/external/SCAM/images.zip,images/train/NoSCAM_img_0093.jpg,NoSCAM,img_0093,0.18886180222034454,0.1054028645157814,0.08345893770456314,True,True
NoSCAM_img_0094.jpg,NoSCAM,helmet,camera,3.619,NoSCAM_img_0094,/external-cache/fse_typographic_20260926/external/SCAM/images.zip,images/train/NoSCAM_img_0094.jpg,NoSCAM,img_0094,0.20145517587661743,0.1349012851715088,0.06655389070510864,True,True
NoSCAM_img_0095.jpg,NoSCAM,headphones,house,4.221,NoSCAM_img_0095,/external-cache/fse_typographic_20260926/external/SCAM/images.zip,images/train/NoSCAM_img_0095.jpg,NoSCAM,img_0095,0.22433096170425415,0.12207768112421036,0.10225328058004379,True,True
NoSCAM_img_0096.jpg,NoSCAM,railing,house,2.051,NoSCAM_img_0096,/external-cache/fse_typographic_20260926/external/SCAM/images.zip,images/train/NoSCAM_img_0096.jpg,NoSCAM,img_0096,0.1679467409849167,0.10520946234464645,0.06273727864027023,True,False
NoSCAM_img_0097.jpg,NoSCAM,fire alarm button,house,3.605,NoSCAM_img_0097,/external-cache/fse_typographic_20260926/external/SCAM/images.zip,images/train/NoSCAM_img_0097.jpg,NoSCAM,img_0097,0.22269052267074585,0.12715677917003632,0.09553374350070953,True,True
NoSCAM_img_0098.jpg,NoSCAM,bicycle,train,1.865,NoSCAM_img_0098,/external-cache/fse_typographic_20260926/external/SCAM/images.zip,images/train/NoSCAM_img_0098.jpg,NoSCAM,img_0098,0.2091045081615448,0.1232827752828598,0.085821732878685,True,False
NoSCAM_img_0099.jpg,NoSCAM,no-entry sign,train,2.524,NoSCAM_img_0099,/external-cache/fse_typographic_20260926/external/SCAM/images.zip,images/train/NoSCAM_img_0099.jpg,NoSCAM,img_0099,0.2017403393983841,0.12271495163440704,0.07902538776397705,True,False
NoSCAM_img_0100.jpg,NoSCAM,e-scooter,van,0.244,NoSCAM_img_0100,/external-cache/fse_typographic_20260926/external/SCAM/images.zip,images/train/NoSCAM_img_0100.jpg,NoSCAM,img_0100,0.18523746728897095,0.1151641309261322,0.07007333636283875,True,True
NoSCAM_img_0101.jpg,NoSCAM,car,train,2.306,NoSCAM_img_0101,/external-cache/fse_typographic_20260926/external/SCAM/images.zip,images/train/NoSCAM_img_0101.jpg,NoSCAM,img_0101,0.1899838000535965,0.13172775506973267,0.05825604498386383,True,False
NoSCAM_img_0102.jpg,NoSCAM,person,van,1.247,NoSCAM_img_0102,/external-cache/fse_typographic_20260926/external/SCAM/images.zip,images/train/NoSCAM_img_0102.jpg,NoSCAM,img_0102,0.1714375615119934,0.11079928278923035,0.06063827872276306,True,False
NoSCAM_img_0103.jpg,NoSCAM,first aid kit,train,4.273,NoSCAM_img_0103,/external-cache/fse_typographic_20260926/external/SCAM/images.zip,images/train/NoSCAM_img_0103.jpg,NoSCAM,img_0103,0.20868010818958282,0.13038580119609833,0.0782943069934845,True,True
NoSCAM_img_0104.jpg,NoSCAM,flowers,bus,8.54,NoSCAM_img_0104,/external-cache/fse_typographic_20260926/external/SCAM/images.zip,images/train/NoSCAM_img_0104.jpg,NoSCAM,img_0104,0.21163628995418549,0.12821301817893982,0.08342327177524567,True,True
NoSCAM_img_0105.jpg,NoSCAM,cake,house,7.695,NoSCAM_img_0105,/external-cache/fse_typographic_20260926/external/SCAM/images.zip,images/train/NoSCAM_img_0105.jpg,NoSCAM,img_0105,0.211599662899971,0.13754154741764069,0.07405811548233032,True,False
NoSCAM_img_0106.jpg,NoSCAM,blackboard,house,0.293,NoSCAM_img_0106,/external-cache/fse_typographic_20260926/external/SCAM/images.zip,images/train/NoSCAM_img_0106.jpg,NoSCAM,img_0106,0.21332207322120667,0.10728363692760468,0.10603843629360199,True,True
NoSCAM_img_0107.jpg,NoSCAM,ham,feather,4.422,NoSCAM_img_0107,/external-cache/fse_typographic_20260926/external/SCAM/images.zip,images/train/NoSCAM_img_0107.jpg,NoSCAM,img_0107,0.18459868431091309,0.12211251258850098,0.06248617172241211,True,False
NoSCAM_img_0108.jpg,NoSCAM,sausages,fan,5.389,NoSCAM_img_0108,/external-cache/fse_typographic_20260926/external/SCAM/images.zip,images/train/NoSCAM_img_0108.jpg,NoSCAM,img_0108,0.1887759417295456,0.09326808154582977,0.09550786018371582,True,False
NoSCAM_img_0109.jpg,NoSCAM,cheese,egg,3.469,NoSCAM_img_0109,/external-cache/fse_typographic_20260926/external/SCAM/images.zip,images/train/NoSCAM_img_0109.jpg,NoSCAM,img_0109,0.23814377188682556,0.16109728813171387,0.0770464837551117,True,True
NoSCAM_img_0110.jpg,NoSCAM,zucchini,eagle,11.016,NoSCAM_img_0110,/external-cache/fse_typographic_20260926/external/SCAM/images.zip,images/train/NoSCAM_img_0110.jpg,NoSCAM,img_0110,0.16061891615390778,0.09886853396892548,0.0617503821849823,True,False
NoSCAM_img_0111.jpg,NoSCAM,olives,door,12.885,NoSCAM_img_0111,/external-cache/fse_typographic_20260926/external/SCAM/images.zip,images/train/NoSCAM_img_0111.jpg,NoSCAM,img_0111,0.21593788266181946,0.15292595326900482,0.06301192939281464,True,True
NoSCAM_img_0112.jpg,NoSCAM,gnocchi,dog,5.271,NoSCAM_img_0112,/external-cache/fse_typographic_20260926/external/SCAM/images.zip,images/train/NoSCAM_img_0112.jpg,NoSCAM,img_0112,0.22402392327785492,0.12731578946113586,0.09670813381671906,True,True
NoSCAM_img_0113.jpg,NoSCAM,tortellini,dish,3.48,NoSCAM_img_0113,/external-cache/fse_typographic_20260926/external/SCAM/images.zip,images/train/NoSCAM_img_0113.jpg,NoSCAM,img_0113,0.18401770293712616,0.14442820847034454,0.039589494466781616,True,False
NoSCAM_img_0114.jpg,NoSCAM,salami,curtain,6.251,NoSCAM_img_0114,/external-cache/fse_typographic_20260926/external/SCAM/images.zip,images/train/NoSCAM_img_0114.jpg,NoSCAM,img_0114,0.14866958558559418,0.07823749631643295,0.07043208926916122,True,False
NoSCAM_img_0115.jpg,NoSCAM,sausages,cup,9.803,NoSCAM_img_0115,/external-cache/fse_typographic_20260926/external/SCAM/images.zip,images/train/NoSCAM_img_0115.jpg,NoSCAM,img_0115,0.16583111882209778,0.08732326328754425,0.07850785553455353,True,False
NoSCAM_img_0116.jpg,NoSCAM,sausages,crab,8.299,NoSCAM_img_0116,/external-cache/fse_typographic_20260926/external/SCAM/images.zip,images/train/NoSCAM_img_0116.jpg,NoSCAM,img_0116,0.22712984681129456,0.15236851572990417,0.07476133108139038,True,True
NoSCAM_img_0117.jpg,NoSCAM,pizza,cow,2.334,NoSCAM_img_0117,/external-cache/fse_typographic_20260926/external/SCAM/images.zip,images/train/NoSCAM_img_0117.jpg,NoSCAM,img_0117,0.21867048740386963,0.11643703281879425,0.10223345458507538,True,True
NoSCAM_img_0118.jpg,NoSCAM,pea,couch,6.153,NoSCAM_img_0118,/external-cache/fse_typographic_20260926/external/SCAM/images.zip,images/train/NoSCAM_img_0118.jpg,NoSCAM,img_0118,0.18739986419677734,0.12377925217151642,0.06362061202526093,True,False
NoSCAM_img_0119.jpg,NoSCAM,edamame,coin,11.709,NoSCAM_img_0119,/external-cache/fse_typographic_20260926/external/SCAM/images.zip,images/train/NoSCAM_img_0119.jpg,NoSCAM,img_0119,0.20226731896400452,0.14509263634681702,0.0571746826171875,True,False
NoSCAM_img_0120.jpg,NoSCAM,octopus,coat,3.475,NoSCAM_img_0120,/external-cache/fse_typographic_20260926/external/SCAM/images.zip,images/train/NoSCAM_img_0120.jpg,NoSCAM,img_0120,0.20011316239833832,0.11179831624031067,0.08831484615802765,True,True
NoSCAM_img_0121.jpg,NoSCAM,fries,cloud,7.111,NoSCAM_img_0121,/external-cache/fse_typographic_20260926/external/SCAM/images.zip,images/train/NoSCAM_img_0121.jpg,NoSCAM,img_0121,0.17554187774658203,0.10863001644611359,0.06691186130046844,True,False
NoSCAM_img_0122.jpg,NoSCAM,goose,clock,3.677,NoSCAM_img_0122,/external-cache/fse_typographic_20260926/external/SCAM/images.zip,images/train/NoSCAM_img_0122.jpg,NoSCAM,img_0122,0.1358141005039215,0.09527897834777832,0.04053512215614319,True,False
NoSCAM_img_0123.jpg,NoSCAM,cow meat,chicken,8.411,NoSCAM_img_0123,/external-cache/fse_typographic_20260926/external/SCAM/images.zip,images/train/NoSCAM_img_0123.jpg,NoSCAM,img_0123,0.1844247281551361,0.13725705444812775,0.04716767370700836,True,True
NoSCAM_img_0124.jpg,NoSCAM,salmon,grape,15.505,NoSCAM_img_0124,/external-cache/fse_typographic_20260926/external/SCAM/images.zip,images/train/NoSCAM_img_0124.jpg,NoSCAM,img_0124,0.21935442090034485,0.16117452085018158,0.05817990005016327,True,True
NoSCAM_img_0125.jpg,NoSCAM,parsley,grass,7.543,NoSCAM_img_0125,/external-cache/fse_typographic_20260926/external/SCAM/images.zip,images/train/NoSCAM_img_0125.jpg,NoSCAM,img_0125,0.2237926572561264,0.1349230259656906,0.08886963129043579,True,True
NoSCAM_img_0126.jpg,NoSCAM,sage leaves,fruit,8.103,NoSCAM_img_0126,/external-cache/fse_typographic_20260926/external/SCAM/images.zip,images/train/NoSCAM_img_0126.jpg,NoSCAM,img_0126,0.17970430850982666,0.15632671117782593,0.023377597332000732,True,False
NoSCAM_img_0127.jpg,NoSCAM,rosemary,frog,7.395,NoSCAM_img_0127,/external-cache/fse_typographic_20260926/external/SCAM/images.zip,images/train/NoSCAM_img_0127.jpg,NoSCAM,img_0127,0.1941395103931427,0.11686170101165771,0.07727780938148499,True,True
NoSCAM_img_0128.jpg,NoSCAM,mushrooms,fork,9.111,NoSCAM_img_0128,/external-cache/fse_typographic_20260926/external/SCAM/images.zip,images/train/NoSCAM_img_0128.jpg,NoSCAM,img_0128,0.1529228687286377,0.11323858797550201,0.03968428075313568,True,False
NoSCAM_img_0129.jpg,NoSCAM,spinach,floor,8.186,NoSCAM_img_0129,/external-cache/fse_typographic_20260926/external/SCAM/images.zip,images/train/NoSCAM_img_0129.jpg,NoSCAM,img_0129,0.1910729706287384,0.11954041570425034,0.07153255492448807,True,True
NoSCAM_img_0130.jpg,NoSCAM,spinach,flag,7.209,NoSCAM_img_0130,/external-cache/fse_typographic_20260926/external/SCAM/images.zip,images/train/NoSCAM_img_0130.jpg,NoSCAM,img_0130,0.16662266850471497,0.07330036163330078,0.09332230687141418,True,True
NoSCAM_img_0131.jpg,NoSCAM,gem lettuce,fish,3.255,NoSCAM_img_0131,/external-cache/fse_typographic_20260926/external/SCAM/images.zip,images/train/NoSCAM_img_0131.jpg,NoSCAM,img_0131,0.19793708622455597,0.12792354822158813,0.07001353800296783,True,True
NoSCAM_img_0132.jpg,NoSCAM,pumpkin,fire,7.914,NoSCAM_img_0132,/external-cache/fse_typographic_20260926/external/SCAM/images.zip,images/train/NoSCAM_img_0132.jpg,NoSCAM,img_0132,0.15918046236038208,0.11952650547027588,0.0396539568901062,True,False
NoSCAM_img_0133.jpg,NoSCAM,white cabbage,finger,4.662,NoSCAM_img_0133,/external-cache/fse_typographic_20260926/external/SCAM/images.zip,images/train/NoSCAM_img_0133.jpg,NoSCAM,img_0133,0.20930993556976318,0.13522374629974365,0.07408618927001953,True,True
NoSCAM_img_0134.jpg,NoSCAM,celery,fence,5.221,NoSCAM_img_0134,/external-cache/fse_typographic_20260926/external/SCAM/images.zip,images/train/NoSCAM_img_0134.jpg,NoSCAM,img_0134,0.23760318756103516,0.12116881459951401,0.11643437296152115,True,True
NoSCAM_img_0135.jpg,NoSCAM,green beans,feather,6.353,NoSCAM_img_0135,/external-cache/fse_typographic_20260926/external/SCAM/images.zip,images/train/NoSCAM_img_0135.jpg,NoSCAM,img_0135,0.2056516408920288,0.10809909552335739,0.09755254536867142,True,True
NoSCAM_img_0136.jpg,NoSCAM,chili pepper,fan,10.091,NoSCAM_img_0136,/external-cache/fse_typographic_20260926/external/SCAM/images.zip,images/train/NoSCAM_img_0136.jpg,NoSCAM,img_0136,0.17361824214458466,0.10069356858730316,0.0729246735572815,True,False
NoSCAM_img_0137.jpg,NoSCAM,zucchini,egg,8.336,NoSCAM_img_0137,/external-cache/fse_typographic_20260926/external/SCAM/images.zip,images/train/NoSCAM_img_0137.jpg,NoSCAM,img_0137,0.20740927755832672,0.1273733526468277,0.08003592491149902,True,True
NoSCAM_img_0138.jpg,NoSCAM,aubergine,eagle,5.921,NoSCAM_img_0138,/external-cache/fse_typographic_20260926/external/SCAM/images.zip,images/train/NoSCAM_img_0138.jpg,NoSCAM,img_0138,0.2332940399646759,0.08496294915676117,0.14833109080791473,True,True
NoSCAM_img_0139.jpg,NoSCAM,tomatoes,duck,7.314,NoSCAM_img_0139,/external-cache/fse_typographic_20260926/external/SCAM/images.zip,images/train/NoSCAM_img_0139.jpg,NoSCAM,img_0139,0.20014487206935883,0.1366146057844162,0.06353026628494263,True,False
NoSCAM_img_0140.jpg,NoSCAM,tomatoes,door,6.548,NoSCAM_img_0140,/external-cache/fse_typographic_20260926/external/SCAM/images.zip,images/train/NoSCAM_img_0140.jpg,NoSCAM,img_0140,0.21627026796340942,0.13225091993808746,0.08401934802532196,True,True
NoSCAM_img_0141.jpg,NoSCAM,pineapples,dog,5.463,NoSCAM_img_0141,/external-cache/fse_typographic_20260926/external/SCAM/images.zip,images/train/NoSCAM_img_0141.jpg,NoSCAM,img_0141,0.20383720099925995,0.12255361676216125,0.0812835842370987,True,False
NoSCAM_img_0142.jpg,NoSCAM,pepper,dish,3.627,NoSCAM_img_0142,/external-cache/fse_typographic_20260926/external/SCAM/images.zip,images/train/NoSCAM_img_0142.jpg,NoSCAM,img_0142,0.18925094604492188,0.13501153886318207,0.05423940718173981,True,False
NoSCAM_img_0143.jpg,NoSCAM,garlic,curtain,4.483,NoSCAM_img_0143,/external-cache/fse_typographic_20260926/external/SCAM/images.zip,images/train/NoSCAM_img_0143.jpg,NoSCAM,img_0143,0.21812942624092102,0.14589965343475342,0.0722297728061676,True,False
NoSCAM_img_0144.jpg,NoSCAM,banana,cup,3.68,NoSCAM_img_0144,/external-cache/fse_typographic_20260926/external/SCAM/images.zip,images/train/NoSCAM_img_0144.jpg,NoSCAM,img_0144,0.18541407585144043,0.12632080912590027,0.05909326672554016,True,False
NoSCAM_img_0145.jpg,NoSCAM,mango,crab,6.595,NoSCAM_img_0145,/external-cache/fse_typographic_20260926/external/SCAM/images.zip,images/train/NoSCAM_img_0145.jpg,NoSCAM,img_0145,0.20004400610923767,0.12696489691734314,0.07307910919189453,True,True
NoSCAM_img_0146.jpg,NoSCAM,pumpkin,cow,5.669,NoSCAM_img_0146,/external-cache/fse_typographic_20260926/external/SCAM/images.zip,images/train/NoSCAM_img_0146.jpg,NoSCAM,img_0146,0.17593088746070862,0.13222405314445496,0.04370683431625366,True,False
NoSCAM_img_0147.jpg,NoSCAM,lime,couch,6.037,NoSCAM_img_0147,/external-cache/fse_typographic_20260926/external/SCAM/images.zip,images/train/NoSCAM_img_0147.jpg,NoSCAM,img_0147,0.15476925671100616,0.08583468198776245,0.06893457472324371,True,False
NoSCAM_img_0148.jpg,NoSCAM,ginger,coin,4.261,NoSCAM_img_0148,/external-cache/fse_typographic_20260926/external/SCAM/images.zip,images/train/NoSCAM_img_0148.jpg,NoSCAM,img_0148,0.17373213171958923,0.10435141623020172,0.06938071548938751,True,True
NoSCAM_img_0149.jpg,NoSCAM,cucumber,coat,3.86,NoSCAM_img_0149,/external-cache/fse_typographic_20260926/external/SCAM/images.zip,images/train/NoSCAM_img_0149.jpg,NoSCAM,img_0149,0.18842217326164246,0.10169060528278351,0.08673156797885895,True,False
NoSCAM_img_0150.jpg,NoSCAM,potatoes,cloud,2.681,NoSCAM_img_0150,/external-cache/fse_typographic_20260926/external/SCAM/images.zip,images/train/NoSCAM_img_0150.jpg,NoSCAM,img_0150,0.2058016061782837,0.10669690370559692,0.09910470247268677,True,True
NoSCAM_img_0151.jpg,NoSCAM,kiwi,clock,7.36,NoSCAM_img_0151,/external-cache/fse_typographic_20260926/external/SCAM/images.zip,images/train/NoSCAM_img_0151.jpg,NoSCAM,img_0151,0.15982335805892944,0.12894520163536072,0.030878156423568726,True,False
NoSCAM_img_0152.jpg,NoSCAM,grapes,chicken,4.285,NoSCAM_img_0152,/external-cache/fse_typographic_20260926/external/SCAM/images.zip,images/train/NoSCAM_img_0152.jpg,NoSCAM,img_0152,0.20001955330371857,0.12994077801704407,0.0700787752866745,True,True
NoSCAM_img_0153.jpg,NoSCAM,onions,hammer,5.75,NoSCAM_img_0153,/external-cache/fse_typographic_20260926/external/SCAM/images.zip,images/train/NoSCAM_img_0153.jpg,NoSCAM,img_0153,0.20172247290611267,0.14376652240753174,0.05795595049858093,True,False
NoSCAM_img_0154.jpg,NoSCAM,apples,grape,5.257,NoSCAM_img_0154,/external-cache/fse_typographic_20260926/external/SCAM/images.zip,images/train/NoSCAM_img_0154.jpg,NoSCAM,img_0154,0.21933475136756897,0.1980423778295517,0.021292373538017273,True,False
NoSCAM_img_0155.jpg,NoSCAM,puffed rice,grass,4.471,NoSCAM_img_0155,/external-cache/fse_typographic_20260926/external/SCAM/images.zip,images/train/NoSCAM_img_0155.jpg,NoSCAM,img_0155,0.17261213064193726,0.124663345515728,0.04794878512620926,True,False
NoSCAM_img_0156.jpg,NoSCAM,chewing gum,fruit,6.769,NoSCAM_img_0156,/external-cache/fse_typographic_20260926/external/SCAM/images.zip,images/train/NoSCAM_img_0156.jpg,NoSCAM,img_0156,0.18649634718894958,0.1504177749156952,0.036078572273254395,True,False
NoSCAM_img_0157.jpg,NoSCAM,chewing gums,frog,9.029,NoSCAM_img_0157,/external-cache/fse_typographic_20260926/external/SCAM/images.zip,images/train/NoSCAM_img_0157.jpg,NoSCAM,img_0157,0.11810407042503357,0.0731172263622284,0.044986844062805176,True,False
NoSCAM_img_0158.jpg,NoSCAM,lollies,fork,6.662,NoSCAM_img_0158,/external-cache/fse_typographic_20260926/external/SCAM/images.zip,images/train/NoSCAM_img_0158.jpg,NoSCAM,img_0158,0.20487847924232483,0.13081267476081848,0.07406580448150635,True,True
NoSCAM_img_0159.jpg,NoSCAM,grill,floor,0.404,NoSCAM_img_0159,/external-cache/fse_typographic_20260926/external/SCAM/images.zip,images/train/NoSCAM_img_0159.jpg,NoSCAM,img_0159,0.18339189887046814,0.1043781265616417,0.07901377230882645,True,True
NoSCAM_img_0160.jpg,NoSCAM,calendar,flag,2.214,NoSCAM_img_0160,/external-cache/fse_typographic_20260926/external/SCAM/images.zip,images/train/NoSCAM_img_0160.jpg,NoSCAM,img_0160,0.2235639989376068,0.16932842135429382,0.05423557758331299,True,True
NoSCAM_img_0161.jpg,NoSCAM,tray,fish,2.572,NoSCAM_img_0161,/external-cache/fse_typographic_20260926/external/SCAM/images.zip,images/train/NoSCAM_img_0161.jpg,NoSCAM,img_0161,0.16924768686294556,0.11430032551288605,0.05494736135005951,True,False
NoSCAM_img_0162.jpg,NoSCAM,duct tape,fire,3.336,NoSCAM_img_0162,/external-cache/fse_typographic_20260926/external/SCAM/images.zip,images/train/NoSCAM_img_0162.jpg,NoSCAM,img_0162,0.15656547248363495,0.10937535762786865,0.047190114855766296,True,False
NoSCAM_img_0163.jpg,NoSCAM,rubber bands,finger,5.503,NoSCAM_img_0163,/external-cache/fse_typographic_20260926/external/SCAM/images.zip,images/train/NoSCAM_img_0163.jpg,NoSCAM,img_0163,0.1914369761943817,0.14987561106681824,0.04156136512756348,True,False
NoSCAM_img_0164.jpg,NoSCAM,cash register,fence,1.35,NoSCAM_img_0164,/external-cache/fse_typographic_20260926/external/SCAM/images.zip,images/train/NoSCAM_img_0164.jpg,NoSCAM,img_0164,0.24719354510307312,0.12055302411317825,0.12664052844047546,True,True
NoSCAM_img_0165.jpg,NoSCAM,labeling machine,feather,4.114,NoSCAM_img_0165,/external-cache/fse_typographic_20260926/external/SCAM/images.zip,images/train/NoSCAM_img_0165.jpg,NoSCAM,img_0165,0.19800806045532227,0.1445249319076538,0.05348312854766846,True,False
NoSCAM_img_0166.jpg,NoSCAM,speaker,fan,3.07,NoSCAM_img_0166,/external-cache/fse_typographic_20260926/external/SCAM/images.zip,images/train/NoSCAM_img_0166.jpg,NoSCAM,img_0166,0.2206578105688095,0.14640575647354126,0.07425205409526825,True,True
NoSCAM_img_0167.jpg,NoSCAM,spiral notebooks,egg,1.866,NoSCAM_img_0167,/external-cache/fse_typographic_20260926/external/SCAM/images.zip,images/train/NoSCAM_img_0167.jpg,NoSCAM,img_0167,0.2518014907836914,0.1387832760810852,0.1130182147026062,True,True
NoSCAM_img_0168.jpg,NoSCAM,fineliner pen,eagle,7.381,NoSCAM_img_0168,/external-cache/fse_typographic_20260926/external/SCAM/images.zip,images/train/NoSCAM_img_0168.jpg,NoSCAM,img_0168,0.1767699271440506,0.1268996298313141,0.04987029731273651,True,False
NoSCAM_img_0169.jpg,NoSCAM,printer,duck,1.959,NoSCAM_img_0169,/external-cache/fse_typographic_20260926/external/SCAM/images.zip,images/train/NoSCAM_img_0169.jpg,NoSCAM,img_0169,0.22237563133239746,0.1616765260696411,0.06069910526275635,True,False
NoSCAM_img_0170.jpg,NoSCAM,memory card,door,11.588,NoSCAM_img_0170,/external-cache/fse_typographic_20260926/external/SCAM/images.zip,images/train/NoSCAM_img_0170.jpg,NoSCAM,img_0170,0.13832983374595642,0.11661507189273834,0.02171476185321808,True,False
NoSCAM_img_0171.jpg,NoSCAM,pen,dog,7.143,NoSCAM_img_0171,/external-cache/fse_typographic_20260926/external/SCAM/images.zip,images/train/NoSCAM_img_0171.jpg,NoSCAM,img_0171,0.14447858929634094,0.1112620085477829,0.033216580748558044,True,False
NoSCAM_img_0172.jpg,NoSCAM,telephone,dish,5.767,NoSCAM_img_0172,/external-cache/fse_typographic_20260926/external/SCAM/images.zip,images/train/NoSCAM_img_0172.jpg,NoSCAM,img_0172,0.1940353959798813,0.13142289221286774,0.06261250376701355,True,False
NoSCAM_img_0173.jpg,NoSCAM,router,desk,5.703,NoSCAM_img_0173,/external-cache/fse_typographic_20260926/external/SCAM/images.zip,images/train/NoSCAM_img_0173.jpg,NoSCAM,img_0173,0.1804623305797577,0.13922244310379028,0.04123988747596741,True,False
NoSCAM_img_0174.jpg,NoSCAM,printer,curtain,1.389,NoSCAM_img_0174,/external-cache/fse_typographic_20260926/external/SCAM/images.zip,images/train/NoSCAM_img_0174.jpg,NoSCAM,img_0174,0.18388476967811584,0.08505430817604065,0.0988304615020752,True,True
NoSCAM_img_0175.jpg,NoSCAM,safe,cup,3.616,NoSCAM_img_0175,/external-cache/fse_typographic_20260926/external/SCAM/images.zip,images/train/NoSCAM_img_0175.jpg,NoSCAM,img_0175,0.22465559840202332,0.13570944964885712,0.0889461487531662,True,True
NoSCAM_img_0176.jpg,NoSCAM,fire detector,crab,7.132,NoSCAM_img_0176,/external-cache/fse_typographic_20260926/external/SCAM/images.zip,images/train/NoSCAM_img_0176.jpg,NoSCAM,img_0176,0.1677740216255188,0.11991652846336365,0.04785749316215515,True,False
NoSCAM_img_0177.jpg,NoSCAM,no smoking sign,cow,6.05,NoSCAM_img_0177,/external-cache/fse_typographic_20260926/external/SCAM/images.zip,images/train/NoSCAM_img_0177.jpg,NoSCAM,img_0177,0.24217861890792847,0.12014339864253998,0.12203522026538849,True,True
NoSCAM_img_0178.jpg,NoSCAM,parking sign,couch,3.951,NoSCAM_img_0178,/external-cache/fse_typographic_20260926/external/SCAM/images.zip,images/train/NoSCAM_img_0178.jpg,NoSCAM,img_0178,0.2036857008934021,0.10670582950115204,0.09697987139225006,True,False
NoSCAM_img_0179.jpg,NoSCAM,dog prohibition sign,coin,5.386,NoSCAM_img_0179,/external-cache/fse_typographic_20260926/external/SCAM/images.zip,images/train/NoSCAM_img_0179.jpg,NoSCAM,img_0179,0.2208879590034485,0.11454115808010101,0.10634680092334747,True,True
NoSCAM_img_0180.jpg,NoSCAM,no entry sign,coat,3.98,NoSCAM_img_0180,/external-cache/fse_typographic_20260926/external/SCAM/images.zip,images/train/NoSCAM_img_0180.jpg,NoSCAM,img_0180,0.2284996211528778,0.1406545639038086,0.08784505724906921,True,True
NoSCAM_img_0181.jpg,NoSCAM,stop sign,cloud,3.121,NoSCAM_img_0181,/external-cache/fse_typographic_20260926/external/SCAM/images.zip,images/train/NoSCAM_img_0181.jpg,NoSCAM,img_0181,0.22121106088161469,0.14886683225631714,0.07234422862529755,True,True
NoSCAM_img_0182.jpg,NoSCAM,cable ties,clock,9.4,NoSCAM_img_0182,/external-cache/fse_typographic_20260926/external/SCAM/images.zip,images/train/NoSCAM_img_0182.jpg,NoSCAM,img_0182,0.17421524226665497,0.10775835812091827,0.0664568841457367,True,False
NoSCAM_img_0183.jpg,NoSCAM,plug board,chicken,5.374,NoSCAM_img_0183,/external-cache/fse_typographic_20260926/external/SCAM/images.zip,images/train/NoSCAM_img_0183.jpg,NoSCAM,img_0183,0.19365912675857544,0.12135529518127441,0.07230383157730103,True,False
NoSCAM_img_0184.jpg,NoSCAM,batteries,hammer,11.711,NoSCAM_img_0184,/external-cache/fse_typographic_20260926/external/SCAM/images.zip,images/train/NoSCAM_img_0184.jpg,NoSCAM,img_0184,0.1985362023115158,0.12575654685497284,0.07277965545654297,True,True
NoSCAM_img_0185.jpg,NoSCAM,light bulbs,grass,12.915,NoSCAM_img_0185,/external-cache/fse_typographic_20260926/external/SCAM/images.zip,images/train/NoSCAM_img_0185.jpg,NoSCAM,img_0185,0.14670330286026,0.08478277921676636,0.06192052364349365,True,False
NoSCAM_img_0186.jpg,NoSCAM,fire extinguisher,grape,2.823,NoSCAM_img_0186,/external-cache/fse_typographic_20260926/external/SCAM/images.zip,images/train/NoSCAM_img_0186.jpg,NoSCAM,img_0186,0.23438793420791626,0.13500140607357025,0.09938652813434601,True,True
NoSCAM_img_0187.jpg,NoSCAM,speaker,fruit,1.429,NoSCAM_img_0187,/external-cache/fse_typographic_20260926/external/SCAM/images.zip,images/train/NoSCAM_img_0187.jpg,NoSCAM,img_0187,0.19920337200164795,0.12008298188447952,0.07912039011716843,True,True
NoSCAM_img_0188.jpg,NoSCAM,radio,frog,3.336,NoSCAM_img_0188,/external-cache/fse_typographic_20260926/external/SCAM/images.zip,images/train/NoSCAM_img_0188.jpg,NoSCAM,img_0188,0.21375183761119843,0.13800927996635437,0.07574255764484406,True,True
NoSCAM_img_0189.jpg,NoSCAM,microphone,fork,5.282,NoSCAM_img_0189,/external-cache/fse_typographic_20260926/external/SCAM/images.zip,images/train/NoSCAM_img_0189.jpg,NoSCAM,img_0189,0.2277391105890274,0.14981313049793243,0.07792598009109497,True,True
NoSCAM_img_0190.jpg,NoSCAM,glasses,floor,8.338,NoSCAM_img_0190,/external-cache/fse_typographic_20260926/external/SCAM/images.zip,images/train/NoSCAM_img_0190.jpg,NoSCAM,img_0190,0.2055264115333557,0.16043822467327118,0.045088186860084534,True,False
NoSCAM_img_0191.jpg,NoSCAM,glass,flag,4.655,NoSCAM_img_0191,/external-cache/fse_typographic_20260926/external/SCAM/images.zip,images/train/NoSCAM_img_0191.jpg,NoSCAM,img_0191,0.18247239291667938,0.11995729804039001,0.06251509487628937,True,False
NoSCAM_img_0192.jpg,NoSCAM,plant,fish,6.252,NoSCAM_img_0192,/external-cache/fse_typographic_20260926/external/SCAM/images.zip,images/train/NoSCAM_img_0192.jpg,NoSCAM,img_0192,0.18133202195167542,0.13233575224876404,0.04899626970291138,True,False
NoSCAM_img_0193.jpg,NoSCAM,jersey,fire,0.525,NoSCAM_img_0193,/external-cache/fse_typographic_20260926/external/SCAM/images.zip,images/train/NoSCAM_img_0193.jpg,NoSCAM,img_0193,0.15355709195137024,0.10932113230228424,0.044235959649086,True,False
NoSCAM_img_0194.jpg,NoSCAM,fork,finger,4.012,NoSCAM_img_0194,/external-cache/fse_typographic_20260926/external/SCAM/images.zip,images/train/NoSCAM_img_0194.jpg,NoSCAM,img_0194,0.18126772344112396,0.12567032873630524,0.055597394704818726,True,False
NoSCAM_img_0195.jpg,NoSCAM,pillow,fence,1.377,NoSCAM_img_0195,/external-cache/fse_typographic_20260926/external/SCAM/images.zip,images/train/NoSCAM_img_0195.jpg,NoSCAM,img_0195,0.2104223370552063,0.1546185314655304,0.0558038055896759,True,True
NoSCAM_img_0196.jpg,NoSCAM,socks,feather,3.68,NoSCAM_img_0196,/external-cache/fse_typographic_20260926/external/SCAM/images.zip,images/train/NoSCAM_img_0196.jpg,NoSCAM,img_0196,0.21577677130699158,0.14296337962150574,0.07281339168548584,True,True
NoSCAM_img_0197.jpg,NoSCAM,socks,fan,7.068,NoSCAM_img_0197,/external-cache/fse_typographic_20260926/external/SCAM/images.zip,images/train/NoSCAM_img_0197.jpg,NoSCAM,img_0197,0.21545349061489105,0.12658622860908508,0.08886726200580597,True,True
NoSCAM_img_0198.jpg,NoSCAM,ice scraper,egg,4.851,NoSCAM_img_0198,/external-cache/fse_typographic_20260926/external/SCAM/images.zip,images/train/NoSCAM_img_0198.jpg,NoSCAM,img_0198,0.12698116898536682,0.10897830128669739,0.018002867698669434,True,False
NoSCAM_img_0199.jpg,NoSCAM,shoe,eagle,2.432,NoSCAM_img_0199,/external-cache/fse_typographic_20260926/external/SCAM/images.zip,images/train/NoSCAM_img_0199.jpg,NoSCAM,img_0199,0.1814384162425995,0.09842537343502045,0.08301304280757904,True,True
NoSCAM_img_0200.jpg,NoSCAM,cans,duck,5.995,NoSCAM_img_0200,/external-cache/fse_typographic_20260926/external/SCAM/images.zip,images/train/NoSCAM_img_0200.jpg,NoSCAM,img_0200,0.1619817465543747,0.07555671036243439,0.08642503619194031,True,True
NoSCAM_img_0201.jpg,NoSCAM,funnel,door,4.659,NoSCAM_img_0201,/external-cache/fse_typographic_20260926/external/SCAM/images.zip,images/train/NoSCAM_img_0201.jpg,NoSCAM,img_0201,0.1370806246995926,0.09511825442314148,0.04196237027645111,True,False
NoSCAM_img_0202.jpg,NoSCAM,roll board,dog,1.298,NoSCAM_img_0202,/external-cache/fse_typographic_20260926/external/SCAM/images.zip,images/train/NoSCAM_img_0202.jpg,NoSCAM,img_0202,0.15641042590141296,0.11439627408981323,0.04201415181159973,True,False
NoSCAM_img_0203.jpg,NoSCAM,storage box,dish,1.461,NoSCAM_img_0203,/external-cache/fse_typographic_20260926/external/SCAM/images.zip,images/train/NoSCAM_img_0203.jpg,NoSCAM,img_0203,0.18969190120697021,0.11743839085102081,0.0722535103559494,True,True
NoSCAM_img_0204.jpg,NoSCAM,bottle,desk,1.592,NoSCAM_img_0204,/external-cache/fse_typographic_20260926/external/SCAM/images.zip,images/train/NoSCAM_img_0204.jpg,NoSCAM,img_0204,0.1678071916103363,0.11069898307323456,0.057108208537101746,True,False
NoSCAM_img_0205.jpg,NoSCAM,bottle,curtain,2.783,NoSCAM_img_0205,/external-cache/fse_typographic_20260926/external/SCAM/images.zip,images/train/NoSCAM_img_0205.jpg,NoSCAM,img_0205,0.22994990646839142,0.170759916305542,0.059189990162849426,True,False
NoSCAM_img_0206.jpg,NoSCAM,wooden pestle,cup,4.124,NoSCAM_img_0206,/external-cache/fse_typographic_20260926/external/SCAM/images.zip,images/train/NoSCAM_img_0206.jpg,NoSCAM,img_0206,0.17619456350803375,0.10284283757209778,0.07335172593593597,True,False
NoSCAM_img_0207.jpg,NoSCAM,funnel,crab,7.989,NoSCAM_img_0207,/external-cache/fse_typographic_20260926/external/SCAM/images.zip,images/train/NoSCAM_img_0207.jpg,NoSCAM,img_0207,0.1798354536294937,0.16072452068328857,0.01911093294620514,True,False
NoSCAM_img_0208.jpg,NoSCAM,ashtray,cow,7.97,NoSCAM_img_0208,/external-cache/fse_typographic_20260926/external/SCAM/images.zip,images/train/NoSCAM_img_0208.jpg,NoSCAM,img_0208,0.10828077793121338,0.060828324407339096,0.04745245352387428,True,False
NoSCAM_img_0209.jpg,NoSCAM,ice cube tray,couch,6.818,NoSCAM_img_0209,/external-cache/fse_typographic_20260926/external/SCAM/images.zip,images/train/NoSCAM_img_0209.jpg,NoSCAM,img_0209,0.20546121895313263,0.08536866307258606,0.12009255588054657,True,True
NoSCAM_img_0210.jpg,NoSCAM,bottle opener,coin,6.386,NoSCAM_img_0210,/external-cache/fse_typographic_20260926/external/SCAM/images.zip,images/train/NoSCAM_img_0210.jpg,NoSCAM,img_0210,0.15103724598884583,0.13069720566272736,0.02034004032611847,True,False
NoSCAM_img_0211.jpg,NoSCAM,bottles,coat,3.305,NoSCAM_img_0211,/external-cache/fse_typographic_20260926/external/SCAM/images.zip,images/train/NoSCAM_img_0211.jpg,NoSCAM,img_0211,0.16422724723815918,0.09059661626815796,0.07363063097000122,True,True
NoSCAM_img_0212.jpg,NoSCAM,bottle,cloud,4.015,NoSCAM_img_0212,/external-cache/fse_typographic_20260926/external/SCAM/images.zip,images/train/NoSCAM_img_0212.jpg,NoSCAM,img_0212,0.19079692661762238,0.13337105512619019,0.05742587149143219,True,False
NoSCAM_img_0213.jpg,NoSCAM,bottle crate,clock,3.201,NoSCAM_img_0213,/external-cache/fse_typographic_20260926/external/SCAM/images.zip,images/train/NoSCAM_img_0213.jpg,NoSCAM,img_0213,0.1973057985305786,0.14090342819690704,0.05640237033367157,True,False
NoSCAM_img_0214.jpg,NoSCAM,bottle crate,chicken,2.752,NoSCAM_img_0214,/external-cache/fse_typographic_20260926/external/SCAM/images.zip,images/train/NoSCAM_img_0214.jpg,NoSCAM,img_0214,0.16528630256652832,0.12409387528896332,0.041192427277565,True,False
NoSCAM_img_0215.jpg,NoSCAM,cans,hammer,7.819,NoSCAM_img_0215,/external-cache/fse_typographic_20260926/external/SCAM/images.zip,images/train/NoSCAM_img_0215.jpg,NoSCAM,img_0215,0.2159651219844818,0.1319126933813095,0.0840524286031723,True,True
NoSCAM_img_0216.jpg,NoSCAM,spray bottle,grass,3.698,NoSCAM_img_0216,/external-cache/fse_typographic_20260926/external/SCAM/images.zip,images/train/NoSCAM_img_0216.jpg,NoSCAM,img_0216,0.1809004843235016,0.1409575343132019,0.03994295001029968,True,False
NoSCAM_img_0217.jpg,NoSCAM,dish soap,grape,7.154,NoSCAM_img_0217,/external-cache/fse_typographic_20260926/external/SCAM/images.zip,images/train/NoSCAM_img_0217.jpg,NoSCAM,img_0217,0.22802692651748657,0.16970916092395782,0.05831776559352875,True,True
NoSCAM_img_0218.jpg,NoSCAM,hanger,fruit,2.901,NoSCAM_img_0218,/external-cache/fse_typographic_20260926/external/SCAM/images.zip,images/train/NoSCAM_img_0218.jpg,NoSCAM,img_0218,0.1874331533908844,0.15301579236984253,0.03441736102104187,True,False
NoSCAM_img_0219.jpg,NoSCAM,detergent,frog,9.399,NoSCAM_img_0219,/external-cache/fse_typographic_20260926/external/SCAM/images.zip,images/train/NoSCAM_img_0219.jpg,NoSCAM,img_0219,0.1205771267414093,0.04412718489766121,0.07644994556903839,True,True
NoSCAM_img_0220.jpg,NoSCAM,detergent,fork,12.703,NoSCAM_img_0220,/external-cache/fse_typographic_20260926/external/SCAM/images.zip,images/train/NoSCAM_img_0220.jpg,NoSCAM,img_0220,0.21277180314064026,0.13284915685653687,0.0799226462841034,True,False
NoSCAM_img_0221.jpg,NoSCAM,detergent,floor,4.836,NoSCAM_img_0221,/external-cache/fse_typographic_20260926/external/SCAM/images.zip,images/train/NoSCAM_img_0221.jpg,NoSCAM,img_0221,0.18723279237747192,0.10587337613105774,0.08135941624641418,True,True
NoSCAM_img_0222.jpg,NoSCAM,wet floor sign,flag,1.055,NoSCAM_img_0222,/external-cache/fse_typographic_20260926/external/SCAM/images.zip,images/train/NoSCAM_img_0222.jpg,NoSCAM,img_0222,0.24204257130622864,0.11959607899188995,0.12244649231433868,True,True
NoSCAM_img_0223.jpg,NoSCAM,squeegee,fish,4.344,NoSCAM_img_0223,/external-cache/fse_typographic_20260926/external/SCAM/images.zip,images/train/NoSCAM_img_0223.jpg,NoSCAM,img_0223,0.18885475397109985,0.11936704814434052,0.06948770582675934,True,False
NoSCAM_img_0224.jpg,NoSCAM,handbrush,fire,3.242,NoSCAM_img_0224,/external-cache/fse_typographic_20260926/external/SCAM/images.zip,images/train/NoSCAM_img_0224.jpg,NoSCAM,img_0224,0.13940545916557312,0.1331210881471634,0.006284371018409729,True,False
NoSCAM_img_0225.jpg,NoSCAM,dish scrubber,finger,11.683,NoSCAM_img_0225,/external-cache/fse_typographic_20260926/external/SCAM/images.zip,images/train/NoSCAM_img_0225.jpg,NoSCAM,img_0225,0.1856902837753296,0.13374103605747223,0.05194924771785736,True,False
NoSCAM_img_0226.jpg,NoSCAM,broom,fence,1.086,NoSCAM_img_0226,/external-cache/fse_typographic_20260926/external/SCAM/images.zip,images/train/NoSCAM_img_0226.jpg,NoSCAM,img_0226,0.1970052719116211,0.11173811554908752,0.08526715636253357,True,False
NoSCAM_img_0227.jpg,NoSCAM,toilet lid,feather,1.695,NoSCAM_img_0227,/external-cache/fse_typographic_20260926/external/SCAM/images.zip,images/train/NoSCAM_img_0227.jpg,NoSCAM,img_0227,0.2017354965209961,0.10786178708076477,0.09387370944023132,True,True
NoSCAM_img_0228.jpg,NoSCAM,clothespin,fan,5.754,NoSCAM_img_0228,/external-cache/fse_typographic_20260926/external/SCAM/images.zip,images/train/NoSCAM_img_0228.jpg,NoSCAM,img_0228,0.1369473934173584,0.10227353870868683,0.03467385470867157,True,False
NoSCAM_img_0229.jpg,NoSCAM,hanger,egg,3.07,NoSCAM_img_0229,/external-cache/fse_typographic_20260926/external/SCAM/images.zip,images/train/NoSCAM_img_0229.jpg,NoSCAM,img_0229,0.2283622771501541,0.14913591742515564,0.07922635972499847,True,False
NoSCAM_img_0230.jpg,NoSCAM,ironing board,eagle,0.382,NoSCAM_img_0230,/external-cache/fse_typographic_20260926/external/SCAM/images.zip,images/train/NoSCAM_img_0230.jpg,NoSCAM,img_0230,0.22130516171455383,0.122048020362854,0.09925714135169983,True,True
NoSCAM_img_0231.jpg,NoSCAM,paper rolls,duck,3.827,NoSCAM_img_0231,/external-cache/fse_typographic_20260926/external/SCAM/images.zip,images/train/NoSCAM_img_0231.jpg,NoSCAM,img_0231,0.18421193957328796,0.11470303684473038,0.06950890272855759,True,False
NoSCAM_img_0232.jpg,NoSCAM,soap dispenser,door,7.207,NoSCAM_img_0232,/external-cache/fse_typographic_20260926/external/SCAM/images.zip,images/train/NoSCAM_img_0232.jpg,NoSCAM,img_0232,0.19446933269500732,0.13370434939861298,0.06076498329639435,True,False
NoSCAM_img_0233.jpg,NoSCAM,band-aid,dog,24.393,NoSCAM_img_0233,/external-cache/fse_typographic_20260926/external/SCAM/images.zip,images/train/NoSCAM_img_0233.jpg,NoSCAM,img_0233,0.11542511731386185,0.06608004868030548,0.049345068633556366,True,False
NoSCAM_img_0234.jpg,NoSCAM,shower gel,dish,11.296,NoSCAM_img_0234,/external-cache/fse_typographic_20260926/external/SCAM/images.zip,images/train/NoSCAM_img_0234.jpg,NoSCAM,img_0234,0.10860041528940201,0.04205985739827156,0.06654055416584015,True,False
NoSCAM_img_0235.jpg,NoSCAM,hairspray,desk,21.812,NoSCAM_img_0235,/external-cache/fse_typographic_20260926/external/SCAM/images.zip,images/train/NoSCAM_img_0235.jpg,NoSCAM,img_0235,0.18911290168762207,0.15803243219852448,0.031080469489097595,True,False
NoSCAM_img_0236.jpg,NoSCAM,razor,curtain,17.151,NoSCAM_img_0236,/external-cache/fse_typographic_20260926/external/SCAM/images.zip,images/train/NoSCAM_img_0236.jpg,NoSCAM,img_0236,0.20248688757419586,0.10403989255428314,0.09844699501991272,True,True
NoSCAM_img_0237.jpg,NoSCAM,hair clip,cup,7.635,NoSCAM_img_0237,/external-cache/fse_typographic_20260926/external/SCAM/images.zip,images/train/NoSCAM_img_0237.jpg,NoSCAM,img_0237,0.13138332962989807,0.05866774171590805,0.07271558791399002,True,False
NoSCAM_img_0238.jpg,NoSCAM,diapers,crab,12.337,NoSCAM_img_0238,/external-cache/fse_typographic_20260926/external/SCAM/images.zip,images/train/NoSCAM_img_0238.jpg,NoSCAM,img_0238,0.19486618041992188,0.07623894512653351,0.11862723529338837,True,True
NoSCAM_img_0239.jpg,NoSCAM,hairbrush,cow,6.972,NoSCAM_img_0239,/external-cache/fse_typographic_20260926/external/SCAM/images.zip,images/train/NoSCAM_img_0239.jpg,NoSCAM,img_0239,0.12696842849254608,0.06417085230350494,0.06279757618904114,True,False
NoSCAM_img_0240.jpg,NoSCAM,alarm clock,couch,12.608,NoSCAM_img_0240,/external-cache/fse_typographic_20260926/external/SCAM/images.zip,images/train/NoSCAM_img_0240.jpg,NoSCAM,img_0240,0.136840358376503,0.1175883561372757,0.019252002239227295,True,False
NoSCAM_img_0241.jpg,NoSCAM,hair dryer,coin,13.183,NoSCAM_img_0241,/external-cache/fse_typographic_20260926/external/SCAM/images.zip,images/train/NoSCAM_img_0241.jpg,NoSCAM,img_0241,0.18642869591712952,0.12484870105981827,0.06157999485731125,True,False
NoSCAM_img_0242.jpg,NoSCAM,nail clipper,coat,9.432,NoSCAM_img_0242,/external-cache/fse_typographic_20260926/external/SCAM/images.zip,images/train/NoSCAM_img_0242.jpg,NoSCAM,img_0242,0.1556825041770935,0.0988282710313797,0.056854233145713806,True,False
NoSCAM_img_0243.jpg,NoSCAM,handkerchiefs,cloud,5.291,NoSCAM_img_0243,/external-cache/fse_typographic_20260926/external/SCAM/images.zip,images/train/NoSCAM_img_0243.jpg,NoSCAM,img_0243,0.110907644033432,0.08763176202774048,0.02327588200569153,True,False
NoSCAM_img_0244.jpg,NoSCAM,deodorant,clock,9.208,NoSCAM_img_0244,/external-cache/fse_typographic_20260926/external/SCAM/images.zip,images/train/NoSCAM_img_0244.jpg,NoSCAM,img_0244,0.18931114673614502,0.1065613329410553,0.08274981379508972,True,True
NoSCAM_img_0245.jpg,NoSCAM,shower gel,chicken,13.787,NoSCAM_img_0245,/external-cache/fse_typographic_20260926/external/SCAM/images.zip,images/train/NoSCAM_img_0245.jpg,NoSCAM,img_0245,0.17577284574508667,0.10029411315917969,0.07547873258590698,True,False
NoSCAM_img_0246.jpg,NoSCAM,straws,hammer,5.08,NoSCAM_img_0246,/external-cache/fse_typographic_20260926/external/SCAM/images.zip,images/train/NoSCAM_img_0246.jpg,NoSCAM,img_0246,0.16177493333816528,0.13671483099460602,0.025060102343559265,True,False
NoSCAM_img_0247.jpg,NoSCAM,pasta,grass,10.841,NoSCAM_img_0247,/external-cache/fse_typographic_20260926/external/SCAM/images.zip,images/train/NoSCAM_img_0247.jpg,NoSCAM,img_0247,0.19345563650131226,0.13133125007152557,0.06212438642978668,True,True
NoSCAM_img_0248.jpg,NoSCAM,paper streamers,grape,6.681,NoSCAM_img_0248,/external-cache/fse_typographic_20260926/external/SCAM/images.zip,images/train/NoSCAM_img_0248.jpg,NoSCAM,img_0248,0.20556354522705078,0.1620955616235733,0.04346798360347748,True,False
NoSCAM_img_0249.jpg,NoSCAM,confetti,fruit,3.6,NoSCAM_img_0249,/external-cache/fse_typographic_20260926/external/SCAM/images.zip,images/train/NoSCAM_img_0249.jpg,NoSCAM,img_0249,0.17225384712219238,0.1312079280614853,0.04104591906070709,True,True
NoSCAM_img_0250.jpg,NoSCAM,balloon,frog,10.799,NoSCAM_img_0250,/external-cache/fse_typographic_20260926/external/SCAM/images.zip,images/train/NoSCAM_img_0250.jpg,NoSCAM,img_0250,0.20158764719963074,0.1556413471698761,0.04594630002975464,True,False
NoSCAM_img_0251.jpg,NoSCAM,candles,fork,4.978,NoSCAM_img_0251,/external-cache/fse_typographic_20260926/external/SCAM/images.zip,images/train/NoSCAM_img_0251.jpg,NoSCAM,img_0251,0.1631210744380951,0.1269170045852661,0.03620406985282898,True,False
NoSCAM_img_0252.jpg,NoSCAM,plate,floor,3.592,NoSCAM_img_0252,/external-cache/fse_typographic_20260926/external/SCAM/images.zip,images/train/NoSCAM_img_0252.jpg,NoSCAM,img_0252,0.14135311543941498,0.09353939443826675,0.047813721001148224,True,False
NoSCAM_img_0253.jpg,NoSCAM,board,flag,0.361,NoSCAM_img_0253,/external-cache/fse_typographic_20260926/external/SCAM/images.zip,images/train/NoSCAM_img_0253.jpg,NoSCAM,img_0253,0.1644199788570404,0.12697981297969818,0.037440165877342224,True,False
NoSCAM_img_0254.jpg,NoSCAM,lighter,fire,2.934,NoSCAM_img_0254,/external-cache/fse_typographic_20260926/external/SCAM/images.zip,images/train/NoSCAM_img_0254.jpg,NoSCAM,img_0254,0.15083405375480652,0.11117725074291229,0.039656803011894226,True,False
NoSCAM_img_0255.jpg,NoSCAM,grave candles,finger,3.698,NoSCAM_img_0255,/external-cache/fse_typographic_20260926/external/SCAM/images.zip,images/train/NoSCAM_img_0255.jpg,NoSCAM,img_0255,0.18044185638427734,0.08952777832746506,0.09091407805681229,True,False
NoSCAM_img_0256.jpg,NoSCAM,carafe,fence,5.278,NoSCAM_img_0256,/external-cache/fse_typographic_20260926/external/SCAM/images.zip,images/train/NoSCAM_img_0256.jpg,NoSCAM,img_0256,0.15913274884223938,0.08921408653259277,0.0699186623096466,True,True
NoSCAM_img_0257.jpg,NoSCAM,bottle cap,feather,6.266,NoSCAM_img_0257,/external-cache/fse_typographic_20260926/external/SCAM/images.zip,images/train/NoSCAM_img_0257.jpg,NoSCAM,img_0257,0.164154052734375,0.12821254134178162,0.035941511392593384,True,False
NoSCAM_img_0258.jpg,NoSCAM,bottle,fan,4.477,NoSCAM_img_0258,/external-cache/fse_typographic_20260926/external/SCAM/images.zip,images/train/NoSCAM_img_0258.jpg,NoSCAM,img_0258,0.16921629011631012,0.10625778138637543,0.06295850872993469,True,False
NoSCAM_img_0259.jpg,NoSCAM,milk pitcher,egg,3.853,NoSCAM_img_0259,/external-cache/fse_typographic_20260926/external/SCAM/images.zip,images/train/NoSCAM_img_0259.jpg,NoSCAM,img_0259,0.1915837526321411,0.14754840731620789,0.04403534531593323,True,False
NoSCAM_img_0260.jpg,NoSCAM,glass,eagle,3.877,NoSCAM_img_0260,/external-cache/fse_typographic_20260926/external/SCAM/images.zip,images/train/NoSCAM_img_0260.jpg,NoSCAM,img_0260,0.1516667902469635,0.08826592564582825,0.06340086460113525,True,False
NoSCAM_img_0261.jpg,NoSCAM,serving tray,duck,3.548,NoSCAM_img_0261,/external-cache/fse_typographic_20260926/external/SCAM/images.zip,images/train/NoSCAM_img_0261.jpg,NoSCAM,img_0261,0.205576092004776,0.13394466042518616,0.07163143157958984,True,False
NoSCAM_img_0262.jpg,NoSCAM,plate,door,3.774,NoSCAM_img_0262,/external-cache/fse_typographic_20260926/external/SCAM/images.zip,images/train/NoSCAM_img_0262.jpg,NoSCAM,img_0262,0.1812869906425476,0.11366423964500427,0.06762275099754333,True,False
NoSCAM_img_0263.jpg,NoSCAM,rolling pin,dog,1.313,NoSCAM_img_0263,/external-cache/fse_typographic_20260926/external/SCAM/images.zip,images/train/NoSCAM_img_0263.jpg,NoSCAM,img_0263,0.19686363637447357,0.13671019673347473,0.06015343964099884,True,True
NoSCAM_img_0264.jpg,NoSCAM,sieve,dish,17.142,NoSCAM_img_0264,/external-cache/fse_typographic_20260926/external/SCAM/images.zip,images/train/NoSCAM_img_0264.jpg,NoSCAM,img_0264,0.19391389191150665,0.15284869074821472,0.04106520116329193,True,True
NoSCAM_img_0265.jpg,NoSCAM,baking pan,desk,3.182,NoSCAM_img_0265,/external-cache/fse_typographic_20260926/external/SCAM/images.zip,images/train/NoSCAM_img_0265.jpg,NoSCAM,img_0265,0.11819645017385483,0.08884355425834656,0.02935289591550827,True,False
NoSCAM_img_0266.jpg,NoSCAM,cooking scraper,curtain,13.402,NoSCAM_img_0266,/external-cache/fse_typographic_20260926/external/SCAM/images.zip,images/train/NoSCAM_img_0266.jpg,NoSCAM,img_0266,0.22276708483695984,0.14906619489192963,0.07370088994503021,True,False
NoSCAM_img_0267.jpg,NoSCAM,palette knife,cup,2.758,NoSCAM_img_0267,/external-cache/fse_typographic_20260926/external/SCAM/images.zip,images/train/NoSCAM_img_0267.jpg,NoSCAM,img_0267,0.165681391954422,0.10568905621767044,0.059992335736751556,True,False
NoSCAM_img_0268.jpg,NoSCAM,brush,crab,4.106,NoSCAM_img_0268,/external-cache/fse_typographic_20260926/external/SCAM/images.zip,images/train/NoSCAM_img_0268.jpg,NoSCAM,img_0268,0.1604861319065094,0.11086130887269974,0.04962482303380966,True,False
NoSCAM_img_0269.jpg,NoSCAM,basket,cow,14.365,NoSCAM_img_0269,/external-cache/fse_typographic_20260926/external/SCAM/images.zip,images/train/NoSCAM_img_0269.jpg,NoSCAM,img_0269,0.19659508764743805,0.11694113165140152,0.07965395599603653,True,True
NoSCAM_img_0270.jpg,NoSCAM,hot dog maker,couch,3.958,NoSCAM_img_0270,/external-cache/fse_typographic_20260926/external/SCAM/images.zip,images/train/NoSCAM_img_0270.jpg,NoSCAM,img_0270,0.1572204828262329,0.040091268718242645,0.11712921410799026,True,False
NoSCAM_img_0271.jpg,NoSCAM,sandwich maker,coin,5.31,NoSCAM_img_0271,/external-cache/fse_typographic_20260926/external/SCAM/images.zip,images/train/NoSCAM_img_0271.jpg,NoSCAM,img_0271,0.21752113103866577,0.10023555904626846,0.11728557199239731,True,True
NoSCAM_img_0272.jpg,NoSCAM,hotplate,coat,1.262,NoSCAM_img_0272,/external-cache/fse_typographic_20260926/external/SCAM/images.zip,images/train/NoSCAM_img_0272.jpg,NoSCAM,img_0272,0.19360587000846863,0.09156765043735504,0.10203821957111359,True,False
NoSCAM_img_0273.jpg,NoSCAM,serving trolley,cloud,1.478,NoSCAM_img_0273,/external-cache/fse_typographic_20260926/external/SCAM/images.zip,images/train/NoSCAM_img_0273.jpg,NoSCAM,img_0273,0.235240638256073,0.14020323753356934,0.09503740072250366,True,True
NoSCAM_img_0274.jpg,NoSCAM,microwave,clock,1.401,NoSCAM_img_0274,/external-cache/fse_typographic_20260926/external/SCAM/images.zip,images/train/NoSCAM_img_0274.jpg,NoSCAM,img_0274,0.20677682757377625,0.1279493272304535,0.07882750034332275,True,True
NoSCAM_img_0275.jpg,NoSCAM,rice cooker,hammer,3.341,NoSCAM_img_0275,/external-cache/fse_typographic_20260926/external/SCAM/images.zip,images/train/NoSCAM_img_0275.jpg,NoSCAM,img_0275,0.18808722496032715,0.07744002342224121,0.11064720153808594,True,True
NoSCAM_img_0276.jpg,NoSCAM,fryer,chicken,2.908,NoSCAM_img_0276,/external-cache/fse_typographic_20260926/external/SCAM/images.zip,images/train/NoSCAM_img_0276.jpg,NoSCAM,img_0276,0.16840150952339172,0.1300211250782013,0.03838038444519043,True,False
NoSCAM_img_0277.jpg,NoSCAM,ribbon,eagle,9.691,NoSCAM_img_0277,/external-cache/fse_typographic_20260926/external/SCAM/images.zip,images/train/NoSCAM_img_0277.jpg,NoSCAM,img_0277,0.14594897627830505,0.10345715284347534,0.04249182343482971,True,False
NoSCAM_img_0278.jpg,NoSCAM,roses,duck,3.579,NoSCAM_img_0278,/external-cache/fse_typographic_20260926/external/SCAM/images.zip,images/train/NoSCAM_img_0278.jpg,NoSCAM,img_0278,0.18191726505756378,0.11805418133735657,0.06386308372020721,True,True
NoSCAM_img_0279.jpg,NoSCAM,plate,door,4.39,NoSCAM_img_0279,/external-cache/fse_typographic_20260926/external/SCAM/images.zip,images/train/NoSCAM_img_0279.jpg,NoSCAM,img_0279,0.17010582983493805,0.10676970332860947,0.06333612650632858,True,False
NoSCAM_img_0280.jpg,NoSCAM,box,dog,4.4,NoSCAM_img_0280,/external-cache/fse_typographic_20260926/external/SCAM/images.zip,images/train/NoSCAM_img_0280.jpg,NoSCAM,img_0280,0.16734431684017181,0.10118885338306427,0.06615546345710754,True,False
NoSCAM_img_0281.jpg,NoSCAM,wooden disc,dish,7.515,NoSCAM_img_0281,/external-cache/fse_typographic_20260926/external/SCAM/images.zip,images/train/NoSCAM_img_0281.jpg,NoSCAM,img_0281,0.15975284576416016,0.12286089360713959,0.03689195215702057,True,False
NoSCAM_img_0282.jpg,NoSCAM,hot glue gun,curtain,16.302,NoSCAM_img_0282,/external-cache/fse_typographic_20260926/external/SCAM/images.zip,images/train/NoSCAM_img_0282.jpg,NoSCAM,img_0282,0.18983307480812073,0.09629546850919724,0.09353760629892349,True,False
NoSCAM_img_0283.jpg,NoSCAM,calculator,cup,6.438,NoSCAM_img_0283,/external-cache/fse_typographic_20260926/external/SCAM/images.zip,images/train/NoSCAM_img_0283.jpg,NoSCAM,img_0283,0.23160260915756226,0.11976298689842224,0.11183962225914001,True,True
NoSCAM_img_0284.jpg,NoSCAM,easel,crab,1.65,NoSCAM_img_0284,/external-cache/fse_typographic_20260926/external/SCAM/images.zip,images/train/NoSCAM_img_0284.jpg,NoSCAM,img_0284,0.1861521601676941,0.12310755997896194,0.06304460018873215,True,False
NoSCAM_img_0285.jpg,NoSCAM,buttons,couch,13.417,NoSCAM_img_0285,/external-cache/fse_typographic_20260926/external/SCAM/images.zip,images/train/NoSCAM_img_0285.jpg,NoSCAM,img_0285,0.20988760888576508,0.13870394229888916,0.07118366658687592,True,True
NoSCAM_img_0286.jpg,NoSCAM,safety pins,coin,28.856,NoSCAM_img_0286,/external-cache/fse_typographic_20260926/external/SCAM/images.zip,images/train/NoSCAM_img_0286.jpg,NoSCAM,img_0286,0.1544579714536667,0.13253211975097656,0.021925851702690125,True,False
NoSCAM_img_0287.jpg,NoSCAM,paper wrap,coat,5.495,NoSCAM_img_0287,/external-cache/fse_typographic_20260926/external/SCAM/images.zip,images/train/NoSCAM_img_0287.jpg,NoSCAM,img_0287,0.1941727101802826,0.1317027509212494,0.0624699592590332,True,False
NoSCAM_img_0288.jpg,NoSCAM,hat,cloud,5.318,NoSCAM_img_0288,/external-cache/fse_typographic_20260926/external/SCAM/images.zip,images/train/NoSCAM_img_0288.jpg,NoSCAM,img_0288,0.2199791818857193,0.18098893761634827,0.03899024426937103,True,True
NoSCAM_img_0289.jpg,NoSCAM,wool,clock,7.243,NoSCAM_img_0289,/external-cache/fse_typographic_20260926/external/SCAM/images.zip,images/train/NoSCAM_img_0289.jpg,NoSCAM,img_0289,0.17013263702392578,0.1320934295654297,0.038039207458496094,True,False
NoSCAM_img_0290.jpg,NoSCAM,cake,chicken,10.823,NoSCAM_img_0290,/external-cache/fse_typographic_20260926/external/SCAM/images.zip,images/train/NoSCAM_img_0290.jpg,NoSCAM,img_0290,0.214191734790802,0.1633109748363495,0.050880759954452515,True,False
NoSCAM_img_0291.jpg,NoSCAM,socks,hammer,2.685,NoSCAM_img_0291,/external-cache/fse_typographic_20260926/external/SCAM/images.zip,images/train/NoSCAM_img_0291.jpg,NoSCAM,img_0291,0.18772250413894653,0.12181640416383743,0.0659060999751091,True,True
NoSCAM_img_0292.jpg,NoSCAM,shoe,grape,5.075,NoSCAM_img_0292,/external-cache/fse_typographic_20260926/external/SCAM/images.zip,images/train/NoSCAM_img_0292.jpg,NoSCAM,img_0292,0.21799913048744202,0.13197270035743713,0.08602643013000488,True,False
NoSCAM_img_0293.jpg,NoSCAM,napkin,fruit,3.75,NoSCAM_img_0293,/external-cache/fse_typographic_20260926/external/SCAM/images.zip,images/train/NoSCAM_img_0293.jpg,NoSCAM,img_0293,0.1967467963695526,0.1446039378643036,0.05214285850524902,True,False
NoSCAM_img_0294.jpg,NoSCAM,disinfectant dispenser,frog,2.955,NoSCAM_img_0294,/external-cache/fse_typographic_20260926/external/SCAM/images.zip,images/train/NoSCAM_img_0294.jpg,NoSCAM,img_0294,0.2164817601442337,0.09517144411802292,0.12131031602621078,True,True
NoSCAM_img_0295.jpg,NoSCAM,clock,fork,12.716,NoSCAM_img_0295,/external-cache/fse_typographic_20260926/external/SCAM/images.zip,images/train/NoSCAM_img_0295.jpg,NoSCAM,img_0295,0.21107429265975952,0.125991091132164,0.08508320152759552,True,True
NoSCAM_img_0296.jpg,NoSCAM,camera,flag,10.806,NoSCAM_img_0296,/external-cache/fse_typographic_20260926/external/SCAM/images.zip,images/train/NoSCAM_img_0296.jpg,NoSCAM,img_0296,0.17767596244812012,0.13116824626922607,0.04650771617889404,True,False
NoSCAM_img_0297.jpg,NoSCAM,hair clipper,fish,28.135,NoSCAM_img_0297,/external-cache/fse_typographic_20260926/external/SCAM/images.zip,images/train/NoSCAM_img_0297.jpg,NoSCAM,img_0297,0.2212270200252533,0.10838722437620163,0.11283979564905167,True,True
NoSCAM_img_0298.jpg,NoSCAM,electric shaver,fire,7.462,NoSCAM_img_0298,/external-cache/fse_typographic_20260926/external/SCAM/images.zip,images/train/NoSCAM_img_0298.jpg,NoSCAM,img_0298,0.15163969993591309,0.09442153573036194,0.05721816420555115,True,False
NoSCAM_img_0299.jpg,NoSCAM,blender,finger,3.253,NoSCAM_img_0299,/external-cache/fse_typographic_20260926/external/SCAM/images.zip,images/train/NoSCAM_img_0299.jpg,NoSCAM,img_0299,0.17649316787719727,0.12239157408475876,0.05410159379243851,True,False
NoSCAM_img_0300.jpg,NoSCAM,blower,fence,3.764,NoSCAM_img_0300,/external-cache/fse_typographic_20260926/external/SCAM/images.zip,images/train/NoSCAM_img_0300.jpg,NoSCAM,img_0300,0.1631748229265213,0.12249069660902023,0.04068412631750107,True,False
NoSCAM_img_0301.jpg,NoSCAM,sewing machine,key,6.013,NoSCAM_img_0301,/external-cache/fse_typographic_20260926/external/SCAM/images.zip,images/train/NoSCAM_img_0301.jpg,NoSCAM,img_0301,0.16925911605358124,0.12210509181022644,0.0471540242433548,True,True
NoSCAM_img_0302.jpg,NoSCAM,steam flat iron,jeep,16.664,NoSCAM_img_0302,/external-cache/fse_typographic_20260926/external/SCAM/images.zip,images/train/NoSCAM_img_0302.jpg,NoSCAM,img_0302,0.20248019695281982,0.13112111389636993,0.07135908305644989,True,False
NoSCAM_img_0303.jpg,NoSCAM,electric toothbrush,iron,9.262,NoSCAM_img_0303,/external-cache/fse_typographic_20260926/external/SCAM/images.zip,images/train/NoSCAM_img_0303.jpg,NoSCAM,img_0303,0.22665095329284668,0.14027729630470276,0.08637365698814392,True,True
NoSCAM_img_0304.jpg,NoSCAM,coffee beans,jar,10.717,NoSCAM_img_0304,/external-cache/fse_typographic_20260926/external/SCAM/images.zip,images/train/NoSCAM_img_0304.jpg,NoSCAM,img_0304,0.20785576105117798,0.19060149788856506,0.017254263162612915,True,False
NoSCAM_img_0305.jpg,NoSCAM,coffee machine,ice,3.265,NoSCAM_img_0305,/external-cache/fse_typographic_20260926/external/SCAM/images.zip,images/train/NoSCAM_img_0305.jpg,NoSCAM,img_0305,0.2421846091747284,0.1599903106689453,0.08219429850578308,True,True
NoSCAM_img_0306.jpg,NoSCAM,electric kettle,house,10.345,NoSCAM_img_0306,/external-cache/fse_typographic_20260926/external/SCAM/images.zip,images/train/NoSCAM_img_0306.jpg,NoSCAM,img_0306,0.2292187511920929,0.1145956739783287,0.11462307721376419,True,True
NoSCAM_img_0307.jpg,NoSCAM,bread slicer,horn,1.692,NoSCAM_img_0307,/external-cache/fse_typographic_20260926/external/SCAM/images.zip,images/train/NoSCAM_img_0307.jpg,NoSCAM,img_0307,0.19859403371810913,0.10350636392831802,0.09508766978979111,True,False
NoSCAM_img_0308.jpg,NoSCAM,tape dispenser,honey,5.85,NoSCAM_img_0308,/external-cache/fse_typographic_20260926/external/SCAM/images.zip,images/train/NoSCAM_img_0308.jpg,NoSCAM,img_0308,0.16648463904857635,0.10768477618694305,0.0587998628616333,True,True
NoSCAM_img_0309.jpg,NoSCAM,stamp,helmet,4.877,NoSCAM_img_0309,/external-cache/fse_typographic_20260926/external/SCAM/images.zip,images/train/NoSCAM_img_0309.jpg,NoSCAM,img_0309,0.2159663289785385,0.15272924304008484,0.06323708593845367,True,False
NoSCAM_img_0310.jpg,NoSCAM,spray bottle,hat,3.133,NoSCAM_img_0310,/external-cache/fse_typographic_20260926/external/SCAM/images.zip,images/train/NoSCAM_img_0310.jpg,NoSCAM,img_0310,0.18126404285430908,0.10898156464099884,0.07228247821331024,True,False
NoSCAM_img_0311.jpg,NoSCAM,washing machine,mirror,0.494,NoSCAM_img_0311,/external-cache/fse_typographic_20260926/external/SCAM/images.zip,images/train/NoSCAM_img_0311.jpg,NoSCAM,img_0311,0.20256295800209045,0.1357978880405426,0.06676506996154785,True,True
NoSCAM_img_0312.jpg,NoSCAM,stapler,sandwich,8.077,NoSCAM_img_0312,/external-cache/fse_typographic_20260926/external/SCAM/images.zip,images/train/NoSCAM_img_0312.jpg,NoSCAM,img_0312,0.25753381848335266,0.17686359584331512,0.08067022264003754,True,True
NoSCAM_img_0313.jpg,NoSCAM,vacuum cleaner,transistor,3.139,NoSCAM_img_0313,/external-cache/fse_typographic_20260926/external/SCAM/images.zip,images/train/NoSCAM_img_0313.jpg,NoSCAM,img_0313,0.15522456169128418,0.13784430921077728,0.017380252480506897,True,False
NoSCAM_img_0314.jpg,NoSCAM,remote control,screwdriver,6.119,NoSCAM_img_0314,/external-cache/fse_typographic_20260926/external/SCAM/images.zip,images/train/NoSCAM_img_0314.jpg,NoSCAM,img_0314,0.21359887719154358,0.19904451072216034,0.01455436646938324,True,False
NoSCAM_img_0315.jpg,NoSCAM,cable,screw,6.714,NoSCAM_img_0315,/external-cache/fse_typographic_20260926/external/SCAM/images.zip,images/train/NoSCAM_img_0315.jpg,NoSCAM,img_0315,0.1865953803062439,0.1304144263267517,0.05618095397949219,True,False
NoSCAM_img_0316.jpg,NoSCAM,hdmi splitter,lock,6.178,NoSCAM_img_0316,/external-cache/fse_typographic_20260926/external/SCAM/images.zip,images/train/NoSCAM_img_0316.jpg,NoSCAM,img_0316,0.14417138695716858,0.0669579729437828,0.07721341401338577,True,False
NoSCAM_img_0317.jpg,NoSCAM,memory card,lipstick,12.265,NoSCAM_img_0317,/external-cache/fse_typographic_20260926/external/SCAM/images.zip,images/train/NoSCAM_img_0317.jpg,NoSCAM,img_0317,0.16573569178581238,0.15476401150226593,0.010971680283546448,True,False
NoSCAM_img_0318.jpg,NoSCAM,speaker,lion,4.036,NoSCAM_img_0318,/external-cache/fse_typographic_20260926/external/SCAM/images.zip,images/train/NoSCAM_img_0318.jpg,NoSCAM,img_0318,0.16101408004760742,0.09599371254444122,0.0650203675031662,True,False
NoSCAM_img_0319.jpg,NoSCAM,microphone,lightbulb,7.557,NoSCAM_img_0319,/external-cache/fse_typographic_20260926/external/SCAM/images.zip,images/train/NoSCAM_img_0319.jpg,NoSCAM,img_0319,0.18812787532806396,0.13737571239471436,0.05075216293334961,True,False
NoSCAM_img_0320.jpg,NoSCAM,camera,lemon,11.649,NoSCAM_img_0320,/external-cache/fse_typographic_20260926/external/SCAM/images.zip,images/train/NoSCAM_img_0320.jpg,NoSCAM,img_0320,0.15989762544631958,0.11144261062145233,0.04845501482486725,True,False
NoSCAM_img_0321.jpg,NoSCAM,printer,lamp,1.873,NoSCAM_img_0321,/external-cache/fse_typographic_20260926/external/SCAM/images.zip,images/train/NoSCAM_img_0321.jpg,NoSCAM,img_0321,0.19078241288661957,0.100817009806633,0.08996540307998657,True,True
NoSCAM_img_0322.jpg,NoSCAM,printer cartridge,ladder,11.078,NoSCAM_img_0322,/external-cache/fse_typographic_20260926/external/SCAM/images.zip,images/train/NoSCAM_img_0322.jpg,NoSCAM,img_0322,0.21151700615882874,0.17636559903621674,0.035151407122612,True,True
NoSCAM_img_0323.jpg,NoSCAM,wall charger,knife,13.848,NoSCAM_img_0323,/external-cache/fse_typographic_20260926/external/SCAM/images.zip,images/train/NoSCAM_img_0323.jpg,NoSCAM,img_0323,0.17346948385238647,0.11515951156616211,0.058309972286224365,True,False
NoSCAM_img_0324.jpg,NoSCAM,plunger,trash,2.426,NoSCAM_img_0324,/external-cache/fse_typographic_20260926/external/SCAM/images.zip,images/train/NoSCAM_img_0324.jpg,NoSCAM,img_0324,0.18780890107154846,0.12083488702774048,0.06697401404380798,True,True
NoSCAM_img_0325.jpg,NoSCAM,pocket balance,couch,6.966,NoSCAM_img_0325,/external-cache/fse_typographic_20260926/external/SCAM/images.zip,images/train/NoSCAM_img_0325.jpg,NoSCAM,img_0325,0.12193764746189117,0.08584676682949066,0.03609088063240051,True,False
NoSCAM_img_0326.jpg,NoSCAM,try square,bridge,7.286,NoSCAM_img_0326,/external-cache/fse_typographic_20260926/external/SCAM/images.zip,images/train/NoSCAM_img_0326.jpg,NoSCAM,img_0326,0.1964559257030487,0.11046761274337769,0.08598831295967102,True,True
NoSCAM_img_0327.jpg,NoSCAM,bench vise,barrier,7.481,NoSCAM_img_0327,/external-cache/fse_typographic_20260926/external/SCAM/images.zip,images/train/NoSCAM_img_0327.jpg,NoSCAM,img_0327,0.18668025732040405,0.13580673933029175,0.050873517990112305,True,True
NoSCAM_img_0328.jpg,NoSCAM,axe,police,1.388,NoSCAM_img_0328,/external-cache/fse_typographic_20260926/external/SCAM/images.zip,images/train/NoSCAM_img_0328.jpg,NoSCAM,img_0328,0.19676265120506287,0.12471777945756912,0.07204487174749374,True,True
NoSCAM_img_0329.jpg,NoSCAM,saw,stairs,2.972,NoSCAM_img_0329,/external-cache/fse_typographic_20260926/external/SCAM/images.zip,images/train/NoSCAM_img_0329.jpg,NoSCAM,img_0329,0.16577214002609253,0.11315467208623886,0.05261746793985367,True,False
NoSCAM_img_0330.jpg,NoSCAM,sledgehammer,cone,4.17,NoSCAM_img_0330,/external-cache/fse_typographic_20260926/external/SCAM/images.zip,images/train/NoSCAM_img_0330.jpg,NoSCAM,img_0330,0.20412026345729828,0.15045064687728882,0.05366961658000946,True,False
NoSCAM_img_0331.jpg,NoSCAM,combination lock,sidewalk,12.195,NoSCAM_img_0331,/external-cache/fse_typographic_20260926/external/SCAM/images.zip,images/train/NoSCAM_img_0331.jpg,NoSCAM,img_0331,0.18753749132156372,0.11177605390548706,0.07576143741607666,True,True
NoSCAM_img_0332.jpg,NoSCAM,tire,gears,3.837,NoSCAM_img_0332,/external-cache/fse_typographic_20260926/external/SCAM/images.zip,images/train/NoSCAM_img_0332.jpg,NoSCAM,img_0332,0.18701431155204773,0.15171143412590027,0.03530287742614746,True,False
NoSCAM_img_0333.jpg,NoSCAM,coat hook,saddle,3.556,NoSCAM_img_0333,/external-cache/fse_typographic_20260926/external/SCAM/images.zip,images/train/NoSCAM_img_0333.jpg,NoSCAM,img_0333,0.18341794610023499,0.1163577288389206,0.06706021726131439,True,True
NoSCAM_img_0334.jpg,NoSCAM,goggles,speed camera,8.341,NoSCAM_img_0334,/external-cache/fse_typographic_20260926/external/SCAM/images.zip,images/train/NoSCAM_img_0334.jpg,NoSCAM,img_0334,0.19004246592521667,0.12651854753494263,0.06352391839027405,True,True
NoSCAM_img_0335.jpg,NoSCAM,mask,street,8.394,NoSCAM_img_0335,/external-cache/fse_typographic_20260926/external/SCAM/images.zip,images/train/NoSCAM_img_0335.jpg,NoSCAM,img_0335,0.13681885600090027,0.09839539974927902,0.038423456251621246,True,False
NoSCAM_img_0336.jpg,NoSCAM,roller board,gravel,1.503,NoSCAM_img_0336,/external-cache/fse_typographic_20260926/external/SCAM/images.zip,images/train/NoSCAM_img_0336.jpg,NoSCAM,img_0336,0.1859109103679657,0.1232091411948204,0.0627017691731453,True,False
NoSCAM_img_0337.jpg,NoSCAM,chain,canal,9.167,NoSCAM_img_0337,/external-cache/fse_typographic_20260926/external/SCAM/images.zip,images/train/NoSCAM_img_0337.jpg,NoSCAM,img_0337,0.1680651754140854,0.11516720056533813,0.05289797484874725,True,False
NoSCAM_img_0338.jpg,NoSCAM,rope,pig,7.508,NoSCAM_img_0338,/external-cache/fse_typographic_20260926/external/SCAM/images.zip,images/train/NoSCAM_img_0338.jpg,NoSCAM,img_0338,0.14936012029647827,0.11337864398956299,0.03598147630691528,True,False
NoSCAM_img_0339.jpg,NoSCAM,screws,stairs,6.244,NoSCAM_img_0339,/external-cache/fse_typographic_20260926/external/SCAM/images.zip,images/train/NoSCAM_img_0339.jpg,NoSCAM,img_0339,0.12482516467571259,0.08689283579587936,0.03793232887983322,True,False
NoSCAM_img_0340.jpg,NoSCAM,drill,lift,1.929,NoSCAM_img_0340,/external-cache/fse_typographic_20260926/external/SCAM/images.zip,images/train/NoSCAM_img_0340.jpg,NoSCAM,img_0340,0.15232445299625397,0.11186502128839493,0.04045943170785904,True,False
NoSCAM_img_0341.jpg,NoSCAM,pipes,road,3.127,NoSCAM_img_0341,/external-cache/fse_typographic_20260926/external/SCAM/images.zip,images/train/NoSCAM_img_0341.jpg,NoSCAM,img_0341,0.16271519660949707,0.10179785639047623,0.060917340219020844,True,False
NoSCAM_img_0342.jpg,NoSCAM,brass tubes,pumpkin,2.547,NoSCAM_img_0342,/external-cache/fse_typographic_20260926/external/SCAM/images.zip,images/train/NoSCAM_img_0342.jpg,NoSCAM,img_0342,0.12821424007415771,0.05056152865290642,0.077652707695961,True,True
NoSCAM_img_0343.jpg,NoSCAM,toilet lid,car,1.677,NoSCAM_img_0343,/external-cache/fse_typographic_20260926/external/SCAM/images.zip,images/train/NoSCAM_img_0343.jpg,NoSCAM,img_0343,0.2182682454586029,0.11535518616437912,0.10291305929422379,True,True
NoSCAM_img_0344.jpg,NoSCAM,shower head,bike,3.808,NoSCAM_img_0344,/external-cache/fse_typographic_20260926/external/SCAM/images.zip,images/train/NoSCAM_img_0344.jpg,NoSCAM,img_0344,0.22299417853355408,0.12986363470554352,0.09313054382801056,True,False
NoSCAM_img_0345.jpg,NoSCAM,bicycle bell,van,11.291,NoSCAM_img_0345,/external-cache/fse_typographic_20260926/external/SCAM/images.zip,images/train/NoSCAM_img_0345.jpg,NoSCAM,img_0345,0.16897551715373993,0.13987886905670166,0.02909664809703827,True,False
NoSCAM_img_0346.jpg,NoSCAM,bike lock,stop sign,6.003,NoSCAM_img_0346,/external-cache/fse_typographic_20260926/external/SCAM/images.zip,images/train/NoSCAM_img_0346.jpg,NoSCAM,img_0346,0.21678027510643005,0.16211363673210144,0.05466663837432861,True,False
NoSCAM_img_0347.jpg,NoSCAM,bicycle light,gloves,10.106,NoSCAM_img_0347,/external-cache/fse_typographic_20260926/external/SCAM/images.zip,images/train/NoSCAM_img_0347.jpg,NoSCAM,img_0347,0.14861491322517395,0.1327509582042694,0.01586395502090454,True,False
NoSCAM_img_0348.jpg,NoSCAM,bicycle tire,flower,5.1,NoSCAM_img_0348,/external-cache/fse_typographic_20260926/external/SCAM/images.zip,images/train/NoSCAM_img_0348.jpg,NoSCAM,img_0348,0.18331316113471985,0.11390180885791779,0.06941135227680206,True,True
NoSCAM_img_0349.jpg,NoSCAM,brushes,mittens,7.377,NoSCAM_img_0349,/external-cache/fse_typographic_20260926/external/SCAM/images.zip,images/train/NoSCAM_img_0349.jpg,NoSCAM,img_0349,0.19064155220985413,0.14168651401996613,0.048955038189888,True,False
NoSCAM_img_0350.jpg,NoSCAM,paint roller,trash,2.48,NoSCAM_img_0350,/external-cache/fse_typographic_20260926/external/SCAM/images.zip,images/train/NoSCAM_img_0350.jpg,NoSCAM,img_0350,0.219084233045578,0.1558251976966858,0.06325903534889221,True,True
NoSCAM_img_0351.jpg,NoSCAM,paint,couch,3.187,NoSCAM_img_0351,/external-cache/fse_typographic_20260926/external/SCAM/images.zip,images/train/NoSCAM_img_0351.jpg,NoSCAM,img_0351,0.1818140149116516,0.12042199075222015,0.06139202415943146,True,False
NoSCAM_img_0352.jpg,NoSCAM,ladder,bridge,0.458,NoSCAM_img_0352,/external-cache/fse_typographic_20260926/external/SCAM/images.zip,images/train/NoSCAM_img_0352.jpg,NoSCAM,img_0352,0.14307400584220886,0.07148377597332001,0.07159022986888885,True,False
NoSCAM_img_0353.jpg,NoSCAM,dustpan,barrier,2.676,NoSCAM_img_0353,/external-cache/fse_typographic_20260926/external/SCAM/images.zip,images/train/NoSCAM_img_0353.jpg,NoSCAM,img_0353,0.17417821288108826,0.11502717435359955,0.05915103852748871,True,True
NoSCAM_img_0354.jpg,NoSCAM,lamp,police,4.476,NoSCAM_img_0354,/external-cache/fse_typographic_20260926/external/SCAM/images.zip,images/train/NoSCAM_img_0354.jpg,NoSCAM,img_0354,0.17294901609420776,0.13746316730976105,0.035485848784446716,True,False
NoSCAM_img_0355.jpg,NoSCAM,cable ties,stairs,3.441,NoSCAM_img_0355,/external-cache/fse_typographic_20260926/external/SCAM/images.zip,images/train/NoSCAM_img_0355.jpg,NoSCAM,img_0355,0.1797340214252472,0.13831165432929993,0.041422367095947266,True,False
NoSCAM_img_0356.jpg,NoSCAM,cable,cone,3.819,NoSCAM_img_0356,/external-cache/fse_typographic_20260926/external/SCAM/images.zip,images/train/NoSCAM_img_0356.jpg,NoSCAM,img_0356,0.17357337474822998,0.13233542442321777,0.04123795032501221,True,False
NoSCAM_img_0357.jpg,NoSCAM,motion detector,sidewalk,10.949,NoSCAM_img_0357,/external-cache/fse_typographic_20260926/external/SCAM/images.zip,images/train/NoSCAM_img_0357.jpg,NoSCAM,img_0357,0.17098069190979004,0.10326597094535828,0.06771472096443176,True,False
NoSCAM_img_0358.jpg,NoSCAM,socket,gears,7.086,NoSCAM_img_0358,/external-cache/fse_typographic_20260926/external/SCAM/images.zip,images/train/NoSCAM_img_0358.jpg,NoSCAM,img_0358,0.20793384313583374,0.1444762498140335,0.06345759332180023,True,False
NoSCAM_img_0359.jpg,NoSCAM,cardboard box,saddle,0.66,NoSCAM_img_0359,/external-cache/fse_typographic_20260926/external/SCAM/images.zip,images/train/NoSCAM_img_0359.jpg,NoSCAM,img_0359,0.20333769917488098,0.13448743522167206,0.06885026395320892,True,False
NoSCAM_img_0360.jpg,NoSCAM,toy elephant,speed camera,2.35,NoSCAM_img_0360,/external-cache/fse_typographic_20260926/external/SCAM/images.zip,images/train/NoSCAM_img_0360.jpg,NoSCAM,img_0360,0.23537135124206543,0.15706482529640198,0.07830652594566345,True,True
NoSCAM_img_0361.jpg,NoSCAM,cat figurine,street,6.582,NoSCAM_img_0361,/external-cache/fse_typographic_20260926/external/SCAM/images.zip,images/train/NoSCAM_img_0361.jpg,NoSCAM,img_0361,0.2148219645023346,0.12256969511508942,0.09225226938724518,True,True
NoSCAM_img_0362.jpg,NoSCAM,bell,gravel,1.959,NoSCAM_img_0362,/external-cache/fse_typographic_20260926/external/SCAM/images.zip,images/train/NoSCAM_img_0362.jpg,NoSCAM,img_0362,0.1776430606842041,0.097844697535038,0.07979836314916611,True,True
NoSCAM_img_0363.jpg,NoSCAM,stone plates,canal,1.413,NoSCAM_img_0363,/external-cache/fse_typographic_20260926/external/SCAM/images.zip,images/train/NoSCAM_img_0363.jpg,NoSCAM,img_0363,0.16459962725639343,0.11626431345939636,0.04833531379699707,True,False
NoSCAM_img_0364.jpg,NoSCAM,lantern,pig,3.167,NoSCAM_img_0364,/external-cache/fse_typographic_20260926/external/SCAM/images.zip,images/train/NoSCAM_img_0364.jpg,NoSCAM,img_0364,0.16787704825401306,0.15114688873291016,0.016730159521102905,True,False
NoSCAM_img_0365.jpg,NoSCAM,thermal camping mat,stairs,2.982,NoSCAM_img_0365,/external-cache/fse_typographic_20260926/external/SCAM/images.zip,images/train/NoSCAM_img_0365.jpg,NoSCAM,img_0365,0.21005617082118988,0.13419774174690247,0.07585842907428741,True,True
NoSCAM_img_0366.jpg,NoSCAM,freeze pack,lift,19.443,NoSCAM_img_0366,/external-cache/fse_typographic_20260926/external/SCAM/images.zip,images/train/NoSCAM_img_0366.jpg,NoSCAM,img_0366,0.1973796784877777,0.10306490212678909,0.09431477636098862,True,False
NoSCAM_img_0367.jpg,NoSCAM,gas bottle,road,10.437,NoSCAM_img_0367,/external-cache/fse_typographic_20260926/external/SCAM/images.zip,images/train/NoSCAM_img_0367.jpg,NoSCAM,img_0367,0.16169850528240204,0.12019173055887222,0.041506774723529816,True,False
NoSCAM_img_0368.jpg,NoSCAM,gas bottle,pumpkin,2.859,NoSCAM_img_0368,/external-cache/fse_typographic_20260926/external/SCAM/images.zip,images/train/NoSCAM_img_0368.jpg,NoSCAM,img_0368,0.1392616629600525,0.094795361161232,0.044466301798820496,True,False
NoSCAM_img_0369.jpg,NoSCAM,grill,car,1.158,NoSCAM_img_0369,/external-cache/fse_typographic_20260926/external/SCAM/images.zip,images/train/NoSCAM_img_0369.jpg,NoSCAM,img_0369,0.18506328761577606,0.1106957271695137,0.07436756044626236,True,True
NoSCAM_img_0370.jpg,NoSCAM,wooden skewer,bike,6.306,NoSCAM_img_0370,/external-cache/fse_typographic_20260926/external/SCAM/images.zip,images/train/NoSCAM_img_0370.jpg,NoSCAM,img_0370,0.16913166642189026,0.10497711598873138,0.06415455043315887,True,False
NoSCAM_img_0371.jpg,NoSCAM,shashlik skewers,van,4.426,NoSCAM_img_0371,/external-cache/fse_typographic_20260926/external/SCAM/images.zip,images/train/NoSCAM_img_0371.jpg,NoSCAM,img_0371,0.14318692684173584,0.09779193997383118,0.04539498686790466,True,False
NoSCAM_img_0372.jpg,NoSCAM,wooden grill tong,stop sign,5.978,NoSCAM_img_0372,/external-cache/fse_typographic_20260926/external/SCAM/images.zip,images/train/NoSCAM_img_0372.jpg,NoSCAM,img_0372,0.16893213987350464,0.15319481492042542,0.015737324953079224,True,False
NoSCAM_img_0373.jpg,NoSCAM,grill,gloves,1.216,NoSCAM_img_0373,/external-cache/fse_typographic_20260926/external/SCAM/images.zip,images/train/NoSCAM_img_0373.jpg,NoSCAM,img_0373,0.1686343252658844,0.10958123207092285,0.05905309319496155,True,False
NoSCAM_img_0374.jpg,NoSCAM,landing net,flower,2.33,NoSCAM_img_0374,/external-cache/fse_typographic_20260926/external/SCAM/images.zip,images/train/NoSCAM_img_0374.jpg,NoSCAM,img_0374,0.1713624894618988,0.1307429075241089,0.04061958193778992,True,False
NoSCAM_img_0375.jpg,NoSCAM,water wings,mittens,7.578,NoSCAM_img_0375,/external-cache/fse_typographic_20260926/external/SCAM/images.zip,images/train/NoSCAM_img_0375.jpg,NoSCAM,img_0375,0.16856274008750916,0.12777739763259888,0.04078534245491028,True,False
NoSCAM_img_0376.jpg,NoSCAM,thermometer,trash,7.105,NoSCAM_img_0376,/external-cache/fse_typographic_20260926/external/SCAM/images.zip,images/train/NoSCAM_img_0376.jpg,NoSCAM,img_0376,0.1853153109550476,0.12909798324108124,0.05621732771396637,True,False
NoSCAM_img_0377.jpg,NoSCAM,thermometer,couch,8.851,NoSCAM_img_0377,/external-cache/fse_typographic_20260926/external/SCAM/images.zip,images/train/NoSCAM_img_0377.jpg,NoSCAM,img_0377,0.1881977617740631,0.10204347223043442,0.08615428954362869,True,False
NoSCAM_img_0378.jpg,NoSCAM,shoes,bridge,3.653,NoSCAM_img_0378,/external-cache/fse_typographic_20260926/external/SCAM/images.zip,images/train/NoSCAM_img_0378.jpg,NoSCAM,img_0378,0.1861596405506134,0.12873826920986176,0.05742137134075165,True,False
NoSCAM_img_0379.jpg,NoSCAM,knife,barrier,6.659,NoSCAM_img_0379,/external-cache/fse_typographic_20260926/external/SCAM/images.zip,images/train/NoSCAM_img_0379.jpg,NoSCAM,img_0379,0.20452052354812622,0.15000295639038086,0.05451756715774536,True,True
NoSCAM_img_0380.jpg,NoSCAM,scissor,police,9.665,NoSCAM_img_0380,/external-cache/fse_typographic_20260926/external/SCAM/images.zip,images/train/NoSCAM_img_0380.jpg,NoSCAM,img_0380,0.146168053150177,0.11005380004644394,0.03611425310373306,True,False
NoSCAM_img_0381.jpg,NoSCAM,scissor,stairs,6.047,NoSCAM_img_0381,/external-cache/fse_typographic_20260926/external/SCAM/images.zip,images/train/NoSCAM_img_0381.jpg,NoSCAM,img_0381,0.17423270642757416,0.09871381521224976,0.0755188912153244,True,False
NoSCAM_img_0382.jpg,NoSCAM,pickaxe,cane,0.585,NoSCAM_img_0382,/external-cache/fse_typographic_20260926/external/SCAM/images.zip,images/train/NoSCAM_img_0382.jpg,NoSCAM,img_0382,0.2100442498922348,0.13793614506721497,0.07210810482501984,True,True
NoSCAM_img_0383.jpg,NoSCAM,shovel,sidewalk,0.36,NoSCAM_img_0383,/external-cache/fse_typographic_20260926/external/SCAM/images.zip,images/train/NoSCAM_img_0383.jpg,NoSCAM,img_0383,0.08320844173431396,0.07938997447490692,0.0038184672594070435,True,False
NoSCAM_img_0384.jpg,NoSCAM,broom,gears,2.923,NoSCAM_img_0384,/external-cache/fse_typographic_20260926/external/SCAM/images.zip,images/train/NoSCAM_img_0384.jpg,NoSCAM,img_0384,0.1743330955505371,0.1606682538986206,0.013664841651916504,True,False
NoSCAM_img_0385.jpg,NoSCAM,rake,saddle,0.593,NoSCAM_img_0385,/external-cache/fse_typographic_20260926/external/SCAM/images.zip,images/train/NoSCAM_img_0385.jpg,NoSCAM,img_0385,0.1659151315689087,0.10385750234127045,0.062057629227638245,True,False
NoSCAM_img_0386.jpg,NoSCAM,canister,speed camera,4.044,NoSCAM_img_0386,/external-cache/fse_typographic_20260926/external/SCAM/images.zip,images/train/NoSCAM_img_0386.jpg,NoSCAM,img_0386,0.12936756014823914,0.08334682881832123,0.04602073132991791,True,False
NoSCAM_img_0387.jpg,NoSCAM,chain saw,street,2.4,NoSCAM_img_0387,/external-cache/fse_typographic_20260926/external/SCAM/images.zip,images/train/NoSCAM_img_0387.jpg,NoSCAM,img_0387,0.19510838389396667,0.13931354880332947,0.05579483509063721,True,False
NoSCAM_img_0388.jpg,NoSCAM,glove,gravel,5.616,NoSCAM_img_0388,/external-cache/fse_typographic_20260926/external/SCAM/images.zip,images/train/NoSCAM_img_0388.jpg,NoSCAM,img_0388,0.21467259526252747,0.15097077190876007,0.0637018233537674,True,False
NoSCAM_img_0389.jpg,NoSCAM,watering can,canal,2.387,NoSCAM_img_0389,/external-cache/fse_typographic_20260926/external/SCAM/images.zip,images/train/NoSCAM_img_0389.jpg,NoSCAM,img_0389,0.186399906873703,0.11107277870178223,0.07532712817192078,True,False
NoSCAM_img_0390.jpg,NoSCAM,flowering pot,pig,4.264,NoSCAM_img_0390,/external-cache/fse_typographic_20260926/external/SCAM/images.zip,images/train/NoSCAM_img_0390.jpg,NoSCAM,img_0390,0.15991894900798798,0.1105273887515068,0.04939156025648117,True,False
NoSCAM_img_0391.jpg,NoSCAM,folding rule,bird,2.729,NoSCAM_img_0391,/external-cache/fse_typographic_20260926/external/SCAM/images.zip,images/train/NoSCAM_img_0391.jpg,NoSCAM,img_0391,0.11437182873487473,0.10614953935146332,0.008222289383411407,True,False
NoSCAM_img_0392.jpg,NoSCAM,towel,bike,2.103,NoSCAM_img_0392,/external-cache/fse_typographic_20260926/external/SCAM/images.zip,images/train/NoSCAM_img_0392.jpg,NoSCAM,img_0392,0.2106989175081253,0.16679003834724426,0.04390887916088104,True,False
NoSCAM_img_0393.jpg,NoSCAM,oven glove,zebra,4.578,NoSCAM_img_0393,/external-cache/fse_typographic_20260926/external/SCAM/images.zip,images/train/NoSCAM_img_0393.jpg,NoSCAM,img_0393,0.2303323894739151,0.1681635081768036,0.06216888129711151,True,True
NoSCAM_img_0394.jpg,NoSCAM,plant,pedestrian,1.684,NoSCAM_img_0394,/external-cache/fse_typographic_20260926/external/SCAM/images.zip,images/train/NoSCAM_img_0394.jpg,NoSCAM,img_0394,0.17849870026111603,0.09202444553375244,0.08647425472736359,True,False
NoSCAM_img_0395.jpg,NoSCAM,speaker,elevator,1.411,NoSCAM_img_0395,/external-cache/fse_typographic_20260926/external/SCAM/images.zip,images/train/NoSCAM_img_0395.jpg,NoSCAM,img_0395,0.1956557333469391,0.10449337959289551,0.09116235375404358,True,True
NoSCAM_img_0396.jpg,NoSCAM,stool,bike,1.639,NoSCAM_img_0396,/external-cache/fse_typographic_20260926/external/SCAM/images.zip,images/train/NoSCAM_img_0396.jpg,NoSCAM,img_0396,0.20455434918403625,0.17517036199569702,0.029383987188339233,True,False
NoSCAM_img_0397.jpg,NoSCAM,ginger,bike,11.351,NoSCAM_img_0397,/external-cache/fse_typographic_20260926/external/SCAM/images.zip,images/train/NoSCAM_img_0397.jpg,NoSCAM,img_0397,0.14573504030704498,0.07369817048311234,0.07203686982393265,True,True
NoSCAM_img_0398.jpg,NoSCAM,turmeric,seed,8.979,NoSCAM_img_0398,/external-cache/fse_typographic_20260926/external/SCAM/images.zip,images/train/NoSCAM_img_0398.jpg,NoSCAM,img_0398,0.20024648308753967,0.146428644657135,0.05381783843040466,True,True
NoSCAM_img_0399.jpg,NoSCAM,sponge,elevator,6.251,NoSCAM_img_0399,/external-cache/fse_typographic_20260926/external/SCAM/images.zip,images/train/NoSCAM_img_0399.jpg,NoSCAM,img_0399,0.1633942425251007,0.1128060519695282,0.05058819055557251,True,False
NoSCAM_img_0400.jpg,NoSCAM,trashcan,bed,1.466,NoSCAM_img_0400,/external-cache/fse_typographic_20260926/external/SCAM/images.zip,images/train/NoSCAM_img_0400.jpg,NoSCAM,img_0400,0.16335098445415497,0.11447124183177948,0.04887974262237549,True,False
NoSCAM_img_0401.jpg,NoSCAM,butterfly,zebra,15.736,NoSCAM_img_0401,/external-cache/fse_typographic_20260926/external/SCAM/images.zip,images/train/NoSCAM_img_0401.jpg,NoSCAM,img_0401,0.2154422402381897,0.17630165815353394,0.03914058208465576,True,False
NoSCAM_img_0402.jpg,NoSCAM,chair,bike,9.159,NoSCAM_img_0402,/external-cache/fse_typographic_20260926/external/SCAM/images.zip,images/train/NoSCAM_img_0402.jpg,NoSCAM,img_0402,0.1752733290195465,0.13741034269332886,0.03786298632621765,True,True
NoSCAM_img_0403.jpg,NoSCAM,plant,bed,5.11,NoSCAM_img_0403,/external-cache/fse_typographic_20260926/external/SCAM/images.zip,images/train/NoSCAM_img_0403.jpg,NoSCAM,img_0403,0.18298408389091492,0.12100471556186676,0.06197936832904816,True,False
NoSCAM_img_0404.jpg,NoSCAM,phone,traffic light,5.904,NoSCAM_img_0404,/external-cache/fse_typographic_20260926/external/SCAM/images.zip,images/train/NoSCAM_img_0404.jpg,NoSCAM,img_0404,0.18677401542663574,0.09947647154331207,0.08729754388332367,True,False
NoSCAM_img_0405.jpg,NoSCAM,table,ball,0.63,NoSCAM_img_0405,/external-cache/fse_typographic_20260926/external/SCAM/images.zip,images/train/NoSCAM_img_0405.jpg,NoSCAM,img_0405,0.20805403590202332,0.15302041172981262,0.05503362417221069,True,True
NoSCAM_img_0406.jpg,NoSCAM,sponge,taxi,10.287,NoSCAM_img_0406,/external-cache/fse_typographic_20260926/external/SCAM/images.zip,images/train/NoSCAM_img_0406.jpg,NoSCAM,img_0406,0.2119855433702469,0.12315651774406433,0.08882902562618256,True,True
NoSCAM_img_0407.jpg,NoSCAM,turtle,yield,15.375,NoSCAM_img_0407,/external-cache/fse_typographic_20260926/external/SCAM/images.zip,images/train/NoSCAM_img_0407.jpg,NoSCAM,img_0407,0.22760224342346191,0.16662466526031494,0.06097757816314697,True,True
NoSCAM_img_0408.jpg,NoSCAM,tape dispenser,fish,9.145,NoSCAM_img_0408,/external-cache/fse_typographic_20260926/external/SCAM/images.zip,images/train/NoSCAM_img_0408.jpg,NoSCAM,img_0408,0.20018598437309265,0.10782376676797867,0.09236221760511398,True,True
NoSCAM_img_0409.jpg,NoSCAM,french press,honey,3.316,NoSCAM_img_0409,/external-cache/fse_typographic_20260926/external/SCAM/images.zip,images/train/NoSCAM_img_0409.jpg,NoSCAM,img_0409,0.20268329977989197,0.16555730998516083,0.03712598979473114,True,False
NoSCAM_img_0410.jpg,NoSCAM,grater,honey,2.364,NoSCAM_img_0410,/external-cache/fse_typographic_20260926/external/SCAM/images.zip,images/train/NoSCAM_img_0410.jpg,NoSCAM,img_0410,0.20966002345085144,0.1439848095178604,0.06567521393299103,True,True
NoSCAM_img_0411.jpg,NoSCAM,sieve,fish,2.485,NoSCAM_img_0411,/external-cache/fse_typographic_20260926/external/SCAM/images.zip,images/train/NoSCAM_img_0411.jpg,NoSCAM,img_0411,0.16502340137958527,0.10828274488449097,0.0567406564950943,True,False
NoSCAM_img_0412.jpg,NoSCAM,sieve,fish,12.884,NoSCAM_img_0412,/external-cache/fse_typographic_20260926/external/SCAM/images.zip,images/train/NoSCAM_img_0412.jpg,NoSCAM,img_0412,0.2245287299156189,0.1402060091495514,0.0843227207660675,True,True
NoSCAM_img_0413.jpg,NoSCAM,bottle,fish,2.881,NoSCAM_img_0413,/external-cache/fse_typographic_20260926/external/SCAM/images.zip,images/train/NoSCAM_img_0413.jpg,NoSCAM,img_0413,0.1987384408712387,0.12786537408828735,0.07087306678295135,True,False
NoSCAM_img_0414.jpg,NoSCAM,vinyl,fish,3.529,NoSCAM_img_0414,/external-cache/fse_typographic_20260926/external/SCAM/images.zip,images/train/NoSCAM_img_0414.jpg,NoSCAM,img_0414,0.18601804971694946,0.13029146194458008,0.055726587772369385,True,False
NoSCAM_img_0415.jpg,NoSCAM,lamp,fish,4.218,NoSCAM_img_0415,/external-cache/fse_typographic_20260926/external/SCAM/images.zip,images/train/NoSCAM_img_0415.jpg,NoSCAM,img_0415,0.18623846769332886,0.12805671989917755,0.058181747794151306,True,False
NoSCAM_img_0416.jpg,NoSCAM,pen,truck,6.918,NoSCAM_img_0416,/external-cache/fse_typographic_20260926/external/SCAM/images.zip,images/train/NoSCAM_img_0416.jpg,NoSCAM,img_0416,0.22192788124084473,0.15093031525611877,0.07099756598472595,True,False
NoSCAM_img_0417.jpg,NoSCAM,lighter,truck,5.847,NoSCAM_img_0417,/external-cache/fse_typographic_20260926/external/SCAM/images.zip,images/train/NoSCAM_img_0417.jpg,NoSCAM,img_0417,0.23648947477340698,0.13880790770053864,0.09768156707286835,True,True
NoSCAM_img_0418.jpg,NoSCAM,notebook,truck,2.876,NoSCAM_img_0418,/external-cache/fse_typographic_20260926/external/SCAM/images.zip,images/train/NoSCAM_img_0418.jpg,NoSCAM,img_0418,0.2289106696844101,0.13031546771526337,0.09859520196914673,True,False
NoSCAM_img_0419.jpg,NoSCAM,playing card,truck,4.974,NoSCAM_img_0419,/external-cache/fse_typographic_20260926/external/SCAM/images.zip,images/train/NoSCAM_img_0419.jpg,NoSCAM,img_0419,0.22386202216148376,0.14254572987556458,0.08131629228591919,True,True
NoSCAM_img_0420.jpg,NoSCAM,tealight,truck,8.958,NoSCAM_img_0420,/external-cache/fse_typographic_20260926/external/SCAM/images.zip,images/train/NoSCAM_img_0420.jpg,NoSCAM,img_0420,0.1861940324306488,0.10504322499036789,0.08115080744028091,True,False
NoSCAM_img_0421.jpg,NoSCAM,suitcase,truck,1.313,NoSCAM_img_0421,/external-cache/fse_typographic_20260926/external/SCAM/images.zip,images/train/NoSCAM_img_0421.jpg,NoSCAM,img_0421,0.25156643986701965,0.16057848930358887,0.09098795056343079,True,True
NoSCAM_img_0422.jpg,NoSCAM,slipper,truck,1.909,NoSCAM_img_0422,/external-cache/fse_typographic_20260926/external/SCAM/images.zip,images/train/NoSCAM_img_0422.jpg,NoSCAM,img_0422,0.21909630298614502,0.12562042474746704,0.09347587823867798,True,False
NoSCAM_img_0423.jpg,NoSCAM,razor,slow,11.489,NoSCAM_img_0423,/external-cache/fse_typographic_20260926/external/SCAM/images.zip,images/train/NoSCAM_img_0423.jpg,NoSCAM,img_0423,0.18852829933166504,0.1437292844057083,0.044799014925956726,True,True
NoSCAM_img_0424.jpg,NoSCAM,bathroom sign,cannon,4.659,NoSCAM_img_0424,/external-cache/fse_typographic_20260926/external/SCAM/images.zip,images/train/NoSCAM_img_0424.jpg,NoSCAM,img_0424,0.2336815744638443,0.11779313534498215,0.11588843911886215,True,True
NoSCAM_img_0425.jpg,NoSCAM,fire extinguisher,cow,3.994,NoSCAM_img_0425,/external-cache/fse_typographic_20260926/external/SCAM/images.zip,images/train/NoSCAM_img_0425.jpg,NoSCAM,img_0425,0.25175395607948303,0.15208321809768677,0.09967073798179626,True,True
NoSCAM_img_0426.jpg,NoSCAM,ping pong ball,duck,18.47,NoSCAM_img_0426,/external-cache/fse_typographic_20260926/external/SCAM/images.zip,images/train/NoSCAM_img_0426.jpg,NoSCAM,img_0426,0.2062768042087555,0.16194623708724976,0.04433056712150574,True,False
NoSCAM_img_0427.jpg,NoSCAM,hanger,cannon,7.172,NoSCAM_img_0427,/external-cache/fse_typographic_20260926/external/SCAM/images.zip,images/train/NoSCAM_img_0427.jpg,NoSCAM,img_0427,0.23493443429470062,0.16247105598449707,0.07246337831020355,True,False
NoSCAM_img_0428.jpg,NoSCAM,roses,signal,11.452,NoSCAM_img_0428,/external-cache/fse_typographic_20260926/external/SCAM/images.zip,images/train/NoSCAM_img_0428.jpg,NoSCAM,img_0428,0.19729553163051605,0.15761016309261322,0.03968536853790283,True,False
NoSCAM_img_0429.jpg,NoSCAM,cap,cannon,6.651,NoSCAM_img_0429,/external-cache/fse_typographic_20260926/external/SCAM/images.zip,images/train/NoSCAM_img_0429.jpg,NoSCAM,img_0429,0.1953105330467224,0.11992456018924713,0.07538597285747528,True,False
NoSCAM_img_0430.jpg,NoSCAM,pen,duck,11.11,NoSCAM_img_0430,/external-cache/fse_typographic_20260926/external/SCAM/images.zip,images/train/NoSCAM_img_0430.jpg,NoSCAM,img_0430,0.19720055162906647,0.16135132312774658,0.035849228501319885,True,False
NoSCAM_img_0431.jpg,NoSCAM,waffles,truck,7.106,NoSCAM_img_0431,/external-cache/fse_typographic_20260926/external/SCAM/images.zip,images/train/NoSCAM_img_0431.jpg,NoSCAM,img_0431,0.21905744075775146,0.1403469443321228,0.07871049642562866,True,False
NoSCAM_img_0432.jpg,NoSCAM,knife,cow,9.585,NoSCAM_img_0432,/external-cache/fse_typographic_20260926/external/SCAM/images.zip,images/train/NoSCAM_img_0432.jpg,NoSCAM,img_0432,0.20816844701766968,0.153269425034523,0.05489902198314667,True,True
NoSCAM_img_0433.jpg,NoSCAM,eggs,slow,13.215,NoSCAM_img_0433,/external-cache/fse_typographic_20260926/external/SCAM/images.zip,images/train/NoSCAM_img_0433.jpg,NoSCAM,img_0433,0.1713963896036148,0.1267145425081253,0.0446818470954895,True,False
NoSCAM_img_0434.jpg,NoSCAM,socket,yield,16.798,NoSCAM_img_0434,/external-cache/fse_typographic_20260926/external/SCAM/images.zip,images/train/NoSCAM_img_0434.jpg,NoSCAM,img_0434,0.20849373936653137,0.1326448619365692,0.07584887742996216,True,False
NoSCAM_img_0435.jpg,NoSCAM,moka pot,yield,3.711,NoSCAM_img_0435,/external-cache/fse_typographic_20260926/external/SCAM/images.zip,images/train/NoSCAM_img_0435.jpg,NoSCAM,img_0435,0.24638327956199646,0.13905379176139832,0.10732948780059814,True,True
NoSCAM_img_0436.jpg,NoSCAM,chocolate,detour,9.365,NoSCAM_img_0436,/external-cache/fse_typographic_20260926/external/SCAM/images.zip,images/train/NoSCAM_img_0436.jpg,NoSCAM,img_0436,0.23273345828056335,0.1534218043088913,0.07931165397167206,True,False
NoSCAM_img_0437.jpg,NoSCAM,crochet hook,hat,23.27,NoSCAM_img_0437,/external-cache/fse_typographic_20260926/external/SCAM/images.zip,images/train/NoSCAM_img_0437.jpg,NoSCAM,img_0437,0.1863558292388916,0.1348947286605835,0.051461100578308105,True,False
NoSCAM_img_0438.jpg,NoSCAM,nail clipper,hat,21.533,NoSCAM_img_0438,/external-cache/fse_typographic_20260926/external/SCAM/images.zip,images/train/NoSCAM_img_0438.jpg,NoSCAM,img_0438,0.24715135991573334,0.15501058101654053,0.09214077889919281,True,True
NoSCAM_img_0439.jpg,NoSCAM,bag,sofa,7.143,NoSCAM_img_0439,/external-cache/fse_typographic_20260926/external/SCAM/images.zip,images/train/NoSCAM_img_0439.jpg,NoSCAM,img_0439,0.1881817877292633,0.16852964460849762,0.019652143120765686,True,False
NoSCAM_img_0440.jpg,NoSCAM,hat,sofa,15.264,NoSCAM_img_0440,/external-cache/fse_typographic_20260926/external/SCAM/images.zip,images/train/NoSCAM_img_0440.jpg,NoSCAM,img_0440,0.20950715243816376,0.14532697200775146,0.06418018043041229,True,False
NoSCAM_img_0441.jpg,NoSCAM,pencil,hat,12.33,NoSCAM_img_0441,/external-cache/fse_typographic_20260926/external/SCAM/images.zip,images/train/NoSCAM_img_0441.jpg,NoSCAM,img_0441,0.22817456722259521,0.16374240815639496,0.06443215906620026,True,False
NoSCAM_img_0442.jpg,NoSCAM,remote control,truck,5.144,NoSCAM_img_0442,/external-cache/fse_typographic_20260926/external/SCAM/images.zip,images/train/NoSCAM_img_0442.jpg,NoSCAM,img_0442,0.21320563554763794,0.13897545635700226,0.07423017919063568,True,False
NoSCAM_img_0443.jpg,NoSCAM,necklace,signal,9.974,NoSCAM_img_0443,/external-cache/fse_typographic_20260926/external/SCAM/images.zip,images/train/NoSCAM_img_0443.jpg,NoSCAM,img_0443,0.2077217847108841,0.13281306624412537,0.07490871846675873,True,True
NoSCAM_img_0444.jpg,NoSCAM,bowl,signal,11.342,NoSCAM_img_0444,/external-cache/fse_typographic_20260926/external/SCAM/images.zip,images/train/NoSCAM_img_0444.jpg,NoSCAM,img_0444,0.1967868208885193,0.13948744535446167,0.05729937553405762,True,False
NoSCAM_img_0445.jpg,NoSCAM,chessboard,no left turn,5.955,NoSCAM_img_0445,/external-cache/fse_typographic_20260926/external/SCAM/images.zip,images/train/NoSCAM_img_0445.jpg,NoSCAM,img_0445,0.22479823231697083,0.14707157015800476,0.07772666215896606,True,False
NoSCAM_img_0446.jpg,NoSCAM,elephant,boulder,11.329,NoSCAM_img_0446,/external-cache/fse_typographic_20260926/external/SCAM/images.zip,images/train/NoSCAM_img_0446.jpg,NoSCAM,img_0446,0.20309218764305115,0.13445799052715302,0.06863419711589813,True,False
NoSCAM_img_0447.jpg,NoSCAM,key chain,helmet,13.782,NoSCAM_img_0447,/external-cache/fse_typographic_20260926/external/SCAM/images.zip,images/train/NoSCAM_img_0447.jpg,NoSCAM,img_0447,0.19002807140350342,0.15400144457817078,0.03602662682533264,True,False
NoSCAM_img_0448.jpg,NoSCAM,chess set,boat,10.74,NoSCAM_img_0448,/external-cache/fse_typographic_20260926/external/SCAM/images.zip,images/train/NoSCAM_img_0448.jpg,NoSCAM,img_0448,0.22837074100971222,0.12075117230415344,0.10761956870555878,True,False
NoSCAM_img_0449.jpg,NoSCAM,firework,desert,11.119,NoSCAM_img_0449,/external-cache/fse_typographic_20260926/external/SCAM/images.zip,images/train/NoSCAM_img_0449.jpg,NoSCAM,img_0449,0.2105925977230072,0.13612167537212372,0.07447092235088348,True,False
NoSCAM_img_0450.jpg,NoSCAM,e-scooter,truck,7.153,NoSCAM_img_0450,/external-cache/fse_typographic_20260926/external/SCAM/images.zip,images/train/NoSCAM_img_0450.jpg,NoSCAM,img_0450,0.19583436846733093,0.13747262954711914,0.05836173892021179,True,False
NoSCAM_img_0451.jpg,NoSCAM,bench,cow,3.929,NoSCAM_img_0451,/external-cache/fse_typographic_20260926/external/SCAM/images.zip,images/train/NoSCAM_img_0451.jpg,NoSCAM,img_0451,0.2158990204334259,0.13621816039085388,0.07968086004257202,True,True
NoSCAM_img_0452.jpg,NoSCAM,video surveillance sign,fence,6.308,NoSCAM_img_0452,/external-cache/fse_typographic_20260926/external/SCAM/images.zip,images/train/NoSCAM_img_0452.jpg,NoSCAM,img_0452,0.20437456667423248,0.13288982212543488,0.07148474454879761,True,False
NoSCAM_img_0453.jpg,NoSCAM,tire,fence,2.085,NoSCAM_img_0453,/external-cache/fse_typographic_20260926/external/SCAM/images.zip,images/train/NoSCAM_img_0453.jpg,NoSCAM,img_0453,0.15563052892684937,0.08737164735794067,0.06825888156890869,True,False
NoSCAM_img_0454.jpg,NoSCAM,chair,fence,2.398,NoSCAM_img_0454,/external-cache/fse_typographic_20260926/external/SCAM/images.zip,images/train/NoSCAM_img_0454.jpg,NoSCAM,img_0454,0.15691378712654114,0.10732883214950562,0.04958495497703552,True,True
NoSCAM_img_0455.jpg,NoSCAM,toy car,slow,9.575,NoSCAM_img_0455,/external-cache/fse_typographic_20260926/external/SCAM/images.zip,images/train/NoSCAM_img_0455.jpg,NoSCAM,img_0455,0.2425365149974823,0.18091076612472534,0.06162574887275696,True,True
NoSCAM_img_0456.jpg,NoSCAM,juggling ball,slow,5.075,NoSCAM_img_0456,/external-cache/fse_typographic_20260926/external/SCAM/images.zip,images/train/NoSCAM_img_0456.jpg,NoSCAM,img_0456,0.1945096254348755,0.1461411714553833,0.04836845397949219,True,False
NoSCAM_img_0457.jpg,NoSCAM,toy horse,fence,5.743,NoSCAM_img_0457,/external-cache/fse_typographic_20260926/external/SCAM/images.zip,images/train/NoSCAM_img_0457.jpg,NoSCAM,img_0457,0.21028125286102295,0.1411036103963852,0.06917764246463776,True,True
NoSCAM_img_0458.jpg,NoSCAM,compass,cow,11.916,NoSCAM_img_0458,/external-cache/fse_typographic_20260926/external/SCAM/images.zip,images/train/NoSCAM_img_0458.jpg,NoSCAM,img_0458,0.19400981068611145,0.08344221115112305,0.1105675995349884,True,True
NoSCAM_img_0459.jpg,NoSCAM,matryoshka doll,cow,14.49,NoSCAM_img_0459,/external-cache/fse_typographic_20260926/external/SCAM/images.zip,images/train/NoSCAM_img_0459.jpg,NoSCAM,img_0459,0.2077530324459076,0.1410830020904541,0.06667003035545349,True,False
NoSCAM_img_0460.jpg,NoSCAM,fortune cookie,iron,7.791,NoSCAM_img_0460,/external-cache/fse_typographic_20260926/external/SCAM/images.zip,images/train/NoSCAM_img_0460.jpg,NoSCAM,img_0460,0.2539682984352112,0.14905710518360138,0.1049111932516098,True,True
NoSCAM_img_0461.jpg,NoSCAM,glove,iron,7.646,NoSCAM_img_0461,/external-cache/fse_typographic_20260926/external/SCAM/images.zip,images/train/NoSCAM_img_0461.jpg,NoSCAM,img_0461,0.18572315573692322,0.13621042668819427,0.04951272904872894,True,False
NoSCAM_img_0462.jpg,NoSCAM,cap,wet,10.444,NoSCAM_img_0462,/external-cache/fse_typographic_20260926/external/SCAM/images.zip,images/train/NoSCAM_img_0462.jpg,NoSCAM,img_0462,0.16609546542167664,0.17315040528774261,-0.007054939866065979,False,False
NoSCAM_img_0463.jpg,NoSCAM,post-its,wet,11.723,NoSCAM_img_0463,/external-cache/fse_typographic_20260926/external/SCAM/images.zip,images/train/NoSCAM_img_0463.jpg,NoSCAM,img_0463,0.24386119842529297,0.18523748219013214,0.05862371623516083,True,True
NoSCAM_img_0464.jpg,NoSCAM,plane ticket,hole,9.846,NoSCAM_img_0464,/external-cache/fse_typographic_20260926/external/SCAM/images.zip,images/train/NoSCAM_img_0464.jpg,NoSCAM,img_0464,0.18361780047416687,0.12625738978385925,0.05736041069030762,True,False
NoSCAM_img_0465.jpg,NoSCAM,analog timer,toll,8.735,NoSCAM_img_0465,/external-cache/fse_typographic_20260926/external/SCAM/images.zip,images/train/NoSCAM_img_0465.jpg,NoSCAM,img_0465,0.16871927678585052,0.12501150369644165,0.043707773089408875,True,False
NoSCAM_img_0466.jpg,NoSCAM,tea,toll,8.338,NoSCAM_img_0466,/external-cache/fse_typographic_20260926/external/SCAM/images.zip,images/train/NoSCAM_img_0466.jpg,NoSCAM,img_0466,0.12971612811088562,0.09582261741161346,0.033893510699272156,True,False
NoSCAM_img_0467.jpg,NoSCAM,apple seed cutter,slippery,7.732,NoSCAM_img_0467,/external-cache/fse_typographic_20260926/external/SCAM/images.zip,images/train/NoSCAM_img_0467.jpg,NoSCAM,img_0467,0.16290730237960815,0.13159078359603882,0.031316518783569336,True,False
NoSCAM_img_0468.jpg,NoSCAM,lamp,slippery,9.882,NoSCAM_img_0468,/external-cache/fse_typographic_20260926/external/SCAM/images.zip,images/train/NoSCAM_img_0468.jpg,NoSCAM,img_0468,0.16778409481048584,0.12090575695037842,0.04687833786010742,True,False
NoSCAM_img_0469.jpg,NoSCAM,advent calendar,slippery,5.378,NoSCAM_img_0469,/external-cache/fse_typographic_20260926/external/SCAM/images.zip,images/train/NoSCAM_img_0469.jpg,NoSCAM,img_0469,0.2612806558609009,0.1485757976770401,0.11270485818386078,True,True
NoSCAM_img_0470.jpg,NoSCAM,menstrual pad,jeep,8.789,NoSCAM_img_0470,/external-cache/fse_typographic_20260926/external/SCAM/images.zip,images/train/NoSCAM_img_0470.jpg,NoSCAM,img_0470,0.1918272227048874,0.12166394293308258,0.07016327977180481,True,False
NoSCAM_img_0471.jpg,NoSCAM,thermometer,jeep,8.957,NoSCAM_img_0471,/external-cache/fse_typographic_20260926/external/SCAM/images.zip,images/train/NoSCAM_img_0471.jpg,NoSCAM,img_0471,0.15304410457611084,0.08295616507530212,0.07008793950080872,True,False
NoSCAM_img_0472.jpg,NoSCAM,frothing pitcher,desert,8.052,NoSCAM_img_0472,/external-cache/fse_typographic_20260926/external/SCAM/images.zip,images/train/NoSCAM_img_0472.jpg,NoSCAM,img_0472,0.16151732206344604,0.1569053828716278,0.004611939191818237,True,False
NoSCAM_img_0473.jpg,NoSCAM,diffuser,wet,3.617,NoSCAM_img_0473,/external-cache/fse_typographic_20260926/external/SCAM/images.zip,images/train/NoSCAM_img_0473.jpg,NoSCAM,img_0473,0.1763940006494522,0.15402840077877045,0.022365599870681763,True,False
NoSCAM_img_0474.jpg,NoSCAM,garden gnome,ice,5.251,NoSCAM_img_0474,/external-cache/fse_typographic_20260926/external/SCAM/images.zip,images/train/NoSCAM_img_0474.jpg,NoSCAM,img_0474,0.21700365841388702,0.1462727189064026,0.07073093950748444,True,True
NoSCAM_img_0475.jpg,NoSCAM,piggy bank,wet,5.868,NoSCAM_img_0475,/external-cache/fse_typographic_20260926/external/SCAM/images.zip,images/train/NoSCAM_img_0475.jpg,NoSCAM,img_0475,0.17222106456756592,0.09658980369567871,0.07563126087188721,True,True
NoSCAM_img_0476.jpg,NoSCAM,umbrella,toll,5.042,NoSCAM_img_0476,/external-cache/fse_typographic_20260926/external/SCAM/images.zip,images/train/NoSCAM_img_0476.jpg,NoSCAM,img_0476,0.18422608077526093,0.12967261672019958,0.05455346405506134,True,True
NoSCAM_img_0477.jpg,NoSCAM,nail polish,yield,12.189,NoSCAM_img_0477,/external-cache/fse_typographic_20260926/external/SCAM/images.zip,images/train/NoSCAM_img_0477.jpg,NoSCAM,img_0477,0.19888947904109955,0.1389482021331787,0.05994127690792084,True,False
NoSCAM_img_0478.jpg,NoSCAM,diapers,dead end,7.214,NoSCAM_img_0478,/external-cache/fse_typographic_20260926/external/SCAM/images.zip,images/train/NoSCAM_img_0478.jpg,NoSCAM,img_0478,0.1757521629333496,0.06807990372180939,0.10767225921154022,True,True
NoSCAM_img_0479.jpg,NoSCAM,party hat,fog,8.702,NoSCAM_img_0479,/external-cache/fse_typographic_20260926/external/SCAM/images.zip,images/train/NoSCAM_img_0479.jpg,NoSCAM,img_0479,0.19231656193733215,0.10847495496273041,0.08384160697460175,True,True
NoSCAM_img_0480.jpg,NoSCAM,ribbon,arrow,2.67,NoSCAM_img_0480,/external-cache/fse_typographic_20260926/external/SCAM/images.zip,images/train/NoSCAM_img_0480.jpg,NoSCAM,img_0480,0.19485324621200562,0.1496100127696991,0.04524323344230652,True,False
NoSCAM_img_0481.jpg,NoSCAM,doll,bell,4.16,NoSCAM_img_0481,/external-cache/fse_typographic_20260926/external/SCAM/images.zip,images/train/NoSCAM_img_0481.jpg,NoSCAM,img_0481,0.2067689150571823,0.11503992974758148,0.09172898530960083,True,True
NoSCAM_img_0482.jpg,NoSCAM,grater,butter,3.27,NoSCAM_img_0482,/external-cache/fse_typographic_20260926/external/SCAM/images.zip,images/train/NoSCAM_img_0482.jpg,NoSCAM,img_0482,0.179111510515213,0.17643654346466064,0.002674967050552368,True,False
NoSCAM_img_0483.jpg,NoSCAM,lamp,cannon,3.143,NoSCAM_img_0483,/external-cache/fse_typographic_20260926/external/SCAM/images.zip,images/train/NoSCAM_img_0483.jpg,NoSCAM,img_0483,0.16207090020179749,0.09518561512231827,0.06688528507947922,True,False
NoSCAM_img_0484.jpg,NoSCAM,pizza cutter,fish,7.252,NoSCAM_img_0484,/external-cache/fse_typographic_20260926/external/SCAM/images.zip,images/train/NoSCAM_img_0484.jpg,NoSCAM,img_0484,0.20765995979309082,0.14223697781562805,0.06542298197746277,True,False
NoSCAM_img_0485.jpg,NoSCAM,glue stick,lock,5.237,NoSCAM_img_0485,/external-cache/fse_typographic_20260926/external/SCAM/images.zip,images/train/NoSCAM_img_0485.jpg,NoSCAM,img_0485,0.19803272187709808,0.11094696819782257,0.08708575367927551,True,True
NoSCAM_img_0486.jpg,NoSCAM,rubber duck,cart,9.043,NoSCAM_img_0486,/external-cache/fse_typographic_20260926/external/SCAM/images.zip,images/train/NoSCAM_img_0486.jpg,NoSCAM,img_0486,0.19564849138259888,0.152201846241951,0.04344664514064789,True,True
NoSCAM_img_0487.jpg,NoSCAM,loofah,cart,5.973,NoSCAM_img_0487,/external-cache/fse_typographic_20260926/external/SCAM/images.zip,images/train/NoSCAM_img_0487.jpg,NoSCAM,img_0487,0.19468063116073608,0.15291805565357208,0.041762575507164,True,False
NoSCAM_img_0488.jpg,NoSCAM,blender,hole,2.801,NoSCAM_img_0488,/external-cache/fse_typographic_20260926/external/SCAM/images.zip,images/train/NoSCAM_img_0488.jpg,NoSCAM,img_0488,0.1882927119731903,0.11086440831422806,0.07742830365896225,True,False
NoSCAM_img_0489.jpg,NoSCAM,potato masher,hole,3.966,NoSCAM_img_0489,/external-cache/fse_typographic_20260926/external/SCAM/images.zip,images/train/NoSCAM_img_0489.jpg,NoSCAM,img_0489,0.24827779829502106,0.1613379418849945,0.08693985641002655,True,False
NoSCAM_img_0490.jpg,NoSCAM,skimmer,hole,1.473,NoSCAM_img_0490,/external-cache/fse_typographic_20260926/external/SCAM/images.zip,images/train/NoSCAM_img_0490.jpg,NoSCAM,img_0490,0.1577012538909912,0.1372966468334198,0.02040460705757141,True,False
NoSCAM_img_0491.jpg,NoSCAM,juicer,exit,4.085,NoSCAM_img_0491,/external-cache/fse_typographic_20260926/external/SCAM/images.zip,images/train/NoSCAM_img_0491.jpg,NoSCAM,img_0491,0.21755139529705048,0.15787164866924286,0.05967974662780762,True,False
NoSCAM_img_0492.jpg,NoSCAM,pineapple plant,store,12.541,NoSCAM_img_0492,/external-cache/fse_typographic_20260926/external/SCAM/images.zip,images/train/NoSCAM_img_0492.jpg,NoSCAM,img_0492,0.22710943222045898,0.15575098991394043,0.07135844230651855,True,True
NoSCAM_img_0493.jpg,NoSCAM,watering can,salt,6.078,NoSCAM_img_0493,/external-cache/fse_typographic_20260926/external/SCAM/images.zip,images/train/NoSCAM_img_0493.jpg,NoSCAM,img_0493,0.1758074313402176,0.1082562506198883,0.06755118072032928,True,True
NoSCAM_img_0494.jpg,NoSCAM,hook,oregano,15.733,NoSCAM_img_0494,/external-cache/fse_typographic_20260926/external/SCAM/images.zip,images/train/NoSCAM_img_0494.jpg,NoSCAM,img_0494,0.14037266373634338,0.11161397397518158,0.028758689761161804,True,False
NoSCAM_img_0495.jpg,NoSCAM,brooms,ginger,7.938,NoSCAM_img_0495,/external-cache/fse_typographic_20260926/external/SCAM/images.zip,images/train/NoSCAM_img_0495.jpg,NoSCAM,img_0495,0.20575426518917084,0.1565762758255005,0.04917798936367035,True,False
NoSCAM_img_0496.jpg,NoSCAM,broom,bottle,2.755,NoSCAM_img_0496,/external-cache/fse_typographic_20260926/external/SCAM/images.zip,images/train/NoSCAM_img_0496.jpg,NoSCAM,img_0496,0.2215324193239212,0.16239877045154572,0.05913364887237549,True,False
NoSCAM_img_0497.jpg,NoSCAM,pick,mirror,9.697,NoSCAM_img_0497,/external-cache/fse_typographic_20260926/external/SCAM/images.zip,images/train/NoSCAM_img_0497.jpg,NoSCAM,img_0497,0.183460533618927,0.13592985272407532,0.047530680894851685,True,False
NoSCAM_img_0498.jpg,NoSCAM,pick,sidewalk,11.195,NoSCAM_img_0498,/external-cache/fse_typographic_20260926/external/SCAM/images.zip,images/train/NoSCAM_img_0498.jpg,NoSCAM,img_0498,0.15960827469825745,0.12218943238258362,0.03741884231567383,True,False
NoSCAM_img_0499.jpg,NoSCAM,pick,vase,8.264,NoSCAM_img_0499,/external-cache/fse_typographic_20260926/external/SCAM/images.zip,images/train/NoSCAM_img_0499.jpg,NoSCAM,img_0499,0.13151147961616516,0.09716841578483582,0.034343063831329346,True,False
NoSCAM_img_0500.jpg,NoSCAM,shovels,blanket,1.418,NoSCAM_img_0500,/external-cache/fse_typographic_20260926/external/SCAM/images.zip,images/train/NoSCAM_img_0500.jpg,NoSCAM,img_0500,0.19225800037384033,0.092638298869133,0.09961970150470734,True,True
NoSCAM_img_0501.jpg,NoSCAM,pizza oven,jacket,3.612,NoSCAM_img_0501,/external-cache/fse_typographic_20260926/external/SCAM/images.zip,images/train/NoSCAM_img_0501.jpg,NoSCAM,img_0501,0.1788794845342636,0.12240464985370636,0.05647483468055725,True,False
NoSCAM_img_0502.jpg,NoSCAM,gas cooker,bird,14.409,NoSCAM_img_0502,/external-cache/fse_typographic_20260926/external/SCAM/images.zip,images/train/NoSCAM_img_0502.jpg,NoSCAM,img_0502,0.1522572785615921,0.13253916800022125,0.01971811056137085,True,False
NoSCAM_img_0503.jpg,NoSCAM,grill,store,1.516,NoSCAM_img_0503,/external-cache/fse_typographic_20260926/external/SCAM/images.zip,images/train/NoSCAM_img_0503.jpg,NoSCAM,img_0503,0.18425363302230835,0.11635792255401611,0.06789571046829224,True,True
NoSCAM_img_0504.jpg,NoSCAM,grill,salt,2.585,NoSCAM_img_0504,/external-cache/fse_typographic_20260926/external/SCAM/images.zip,images/train/NoSCAM_img_0504.jpg,NoSCAM,img_0504,0.20253926515579224,0.1421469748020172,0.060392290353775024,True,True
NoSCAM_img_0505.jpg,NoSCAM,wrapping paper,oregano,0.575,NoSCAM_img_0505,/external-cache/fse_typographic_20260926/external/SCAM/images.zip,images/train/NoSCAM_img_0505.jpg,NoSCAM,img_0505,0.18667322397232056,0.14766326546669006,0.03900995850563049,True,False
NoSCAM_img_0506.jpg,NoSCAM,pillow,oregano,4.595,NoSCAM_img_0506,/external-cache/fse_typographic_20260926/external/SCAM/images.zip,images/train/NoSCAM_img_0506.jpg,NoSCAM,img_0506,0.20696386694908142,0.17429029941558838,0.03267356753349304,True,False
NoSCAM_img_0507.jpg,NoSCAM,pouffe,ginger,4.982,NoSCAM_img_0507,/external-cache/fse_typographic_20260926/external/SCAM/images.zip,images/train/NoSCAM_img_0507.jpg,NoSCAM,img_0507,0.15984931588172913,0.10977025330066681,0.05007906258106232,True,False
NoSCAM_img_0508.jpg,NoSCAM,bricks,bottle,7.542,NoSCAM_img_0508,/external-cache/fse_typographic_20260926/external/SCAM/images.zip,images/train/NoSCAM_img_0508.jpg,NoSCAM,img_0508,0.13515175879001617,0.08936247229576111,0.045789286494255066,True,False
NoSCAM_img_0509.jpg,NoSCAM,multiple socket,smartphone,7.971,NoSCAM_img_0509,/external-cache/fse_typographic_20260926/external/SCAM/images.zip,images/train/NoSCAM_img_0509.jpg,NoSCAM,img_0509,0.19583621621131897,0.14873749017715454,0.04709872603416443,True,False
NoSCAM_img_0510.jpg,NoSCAM,lamp,traffic sign,9.53,NoSCAM_img_0510,/external-cache/fse_typographic_20260926/external/SCAM/images.zip,images/train/NoSCAM_img_0510.jpg,NoSCAM,img_0510,0.16377204656600952,0.1306140422821045,0.03315800428390503,True,False
NoSCAM_img_0511.jpg,NoSCAM,light bulbs,sidewalk,6.546,NoSCAM_img_0511,/external-cache/fse_typographic_20260926/external/SCAM/images.zip,images/train/NoSCAM_img_0511.jpg,NoSCAM,img_0511,0.15631651878356934,0.09794431924819946,0.05837219953536987,True,False
NoSCAM_img_0512.jpg,NoSCAM,lamp,sidewalk,2.697,NoSCAM_img_0512,/external-cache/fse_typographic_20260926/external/SCAM/images.zip,images/train/NoSCAM_img_0512.jpg,NoSCAM,img_0512,0.19198428094387054,0.16019874811172485,0.03178553283214569,True,False
NoSCAM_img_0513.jpg,NoSCAM,tape,vase,6.51,NoSCAM_img_0513,/external-cache/fse_typographic_20260926/external/SCAM/images.zip,images/train/NoSCAM_img_0513.jpg,NoSCAM,img_0513,0.178850919008255,0.1298770308494568,0.04897388815879822,True,False
NoSCAM_img_0514.jpg,NoSCAM,paint roller,blanket,12.098,NoSCAM_img_0514,/external-cache/fse_typographic_20260926/external/SCAM/images.zip,images/train/NoSCAM_img_0514.jpg,NoSCAM,img_0514,0.18428295850753784,0.13447701930999756,0.04980593919754028,True,False
NoSCAM_img_0515.jpg,NoSCAM,doormat,jacket,1.375,NoSCAM_img_0515,/external-cache/fse_typographic_20260926/external/SCAM/images.zip,images/train/NoSCAM_img_0515.jpg,NoSCAM,img_0515,0.21593403816223145,0.13298949599266052,0.08294454216957092,True,True
NoSCAM_img_0516.jpg,NoSCAM,stool,bird,2.834,NoSCAM_img_0516,/external-cache/fse_typographic_20260926/external/SCAM/images.zip,images/train/NoSCAM_img_0516.jpg,NoSCAM,img_0516,0.1842525154352188,0.11476448178291321,0.0694880336523056,True,False
NoSCAM_img_0517.jpg,NoSCAM,boxes,salt,1.832,NoSCAM_img_0517,/external-cache/fse_typographic_20260926/external/SCAM/images.zip,images/train/NoSCAM_img_0517.jpg,NoSCAM,img_0517,0.19608289003372192,0.14027619361877441,0.05580669641494751,True,False
NoSCAM_img_0518.jpg,NoSCAM,sink,oregano,2.401,NoSCAM_img_0518,/external-cache/fse_typographic_20260926/external/SCAM/images.zip,images/train/NoSCAM_img_0518.jpg,NoSCAM,img_0518,0.2167922407388687,0.15021353960037231,0.0665787011384964,True,True
NoSCAM_img_0519.jpg,NoSCAM,sink,salt,2.252,NoSCAM_img_0519,/external-cache/fse_typographic_20260926/external/SCAM/images.zip,images/train/NoSCAM_img_0519.jpg,NoSCAM,img_0519,0.23084890842437744,0.17376166582107544,0.057087242603302,True,True
NoSCAM_img_0520.jpg,NoSCAM,trash can,ginger,11.251,NoSCAM_img_0520,/external-cache/fse_typographic_20260926/external/SCAM/images.zip,images/train/NoSCAM_img_0520.jpg,NoSCAM,img_0520,0.17849233746528625,0.11296947300434113,0.06552286446094513,True,False
NoSCAM_img_0521.jpg,NoSCAM,toilet brush,bottle,5.561,NoSCAM_img_0521,/external-cache/fse_typographic_20260926/external/SCAM/images.zip,images/train/NoSCAM_img_0521.jpg,NoSCAM,img_0521,0.21536073088645935,0.15713030099868774,0.058230429887771606,True,False
NoSCAM_img_0522.jpg,NoSCAM,rack,sidewalk,4.433,NoSCAM_img_0522,/external-cache/fse_typographic_20260926/external/SCAM/images.zip,images/train/NoSCAM_img_0522.jpg,NoSCAM,img_0522,0.20364950597286224,0.1367906630039215,0.06685884296894073,True,False
NoSCAM_img_0523.jpg,NoSCAM,toilet lid,traffic sign,2.678,NoSCAM_img_0523,/external-cache/fse_typographic_20260926/external/SCAM/images.zip,images/train/NoSCAM_img_0523.jpg,NoSCAM,img_0523,0.19693531095981598,0.13908720016479492,0.05784811079502106,True,True
NoSCAM_img_0524.jpg,NoSCAM,pipe connection,mirror,3.645,NoSCAM_img_0524,/external-cache/fse_typographic_20260926/external/SCAM/images.zip,images/train/NoSCAM_img_0524.jpg,NoSCAM,img_0524,0.19665855169296265,0.1216067522764206,0.07505179941654205,True,True
NoSCAM_img_0525.jpg,NoSCAM,pipe connection,sidewalk,5.135,NoSCAM_img_0525,/external-cache/fse_typographic_20260926/external/SCAM/images.zip,images/train/NoSCAM_img_0525.jpg,NoSCAM,img_0525,0.1615259200334549,0.1234629675745964,0.03806295245885849,True,False
NoSCAM_img_0526.jpg,NoSCAM,toilet bowl,vase,2.609,NoSCAM_img_0526,/external-cache/fse_typographic_20260926/external/SCAM/images.zip,images/train/NoSCAM_img_0526.jpg,NoSCAM,img_0526,0.1668284833431244,0.10593116283416748,0.06089732050895691,True,True
NoSCAM_img_0527.jpg,NoSCAM,washbasin,blanket,2.653,NoSCAM_img_0527,/external-cache/fse_typographic_20260926/external/SCAM/images.zip,images/train/NoSCAM_img_0527.jpg,NoSCAM,img_0527,0.19177338480949402,0.1065237745642662,0.08524961024522781,True,True
NoSCAM_img_0528.jpg,NoSCAM,power drill,jacket,5.618,NoSCAM_img_0528,/external-cache/fse_typographic_20260926/external/SCAM/images.zip,images/train/NoSCAM_img_0528.jpg,NoSCAM,img_0528,0.1667083501815796,0.08653087913990021,0.08017747104167938,True,False
NoSCAM_img_0529.jpg,NoSCAM,portable electric drill,jacket,5.563,NoSCAM_img_0529,/external-cache/fse_typographic_20260926/external/SCAM/images.zip,images/train/NoSCAM_img_0529.jpg,NoSCAM,img_0529,0.16580697894096375,0.07231941819190979,0.09348756074905396,True,False
NoSCAM_img_0530.jpg,NoSCAM,cordless drill,bird,6.324,NoSCAM_img_0530,/external-cache/fse_typographic_20260926/external/SCAM/images.zip,images/train/NoSCAM_img_0530.jpg,NoSCAM,img_0530,0.21361207962036133,0.12110058218240738,0.09251149743795395,True,False
NoSCAM_img_0531.jpg,NoSCAM,portable electric drill,bird,7.401,NoSCAM_img_0531,/external-cache/fse_typographic_20260926/external/SCAM/images.zip,images/train/NoSCAM_img_0531.jpg,NoSCAM,img_0531,0.20395436882972717,0.1148897334933281,0.08906463533639908,True,False
NoSCAM_img_0532.jpg,NoSCAM,drills,store,6.434,NoSCAM_img_0532,/external-cache/fse_typographic_20260926/external/SCAM/images.zip,images/train/NoSCAM_img_0532.jpg,NoSCAM,img_0532,0.17735370993614197,0.17047542333602905,0.006878286600112915,True,False
NoSCAM_img_0533.jpg,NoSCAM,stapler,oregano,6.659,NoSCAM_img_0533,/external-cache/fse_typographic_20260926/external/SCAM/images.zip,images/train/NoSCAM_img_0533.jpg,NoSCAM,img_0533,0.15967532992362976,0.07857725024223328,0.08109807968139648,True,False
NoSCAM_img_0534.jpg,NoSCAM,sandpaper,salt,3.227,NoSCAM_img_0534,/external-cache/fse_typographic_20260926/external/SCAM/images.zip,images/train/NoSCAM_img_0534.jpg,NoSCAM,img_0534,0.131996288895607,0.12593641877174377,0.00605987012386322,True,False
NoSCAM_img_0535.jpg,NoSCAM,remote control,pig,9.283,NoSCAM_img_0535,/external-cache/fse_typographic_20260926/external/SCAM/images.zip,images/train/NoSCAM_img_0535.jpg,NoSCAM,img_0535,0.17957809567451477,0.11960422992706299,0.05997386574745178,True,False
NoSCAM_img_0536.jpg,NoSCAM,string,pig,3.936,NoSCAM_img_0536,/external-cache/fse_typographic_20260926/external/SCAM/images.zip,images/train/NoSCAM_img_0536.jpg,NoSCAM,img_0536,0.18069413304328918,0.14211218059062958,0.03858195245265961,True,False
NoSCAM_img_0537.jpg,NoSCAM,pencil,knife,4.284,NoSCAM_img_0537,/external-cache/fse_typographic_20260926/external/SCAM/images.zip,images/train/NoSCAM_img_0537.jpg,NoSCAM,img_0537,0.19479571282863617,0.17352451384067535,0.021271198987960815,True,True
NoSCAM_img_0538.jpg,NoSCAM,cork,helmet,7.16,NoSCAM_img_0538,/external-cache/fse_typographic_20260926/external/SCAM/images.zip,images/train/NoSCAM_img_0538.jpg,NoSCAM,img_0538,0.19129468500614166,0.12029731273651123,0.07099737226963043,True,False
NoSCAM_img_0539.jpg,NoSCAM,thread,hair,7.214,NoSCAM_img_0539,/external-cache/fse_typographic_20260926/external/SCAM/images.zip,images/train/NoSCAM_img_0539.jpg,NoSCAM,img_0539,0.20072415471076965,0.1692216843366623,0.03150247037410736,True,True
NoSCAM_img_0540.jpg,NoSCAM,safety pin,camera,9.264,NoSCAM_img_0540,/external-cache/fse_typographic_20260926/external/SCAM/images.zip,images/train/NoSCAM_img_0540.jpg,NoSCAM,img_0540,0.1861981749534607,0.1511228233575821,0.0350753515958786,True,False
NoSCAM_img_0541.jpg,NoSCAM,vase,helmet,2.139,NoSCAM_img_0541,/external-cache/fse_typographic_20260926/external/SCAM/images.zip,images/train/NoSCAM_img_0541.jpg,NoSCAM,img_0541,0.1822984516620636,0.13278774917125702,0.04951070249080658,True,False
NoSCAM_img_0542.jpg,NoSCAM,headband,camera,7.472,NoSCAM_img_0542,/external-cache/fse_typographic_20260926/external/SCAM/images.zip,images/train/NoSCAM_img_0542.jpg,NoSCAM,img_0542,0.17796611785888672,0.14118148386478424,0.03678463399410248,True,False
NoSCAM_img_0543.jpg,NoSCAM,guitar,pig,0.475,NoSCAM_img_0543,/external-cache/fse_typographic_20260926/external/SCAM/images.zip,images/train/NoSCAM_img_0543.jpg,NoSCAM,img_0543,0.18365547060966492,0.07883180677890778,0.10482366383075714,True,True
NoSCAM_img_0544.jpg,NoSCAM,rose,knife,1.68,NoSCAM_img_0544,/external-cache/fse_typographic_20260926/external/SCAM/images.zip,images/train/NoSCAM_img_0544.jpg,NoSCAM,img_0544,0.2056964933872223,0.1580324023962021,0.0476640909910202,True,True
NoSCAM_img_0545.jpg,NoSCAM,slider,camera,2.194,NoSCAM_img_0545,/external-cache/fse_typographic_20260926/external/SCAM/images.zip,images/train/NoSCAM_img_0545.jpg,NoSCAM,img_0545,0.15088047087192535,0.16190794110298157,-0.011027470231056213,False,False
NoSCAM_img_0546.jpg,NoSCAM,charger,camera,2.134,NoSCAM_img_0546,/external-cache/fse_typographic_20260926/external/SCAM/images.zip,images/train/NoSCAM_img_0546.jpg,NoSCAM,img_0546,0.20022206008434296,0.14521446824073792,0.05500759184360504,True,False
NoSCAM_img_0547.jpg,NoSCAM,tennis ball,hair,3.777,NoSCAM_img_0547,/external-cache/fse_typographic_20260926/external/SCAM/images.zip,images/train/NoSCAM_img_0547.jpg,NoSCAM,img_0547,0.20496676862239838,0.14856505393981934,0.05640171468257904,True,False
NoSCAM_img_0548.jpg,NoSCAM,guitar foot stand,helmet,1.81,NoSCAM_img_0548,/external-cache/fse_typographic_20260926/external/SCAM/images.zip,images/train/NoSCAM_img_0548.jpg,NoSCAM,img_0548,0.17764368653297424,0.12110637873411179,0.05653730779886246,True,False
NoSCAM_img_0549.jpg,NoSCAM,speaker,knife,2.714,NoSCAM_img_0549,/external-cache/fse_typographic_20260926/external/SCAM/images.zip,images/train/NoSCAM_img_0549.jpg,NoSCAM,img_0549,0.20455384254455566,0.12705053389072418,0.07750330865383148,True,True
NoSCAM_img_0550.jpg,NoSCAM,stereo,hair,3.139,NoSCAM_img_0550,/external-cache/fse_typographic_20260926/external/SCAM/images.zip,images/train/NoSCAM_img_0550.jpg,NoSCAM,img_0550,0.19197247922420502,0.12662720680236816,0.06534527242183685,True,True
NoSCAM_img_0551.jpg,NoSCAM,perfume,hair,5.71,NoSCAM_img_0551,/external-cache/fse_typographic_20260926/external/SCAM/images.zip,images/train/NoSCAM_img_0551.jpg,NoSCAM,img_0551,0.21902123093605042,0.13967812061309814,0.07934311032295227,True,True
NoSCAM_img_0552.jpg,NoSCAM,sleeping mat,pig,1.511,NoSCAM_img_0552,/external-cache/fse_typographic_20260926/external/SCAM/images.zip,images/train/NoSCAM_img_0552.jpg,NoSCAM,img_0552,0.12750647962093353,0.12355788797140121,0.003948591649532318,True,False
NoSCAM_img_0553.jpg,NoSCAM,shell,camera,8.579,NoSCAM_img_0553,/external-cache/fse_typographic_20260926/external/SCAM/images.zip,images/train/NoSCAM_img_0553.jpg,NoSCAM,img_0553,0.19326749444007874,0.16866722702980042,0.02460026741027832,True,False
NoSCAM_img_0554.jpg,NoSCAM,apple,camera,9.101,NoSCAM_img_0554,/external-cache/fse_typographic_20260926/external/SCAM/images.zip,images/train/NoSCAM_img_0554.jpg,NoSCAM,img_0554,0.11781080067157745,0.13764911890029907,-0.01983831822872162,False,False
NoSCAM_img_0555.jpg,NoSCAM,watch,camera,9.796,NoSCAM_img_0555,/external-cache/fse_typographic_20260926/external/SCAM/images.zip,images/train/NoSCAM_img_0555.jpg,NoSCAM,img_0555,0.20593410730361938,0.16794636845588684,0.037987738847732544,True,False
NoSCAM_img_0556.jpg,NoSCAM,mirror,helmet,3.342,NoSCAM_img_0556,/external-cache/fse_typographic_20260926/external/SCAM/images.zip,images/train/NoSCAM_img_0556.jpg,NoSCAM,img_0556,0.21286410093307495,0.1479572355747223,0.06490686535835266,True,True
NoSCAM_img_0557.jpg,NoSCAM,lamp,helmet,2.218,NoSCAM_img_0557,/external-cache/fse_typographic_20260926/external/SCAM/images.zip,images/train/NoSCAM_img_0557.jpg,NoSCAM,img_0557,0.18493497371673584,0.12815801799297333,0.05677695572376251,True,False
NoSCAM_img_0558.jpg,NoSCAM,tissues,helmet,4.453,NoSCAM_img_0558,/external-cache/fse_typographic_20260926/external/SCAM/images.zip,images/train/NoSCAM_img_0558.jpg,NoSCAM,img_0558,0.22376912832260132,0.12497914582490921,0.09878998249769211,True,True
NoSCAM_img_0559.jpg,NoSCAM,clock,helmet,8.805,NoSCAM_img_0559,/external-cache/fse_typographic_20260926/external/SCAM/images.zip,images/train/NoSCAM_img_0559.jpg,NoSCAM,img_0559,0.22450855374336243,0.15229004621505737,0.07221850752830505,True,True
NoSCAM_img_0560.jpg,NoSCAM,glass,helmet,7.257,NoSCAM_img_0560,/external-cache/fse_typographic_20260926/external/SCAM/images.zip,images/train/NoSCAM_img_0560.jpg,NoSCAM,img_0560,0.20424464344978333,0.147882342338562,0.056362301111221313,True,False
NoSCAM_img_0561.jpg,NoSCAM,pillow,camera,0.35,NoSCAM_img_0561,/external-cache/fse_typographic_20260926/external/SCAM/images.zip,images/train/NoSCAM_img_0561.jpg,NoSCAM,img_0561,0.18769609928131104,0.13097068667411804,0.05672541260719299,True,True
NoSCAM_img_0562.jpg,NoSCAM,weight,camera,2.929,NoSCAM_img_0562,/external-cache/fse_typographic_20260926/external/SCAM/images.zip,images/train/NoSCAM_img_0562.jpg,NoSCAM,img_0562,0.1630503088235855,0.11492212861776352,0.04812818020582199,True,False
NoSCAM_img_0563.jpg,NoSCAM,string,camera,8.648,NoSCAM_img_0563,/external-cache/fse_typographic_20260926/external/SCAM/images.zip,images/train/NoSCAM_img_0563.jpg,NoSCAM,img_0563,0.17153483629226685,0.14909136295318604,0.02244347333908081,True,False
NoSCAM_img_0564.jpg,NoSCAM,badminton ball,camera,4.349,NoSCAM_img_0564,/external-cache/fse_typographic_20260926/external/SCAM/images.zip,images/train/NoSCAM_img_0564.jpg,NoSCAM,img_0564,0.21823906898498535,0.1401648223400116,0.07807424664497375,True,True
NoSCAM_img_0565.jpg,NoSCAM,chair,rock,0.897,NoSCAM_img_0565,/external-cache/fse_typographic_20260926/external/SCAM/images.zip,images/train/NoSCAM_img_0565.jpg,NoSCAM,img_0565,0.18088862299919128,0.12912897765636444,0.05175964534282684,True,False
NoSCAM_img_0566.jpg,NoSCAM,backpack,rock,1.432,NoSCAM_img_0566,/external-cache/fse_typographic_20260926/external/SCAM/images.zip,images/train/NoSCAM_img_0566.jpg,NoSCAM,img_0566,0.22056469321250916,0.13051652908325195,0.0900481641292572,True,True
NoSCAM_img_0567.jpg,NoSCAM,trash bin,tree,0.604,NoSCAM_img_0567,/external-cache/fse_typographic_20260926/external/SCAM/images.zip,images/train/NoSCAM_img_0567.jpg,NoSCAM,img_0567,0.1560874581336975,0.10421152412891388,0.05187593400478363,True,False
NoSCAM_img_0568.jpg,NoSCAM,traffic light,rock,0.559,NoSCAM_img_0568,/external-cache/fse_typographic_20260926/external/SCAM/images.zip,images/train/NoSCAM_img_0568.jpg,NoSCAM,img_0568,0.20244094729423523,0.11791776865720749,0.08452317863702774,True,False
NoSCAM_img_0569.jpg,NoSCAM,barricade,tree,0.332,NoSCAM_img_0569,/external-cache/fse_typographic_20260926/external/SCAM/images.zip,images/train/NoSCAM_img_0569.jpg,NoSCAM,img_0569,0.19152742624282837,0.1256854087114334,0.06584201753139496,True,False
NoSCAM_img_0570.jpg,NoSCAM,coat,lemon,0.61,NoSCAM_img_0570,/external-cache/fse_typographic_20260926/external/SCAM/images.zip,images/train/NoSCAM_img_0570.jpg,NoSCAM,img_0570,0.18638485670089722,0.13932769000530243,0.04705716669559479,True,True
NoSCAM_img_0571.jpg,NoSCAM,pants,mountain,0.352,NoSCAM_img_0571,/external-cache/fse_typographic_20260926/external/SCAM/images.zip,images/train/NoSCAM_img_0571.jpg,NoSCAM,img_0571,0.1732075810432434,0.10360284149646759,0.06960473954677582,True,True
NoSCAM_img_0572.jpg,NoSCAM,hanger,truck,1.088,NoSCAM_img_0572,/external-cache/fse_typographic_20260926/external/SCAM/images.zip,images/train/NoSCAM_img_0572.jpg,NoSCAM,img_0572,0.2152511179447174,0.13345351815223694,0.08179759979248047,True,False
NoSCAM_img_0573.jpg,NoSCAM,armchair,lemon,0.223,NoSCAM_img_0573,/external-cache/fse_typographic_20260926/external/SCAM/images.zip,images/train/NoSCAM_img_0573.jpg,NoSCAM,img_0573,0.22412317991256714,0.16459007561206818,0.05953310430049896,True,False
NoSCAM_img_0574.jpg,NoSCAM,pine cone,lemon,9.364,NoSCAM_img_0574,/external-cache/fse_typographic_20260926/external/SCAM/images.zip,images/train/NoSCAM_img_0574.jpg,NoSCAM,img_0574,0.16063721477985382,0.13874158263206482,0.021895632147789,True,False
NoSCAM_img_0575.jpg,NoSCAM,hand brush and dustpan,rock,2.801,NoSCAM_img_0575,/external-cache/fse_typographic_20260926/external/SCAM/images.zip,images/train/NoSCAM_img_0575.jpg,NoSCAM,img_0575,0.18384815752506256,0.08461835980415344,0.09922979772090912,True,True
NoSCAM_img_0576.jpg,NoSCAM,spray bottle,tree,3.828,NoSCAM_img_0576,/external-cache/fse_typographic_20260926/external/SCAM/images.zip,images/train/NoSCAM_img_0576.jpg,NoSCAM,img_0576,0.15718212723731995,0.1077098399400711,0.04947228729724884,True,False
NoSCAM_img_0577.jpg,NoSCAM,basket,truck,4.822,NoSCAM_img_0577,/external-cache/fse_typographic_20260926/external/SCAM/images.zip,images/train/NoSCAM_img_0577.jpg,NoSCAM,img_0577,0.1468210518360138,0.10187656432390213,0.044944487512111664,True,False
NoSCAM_img_0578.jpg,NoSCAM,sweeper,lemon,1.45,NoSCAM_img_0578,/external-cache/fse_typographic_20260926/external/SCAM/images.zip,images/train/NoSCAM_img_0578.jpg,NoSCAM,img_0578,0.1862136721611023,0.12726753950119019,0.05894613265991211,True,False
NoSCAM_img_0579.jpg,NoSCAM,rolling pin,lemon,1.429,NoSCAM_img_0579,/external-cache/fse_typographic_20260926/external/SCAM/images.zip,images/train/NoSCAM_img_0579.jpg,NoSCAM,img_0579,0.2129015028476715,0.13646523654460907,0.07643626630306244,True,True
NoSCAM_img_0580.jpg,NoSCAM,lantern,rock,1.352,NoSCAM_img_0580,/external-cache/fse_typographic_20260926/external/SCAM/images.zip,images/train/NoSCAM_img_0580.jpg,NoSCAM,img_0580,0.15387314558029175,0.10397025942802429,0.049902886152267456,True,False
NoSCAM_img_0581.jpg,NoSCAM,tin box,rock,4.833,NoSCAM_img_0581,/external-cache/fse_typographic_20260926/external/SCAM/images.zip,images/train/NoSCAM_img_0581.jpg,NoSCAM,img_0581,0.19592756032943726,0.12765780091285706,0.0682697594165802,True,False
NoSCAM_img_0582.jpg,NoSCAM,jar,ocean,5.317,NoSCAM_img_0582,/external-cache/fse_typographic_20260926/external/SCAM/images.zip,images/train/NoSCAM_img_0582.jpg,NoSCAM,img_0582,0.23450368642807007,0.15890687704086304,0.07559680938720703,True,True
NoSCAM_img_0583.jpg,NoSCAM,candy cane,lemon,4.041,NoSCAM_img_0583,/external-cache/fse_typographic_20260926/external/SCAM/images.zip,images/train/NoSCAM_img_0583.jpg,NoSCAM,img_0583,0.23249322175979614,0.2030072808265686,0.02948594093322754,True,True
NoSCAM_img_0584.jpg,NoSCAM,tea pot,desk,4.302,NoSCAM_img_0584,/external-cache/fse_typographic_20260926/external/SCAM/images.zip,images/train/NoSCAM_img_0584.jpg,NoSCAM,img_0584,0.2327486127614975,0.1309318244457245,0.10181678831577301,True,True
NoSCAM_img_0585.jpg,NoSCAM,basket,chicken,1.638,NoSCAM_img_0585,/external-cache/fse_typographic_20260926/external/SCAM/images.zip,images/train/NoSCAM_img_0585.jpg,NoSCAM,img_0585,0.1974649429321289,0.13361093401908875,0.06385400891304016,True,False
NoSCAM_img_0586.jpg,NoSCAM,flower pot,fire,3.765,NoSCAM_img_0586,/external-cache/fse_typographic_20260926/external/SCAM/images.zip,images/train/NoSCAM_img_0586.jpg,NoSCAM,img_0586,0.19049739837646484,0.15377984941005707,0.036717548966407776,True,False
NoSCAM_img_0587.jpg,NoSCAM,candle,lemon,6.503,NoSCAM_img_0587,/external-cache/fse_typographic_20260926/external/SCAM/images.zip,images/train/NoSCAM_img_0587.jpg,NoSCAM,img_0587,0.22650131583213806,0.15725120902061462,0.06925010681152344,True,False
NoSCAM_img_0588.jpg,NoSCAM,blanket,ocean,4.576,NoSCAM_img_0588,/external-cache/fse_typographic_20260926/external/SCAM/images.zip,images/train/NoSCAM_img_0588.jpg,NoSCAM,img_0588,0.1852390617132187,0.1528051793575287,0.03243388235569,True,False
NoSCAM_img_0589.jpg,NoSCAM,suitcase,tree,1.486,NoSCAM_img_0589,/external-cache/fse_typographic_20260926/external/SCAM/images.zip,images/train/NoSCAM_img_0589.jpg,NoSCAM,img_0589,0.21317312121391296,0.17355038225650787,0.03962273895740509,True,False
NoSCAM_img_0590.jpg,NoSCAM,cauldron,hat,4.484,NoSCAM_img_0590,/external-cache/fse_typographic_20260926/external/SCAM/images.zip,images/train/NoSCAM_img_0590.jpg,NoSCAM,img_0590,0.10911460220813751,0.08390438556671143,0.025210216641426086,True,False
NoSCAM_img_0591.jpg,NoSCAM,microwave,helmet,1.399,NoSCAM_img_0591,/external-cache/fse_typographic_20260926/external/SCAM/images.zip,images/train/NoSCAM_img_0591.jpg,NoSCAM,img_0591,0.21454766392707825,0.12238748371601105,0.0921601802110672,True,True
NoSCAM_img_0592.jpg,NoSCAM,noodle cooker,honey,3.68,NoSCAM_img_0592,/external-cache/fse_typographic_20260926/external/SCAM/images.zip,images/train/NoSCAM_img_0592.jpg,NoSCAM,img_0592,0.1263183206319809,0.10946296155452728,0.016855359077453613,True,False
NoSCAM_img_0593.jpg,NoSCAM,contact grill,horn,2.043,NoSCAM_img_0593,/external-cache/fse_typographic_20260926/external/SCAM/images.zip,images/train/NoSCAM_img_0593.jpg,NoSCAM,img_0593,0.13969716429710388,0.09259110689163208,0.0471060574054718,True,False
NoSCAM_img_0594.jpg,NoSCAM,pizza peel,ice,0.883,NoSCAM_img_0594,/external-cache/fse_typographic_20260926/external/SCAM/images.zip,images/train/NoSCAM_img_0594.jpg,NoSCAM,img_0594,0.11345693469047546,0.08524896949529648,0.028207965195178986,True,False
NoSCAM_img_0595.jpg,NoSCAM,silverware box,jar,3.279,NoSCAM_img_0595,/external-cache/fse_typographic_20260926/external/SCAM/images.zip,images/train/NoSCAM_img_0595.jpg,NoSCAM,img_0595,0.17326876521110535,0.13664385676383972,0.036624908447265625,True,False
NoSCAM_img_0596.jpg,NoSCAM,pot,jeep,2.491,NoSCAM_img_0596,/external-cache/fse_typographic_20260926/external/SCAM/images.zip,images/train/NoSCAM_img_0596.jpg,NoSCAM,img_0596,0.1646280437707901,0.08338695764541626,0.08124108612537384,True,False
NoSCAM_img_0597.jpg,NoSCAM,tee box,key,6.939,NoSCAM_img_0597,/external-cache/fse_typographic_20260926/external/SCAM/images.zip,images/train/NoSCAM_img_0597.jpg,NoSCAM,img_0597,0.1671706736087799,0.13852736353874207,0.028643310070037842,True,False
NoSCAM_img_0598.jpg,NoSCAM,board,knife,3.446,NoSCAM_img_0598,/external-cache/fse_typographic_20260926/external/SCAM/images.zip,images/train/NoSCAM_img_0598.jpg,NoSCAM,img_0598,0.16120967268943787,0.1694852113723755,-0.008275538682937622,False,False
NoSCAM_img_0599.jpg,NoSCAM,blackboard,ladder,0.544,NoSCAM_img_0599,/external-cache/fse_typographic_20260926/external/SCAM/images.zip,images/train/NoSCAM_img_0599.jpg,NoSCAM,img_0599,0.17637425661087036,0.17746318876743317,-0.0010889321565628052,False,False
NoSCAM_img_0600.jpg,NoSCAM,sign,leaf,2.316,NoSCAM_img_0600,/external-cache/fse_typographic_20260926/external/SCAM/images.zip,images/train/NoSCAM_img_0600.jpg,NoSCAM,img_0600,0.20830689370632172,0.1769644170999527,0.03134247660636902,True,False
NoSCAM_img_0601.jpg,NoSCAM,plastic cups,lemon,4.043,NoSCAM_img_0601,/external-cache/fse_typographic_20260926/external/SCAM/images.zip,images/train/NoSCAM_img_0601.jpg,NoSCAM,img_0601,0.1667807549238205,0.08066298067569733,0.08611777424812317,True,True
NoSCAM_img_0602.jpg,NoSCAM,sign,lightbulb,6.59,NoSCAM_img_0602,/external-cache/fse_typographic_20260926/external/SCAM/images.zip,images/train/NoSCAM_img_0602.jpg,NoSCAM,img_0602,0.14899975061416626,0.12960737943649292,0.01939237117767334,True,False
NoSCAM_img_0603.jpg,NoSCAM,glass,lion,6.375,NoSCAM_img_0603,/external-cache/fse_typographic_20260926/external/SCAM/images.zip,images/train/NoSCAM_img_0603.jpg,NoSCAM,img_0603,0.1463431417942047,0.07505673170089722,0.0712864100933075,True,False
NoSCAM_img_0604.jpg,NoSCAM,straw,lipstick,7.798,NoSCAM_img_0604,/external-cache/fse_typographic_20260926/external/SCAM/images.zip,images/train/NoSCAM_img_0604.jpg,NoSCAM,img_0604,0.12766975164413452,0.1147545725107193,0.012915179133415222,True,False
NoSCAM_img_0605.jpg,NoSCAM,diapers,lock,2.799,NoSCAM_img_0605,/external-cache/fse_typographic_20260926/external/SCAM/images.zip,images/train/NoSCAM_img_0605.jpg,NoSCAM,img_0605,0.1912286877632141,0.10041644424200058,0.09081224352121353,True,True
NoSCAM_img_0606.jpg,NoSCAM,condoms,screw,12.945,NoSCAM_img_0606,/external-cache/fse_typographic_20260926/external/SCAM/images.zip,images/train/NoSCAM_img_0606.jpg,NoSCAM,img_0606,0.20475533604621887,0.11855588108301163,0.08619945496320724,True,True
NoSCAM_img_0607.jpg,NoSCAM,condom,screwdriver,17.748,NoSCAM_img_0607,/external-cache/fse_typographic_20260926/external/SCAM/images.zip,images/train/NoSCAM_img_0607.jpg,NoSCAM,img_0607,0.14880788326263428,0.10761778056621552,0.04119010269641876,True,False
NoSCAM_img_0608.jpg,NoSCAM,roller,transistor,12.766,NoSCAM_img_0608,/external-cache/fse_typographic_20260926/external/SCAM/images.zip,images/train/NoSCAM_img_0608.jpg,NoSCAM,img_0608,0.10236284136772156,0.13711360096931458,-0.03475075960159302,False,False
NoSCAM_img_0609.jpg,NoSCAM,condom,sandwich,12.679,NoSCAM_img_0609,/external-cache/fse_typographic_20260926/external/SCAM/images.zip,images/train/NoSCAM_img_0609.jpg,NoSCAM,img_0609,0.22516953945159912,0.17475490272045135,0.050414636731147766,True,False
NoSCAM_img_0610.jpg,NoSCAM,shampoo,mirror,10.518,NoSCAM_img_0610,/external-cache/fse_typographic_20260926/external/SCAM/images.zip,images/train/NoSCAM_img_0610.jpg,NoSCAM,img_0610,0.2019379884004593,0.1206149011850357,0.08132308721542358,True,True
NoSCAM_img_0611.jpg,NoSCAM,ear plugs,hat,13.271,NoSCAM_img_0611,/external-cache/fse_typographic_20260926/external/SCAM/images.zip,images/train/NoSCAM_img_0611.jpg,NoSCAM,img_0611,0.17263659834861755,0.12779535353183746,0.04484124481678009,True,False
NoSCAM_img_0612.jpg,NoSCAM,paper towels,helmet,2.3,NoSCAM_img_0612,/external-cache/fse_typographic_20260926/external/SCAM/images.zip,images/train/NoSCAM_img_0612.jpg,NoSCAM,img_0612,0.1689126193523407,0.0857795923948288,0.0831330269575119,True,False
NoSCAM_img_0613.jpg,NoSCAM,paper towel,honey,8.368,NoSCAM_img_0613,/external-cache/fse_typographic_20260926/external/SCAM/images.zip,images/train/NoSCAM_img_0613.jpg,NoSCAM,img_0613,0.18861739337444305,0.14371773600578308,0.04489965736865997,True,False
NoSCAM_img_0614.jpg,NoSCAM,soap,horn,3.865,NoSCAM_img_0614,/external-cache/fse_typographic_20260926/external/SCAM/images.zip,images/train/NoSCAM_img_0614.jpg,NoSCAM,img_0614,0.20467469096183777,0.13602478802204132,0.06864990293979645,True,False
NoSCAM_img_0615.jpg,NoSCAM,menstrual pads,house,4.241,NoSCAM_img_0615,/external-cache/fse_typographic_20260926/external/SCAM/images.zip,images/train/NoSCAM_img_0615.jpg,NoSCAM,img_0615,0.17417427897453308,0.09719361364841461,0.07698066532611847,True,False
NoSCAM_img_0616.jpg,NoSCAM,plunger,ice,3.645,NoSCAM_img_0616,/external-cache/fse_typographic_20260926/external/SCAM/images.zip,images/train/NoSCAM_img_0616.jpg,NoSCAM,img_0616,0.2206350862979889,0.11000321060419083,0.11063187569379807,True,True
NoSCAM_img_0617.jpg,NoSCAM,bucket,iron,2.636,NoSCAM_img_0617,/external-cache/fse_typographic_20260926/external/SCAM/images.zip,images/train/NoSCAM_img_0617.jpg,NoSCAM,img_0617,0.1934725046157837,0.14240458607673645,0.05106791853904724,True,False
NoSCAM_img_0618.jpg,NoSCAM,bucket,jar,5.391,NoSCAM_img_0618,/external-cache/fse_typographic_20260926/external/SCAM/images.zip,images/train/NoSCAM_img_0618.jpg,NoSCAM,img_0618,0.1995556652545929,0.17578794062137604,0.023767724633216858,True,False
NoSCAM_img_0619.jpg,NoSCAM,trash can,jeep,2.835,NoSCAM_img_0619,/external-cache/fse_typographic_20260926/external/SCAM/images.zip,images/train/NoSCAM_img_0619.jpg,NoSCAM,img_0619,0.14774346351623535,0.06302887946367264,0.08471458405256271,True,False
NoSCAM_img_0620.jpg,NoSCAM,trash can,key,4.588,NoSCAM_img_0620,/external-cache/fse_typographic_20260926/external/SCAM/images.zip,images/train/NoSCAM_img_0620.jpg,NoSCAM,img_0620,0.17602017521858215,0.09943835437297821,0.07658182084560394,True,False
NoSCAM_img_0621.jpg,NoSCAM,lid,knife,15.042,NoSCAM_img_0621,/external-cache/fse_typographic_20260926/external/SCAM/images.zip,images/train/NoSCAM_img_0621.jpg,NoSCAM,img_0621,0.18265452980995178,0.13458943367004395,0.04806509613990784,True,False
NoSCAM_img_0622.jpg,NoSCAM,step bin,ladder,3.238,NoSCAM_img_0622,/external-cache/fse_typographic_20260926/external/SCAM/images.zip,images/train/NoSCAM_img_0622.jpg,NoSCAM,img_0622,0.1138630285859108,0.06270027160644531,0.051162756979465485,True,False
NoSCAM_img_0623.jpg,NoSCAM,trash bag,lamp,7.496,NoSCAM_img_0623,/external-cache/fse_typographic_20260926/external/SCAM/images.zip,images/train/NoSCAM_img_0623.jpg,NoSCAM,img_0623,0.14903005957603455,0.11214916408061981,0.036880895495414734,True,False
NoSCAM_img_0624.jpg,NoSCAM,detergent,leaf,8.338,NoSCAM_img_0624,/external-cache/fse_typographic_20260926/external/SCAM/images.zip,images/train/NoSCAM_img_0624.jpg,NoSCAM,img_0624,0.17583763599395752,0.13059483468532562,0.0452428013086319,True,False
NoSCAM_img_0625.jpg,NoSCAM,detergent,lemon,7.695,NoSCAM_img_0625,/external-cache/fse_typographic_20260926/external/SCAM/images.zip,images/train/NoSCAM_img_0625.jpg,NoSCAM,img_0625,0.1722087264060974,0.09869617223739624,0.07351255416870117,True,False
NoSCAM_img_0626.jpg,NoSCAM,detergent powder,lightbulb,2.035,NoSCAM_img_0626,/external-cache/fse_typographic_20260926/external/SCAM/images.zip,images/train/NoSCAM_img_0626.jpg,NoSCAM,img_0626,0.18318277597427368,0.09283020347356796,0.09035257250070572,True,True
NoSCAM_img_0627.jpg,NoSCAM,spray can,lion,5.456,NoSCAM_img_0627,/external-cache/fse_typographic_20260926/external/SCAM/images.zip,images/train/NoSCAM_img_0627.jpg,NoSCAM,img_0627,0.14019133150577545,0.07777813822031021,0.06241319328546524,True,False
NoSCAM_img_0628.jpg,NoSCAM,window cleaner,lipstick,8.722,NoSCAM_img_0628,/external-cache/fse_typographic_20260926/external/SCAM/images.zip,images/train/NoSCAM_img_0628.jpg,NoSCAM,img_0628,0.08705437928438187,0.0800633430480957,0.006991036236286163,True,False
NoSCAM_img_0629.jpg,NoSCAM,dishwasher tablets,lock,4.429,NoSCAM_img_0629,/external-cache/fse_typographic_20260926/external/SCAM/images.zip,images/train/NoSCAM_img_0629.jpg,NoSCAM,img_0629,0.1271047443151474,0.08468664437532425,0.04241809993982315,True,False
NoSCAM_img_0630.jpg,NoSCAM,bottle crate,screw,4.987,NoSCAM_img_0630,/external-cache/fse_typographic_20260926/external/SCAM/images.zip,images/train/NoSCAM_img_0630.jpg,NoSCAM,img_0630,0.19721217453479767,0.12917079031467438,0.06804138422012329,True,False
NoSCAM_img_0631.jpg,NoSCAM,mulled wine,screwdriver,5.21,NoSCAM_img_0631,/external-cache/fse_typographic_20260926/external/SCAM/images.zip,images/train/NoSCAM_img_0631.jpg,NoSCAM,img_0631,0.20455244183540344,0.12140774726867676,0.08314469456672668,True,True
NoSCAM_img_0632.jpg,NoSCAM,bottle,transistor,4.532,NoSCAM_img_0632,/external-cache/fse_typographic_20260926/external/SCAM/images.zip,images/train/NoSCAM_img_0632.jpg,NoSCAM,img_0632,0.17366448044776917,0.12377934157848358,0.049885138869285583,True,False
NoSCAM_img_0633.jpg,NoSCAM,bottle opener,sandwich,6.757,NoSCAM_img_0633,/external-cache/fse_typographic_20260926/external/SCAM/images.zip,images/train/NoSCAM_img_0633.jpg,NoSCAM,img_0633,0.18913134932518005,0.15241318941116333,0.036718159914016724,True,False
NoSCAM_img_0634.jpg,NoSCAM,stamp,mirror,5.083,NoSCAM_img_0634,/external-cache/fse_typographic_20260926/external/SCAM/images.zip,images/train/NoSCAM_img_0634.jpg,NoSCAM,img_0634,0.17185725271701813,0.1527593433856964,0.019097909331321716,True,False
NoSCAM_img_0635.jpg,NoSCAM,spout,hat,16.441,NoSCAM_img_0635,/external-cache/fse_typographic_20260926/external/SCAM/images.zip,images/train/NoSCAM_img_0635.jpg,NoSCAM,img_0635,0.11506123840808868,0.08475084602832794,0.030310392379760742,True,False
NoSCAM_img_0636.jpg,NoSCAM,spout,helmet,8.412,NoSCAM_img_0636,/external-cache/fse_typographic_20260926/external/SCAM/images.zip,images/train/NoSCAM_img_0636.jpg,NoSCAM,img_0636,0.16028697788715363,0.16006773710250854,0.00021924078464508057,True,False
NoSCAM_img_0637.jpg,NoSCAM,spout,honey,7.993,NoSCAM_img_0637,/external-cache/fse_typographic_20260926/external/SCAM/images.zip,images/train/NoSCAM_img_0637.jpg,NoSCAM,img_0637,0.15179118514060974,0.1429702639579773,0.008820921182632446,True,False
NoSCAM_img_0638.jpg,NoSCAM,cleaner,horn,12.641,NoSCAM_img_0638,/external-cache/fse_typographic_20260926/external/SCAM/images.zip,images/train/NoSCAM_img_0638.jpg,NoSCAM,img_0638,0.2087840586900711,0.13705088198184967,0.07173317670822144,True,False
NoSCAM_img_0639.jpg,NoSCAM,high visibility jacket,house,8.258,NoSCAM_img_0639,/external-cache/fse_typographic_20260926/external/SCAM/images.zip,images/train/NoSCAM_img_0639.jpg,NoSCAM,img_0639,0.23189467191696167,0.14082571864128113,0.09106895327568054,True,True
NoSCAM_img_0640.jpg,NoSCAM,canister,ice,3.388,NoSCAM_img_0640,/external-cache/fse_typographic_20260926/external/SCAM/images.zip,images/train/NoSCAM_img_0640.jpg,NoSCAM,img_0640,0.13078953325748444,0.09643502533435822,0.03435450792312622,True,False
NoSCAM_img_0641.jpg,NoSCAM,canister,iron,10.143,NoSCAM_img_0641,/external-cache/fse_typographic_20260926/external/SCAM/images.zip,images/train/NoSCAM_img_0641.jpg,NoSCAM,img_0641,0.19809427857398987,0.12425696849822998,0.07383731007575989,True,True
NoSCAM_img_0642.jpg,NoSCAM,canister,jar,7.487,NoSCAM_img_0642,/external-cache/fse_typographic_20260926/external/SCAM/images.zip,images/train/NoSCAM_img_0642.jpg,NoSCAM,img_0642,0.17657776176929474,0.15884849429130554,0.017729267477989197,True,False
NoSCAM_img_0643.jpg,NoSCAM,canister,jeep,6.124,NoSCAM_img_0643,/external-cache/fse_typographic_20260926/external/SCAM/images.zip,images/train/NoSCAM_img_0643.jpg,NoSCAM,img_0643,0.17969268560409546,0.1164744421839714,0.06321824342012405,True,False
NoSCAM_img_0644.jpg,NoSCAM,blanket,key,1.94,NoSCAM_img_0644,/external-cache/fse_typographic_20260926/external/SCAM/images.zip,images/train/NoSCAM_img_0644.jpg,NoSCAM,img_0644,0.1650543510913849,0.0971907377243042,0.06786361336708069,True,False
NoSCAM_img_0645.jpg,NoSCAM,pillow,knife,2.391,NoSCAM_img_0645,/external-cache/fse_typographic_20260926/external/SCAM/images.zip,images/train/NoSCAM_img_0645.jpg,NoSCAM,img_0645,0.18254859745502472,0.15743497014045715,0.025113627314567566,True,False
NoSCAM_img_0646.jpg,NoSCAM,blanket,ladder,5.043,NoSCAM_img_0646,/external-cache/fse_typographic_20260926/external/SCAM/images.zip,images/train/NoSCAM_img_0646.jpg,NoSCAM,img_0646,0.21571514010429382,0.1920451819896698,0.023669958114624023,True,False
NoSCAM_img_0647.jpg,NoSCAM,blanket,lamp,4.264,NoSCAM_img_0647,/external-cache/fse_typographic_20260926/external/SCAM/images.zip,images/train/NoSCAM_img_0647.jpg,NoSCAM,img_0647,0.20105110108852386,0.1517239362001419,0.04932716488838196,True,False
NoSCAM_img_0648.jpg,NoSCAM,napkin,leaf,6.46,NoSCAM_img_0648,/external-cache/fse_typographic_20260926/external/SCAM/images.zip,images/train/NoSCAM_img_0648.jpg,NoSCAM,img_0648,0.20233577489852905,0.19778048992156982,0.0045552849769592285,True,False
NoSCAM_img_0649.jpg,NoSCAM,towel,lemon,5.396,NoSCAM_img_0649,/external-cache/fse_typographic_20260926/external/SCAM/images.zip,images/train/NoSCAM_img_0649.jpg,NoSCAM,img_0649,0.2322506606578827,0.18508240580558777,0.04716825485229492,True,False
NoSCAM_img_0650.jpg,NoSCAM,box,lion,17.516,NoSCAM_img_0650,/external-cache/fse_typographic_20260926/external/SCAM/images.zip,images/train/NoSCAM_img_0650.jpg,NoSCAM,img_0650,0.19765706360340118,0.12028424441814423,0.07737281918525696,True,False
NoSCAM_img_0651.jpg,NoSCAM,cable,lipstick,13.756,NoSCAM_img_0651,/external-cache/fse_typographic_20260926/external/SCAM/images.zip,images/train/NoSCAM_img_0651.jpg,NoSCAM,img_0651,0.21477314829826355,0.14472727477550507,0.07004587352275848,True,False
NoSCAM_img_0652.jpg,NoSCAM,cable,lock,12.622,NoSCAM_img_0652,/external-cache/fse_typographic_20260926/external/SCAM/images.zip,images/train/NoSCAM_img_0652.jpg,NoSCAM,img_0652,0.2147161364555359,0.14943578839302063,0.06528034806251526,True,False
NoSCAM_img_0653.jpg,NoSCAM,cable,screw,9.819,NoSCAM_img_0653,/external-cache/fse_typographic_20260926/external/SCAM/images.zip,images/train/NoSCAM_img_0653.jpg,NoSCAM,img_0653,0.22534871101379395,0.1787947714328766,0.04655393958091736,True,False
NoSCAM_img_0654.jpg,NoSCAM,adapter,screwdriver,17.405,NoSCAM_img_0654,/external-cache/fse_typographic_20260926/external/SCAM/images.zip,images/train/NoSCAM_img_0654.jpg,NoSCAM,img_0654,0.18770147860050201,0.16875523328781128,0.018946245312690735,True,False
NoSCAM_img_0655.jpg,NoSCAM,radio,transistor,2.074,NoSCAM_img_0655,/external-cache/fse_typographic_20260926/external/SCAM/images.zip,images/train/NoSCAM_img_0655.jpg,NoSCAM,img_0655,0.19638189673423767,0.18359041213989258,0.012791484594345093,True,False
NoSCAM_img_0656.jpg,NoSCAM,speaker,sandwich,7.317,NoSCAM_img_0656,/external-cache/fse_typographic_20260926/external/SCAM/images.zip,images/train/NoSCAM_img_0656.jpg,NoSCAM,img_0656,0.21504059433937073,0.1362800896167755,0.07876050472259521,True,False
NoSCAM_img_0657.jpg,NoSCAM,safe,mirror,4.808,NoSCAM_img_0657,/external-cache/fse_typographic_20260926/external/SCAM/images.zip,images/train/NoSCAM_img_0657.jpg,NoSCAM,img_0657,0.2192423939704895,0.1276969611644745,0.09154543280601501,True,True
NoSCAM_img_0658.jpg,NoSCAM,safe,hat,7.219,NoSCAM_img_0658,/external-cache/fse_typographic_20260926/external/SCAM/images.zip,images/train/NoSCAM_img_0658.jpg,NoSCAM,img_0658,0.23259024322032928,0.12056811153888702,0.11202213168144226,True,True
NoSCAM_img_0659.jpg,NoSCAM,safe,helmet,10.342,NoSCAM_img_0659,/external-cache/fse_typographic_20260926/external/SCAM/images.zip,images/train/NoSCAM_img_0659.jpg,NoSCAM,img_0659,0.21265006065368652,0.14831355214118958,0.06433650851249695,True,False
NoSCAM_img_0660.jpg,NoSCAM,safe,honey,5.242,NoSCAM_img_0660,/external-cache/fse_typographic_20260926/external/SCAM/images.zip,images/train/NoSCAM_img_0660.jpg,NoSCAM,img_0660,0.20719817280769348,0.16648106276988983,0.04071711003780365,True,False
NoSCAM_img_0661.jpg,NoSCAM,fire extinguisher,horn,10.998,NoSCAM_img_0661,/external-cache/fse_typographic_20260926/external/SCAM/images.zip,images/train/NoSCAM_img_0661.jpg,NoSCAM,img_0661,0.2171763777732849,0.10428951680660248,0.11288686096668243,True,True
NoSCAM_img_0662.jpg,NoSCAM,wildlife camera,house,8.67,NoSCAM_img_0662,/external-cache/fse_typographic_20260926/external/SCAM/images.zip,images/train/NoSCAM_img_0662.jpg,NoSCAM,img_0662,0.1378222107887268,0.12243179976940155,0.015390411019325256,True,False
NoSCAM_img_0663.jpg,NoSCAM,chair,ice,0.486,NoSCAM_img_0663,/external-cache/fse_typographic_20260926/external/SCAM/images.zip,images/train/NoSCAM_img_0663.jpg,NoSCAM,img_0663,0.2007567584514618,0.1324213445186615,0.06833541393280029,True,False
NoSCAM_img_0664.jpg,NoSCAM,chair,iron,1.12,NoSCAM_img_0664,/external-cache/fse_typographic_20260926/external/SCAM/images.zip,images/train/NoSCAM_img_0664.jpg,NoSCAM,img_0664,0.23481839895248413,0.17347833514213562,0.06134006381034851,True,False
NoSCAM_img_0665.jpg,NoSCAM,table,jar,1.082,NoSCAM_img_0665,/external-cache/fse_typographic_20260926/external/SCAM/images.zip,images/train/NoSCAM_img_0665.jpg,NoSCAM,img_0665,0.2214704155921936,0.17219360172748566,0.04927681386470795,True,False
NoSCAM_img_0666.jpg,NoSCAM,coin counter,jeep,4.365,NoSCAM_img_0666,/external-cache/fse_typographic_20260926/external/SCAM/images.zip,images/train/NoSCAM_img_0666.jpg,NoSCAM,img_0666,0.15883412957191467,0.08717305958271027,0.0716610699892044,True,False
NoSCAM_img_0667.jpg,NoSCAM,terminal,key,11.92,NoSCAM_img_0667,/external-cache/fse_typographic_20260926/external/SCAM/images.zip,images/train/NoSCAM_img_0667.jpg,NoSCAM,img_0667,0.20460399985313416,0.16641902923583984,0.03818497061729431,True,False
NoSCAM_img_0668.jpg,NoSCAM,counter,knife,8.085,NoSCAM_img_0668,/external-cache/fse_typographic_20260926/external/SCAM/images.zip,images/train/NoSCAM_img_0668.jpg,NoSCAM,img_0668,0.1990516483783722,0.15898317098617554,0.040068477392196655,True,False
NoSCAM_img_0669.jpg,NoSCAM,cash register,ladder,2.427,NoSCAM_img_0669,/external-cache/fse_typographic_20260926/external/SCAM/images.zip,images/train/NoSCAM_img_0669.jpg,NoSCAM,img_0669,0.2460540235042572,0.15260502696037292,0.09344899654388428,True,True
NoSCAM_img_0670.jpg,NoSCAM,cash register,lamp,4.682,NoSCAM_img_0670,/external-cache/fse_typographic_20260926/external/SCAM/images.zip,images/train/NoSCAM_img_0670.jpg,NoSCAM,img_0670,0.1807050257921219,0.09673191606998444,0.08397310972213745,True,True
NoSCAM_img_0671.jpg,NoSCAM,calculator,leaf,10.975,NoSCAM_img_0671,/external-cache/fse_typographic_20260926/external/SCAM/images.zip,images/train/NoSCAM_img_0671.jpg,NoSCAM,img_0671,0.20981673896312714,0.12858104705810547,0.08123569190502167,True,False
NoSCAM_img_0672.jpg,NoSCAM,printer,lemon,2.291,NoSCAM_img_0672,/external-cache/fse_typographic_20260926/external/SCAM/images.zip,images/train/NoSCAM_img_0672.jpg,NoSCAM,img_0672,0.15952830016613007,0.08928321301937103,0.07024508714675903,True,True
NoSCAM_img_0673.jpg,NoSCAM,printer,lightbulb,3.477,NoSCAM_img_0673,/external-cache/fse_typographic_20260926/external/SCAM/images.zip,images/train/NoSCAM_img_0673.jpg,NoSCAM,img_0673,0.23093561828136444,0.17285755276679993,0.058078065514564514,True,True
NoSCAM_img_0674.jpg,NoSCAM,printer,lion,2.582,NoSCAM_img_0674,/external-cache/fse_typographic_20260926/external/SCAM/images.zip,images/train/NoSCAM_img_0674.jpg,NoSCAM,img_0674,0.1969527304172516,0.12559229135513306,0.07136043906211853,True,True
NoSCAM_img_0675.jpg,NoSCAM,phone,lipstick,8.189,NoSCAM_img_0675,/external-cache/fse_typographic_20260926/external/SCAM/images.zip,images/train/NoSCAM_img_0675.jpg,NoSCAM,img_0675,0.1929018497467041,0.1262669414281845,0.06663490831851959,True,True
NoSCAM_img_0676.jpg,NoSCAM,phone,lock,8.335,NoSCAM_img_0676,/external-cache/fse_typographic_20260926/external/SCAM/images.zip,images/train/NoSCAM_img_0676.jpg,NoSCAM,img_0676,0.19498907029628754,0.12056191265583038,0.07442715764045715,True,False
NoSCAM_img_0677.jpg,NoSCAM,phone,screw,9.453,NoSCAM_img_0677,/external-cache/fse_typographic_20260926/external/SCAM/images.zip,images/train/NoSCAM_img_0677.jpg,NoSCAM,img_0677,0.20650076866149902,0.14294907450675964,0.06355169415473938,True,False
NoSCAM_img_0678.jpg,NoSCAM,folder,screwdriver,5.776,NoSCAM_img_0678,/external-cache/fse_typographic_20260926/external/SCAM/images.zip,images/train/NoSCAM_img_0678.jpg,NoSCAM,img_0678,0.191213920712471,0.13014179468154907,0.061072126030921936,True,False
NoSCAM_img_0679.jpg,NoSCAM,folder,transistor,5.048,NoSCAM_img_0679,/external-cache/fse_typographic_20260926/external/SCAM/images.zip,images/train/NoSCAM_img_0679.jpg,NoSCAM,img_0679,0.1921769082546234,0.14032495021820068,0.05185195803642273,True,False
NoSCAM_img_0680.jpg,NoSCAM,post-its,sandwich,4.844,NoSCAM_img_0680,/external-cache/fse_typographic_20260926/external/SCAM/images.zip,images/train/NoSCAM_img_0680.jpg,NoSCAM,img_0680,0.20047496259212494,0.14250996708869934,0.0579649955034256,True,True
NoSCAM_img_0681.jpg,NoSCAM,notebook,mirror,6.432,NoSCAM_img_0681,/external-cache/fse_typographic_20260926/external/SCAM/images.zip,images/train/NoSCAM_img_0681.jpg,NoSCAM,img_0681,0.17579986155033112,0.15937918424606323,0.016420677304267883,True,False
NoSCAM_img_0682.jpg,NoSCAM,clipboard,hat,6.921,NoSCAM_img_0682,/external-cache/fse_typographic_20260926/external/SCAM/images.zip,images/train/NoSCAM_img_0682.jpg,NoSCAM,img_0682,0.212614968419075,0.15111181139945984,0.06150315701961517,True,False
NoSCAM_img_0683.jpg,NoSCAM,string,helmet,9.426,NoSCAM_img_0683,/external-cache/fse_typographic_20260926/external/SCAM/images.zip,images/train/NoSCAM_img_0683.jpg,NoSCAM,img_0683,0.13046254217624664,0.11140869557857513,0.01905384659767151,True,False
NoSCAM_img_0684.jpg,NoSCAM,organizer,honey,3.863,NoSCAM_img_0684,/external-cache/fse_typographic_20260926/external/SCAM/images.zip,images/train/NoSCAM_img_0684.jpg,NoSCAM,img_0684,0.1439400464296341,0.10137946903705597,0.042560577392578125,True,False
NoSCAM_img_0685.jpg,NoSCAM,grill,horn,0.369,NoSCAM_img_0685,/external-cache/fse_typographic_20260926/external/SCAM/images.zip,images/train/NoSCAM_img_0685.jpg,NoSCAM,img_0685,0.16830942034721375,0.09635548293590546,0.07195393741130829,True,False
NoSCAM_img_0686.jpg,NoSCAM,lollipop,house,9.238,NoSCAM_img_0686,/external-cache/fse_typographic_20260926/external/SCAM/images.zip,images/train/NoSCAM_img_0686.jpg,NoSCAM,img_0686,0.1879582405090332,0.10834892839193344,0.07960931211709976,True,False
NoSCAM_img_0687.jpg,NoSCAM,ufonauts,ice,4.676,NoSCAM_img_0687,/external-cache/fse_typographic_20260926/external/SCAM/images.zip,images/train/NoSCAM_img_0687.jpg,NoSCAM,img_0687,0.16439104080200195,0.15474805235862732,0.009642988443374634,True,False
NoSCAM_img_0688.jpg,NoSCAM,chips,iron,5.939,NoSCAM_img_0688,/external-cache/fse_typographic_20260926/external/SCAM/images.zip,images/train/NoSCAM_img_0688.jpg,NoSCAM,img_0688,0.1938864290714264,0.11846191436052322,0.07542451471090317,True,False
NoSCAM_img_0689.jpg,NoSCAM,watermelon,jar,8.56,NoSCAM_img_0689,/external-cache/fse_typographic_20260926/external/SCAM/images.zip,images/train/NoSCAM_img_0689.jpg,NoSCAM,img_0689,0.20298901200294495,0.13651609420776367,0.06647291779518127,True,True
NoSCAM_img_0690.jpg,NoSCAM,melon,jeep,11.018,NoSCAM_img_0690,/external-cache/fse_typographic_20260926/external/SCAM/images.zip,images/train/NoSCAM_img_0690.jpg,NoSCAM,img_0690,0.19556847214698792,0.10531532019376755,0.09025315195322037,True,False
NoSCAM_img_0691.jpg,NoSCAM,pumpkin,key,16.135,NoSCAM_img_0691,/external-cache/fse_typographic_20260926/external/SCAM/images.zip,images/train/NoSCAM_img_0691.jpg,NoSCAM,img_0691,0.20091986656188965,0.1205836832523346,0.08033618330955505,True,True
NoSCAM_img_0692.jpg,NoSCAM,pair,knife,14.695,NoSCAM_img_0692,/external-cache/fse_typographic_20260926/external/SCAM/images.zip,images/train/NoSCAM_img_0692.jpg,NoSCAM,img_0692,0.12521407008171082,0.12858282029628754,-0.003368750214576721,False,False
NoSCAM_img_0693.jpg,NoSCAM,orange,ladder,11.994,NoSCAM_img_0693,/external-cache/fse_typographic_20260926/external/SCAM/images.zip,images/train/NoSCAM_img_0693.jpg,NoSCAM,img_0693,0.19391587376594543,0.14338132739067078,0.05053454637527466,True,False
NoSCAM_img_0694.jpg,NoSCAM,salad,lamp,8.271,NoSCAM_img_0694,/external-cache/fse_typographic_20260926/external/SCAM/images.zip,images/train/NoSCAM_img_0694.jpg,NoSCAM,img_0694,0.17833925783634186,0.07148639112710953,0.10685286670923233,True,True
NoSCAM_img_0695.jpg,NoSCAM,avocado,leaf,5.197,NoSCAM_img_0695,/external-cache/fse_typographic_20260926/external/SCAM/images.zip,images/train/NoSCAM_img_0695.jpg,NoSCAM,img_0695,0.18604835867881775,0.12453003972768784,0.06151831895112991,True,True
NoSCAM_img_0696.jpg,NoSCAM,paprika,lemon,4.186,NoSCAM_img_0696,/external-cache/fse_typographic_20260926/external/SCAM/images.zip,images/train/NoSCAM_img_0696.jpg,NoSCAM,img_0696,0.16909143328666687,0.1266426146030426,0.04244881868362427,True,False
NoSCAM_img_0697.jpg,NoSCAM,corn,lightbulb,19.298,NoSCAM_img_0697,/external-cache/fse_typographic_20260926/external/SCAM/images.zip,images/train/NoSCAM_img_0697.jpg,NoSCAM,img_0697,0.1882137507200241,0.13043668866157532,0.05777706205844879,True,False
NoSCAM_img_0698.jpg,NoSCAM,fennel,lion,6.4,NoSCAM_img_0698,/external-cache/fse_typographic_20260926/external/SCAM/images.zip,images/train/NoSCAM_img_0698.jpg,NoSCAM,img_0698,0.1991598904132843,0.09968934208154678,0.09947054833173752,True,True
NoSCAM_img_0699.jpg,NoSCAM,mushroom,lipstick,7.879,NoSCAM_img_0699,/external-cache/fse_typographic_20260926/external/SCAM/images.zip,images/train/NoSCAM_img_0699.jpg,NoSCAM,img_0699,0.14436593651771545,0.07017169892787933,0.07419423758983612,True,False
NoSCAM_img_0700.jpg,NoSCAM,mushroom,lock,11.017,NoSCAM_img_0700,/external-cache/fse_typographic_20260926/external/SCAM/images.zip,images/train/NoSCAM_img_0700.jpg,NoSCAM,img_0700,0.16589678823947906,0.10915698856115341,0.05673979967832565,True,False
NoSCAM_img_0701.jpg,NoSCAM,shrimp,screw,16.033,NoSCAM_img_0701,/external-cache/fse_typographic_20260926/external/SCAM/images.zip,images/train/NoSCAM_img_0701.jpg,NoSCAM,img_0701,0.19465626776218414,0.10517464578151703,0.08948162198066711,True,True
NoSCAM_img_0702.jpg,NoSCAM,seafood salad,screwdriver,7.784,NoSCAM_img_0702,/external-cache/fse_typographic_20260926/external/SCAM/images.zip,images/train/NoSCAM_img_0702.jpg,NoSCAM,img_0702,0.1975216269493103,0.08811257034540176,0.10940905660390854,True,True
NoSCAM_img_0703.jpg,NoSCAM,fish,transistor,4.265,NoSCAM_img_0703,/external-cache/fse_typographic_20260926/external/SCAM/images.zip,images/train/NoSCAM_img_0703.jpg,NoSCAM,img_0703,0.1797393262386322,0.10485917329788208,0.07488015294075012,True,False
NoSCAM_img_0704.jpg,NoSCAM,sausage,mirror,13.9,NoSCAM_img_0704,/external-cache/fse_typographic_20260926/external/SCAM/images.zip,images/train/NoSCAM_img_0704.jpg,NoSCAM,img_0704,0.18439769744873047,0.11210978031158447,0.072287917137146,True,False
NoSCAM_img_0705.jpg,NoSCAM,ham,hat,1.556,NoSCAM_img_0705,/external-cache/fse_typographic_20260926/external/SCAM/images.zip,images/train/NoSCAM_img_0705.jpg,NoSCAM,img_0705,0.16419169306755066,0.062318988144397736,0.10187270492315292,True,True
NoSCAM_img_0706.jpg,NoSCAM,sausage,helmet,4.109,NoSCAM_img_0706,/external-cache/fse_typographic_20260926/external/SCAM/images.zip,images/train/NoSCAM_img_0706.jpg,NoSCAM,img_0706,0.18959009647369385,0.07854748517274857,0.11104261130094528,True,False
NoSCAM_img_0707.jpg,NoSCAM,sausage,honey,4.052,NoSCAM_img_0707,/external-cache/fse_typographic_20260926/external/SCAM/images.zip,images/train/NoSCAM_img_0707.jpg,NoSCAM,img_0707,0.21519628167152405,0.1445569396018982,0.07063934206962585,True,False
NoSCAM_img_0708.jpg,NoSCAM,meatball,horn,7.592,NoSCAM_img_0708,/external-cache/fse_typographic_20260926/external/SCAM/images.zip,images/train/NoSCAM_img_0708.jpg,NoSCAM,img_0708,0.14445626735687256,0.07513075321912766,0.0693255141377449,True,False
NoSCAM_img_0709.jpg,NoSCAM,meatball,house,7.177,NoSCAM_img_0709,/external-cache/fse_typographic_20260926/external/SCAM/images.zip,images/train/NoSCAM_img_0709.jpg,NoSCAM,img_0709,0.1629462093114853,0.0914512351155281,0.07149497419595718,True,False
NoSCAM_img_0710.jpg,NoSCAM,bacon bits,ice,7.767,NoSCAM_img_0710,/external-cache/fse_typographic_20260926/external/SCAM/images.zip,images/train/NoSCAM_img_0710.jpg,NoSCAM,img_0710,0.1421596109867096,0.12443192303180695,0.01772768795490265,True,False
NoSCAM_img_0711.jpg,NoSCAM,sausage,iron,6.913,NoSCAM_img_0711,/external-cache/fse_typographic_20260926/external/SCAM/images.zip,images/train/NoSCAM_img_0711.jpg,NoSCAM,img_0711,0.19945290684700012,0.12756624817848206,0.07188665866851807,True,False
NoSCAM_img_0712.jpg,NoSCAM,sausage,jar,7.431,NoSCAM_img_0712,/external-cache/fse_typographic_20260926/external/SCAM/images.zip,images/train/NoSCAM_img_0712.jpg,NoSCAM,img_0712,0.2038932889699936,0.14728014171123505,0.056613147258758545,True,False
NoSCAM_img_0713.jpg,NoSCAM,bucket,jeep,10.423,NoSCAM_img_0713,/external-cache/fse_typographic_20260926/external/SCAM/images.zip,images/train/NoSCAM_img_0713.jpg,NoSCAM,img_0713,0.20263071358203888,0.11309373378753662,0.08953697979450226,True,True
NoSCAM_img_0714.jpg,NoSCAM,potato,key,3.168,NoSCAM_img_0714,/external-cache/fse_typographic_20260926/external/SCAM/images.zip,images/train/NoSCAM_img_0714.jpg,NoSCAM,img_0714,0.15557438135147095,0.1086607575416565,0.04691362380981445,True,False
NoSCAM_img_0715.jpg,NoSCAM,cup,pen,6.504,NoSCAM_img_0715,/external-cache/fse_typographic_20260926/external/SCAM/images.zip,images/train/NoSCAM_img_0715.jpg,NoSCAM,img_0715,0.20971231162548065,0.17533943057060242,0.034372881054878235,True,False
NoSCAM_img_0716.jpg,NoSCAM,spoon,bicycle,12.243,NoSCAM_img_0716,/external-cache/fse_typographic_20260926/external/SCAM/images.zip,images/train/NoSCAM_img_0716.jpg,NoSCAM,img_0716,0.21533098816871643,0.144586980342865,0.07074400782585144,True,True
NoSCAM_img_0717.jpg,NoSCAM,pen,person,14.563,NoSCAM_img_0717,/external-cache/fse_typographic_20260926/external/SCAM/images.zip,images/train/NoSCAM_img_0717.jpg,NoSCAM,img_0717,0.20823612809181213,0.16843929886817932,0.03979682922363281,True,False
NoSCAM_img_0718.jpg,NoSCAM,cup,knife,6.895,NoSCAM_img_0718,/external-cache/fse_typographic_20260926/external/SCAM/images.zip,images/train/NoSCAM_img_0718.jpg,NoSCAM,img_0718,0.16979603469371796,0.1356659084558487,0.03413012623786926,True,False
NoSCAM_img_0719.jpg,NoSCAM,knife,bicycle,4.699,NoSCAM_img_0719,/external-cache/fse_typographic_20260926/external/SCAM/images.zip,images/train/NoSCAM_img_0719.jpg,NoSCAM,img_0719,0.22468096017837524,0.13885827362537384,0.0858226865530014,True,True
NoSCAM_img_0720.jpg,NoSCAM,brush,stop,6.072,NoSCAM_img_0720,/external-cache/fse_typographic_20260926/external/SCAM/images.zip,images/train/NoSCAM_img_0720.jpg,NoSCAM,img_0720,0.20321136713027954,0.17212456464767456,0.03108680248260498,True,False
NoSCAM_img_0721.jpg,NoSCAM,kettle,child,8.181,NoSCAM_img_0721,/external-cache/fse_typographic_20260926/external/SCAM/images.zip,images/train/NoSCAM_img_0721.jpg,NoSCAM,img_0721,0.20608121156692505,0.171447291970253,0.03463391959667206,True,False
NoSCAM_img_0722.jpg,NoSCAM,tea pot,child,8.335,NoSCAM_img_0722,/external-cache/fse_typographic_20260926/external/SCAM/images.zip,images/train/NoSCAM_img_0722.jpg,NoSCAM,img_0722,0.23783886432647705,0.1731792688369751,0.06465959548950195,True,False
NoSCAM_img_0723.jpg,NoSCAM,carrot,bottle,13.189,NoSCAM_img_0723,/external-cache/fse_typographic_20260926/external/SCAM/images.zip,images/train/NoSCAM_img_0723.jpg,NoSCAM,img_0723,0.23329254984855652,0.15643155574798584,0.07686099410057068,True,True
NoSCAM_img_0724.jpg,NoSCAM,sponge,spoon,10.42,NoSCAM_img_0724,/external-cache/fse_typographic_20260926/external/SCAM/images.zip,images/train/NoSCAM_img_0724.jpg,NoSCAM,img_0724,0.19306156039237976,0.15472017228603363,0.03834138810634613,True,False
NoSCAM_img_0725.jpg,NoSCAM,skillet,street sign,1.983,NoSCAM_img_0725,/external-cache/fse_typographic_20260926/external/SCAM/images.zip,images/train/NoSCAM_img_0725.jpg,NoSCAM,img_0725,0.21860602498054504,0.11540067195892334,0.1032053530216217,True,True
NoSCAM_img_0726.jpg,NoSCAM,watering can,street sign,1.707,NoSCAM_img_0726,/external-cache/fse_typographic_20260926/external/SCAM/images.zip,images/train/NoSCAM_img_0726.jpg,NoSCAM,img_0726,0.1358242928981781,0.07010366767644882,0.06572062522172928,True,False
NoSCAM_img_0727.jpg,NoSCAM,glass bottle,person,5.928,NoSCAM_img_0727,/external-cache/fse_typographic_20260926/external/SCAM/images.zip,images/train/NoSCAM_img_0727.jpg,NoSCAM,img_0727,0.1752132624387741,0.1423904448747635,0.03282281756401062,True,False
NoSCAM_img_0728.jpg,NoSCAM,hat,bicycle,3.727,NoSCAM_img_0728,/external-cache/fse_typographic_20260926/external/SCAM/images.zip,images/train/NoSCAM_img_0728.jpg,NoSCAM,img_0728,0.2479282170534134,0.19409513473510742,0.05383308231830597,True,False
NoSCAM_img_0729.jpg,NoSCAM,rubik's cube,cable,12.986,NoSCAM_img_0729,/external-cache/fse_typographic_20260926/external/SCAM/images.zip,images/train/NoSCAM_img_0729.jpg,NoSCAM,img_0729,0.17266380786895752,0.09722886979579926,0.07543493807315826,True,True
NoSCAM_img_0730.jpg,NoSCAM,guitar,truck,2.545,NoSCAM_img_0730,/external-cache/fse_typographic_20260926/external/SCAM/images.zip,images/train/NoSCAM_img_0730.jpg,NoSCAM,img_0730,0.20574280619621277,0.11294502019882202,0.09279778599739075,True,False
NoSCAM_img_0731.jpg,NoSCAM,record player,pedestrian,1.161,NoSCAM_img_0731,/external-cache/fse_typographic_20260926/external/SCAM/images.zip,images/train/NoSCAM_img_0731.jpg,NoSCAM,img_0731,0.22621506452560425,0.12360049784183502,0.10261456668376923,True,True
NoSCAM_img_0732.jpg,NoSCAM,toy car,house,8.193,NoSCAM_img_0732,/external-cache/fse_typographic_20260926/external/SCAM/images.zip,images/train/NoSCAM_img_0732.jpg,NoSCAM,img_0732,0.21612420678138733,0.14465704560279846,0.07146716117858887,True,True
NoSCAM_img_0733.jpg,NoSCAM,candle,dog,5.711,NoSCAM_img_0733,/external-cache/fse_typographic_20260926/external/SCAM/images.zip,images/train/NoSCAM_img_0733.jpg,NoSCAM,img_0733,0.20610922574996948,0.14520780742168427,0.06090141832828522,True,True
NoSCAM_img_0734.jpg,NoSCAM,headphones,cat,3.449,NoSCAM_img_0734,/external-cache/fse_typographic_20260926/external/SCAM/images.zip,images/train/NoSCAM_img_0734.jpg,NoSCAM,img_0734,0.23601406812667847,0.14601175487041473,0.09000231325626373,True,True
NoSCAM_img_0735.jpg,NoSCAM,keyboard,cat,2.614,NoSCAM_img_0735,/external-cache/fse_typographic_20260926/external/SCAM/images.zip,images/train/NoSCAM_img_0735.jpg,NoSCAM,img_0735,0.22861656546592712,0.1479145586490631,0.08070200681686401,True,False
NoSCAM_img_0736.jpg,NoSCAM,mouse,bus,8.052,NoSCAM_img_0736,/external-cache/fse_typographic_20260926/external/SCAM/images.zip,images/train/NoSCAM_img_0736.jpg,NoSCAM,img_0736,0.20818062126636505,0.10631608963012695,0.1018645316362381,True,False
NoSCAM_img_0737.jpg,NoSCAM,cup,pedestrian,6.211,NoSCAM_img_0737,/external-cache/fse_typographic_20260926/external/SCAM/images.zip,images/train/NoSCAM_img_0737.jpg,NoSCAM,img_0737,0.18297699093818665,0.11932575702667236,0.06365123391151428,True,False
NoSCAM_img_0738.jpg,NoSCAM,weight,truck,1.924,NoSCAM_img_0738,/external-cache/fse_typographic_20260926/external/SCAM/images.zip,images/train/NoSCAM_img_0738.jpg,NoSCAM,img_0738,0.18536195158958435,0.12029032409191132,0.06507162749767303,True,True
NoSCAM_img_0739.jpg,NoSCAM,horn,dog,3.572,NoSCAM_img_0739,/external-cache/fse_typographic_20260926/external/SCAM/images.zip,images/train/NoSCAM_img_0739.jpg,NoSCAM,img_0739,0.16239097714424133,0.1413073092699051,0.021083667874336243,True,False
NoSCAM_img_0740.jpg,NoSCAM,roller,cloud,4.781,NoSCAM_img_0740,/external-cache/fse_typographic_20260926/external/SCAM/images.zip,images/train/NoSCAM_img_0740.jpg,NoSCAM,img_0740,0.22297821938991547,0.16720035672187805,0.055777862668037415,True,False
NoSCAM_img_0741.jpg,NoSCAM,glue stick,truck,15.832,NoSCAM_img_0741,/external-cache/fse_typographic_20260926/external/SCAM/images.zip,images/train/NoSCAM_img_0741.jpg,NoSCAM,img_0741,0.19401013851165771,0.11984775960445404,0.07416237890720367,True,True
NoSCAM_img_0742.jpg,NoSCAM,matryoshka doll,cat,7.591,NoSCAM_img_0742,/external-cache/fse_typographic_20260926/external/SCAM/images.zip,images/train/NoSCAM_img_0742.jpg,NoSCAM,img_0742,0.23403479158878326,0.16111212968826294,0.07292266190052032,True,True
NoSCAM_img_0743.jpg,NoSCAM,Mercedes-Benz,bus,9.687,NoSCAM_img_0743,/external-cache/fse_typographic_20260926/external/SCAM/images.zip,images/train/NoSCAM_img_0743.jpg,NoSCAM,img_0743,0.17383567988872528,0.11307727545499802,0.060758404433727264,True,True
NoSCAM_img_0744.jpg,NoSCAM,bike,fence,2.235,NoSCAM_img_0744,/external-cache/fse_typographic_20260926/external/SCAM/images.zip,images/train/NoSCAM_img_0744.jpg,NoSCAM,img_0744,0.1878054141998291,0.10730248689651489,0.08050292730331421,True,True
NoSCAM_img_0745.jpg,NoSCAM,chess piece,dog,14.464,NoSCAM_img_0745,/external-cache/fse_typographic_20260926/external/SCAM/images.zip,images/train/NoSCAM_img_0745.jpg,NoSCAM,img_0745,0.2153608202934265,0.166942298412323,0.048418521881103516,True,True
NoSCAM_img_0746.jpg,NoSCAM,chess piece,cat,15.157,NoSCAM_img_0746,/external-cache/fse_typographic_20260926/external/SCAM/images.zip,images/train/NoSCAM_img_0746.jpg,NoSCAM,img_0746,0.21610687673091888,0.14881646633148193,0.06729041039943695,True,False
NoSCAM_img_0747.jpg,NoSCAM,boot,knife,2.848,NoSCAM_img_0747,/external-cache/fse_typographic_20260926/external/SCAM/images.zip,images/train/NoSCAM_img_0747.jpg,NoSCAM,img_0747,0.2020270824432373,0.15314234793186188,0.04888473451137543,True,False
NoSCAM_img_0748.jpg,NoSCAM,bike,lion,3.258,NoSCAM_img_0748,/external-cache/fse_typographic_20260926/external/SCAM/images.zip,images/train/NoSCAM_img_0748.jpg,NoSCAM,img_0748,0.18977877497673035,0.1275317221879959,0.062247052788734436,True,False
NoSCAM_img_0749.jpg,NoSCAM,door,grape,2.325,NoSCAM_img_0749,/external-cache/fse_typographic_20260926/external/SCAM/images.zip,images/train/NoSCAM_img_0749.jpg,NoSCAM,img_0749,0.17546021938323975,0.10579609870910645,0.0696641206741333,True,False
NoSCAM_img_0750.jpg,NoSCAM,cabinet,pig,2.048,NoSCAM_img_0750,/external-cache/fse_typographic_20260926/external/SCAM/images.zip,images/train/NoSCAM_img_0750.jpg,NoSCAM,img_0750,0.18721053004264832,0.1530252993106842,0.03418523073196411,True,False
NoSCAM_img_0751.jpg,NoSCAM,bench,bridge,1.244,NoSCAM_img_0751,/external-cache/fse_typographic_20260926/external/SCAM/images.zip,images/train/NoSCAM_img_0751.jpg,NoSCAM,img_0751,0.18547821044921875,0.12718887627124786,0.058289334177970886,True,True
NoSCAM_img_0752.jpg,NoSCAM,boulder,duck,2.305,NoSCAM_img_0752,/external-cache/fse_typographic_20260926/external/SCAM/images.zip,images/train/NoSCAM_img_0752.jpg,NoSCAM,img_0752,0.1819927990436554,0.15148106217384338,0.03051173686981201,True,False
NoSCAM_img_0753.jpg,NoSCAM,bird feeder,lock,2.262,NoSCAM_img_0753,/external-cache/fse_typographic_20260926/external/SCAM/images.zip,images/train/NoSCAM_img_0753.jpg,NoSCAM,img_0753,0.22467029094696045,0.11152847111225128,0.11314181983470917,True,True
NoSCAM_img_0754.jpg,NoSCAM,trash bin,fan,1.772,NoSCAM_img_0754,/external-cache/fse_typographic_20260926/external/SCAM/images.zip,images/train/NoSCAM_img_0754.jpg,NoSCAM,img_0754,0.19556987285614014,0.14493992924690247,0.05062994360923767,True,False
NoSCAM_img_0755.jpg,NoSCAM,chalk bag,ball,3.445,NoSCAM_img_0755,/external-cache/fse_typographic_20260926/external/SCAM/images.zip,images/train/NoSCAM_img_0755.jpg,NoSCAM,img_0755,0.24759817123413086,0.16767677664756775,0.07992139458656311,True,True
NoSCAM_img_0756.jpg,NoSCAM,bucket,yield,2.613,NoSCAM_img_0756,/external-cache/fse_typographic_20260926/external/SCAM/images.zip,images/train/NoSCAM_img_0756.jpg,NoSCAM,img_0756,0.21409107744693756,0.14844830334186554,0.06564277410507202,True,True
NoSCAM_img_0757.jpg,NoSCAM,paint roller,taxi,5.082,NoSCAM_img_0757,/external-cache/fse_typographic_20260926/external/SCAM/images.zip,images/train/NoSCAM_img_0757.jpg,NoSCAM,img_0757,0.2038937360048294,0.11527025699615479,0.08862347900867462,True,False
NoSCAM_img_0758.jpg,NoSCAM,paint brush,ocean,7.505,NoSCAM_img_0758,/external-cache/fse_typographic_20260926/external/SCAM/images.zip,images/train/NoSCAM_img_0758.jpg,NoSCAM,img_0758,0.14955592155456543,0.09476396441459656,0.05479195713996887,True,False
NoSCAM_img_0759.jpg,NoSCAM,grill,sloth,2.575,NoSCAM_img_0759,/external-cache/fse_typographic_20260926/external/SCAM/images.zip,images/train/NoSCAM_img_0759.jpg,NoSCAM,img_0759,0.20376846194267273,0.1418878138065338,0.061880648136138916,True,False
NoSCAM_img_0760.jpg,NoSCAM,ice pack,stop,5.079,NoSCAM_img_0760,/external-cache/fse_typographic_20260926/external/SCAM/images.zip,images/train/NoSCAM_img_0760.jpg,NoSCAM,img_0760,0.1737014651298523,0.15011408925056458,0.02358737587928772,True,False
NoSCAM_img_0761.jpg,NoSCAM,grill,truck,3.656,NoSCAM_img_0761,/external-cache/fse_typographic_20260926/external/SCAM/images.zip,images/train/NoSCAM_img_0761.jpg,NoSCAM,img_0761,0.17020770907402039,0.0828908160328865,0.08731689304113388,True,False
NoSCAM_img_0762.jpg,NoSCAM,pillow,lake,2.235,NoSCAM_img_0762,/external-cache/fse_typographic_20260926/external/SCAM/images.zip,images/train/NoSCAM_img_0762.jpg,NoSCAM,img_0762,0.19349756836891174,0.10922764241695404,0.0842699259519577,True,False
NoSCAM_img_0763.jpg,NoSCAM,lawn chair,merge,2.346,NoSCAM_img_0763,/external-cache/fse_typographic_20260926/external/SCAM/images.zip,images/train/NoSCAM_img_0763.jpg,NoSCAM,img_0763,0.19971239566802979,0.14860129356384277,0.05111110210418701,True,False
NoSCAM_img_0764.jpg,NoSCAM,lawn chair,van,0.75,NoSCAM_img_0764,/external-cache/fse_typographic_20260926/external/SCAM/images.zip,images/train/NoSCAM_img_0764.jpg,NoSCAM,img_0764,0.2394445538520813,0.16204392910003662,0.07740062475204468,True,True
NoSCAM_img_0765.jpg,NoSCAM,hare,river,3.933,NoSCAM_img_0765,/external-cache/fse_typographic_20260926/external/SCAM/images.zip,images/train/NoSCAM_img_0765.jpg,NoSCAM,img_0765,0.20731478929519653,0.12944117188453674,0.07787361741065979,True,False
NoSCAM_img_0766.jpg,NoSCAM,wood,pig,7.282,NoSCAM_img_0766,/external-cache/fse_typographic_20260926/external/SCAM/images.zip,images/train/NoSCAM_img_0766.jpg,NoSCAM,img_0766,0.13923190534114838,0.10492494702339172,0.03430695831775665,True,False
NoSCAM_img_0767.jpg,NoSCAM,boot,beach,2.88,NoSCAM_img_0767,/external-cache/fse_typographic_20260926/external/SCAM/images.zip,images/train/NoSCAM_img_0767.jpg,NoSCAM,img_0767,0.22391940653324127,0.14689204096794128,0.07702736556529999,True,True
NoSCAM_img_0768.jpg,NoSCAM,hare,pen,4.565,NoSCAM_img_0768,/external-cache/fse_typographic_20260926/external/SCAM/images.zip,images/train/NoSCAM_img_0768.jpg,NoSCAM,img_0768,0.22543273866176605,0.16926433145999908,0.05616840720176697,True,True
NoSCAM_img_0769.jpg,NoSCAM,plant,scooter,2.628,NoSCAM_img_0769,/external-cache/fse_typographic_20260926/external/SCAM/images.zip,images/train/NoSCAM_img_0769.jpg,NoSCAM,img_0769,0.186054065823555,0.08325333893299103,0.10280072689056396,True,True
NoSCAM_img_0770.jpg,NoSCAM,flower,forest,5.638,NoSCAM_img_0770,/external-cache/fse_typographic_20260926/external/SCAM/images.zip,images/train/NoSCAM_img_0770.jpg,NoSCAM,img_0770,0.17556235194206238,0.12865093350410461,0.046911418437957764,True,False
NoSCAM_img_0771.jpg,NoSCAM,candle,traffic light,3.971,NoSCAM_img_0771,/external-cache/fse_typographic_20260926/external/SCAM/images.zip,images/train/NoSCAM_img_0771.jpg,NoSCAM,img_0771,0.21105743944644928,0.15480798482894897,0.056249454617500305,True,False
NoSCAM_img_0772.jpg,NoSCAM,plant,signal,3.874,NoSCAM_img_0772,/external-cache/fse_typographic_20260926/external/SCAM/images.zip,images/train/NoSCAM_img_0772.jpg,NoSCAM,img_0772,0.17134222388267517,0.10402459651231766,0.06731762737035751,True,False
NoSCAM_img_0773.jpg,NoSCAM,watering can,desert,3.018,NoSCAM_img_0773,/external-cache/fse_typographic_20260926/external/SCAM/images.zip,images/train/NoSCAM_img_0773.jpg,NoSCAM,img_0773,0.18266645073890686,0.13576076924800873,0.04690568149089813,True,False
NoSCAM_img_0774.jpg,NoSCAM,glove,flower,7.244,NoSCAM_img_0774,/external-cache/fse_typographic_20260926/external/SCAM/images.zip,images/train/NoSCAM_img_0774.jpg,NoSCAM,img_0774,0.1996452957391739,0.16040393710136414,0.03924135863780975,True,False
NoSCAM_img_0775.jpg,NoSCAM,plant,curve,2.506,NoSCAM_img_0775,/external-cache/fse_typographic_20260926/external/SCAM/images.zip,images/train/NoSCAM_img_0775.jpg,NoSCAM,img_0775,0.1926010102033615,0.14341087639331818,0.049190133810043335,True,False
NoSCAM_img_0776.jpg,NoSCAM,plant,train,5.977,NoSCAM_img_0776,/external-cache/fse_typographic_20260926/external/SCAM/images.zip,images/train/NoSCAM_img_0776.jpg,NoSCAM,img_0776,0.18199780583381653,0.10984565317630768,0.07215215265750885,True,False
NoSCAM_img_0777.jpg,NoSCAM,pot,grass,5.724,NoSCAM_img_0777,/external-cache/fse_typographic_20260926/external/SCAM/images.zip,images/train/NoSCAM_img_0777.jpg,NoSCAM,img_0777,0.13972923159599304,0.0983101949095726,0.04141903668642044,True,False
NoSCAM_img_0778.jpg,NoSCAM,fish,bike,7.924,NoSCAM_img_0778,/external-cache/fse_typographic_20260926/external/SCAM/images.zip,images/train/NoSCAM_img_0778.jpg,NoSCAM,img_0778,0.17973025143146515,0.08695802092552185,0.0927722305059433,True,True
NoSCAM_img_0779.jpg,NoSCAM,cage,tree,7.159,NoSCAM_img_0779,/external-cache/fse_typographic_20260926/external/SCAM/images.zip,images/train/NoSCAM_img_0779.jpg,NoSCAM,img_0779,0.15674573183059692,0.09361381828784943,0.0631319135427475,True,False
NoSCAM_img_0780.jpg,NoSCAM,feeder,seed,8.025,NoSCAM_img_0780,/external-cache/fse_typographic_20260926/external/SCAM/images.zip,images/train/NoSCAM_img_0780.jpg,NoSCAM,img_0780,0.1371009349822998,0.12543125450611115,0.01166968047618866,True,False
NoSCAM_img_0781.jpg,NoSCAM,shovel,lane,1.77,NoSCAM_img_0781,/external-cache/fse_typographic_20260926/external/SCAM/images.zip,images/train/NoSCAM_img_0781.jpg,NoSCAM,img_0781,0.14881017804145813,0.10301930457353592,0.04579087346792221,True,False
NoSCAM_img_0782.jpg,NoSCAM,glove,boulder,4.308,NoSCAM_img_0782,/external-cache/fse_typographic_20260926/external/SCAM/images.zip,images/train/NoSCAM_img_0782.jpg,NoSCAM,img_0782,0.18958187103271484,0.10170198976993561,0.08787988126277924,True,False
NoSCAM_img_0783.jpg,NoSCAM,spade,bed,3.632,NoSCAM_img_0783,/external-cache/fse_typographic_20260926/external/SCAM/images.zip,images/train/NoSCAM_img_0783.jpg,NoSCAM,img_0783,0.18287214636802673,0.10536286979913712,0.07750927656888962,True,False
NoSCAM_img_0784.jpg,NoSCAM,lightbulb,median,8.921,NoSCAM_img_0784,/external-cache/fse_typographic_20260926/external/SCAM/images.zip,images/train/NoSCAM_img_0784.jpg,NoSCAM,img_0784,0.17087087035179138,0.134496808052063,0.036374062299728394,True,False
NoSCAM_img_0785.jpg,NoSCAM,rubber duck,hair,7.826,NoSCAM_img_0785,/external-cache/fse_typographic_20260926/external/SCAM/images.zip,images/train/NoSCAM_img_0785.jpg,NoSCAM,img_0785,0.20839998126029968,0.12366259843111038,0.0847373828291893,True,True
NoSCAM_img_0786.jpg,NoSCAM,brush,mad,4.404,NoSCAM_img_0786,/external-cache/fse_typographic_20260926/external/SCAM/images.zip,images/train/NoSCAM_img_0786.jpg,NoSCAM,img_0786,0.14814624190330505,0.12051384150981903,0.027632400393486023,True,False
NoSCAM_img_0787.jpg,NoSCAM,faucet,exit,3.329,NoSCAM_img_0787,/external-cache/fse_typographic_20260926/external/SCAM/images.zip,images/train/NoSCAM_img_0787.jpg,NoSCAM,img_0787,0.2032499611377716,0.12103568762540817,0.08221427351236343,True,False
NoSCAM_img_0788.jpg,NoSCAM,safe,hole,4.64,NoSCAM_img_0788,/external-cache/fse_typographic_20260926/external/SCAM/images.zip,images/train/NoSCAM_img_0788.jpg,NoSCAM,img_0788,0.22905397415161133,0.16550663113594055,0.06354734301567078,True,True
NoSCAM_img_0789.jpg,NoSCAM,safe,slow,4.139,NoSCAM_img_0789,/external-cache/fse_typographic_20260926/external/SCAM/images.zip,images/train/NoSCAM_img_0789.jpg,NoSCAM,img_0789,0.22867320477962494,0.15580524504184723,0.07286795973777771,True,True
NoSCAM_img_0790.jpg,NoSCAM,tire,rock,5.226,NoSCAM_img_0790,/external-cache/fse_typographic_20260926/external/SCAM/images.zip,images/train/NoSCAM_img_0790.jpg,NoSCAM,img_0790,0.17518800497055054,0.10506211221218109,0.07012589275836945,True,False
NoSCAM_img_0791.jpg,NoSCAM,exit sign,crystal,6.336,NoSCAM_img_0791,/external-cache/fse_typographic_20260926/external/SCAM/images.zip,images/train/NoSCAM_img_0791.jpg,NoSCAM,img_0791,0.22522373497486115,0.13397614657878876,0.09124758839607239,True,False
NoSCAM_img_0792.jpg,NoSCAM,sign,zebra,4.657,NoSCAM_img_0792,/external-cache/fse_typographic_20260926/external/SCAM/images.zip,images/train/NoSCAM_img_0792.jpg,NoSCAM,img_0792,0.14040154218673706,0.10854020714759827,0.031861335039138794,True,False
NoSCAM_img_0793.jpg,NoSCAM,saw,honey,3.808,NoSCAM_img_0793,/external-cache/fse_typographic_20260926/external/SCAM/images.zip,images/train/NoSCAM_img_0793.jpg,NoSCAM,img_0793,0.16720649600028992,0.11620825529098511,0.05099824070930481,True,False
NoSCAM_img_0794.jpg,NoSCAM,canister,horn,4.814,NoSCAM_img_0794,/external-cache/fse_typographic_20260926/external/SCAM/images.zip,images/train/NoSCAM_img_0794.jpg,NoSCAM,img_0794,0.17245814204216003,0.11973592638969421,0.05272221565246582,True,False
NoSCAM_img_0795.jpg,NoSCAM,canister,horse,5.362,NoSCAM_img_0795,/external-cache/fse_typographic_20260926/external/SCAM/images.zip,images/train/NoSCAM_img_0795.jpg,NoSCAM,img_0795,0.17601045966148376,0.10606281459331512,0.06994764506816864,True,False
NoSCAM_img_0796.jpg,NoSCAM,helmet,horse,6.82,NoSCAM_img_0796,/external-cache/fse_typographic_20260926/external/SCAM/images.zip,images/train/NoSCAM_img_0796.jpg,NoSCAM,img_0796,0.2248193323612213,0.1470790058374405,0.07774032652378082,True,False
NoSCAM_img_0797.jpg,NoSCAM,cross wrench,ice,2.272,NoSCAM_img_0797,/external-cache/fse_typographic_20260926/external/SCAM/images.zip,images/train/NoSCAM_img_0797.jpg,NoSCAM,img_0797,0.19785255193710327,0.10498005151748657,0.0928725004196167,True,False
NoSCAM_img_0798.jpg,NoSCAM,hammer,iron,3.462,NoSCAM_img_0798,/external-cache/fse_typographic_20260926/external/SCAM/images.zip,images/train/NoSCAM_img_0798.jpg,NoSCAM,img_0798,0.16886186599731445,0.12518689036369324,0.043674975633621216,True,False
NoSCAM_img_0799.jpg,NoSCAM,flipper,jar,10.169,NoSCAM_img_0799,/external-cache/fse_typographic_20260926/external/SCAM/images.zip,images/train/NoSCAM_img_0799.jpg,NoSCAM,img_0799,0.1665218621492386,0.1473439633846283,0.01917789876461029,True,False
NoSCAM_img_0800.jpg,NoSCAM,boot,jeep,4.229,NoSCAM_img_0800,/external-cache/fse_typographic_20260926/external/SCAM/images.zip,images/train/NoSCAM_img_0800.jpg,NoSCAM,img_0800,0.20495478808879852,0.10492028295993805,0.10003450512886047,True,False
NoSCAM_img_0801.jpg,NoSCAM,helmet,key,3.811,NoSCAM_img_0801,/external-cache/fse_typographic_20260926/external/SCAM/images.zip,images/train/NoSCAM_img_0801.jpg,NoSCAM,img_0801,0.18121162056922913,0.13215577602386475,0.04905584454536438,True,False
NoSCAM_img_0802.jpg,NoSCAM,figurine,knife,3.67,NoSCAM_img_0802,/external-cache/fse_typographic_20260926/external/SCAM/images.zip,images/train/NoSCAM_img_0802.jpg,NoSCAM,img_0802,0.21139520406723022,0.16292041540145874,0.048474788665771484,True,False
NoSCAM_img_0803.jpg,NoSCAM,wrench,ladder,3.891,NoSCAM_img_0803,/external-cache/fse_typographic_20260926/external/SCAM/images.zip,images/train/NoSCAM_img_0803.jpg,NoSCAM,img_0803,0.22075553238391876,0.14382457733154297,0.0769309550523758,True,True
NoSCAM_img_0804.jpg,NoSCAM,screwdriver,lamp,4.874,NoSCAM_img_0804,/external-cache/fse_typographic_20260926/external/SCAM/images.zip,images/train/NoSCAM_img_0804.jpg,NoSCAM,img_0804,0.22748517990112305,0.1088486909866333,0.11863648891448975,True,False
NoSCAM_img_0805.jpg,NoSCAM,electric screwdriver,leaf,5.273,NoSCAM_img_0805,/external-cache/fse_typographic_20260926/external/SCAM/images.zip,images/train/NoSCAM_img_0805.jpg,NoSCAM,img_0805,0.2230914980173111,0.11551480740308762,0.10757669061422348,True,True
NoSCAM_img_0806.jpg,NoSCAM,lighter,lemon,2.96,NoSCAM_img_0806,/external-cache/fse_typographic_20260926/external/SCAM/images.zip,images/train/NoSCAM_img_0806.jpg,NoSCAM,img_0806,0.14827710390090942,0.12394213676452637,0.024334967136383057,True,False
NoSCAM_img_0807.jpg,NoSCAM,basket,lion,5.026,NoSCAM_img_0807,/external-cache/fse_typographic_20260926/external/SCAM/images.zip,images/train/NoSCAM_img_0807.jpg,NoSCAM,img_0807,0.20515228807926178,0.12642928957939148,0.0787229984998703,True,True
NoSCAM_img_0808.jpg,NoSCAM,jar,lock,7.599,NoSCAM_img_0808,/external-cache/fse_typographic_20260926/external/SCAM/images.zip,images/train/NoSCAM_img_0808.jpg,NoSCAM,img_0808,0.2235032618045807,0.16082604229450226,0.06267721951007843,True,True
NoSCAM_img_0809.jpg,NoSCAM,grater,screw,7.877,NoSCAM_img_0809,/external-cache/fse_typographic_20260926/external/SCAM/images.zip,images/train/NoSCAM_img_0809.jpg,NoSCAM,img_0809,0.21696989238262177,0.1656661331653595,0.05130375921726227,True,True
NoSCAM_img_0810.jpg,NoSCAM,shaker,mirror,9.206,NoSCAM_img_0810,/external-cache/fse_typographic_20260926/external/SCAM/images.zip,images/train/NoSCAM_img_0810.jpg,NoSCAM,img_0810,0.1941005289554596,0.1690121442079544,0.025088384747505188,True,False
NoSCAM_img_0811.jpg,NoSCAM,broom,grape,2.193,NoSCAM_img_0811,/external-cache/fse_typographic_20260926/external/SCAM/images.zip,images/train/NoSCAM_img_0811.jpg,NoSCAM,img_0811,0.17646276950836182,0.11586075276136398,0.06060201674699783,True,False
NoSCAM_img_0812.jpg,NoSCAM,hand brush and dustpan,frog,3.86,NoSCAM_img_0812,/external-cache/fse_typographic_20260926/external/SCAM/images.zip,images/train/NoSCAM_img_0812.jpg,NoSCAM,img_0812,0.20874878764152527,0.15373094379901886,0.05501784384250641,True,False
NoSCAM_img_0813.jpg,NoSCAM,coat hanger,flag,2.541,NoSCAM_img_0813,/external-cache/fse_typographic_20260926/external/SCAM/images.zip,images/train/NoSCAM_img_0813.jpg,NoSCAM,img_0813,0.20957624912261963,0.1404375582933426,0.06913869082927704,True,True
NoSCAM_img_0814.jpg,NoSCAM,pillow,slippery,2.723,NoSCAM_img_0814,/external-cache/fse_typographic_20260926/external/SCAM/images.zip,images/train/NoSCAM_img_0814.jpg,NoSCAM,img_0814,0.19615419209003448,0.1410115659236908,0.05514262616634369,True,True
NoSCAM_img_0815.jpg,NoSCAM,cable drum,slow,3.961,NoSCAM_img_0815,/external-cache/fse_typographic_20260926/external/SCAM/images.zip,images/train/NoSCAM_img_0815.jpg,NoSCAM,img_0815,0.17193731665611267,0.1290920376777649,0.04284527897834778,True,False
NoSCAM_img_0816.jpg,NoSCAM,light switch,speed limit,5.706,NoSCAM_img_0816,/external-cache/fse_typographic_20260926/external/SCAM/images.zip,images/train/NoSCAM_img_0816.jpg,NoSCAM,img_0816,0.2030561864376068,0.1232609823346138,0.07979520410299301,True,False
NoSCAM_img_0817.jpg,NoSCAM,cat tower,bridge out,5.25,NoSCAM_img_0817,/external-cache/fse_typographic_20260926/external/SCAM/images.zip,images/train/NoSCAM_img_0817.jpg,NoSCAM,img_0817,0.24437221884727478,0.14132188260555267,0.1030503362417221,True,True
NoSCAM_img_0818.jpg,NoSCAM,bird feeder,shadow,2.031,NoSCAM_img_0818,/external-cache/fse_typographic_20260926/external/SCAM/images.zip,images/train/NoSCAM_img_0818.jpg,NoSCAM,img_0818,0.21343934535980225,0.13919788599014282,0.07424145936965942,True,True
NoSCAM_img_0819.jpg,NoSCAM,bowl,flower,5.693,NoSCAM_img_0819,/external-cache/fse_typographic_20260926/external/SCAM/images.zip,images/train/NoSCAM_img_0819.jpg,NoSCAM,img_0819,0.20041817426681519,0.14140334725379944,0.05901482701301575,True,False
NoSCAM_img_0820.jpg,NoSCAM,watering can,sloth,1.642,NoSCAM_img_0820,/external-cache/fse_typographic_20260926/external/SCAM/images.zip,images/train/NoSCAM_img_0820.jpg,NoSCAM,img_0820,0.18437257409095764,0.09380333125591278,0.09056924283504486,True,True
NoSCAM_img_0821.jpg,NoSCAM,glas,pen,6.461,NoSCAM_img_0821,/external-cache/fse_typographic_20260926/external/SCAM/images.zip,images/train/NoSCAM_img_0821.jpg,NoSCAM,img_0821,0.19119955599308014,0.1632923036813736,0.027907252311706543,True,False
NoSCAM_img_0822.jpg,NoSCAM,pokemon ball,ladder,9.77,NoSCAM_img_0822,/external-cache/fse_typographic_20260926/external/SCAM/images.zip,images/train/NoSCAM_img_0822.jpg,NoSCAM,img_0822,0.23067569732666016,0.1284240037202835,0.10225169360637665,True,True
NoSCAM_img_0823.jpg,NoSCAM,spice mill,basketball,5.364,NoSCAM_img_0823,/external-cache/fse_typographic_20260926/external/SCAM/images.zip,images/train/NoSCAM_img_0823.jpg,NoSCAM,img_0823,0.20682336390018463,0.15825818479061127,0.048565179109573364,True,False
NoSCAM_img_0824.jpg,NoSCAM,remote,knife,10.526,NoSCAM_img_0824,/external-cache/fse_typographic_20260926/external/SCAM/images.zip,images/train/NoSCAM_img_0824.jpg,NoSCAM,img_0824,0.22548913955688477,0.18404555320739746,0.041443586349487305,True,False
NoSCAM_img_0825.jpg,NoSCAM,figurine,tree,4.706,NoSCAM_img_0825,/external-cache/fse_typographic_20260926/external/SCAM/images.zip,images/train/NoSCAM_img_0825.jpg,NoSCAM,img_0825,0.17031511664390564,0.11939568817615509,0.05091942846775055,True,False
NoSCAM_img_0826.jpg,NoSCAM,puzzle piece,knife,7.35,NoSCAM_img_0826,/external-cache/fse_typographic_20260926/external/SCAM/images.zip,images/train/NoSCAM_img_0826.jpg,NoSCAM,img_0826,0.1965772807598114,0.14928843080997467,0.04728884994983673,True,False
NoSCAM_img_0827.jpg,NoSCAM,jam,garbage bin,6.286,NoSCAM_img_0827,/external-cache/fse_typographic_20260926/external/SCAM/images.zip,images/train/NoSCAM_img_0827.jpg,NoSCAM,img_0827,0.20182904601097107,0.16836416721343994,0.03346487879753113,True,False
NoSCAM_img_0828.jpg,NoSCAM,figurine,garbage bin,11.209,NoSCAM_img_0828,/external-cache/fse_typographic_20260926/external/SCAM/images.zip,images/train/NoSCAM_img_0828.jpg,NoSCAM,img_0828,0.1437639445066452,0.11139989644289017,0.032364048063755035,True,False
NoSCAM_img_0829.jpg,NoSCAM,deodorant,scarf,8.263,NoSCAM_img_0829,/external-cache/fse_typographic_20260926/external/SCAM/images.zip,images/train/NoSCAM_img_0829.jpg,NoSCAM,img_0829,0.22933132946491241,0.14396551251411438,0.08536581695079803,True,False
NoSCAM_img_0830.jpg,NoSCAM,tape,scarf,9.214,NoSCAM_img_0830,/external-cache/fse_typographic_20260926/external/SCAM/images.zip,images/train/NoSCAM_img_0830.jpg,NoSCAM,img_0830,0.14693394303321838,0.09371812641620636,0.053215816617012024,True,False
NoSCAM_img_0831.jpg,NoSCAM,marker,garbage bin,11.76,NoSCAM_img_0831,/external-cache/fse_typographic_20260926/external/SCAM/images.zip,images/train/NoSCAM_img_0831.jpg,NoSCAM,img_0831,0.2011449635028839,0.17533473670482635,0.025810226798057556,True,False
NoSCAM_img_0832.jpg,NoSCAM,dice,cable,17.926,NoSCAM_img_0832,/external-cache/fse_typographic_20260926/external/SCAM/images.zip,images/train/NoSCAM_img_0832.jpg,NoSCAM,img_0832,0.22186505794525146,0.13086166977882385,0.09100338816642761,True,True
NoSCAM_img_0833.jpg,NoSCAM,figurine,cable,11.015,NoSCAM_img_0833,/external-cache/fse_typographic_20260926/external/SCAM/images.zip,images/train/NoSCAM_img_0833.jpg,NoSCAM,img_0833,0.14787909388542175,0.11021094769239426,0.037668146193027496,True,False
NoSCAM_img_0834.jpg,NoSCAM,hat,cable,5.147,NoSCAM_img_0834,/external-cache/fse_typographic_20260926/external/SCAM/images.zip,images/train/NoSCAM_img_0834.jpg,NoSCAM,img_0834,0.23763951659202576,0.19358329474925995,0.04405622184276581,True,False
NoSCAM_img_0835.jpg,NoSCAM,glove,knife,5.694,NoSCAM_img_0835,/external-cache/fse_typographic_20260926/external/SCAM/images.zip,images/train/NoSCAM_img_0835.jpg,NoSCAM,img_0835,0.22622624039649963,0.21120119094848633,0.015025049448013306,True,False
NoSCAM_img_0836.jpg,NoSCAM,glasses,cellphone,11.763,NoSCAM_img_0836,/external-cache/fse_typographic_20260926/external/SCAM/images.zip,images/train/NoSCAM_img_0836.jpg,NoSCAM,img_0836,0.21979710459709167,0.18363754451274872,0.03615956008434296,True,False
NoSCAM_img_0837.jpg,NoSCAM,controller,cellphone,9.71,NoSCAM_img_0837,/external-cache/fse_typographic_20260926/external/SCAM/images.zip,images/train/NoSCAM_img_0837.jpg,NoSCAM,img_0837,0.18417087197303772,0.14600229263305664,0.03816857933998108,True,False
NoSCAM_img_0838.jpg,NoSCAM,lamp,cellphone,12.498,NoSCAM_img_0838,/external-cache/fse_typographic_20260926/external/SCAM/images.zip,images/train/NoSCAM_img_0838.jpg,NoSCAM,img_0838,0.17499926686286926,0.19038525223731995,-0.015385985374450684,False,False
NoSCAM_img_0839.jpg,NoSCAM,lamp,pen,11.248,NoSCAM_img_0839,/external-cache/fse_typographic_20260926/external/SCAM/images.zip,images/train/NoSCAM_img_0839.jpg,NoSCAM,img_0839,0.19432535767555237,0.19145697355270386,0.0028683841228485107,True,False
NoSCAM_img_0840.jpg,NoSCAM,boat figurine,pen,1.471,NoSCAM_img_0840,/external-cache/fse_typographic_20260926/external/SCAM/images.zip,images/train/NoSCAM_img_0840.jpg,NoSCAM,img_0840,0.14877808094024658,0.11515360325574875,0.03362447768449783,True,False
NoSCAM_img_0841.jpg,NoSCAM,hot water bottle,pen,5.176,NoSCAM_img_0841,/external-cache/fse_typographic_20260926/external/SCAM/images.zip,images/train/NoSCAM_img_0841.jpg,NoSCAM,img_0841,0.2213609516620636,0.15748196840286255,0.06387898325920105,True,True
NoSCAM_img_0842.jpg,NoSCAM,basket ball,pen,2.215,NoSCAM_img_0842,/external-cache/fse_typographic_20260926/external/SCAM/images.zip,images/train/NoSCAM_img_0842.jpg,NoSCAM,img_0842,0.2380945384502411,0.18226662278175354,0.05582791566848755,True,False
NoSCAM_img_0843.jpg,NoSCAM,plate,pen,4.941,NoSCAM_img_0843,/external-cache/fse_typographic_20260926/external/SCAM/images.zip,images/train/NoSCAM_img_0843.jpg,NoSCAM,img_0843,0.21752895414829254,0.14758136868476868,0.06994758546352386,True,True
NoSCAM_img_0844.jpg,NoSCAM,bowl,tree,6.032,NoSCAM_img_0844,/external-cache/fse_typographic_20260926/external/SCAM/images.zip,images/train/NoSCAM_img_0844.jpg,NoSCAM,img_0844,0.19562196731567383,0.13250720500946045,0.06311476230621338,True,True
NoSCAM_img_0845.jpg,NoSCAM,paper towel,tree,4.57,NoSCAM_img_0845,/external-cache/fse_typographic_20260926/external/SCAM/images.zip,images/train/NoSCAM_img_0845.jpg,NoSCAM,img_0845,0.20892204344272614,0.14812183380126953,0.060800209641456604,True,False
NoSCAM_img_0846.jpg,NoSCAM,champagne,tree,3.974,NoSCAM_img_0846,/external-cache/fse_typographic_20260926/external/SCAM/images.zip,images/train/NoSCAM_img_0846.jpg,NoSCAM,img_0846,0.2364283949136734,0.14962467551231384,0.08680371940135956,True,True
NoSCAM_img_0847.jpg,NoSCAM,glass,tree,6.132,NoSCAM_img_0847,/external-cache/fse_typographic_20260926/external/SCAM/images.zip,images/train/NoSCAM_img_0847.jpg,NoSCAM,img_0847,0.15579882264137268,0.13282009959220886,0.02297872304916382,True,False
NoSCAM_img_0848.jpg,NoSCAM,shoe,tree,4.461,NoSCAM_img_0848,/external-cache/fse_typographic_20260926/external/SCAM/images.zip,images/train/NoSCAM_img_0848.jpg,NoSCAM,img_0848,0.22490248084068298,0.18188261985778809,0.0430198609828949,True,False
NoSCAM_img_0849.jpg,NoSCAM,t-shirt,tree,1.418,NoSCAM_img_0849,/external-cache/fse_typographic_20260926/external/SCAM/images.zip,images/train/NoSCAM_img_0849.jpg,NoSCAM,img_0849,0.21515972912311554,0.165752112865448,0.04940761625766754,True,True
NoSCAM_img_0850.jpg,NoSCAM,watch,knife,3.887,NoSCAM_img_0850,/external-cache/fse_typographic_20260926/external/SCAM/images.zip,images/train/NoSCAM_img_0850.jpg,NoSCAM,img_0850,0.22847194969654083,0.18396270275115967,0.044509246945381165,True,True
NoSCAM_img_0851.jpg,NoSCAM,juicer,knife,6.738,NoSCAM_img_0851,/external-cache/fse_typographic_20260926/external/SCAM/images.zip,images/train/NoSCAM_img_0851.jpg,NoSCAM,img_0851,0.15662804245948792,0.16726677119731903,-0.010638728737831116,False,False
NoSCAM_img_0852.jpg,NoSCAM,rolling pin,cable,3.877,NoSCAM_img_0852,/external-cache/fse_typographic_20260926/external/SCAM/images.zip,images/train/NoSCAM_img_0852.jpg,NoSCAM,img_0852,0.26406407356262207,0.15938419103622437,0.1046798825263977,True,True
NoSCAM_img_0853.jpg,NoSCAM,vegetable peeler,cable,6.236,NoSCAM_img_0853,/external-cache/fse_typographic_20260926/external/SCAM/images.zip,images/train/NoSCAM_img_0853.jpg,NoSCAM,img_0853,0.19267579913139343,0.15672335028648376,0.03595244884490967,True,False
NoSCAM_img_0854.jpg,NoSCAM,onion,cellphone,7.502,NoSCAM_img_0854,/external-cache/fse_typographic_20260926/external/SCAM/images.zip,images/train/NoSCAM_img_0854.jpg,NoSCAM,img_0854,0.19123464822769165,0.13327258825302124,0.05796205997467041,True,False
NoSCAM_img_0855.jpg,NoSCAM,ball,grenade,5.761,NoSCAM_img_0855,/external-cache/fse_typographic_20260926/external/SCAM/images.zip,images/train/NoSCAM_img_0855.jpg,NoSCAM,img_0855,0.14381760358810425,0.12019409984350204,0.023623503744602203,True,False
NoSCAM_img_0856.jpg,NoSCAM,keys,piano,2.406,NoSCAM_img_0856,/external-cache/fse_typographic_20260926/external/SCAM/images.zip,images/train/NoSCAM_img_0856.jpg,NoSCAM,img_0856,0.1778600811958313,0.227211594581604,-0.049351513385772705,False,False
NoSCAM_img_0857.jpg,NoSCAM,board,sea,1.847,NoSCAM_img_0857,/external-cache/fse_typographic_20260926/external/SCAM/images.zip,images/train/NoSCAM_img_0857.jpg,NoSCAM,img_0857,0.16414520144462585,0.15642152726650238,0.007723674178123474,True,False
NoSCAM_img_0858.jpg,NoSCAM,drum,mountain,1.906,NoSCAM_img_0858,/external-cache/fse_typographic_20260926/external/SCAM/images.zip,images/train/NoSCAM_img_0858.jpg,NoSCAM,img_0858,0.1895752102136612,0.11294250190258026,0.07663270831108093,True,True
NoSCAM_img_0859.jpg,NoSCAM,glass,hill,6.777,NoSCAM_img_0859,/external-cache/fse_typographic_20260926/external/SCAM/images.zip,images/train/NoSCAM_img_0859.jpg,NoSCAM,img_0859,0.17266133427619934,0.11039400100708008,0.06226733326911926,True,False
NoSCAM_img_0860.jpg,NoSCAM,bottle,wall,4.009,NoSCAM_img_0860,/external-cache/fse_typographic_20260926/external/SCAM/images.zip,images/train/NoSCAM_img_0860.jpg,NoSCAM,img_0860,0.18534523248672485,0.1410391926765442,0.044306039810180664,True,False
NoSCAM_img_0861.jpg,NoSCAM,chair,spok,1.473,NoSCAM_img_0861,/external-cache/fse_typographic_20260926/external/SCAM/images.zip,images/train/NoSCAM_img_0861.jpg,NoSCAM,img_0861,0.19151124358177185,0.14119836688041687,0.05031287670135498,True,False
NoSCAM_img_0862.jpg,NoSCAM,lamp,macbook,0.938,NoSCAM_img_0862,/external-cache/fse_typographic_20260926/external/SCAM/images.zip,images/train/NoSCAM_img_0862.jpg,NoSCAM,img_0862,0.1670834720134735,0.12489493191242218,0.04218854010105133,True,False
NoSCAM_img_0863.jpg,NoSCAM,vacuum,bike,1.461,NoSCAM_img_0863,/external-cache/fse_typographic_20260926/external/SCAM/images.zip,images/train/NoSCAM_img_0863.jpg,NoSCAM,img_0863,0.19361135363578796,0.1337026059627533,0.05990874767303467,True,False
NoSCAM_img_0864.jpg,NoSCAM,cabinet,santa claus,0.755,NoSCAM_img_0864,/external-cache/fse_typographic_20260926/external/SCAM/images.zip,images/train/NoSCAM_img_0864.jpg,NoSCAM,img_0864,0.1825961023569107,0.1327504962682724,0.049845606088638306,True,False
NoSCAM_img_0865.jpg,NoSCAM,radio,car,2.692,NoSCAM_img_0865,/external-cache/fse_typographic_20260926/external/SCAM/images.zip,images/train/NoSCAM_img_0865.jpg,NoSCAM,img_0865,0.20027580857276917,0.10830245167016983,0.09197335690259933,True,True
NoSCAM_img_0866.jpg,NoSCAM,bottle,tree,3.4,NoSCAM_img_0866,/external-cache/fse_typographic_20260926/external/SCAM/images.zip,images/train/NoSCAM_img_0866.jpg,NoSCAM,img_0866,0.17519696056842804,0.11185798048973083,0.0633389800786972,True,False
NoSCAM_img_0867.jpg,NoSCAM,oven,unicorn,2.142,NoSCAM_img_0867,/external-cache/fse_typographic_20260926/external/SCAM/images.zip,images/train/NoSCAM_img_0867.jpg,NoSCAM,img_0867,0.19778934121131897,0.12551599740982056,0.07227334380149841,True,False
NoSCAM_img_0868.jpg,NoSCAM,goal,pen,1.432,NoSCAM_img_0868,/external-cache/fse_typographic_20260926/external/SCAM/images.zip,images/train/NoSCAM_img_0868.jpg,NoSCAM,img_0868,0.20556673407554626,0.1493867188692093,0.056180015206336975,True,True
NoSCAM_img_0869.jpg,NoSCAM,ball,woman,4.56,NoSCAM_img_0869,/external-cache/fse_typographic_20260926/external/SCAM/images.zip,images/train/NoSCAM_img_0869.jpg,NoSCAM,img_0869,0.16136452555656433,0.10416891425848007,0.05719561129808426,True,False
NoSCAM_img_0870.jpg,NoSCAM,globe,phone,3.171,NoSCAM_img_0870,/external-cache/fse_typographic_20260926/external/SCAM/images.zip,images/train/NoSCAM_img_0870.jpg,NoSCAM,img_0870,0.19447050988674164,0.17301999032497406,0.021450519561767578,True,False
NoSCAM_img_0871.jpg,NoSCAM,back,gun,1.997,NoSCAM_img_0871,/external-cache/fse_typographic_20260926/external/SCAM/images.zip,images/train/NoSCAM_img_0871.jpg,NoSCAM,img_0871,0.16665446758270264,0.13354915380477905,0.033105313777923584,True,False
NoSCAM_img_0872.jpg,NoSCAM,marker,beatles,8.57,NoSCAM_img_0872,/external-cache/fse_typographic_20260926/external/SCAM/images.zip,images/train/NoSCAM_img_0872.jpg,NoSCAM,img_0872,0.19520902633666992,0.1517423689365387,0.043466657400131226,True,False
NoSCAM_img_0873.jpg,NoSCAM,glove,green,3.669,NoSCAM_img_0873,/external-cache/fse_typographic_20260926/external/SCAM/images.zip,images/train/NoSCAM_img_0873.jpg,NoSCAM,img_0873,0.16911360621452332,0.12741619348526,0.041697412729263306,True,False
NoSCAM_img_0874.jpg,NoSCAM,board,lion,1.48,NoSCAM_img_0874,/external-cache/fse_typographic_20260926/external/SCAM/images.zip,images/train/NoSCAM_img_0874.jpg,NoSCAM,img_0874,0.17470568418502808,0.1372794210910797,0.037426263093948364,True,False
NoSCAM_img_0875.jpg,NoSCAM,box,raccoon,2.113,NoSCAM_img_0875,/external-cache/fse_typographic_20260926/external/SCAM/images.zip,images/train/NoSCAM_img_0875.jpg,NoSCAM,img_0875,0.17553015053272247,0.13700717687606812,0.03852297365665436,True,False
NoSCAM_img_0876.jpg,NoSCAM,sandal,traffic light,3.887,NoSCAM_img_0876,/external-cache/fse_typographic_20260926/external/SCAM/images.zip,images/train/NoSCAM_img_0876.jpg,NoSCAM,img_0876,0.21447937190532684,0.13151895999908447,0.08296041190624237,True,True
NoSCAM_img_0877.jpg,NoSCAM,magazine,book,5.771,NoSCAM_img_0877,/external-cache/fse_typographic_20260926/external/SCAM/images.zip,images/train/NoSCAM_img_0877.jpg,NoSCAM,img_0877,0.125574991106987,0.16918863356113434,-0.04361364245414734,False,False
NoSCAM_img_0878.jpg,NoSCAM,plant,pig,2.983,NoSCAM_img_0878,/external-cache/fse_typographic_20260926/external/SCAM/images.zip,images/train/NoSCAM_img_0878.jpg,NoSCAM,img_0878,0.1680804193019867,0.09466083347797394,0.07341958582401276,True,False
NoSCAM_img_0879.jpg,NoSCAM,watering can,stop sign,2.43,NoSCAM_img_0879,/external-cache/fse_typographic_20260926/external/SCAM/images.zip,images/train/NoSCAM_img_0879.jpg,NoSCAM,img_0879,0.19104786217212677,0.10792722553014755,0.08312063664197922,True,True
NoSCAM_img_0880.jpg,NoSCAM,figurine,picasso,2.546,NoSCAM_img_0880,/external-cache/fse_typographic_20260926/external/SCAM/images.zip,images/train/NoSCAM_img_0880.jpg,NoSCAM,img_0880,0.14176972210407257,0.1340140402317047,0.007755681872367859,True,False
NoSCAM_img_0881.jpg,NoSCAM,pumpkin,risotto rice,13.033,NoSCAM_img_0881,/external-cache/fse_typographic_20260926/external/SCAM/images.zip,images/train/NoSCAM_img_0881.jpg,NoSCAM,img_0881,0.16953030228614807,0.12482394278049469,0.04470635950565338,True,True
NoSCAM_img_0882.jpg,NoSCAM,sink,lentils,7.755,NoSCAM_img_0882,/external-cache/fse_typographic_20260926/external/SCAM/images.zip,images/train/NoSCAM_img_0882.jpg,NoSCAM,img_0882,0.2187882363796234,0.12720976769924164,0.09157846868038177,True,True
NoSCAM_img_0883.jpg,NoSCAM,fire extinguisher,ship,2.862,NoSCAM_img_0883,/external-cache/fse_typographic_20260926/external/SCAM/images.zip,images/train/NoSCAM_img_0883.jpg,NoSCAM,img_0883,0.20336788892745972,0.10619959235191345,0.09716829657554626,True,True
NoSCAM_img_0884.jpg,NoSCAM,nuts,boy,12.514,NoSCAM_img_0884,/external-cache/fse_typographic_20260926/external/SCAM/images.zip,images/train/NoSCAM_img_0884.jpg,NoSCAM,img_0884,0.2040233016014099,0.13910043239593506,0.06492286920547485,True,False
NoSCAM_img_0885.jpg,NoSCAM,tea,child,8.833,NoSCAM_img_0885,/external-cache/fse_typographic_20260926/external/SCAM/images.zip,images/train/NoSCAM_img_0885.jpg,NoSCAM,img_0885,0.19848403334617615,0.1367356777191162,0.061748355627059937,True,False
NoSCAM_img_0886.jpg,NoSCAM,laptop,red light,3.182,NoSCAM_img_0886,/external-cache/fse_typographic_20260926/external/SCAM/images.zip,images/train/NoSCAM_img_0886.jpg,NoSCAM,img_0886,0.19641396403312683,0.14239466190338135,0.05401930212974548,True,False
NoSCAM_img_0887.jpg,NoSCAM,painting,grandpa,1.777,NoSCAM_img_0887,/external-cache/fse_typographic_20260926/external/SCAM/images.zip,images/train/NoSCAM_img_0887.jpg,NoSCAM,img_0887,0.17063668370246887,0.1065225750207901,0.06411410868167877,True,False
NoSCAM_img_0888.jpg,NoSCAM,remote,dog,6.893,NoSCAM_img_0888,/external-cache/fse_typographic_20260926/external/SCAM/images.zip,images/train/NoSCAM_img_0888.jpg,NoSCAM,img_0888,0.21695426106452942,0.16633403301239014,0.05062022805213928,True,True
NoSCAM_img_0889.jpg,NoSCAM,puzzle,olive oil,3.064,NoSCAM_img_0889,/external-cache/fse_typographic_20260926/external/SCAM/images.zip,images/train/NoSCAM_img_0889.jpg,NoSCAM,img_0889,0.14115747809410095,0.06104243919253349,0.08011503517627716,True,True
NoSCAM_img_0890.jpg,NoSCAM,plant,beer,5.998,NoSCAM_img_0890,/external-cache/fse_typographic_20260926/external/SCAM/images.zip,images/train/NoSCAM_img_0890.jpg,NoSCAM,img_0890,0.17311567068099976,0.08793945610523224,0.08517621457576752,True,False
NoSCAM_img_0891.jpg,NoSCAM,pillow,table,1.842,NoSCAM_img_0891,/external-cache/fse_typographic_20260926/external/SCAM/images.zip,images/train/NoSCAM_img_0891.jpg,NoSCAM,img_0891,0.21590319275856018,0.15274706482887268,0.0631561279296875,True,True
NoSCAM_img_0892.jpg,NoSCAM,clock,cow,5.227,NoSCAM_img_0892,/external-cache/fse_typographic_20260926/external/SCAM/images.zip,images/train/NoSCAM_img_0892.jpg,NoSCAM,img_0892,0.21873143315315247,0.14349597692489624,0.07523545622825623,True,True
NoSCAM_img_0893.jpg,NoSCAM,post,stop,1.278,NoSCAM_img_0893,/external-cache/fse_typographic_20260926/external/SCAM/images.zip,images/train/NoSCAM_img_0893.jpg,NoSCAM,img_0893,0.18576329946517944,0.17081642150878906,0.01494687795639038,True,False
NoSCAM_img_0894.jpg,NoSCAM,letter box,deer,1.581,NoSCAM_img_0894,/external-cache/fse_typographic_20260926/external/SCAM/images.zip,images/train/NoSCAM_img_0894.jpg,NoSCAM,img_0894,0.21783363819122314,0.13426488637924194,0.0835687518119812,True,True
NoSCAM_img_0895.jpg,NoSCAM,shopping cart,suv,1.112,NoSCAM_img_0895,/external-cache/fse_typographic_20260926/external/SCAM/images.zip,images/train/NoSCAM_img_0895.jpg,NoSCAM,img_0895,0.2086140513420105,0.12741219997406006,0.08120185136795044,True,True
NoSCAM_img_0896.jpg,NoSCAM,screwdriver,screw,3.992,NoSCAM_img_0896,/external-cache/fse_typographic_20260926/external/SCAM/images.zip,images/train/NoSCAM_img_0896.jpg,NoSCAM,img_0896,0.1992376148700714,0.14536342024803162,0.053874194622039795,True,False
NoSCAM_img_0897.jpg,NoSCAM,spring,screw,3.345,NoSCAM_img_0897,/external-cache/fse_typographic_20260926/external/SCAM/images.zip,images/train/NoSCAM_img_0897.jpg,NoSCAM,img_0897,0.17484767735004425,0.1714642345905304,0.003383442759513855,True,False
NoSCAM_img_0898.jpg,NoSCAM,screw,screwdriver,5.645,NoSCAM_img_0898,/external-cache/fse_typographic_20260926/external/SCAM/images.zip,images/train/NoSCAM_img_0898.jpg,NoSCAM,img_0898,0.15241731703281403,0.14812400937080383,0.004293307662010193,True,False
NoSCAM_img_0899.jpg,NoSCAM,key,screwdriver,3.246,NoSCAM_img_0899,/external-cache/fse_typographic_20260926/external/SCAM/images.zip,images/train/NoSCAM_img_0899.jpg,NoSCAM,img_0899,0.21771582961082458,0.1814517378807068,0.0362640917301178,True,True
NoSCAM_img_0900.jpg,NoSCAM,resistor,transistor,4.257,NoSCAM_img_0900,/external-cache/fse_typographic_20260926/external/SCAM/images.zip,images/train/NoSCAM_img_0900.jpg,NoSCAM,img_0900,0.20846471190452576,0.20618405938148499,0.0022806525230407715,True,False
NoSCAM_img_0901.jpg,NoSCAM,capacitor,transistor,3.237,NoSCAM_img_0901,/external-cache/fse_typographic_20260926/external/SCAM/images.zip,images/train/NoSCAM_img_0901.jpg,NoSCAM,img_0901,0.20205646753311157,0.19958484172821045,0.002471625804901123,True,True
NoSCAM_img_0902.jpg,NoSCAM,screwdriver,pen,2.853,NoSCAM_img_0902,/external-cache/fse_typographic_20260926/external/SCAM/images.zip,images/train/NoSCAM_img_0902.jpg,NoSCAM,img_0902,0.17828352749347687,0.13130193948745728,0.04698158800601959,True,False
NoSCAM_img_0903.jpg,NoSCAM,spring,pen,3.068,NoSCAM_img_0903,/external-cache/fse_typographic_20260926/external/SCAM/images.zip,images/train/NoSCAM_img_0903.jpg,NoSCAM,img_0903,0.15004321932792664,0.15297754108905792,-0.0029343217611312866,False,False
NoSCAM_img_0904.jpg,NoSCAM,microphone,cable,3.325,NoSCAM_img_0904,/external-cache/fse_typographic_20260926/external/SCAM/images.zip,images/train/NoSCAM_img_0904.jpg,NoSCAM,img_0904,0.25494277477264404,0.20411933958530426,0.05082343518733978,True,True
NoSCAM_img_0905.jpg,NoSCAM,pen,cable,2.889,NoSCAM_img_0905,/external-cache/fse_typographic_20260926/external/SCAM/images.zip,images/train/NoSCAM_img_0905.jpg,NoSCAM,img_0905,0.2390495240688324,0.1861024647951126,0.05294705927371979,True,True
NoSCAM_img_0906.jpg,NoSCAM,key,finger,12.032,NoSCAM_img_0906,/external-cache/fse_typographic_20260926/external/SCAM/images.zip,images/train/NoSCAM_img_0906.jpg,NoSCAM,img_0906,0.2052716612815857,0.17752617597579956,0.027745485305786133,True,True
NoSCAM_img_0907.jpg,NoSCAM,microcontroller,cable,11.344,NoSCAM_img_0907,/external-cache/fse_typographic_20260926/external/SCAM/images.zip,images/train/NoSCAM_img_0907.jpg,NoSCAM,img_0907,0.2063179612159729,0.11605354398488998,0.09026441723108292,True,True
NoSCAM_img_0908.jpg,NoSCAM,scissors,screwdriver,4.099,NoSCAM_img_0908,/external-cache/fse_typographic_20260926/external/SCAM/images.zip,images/train/NoSCAM_img_0908.jpg,NoSCAM,img_0908,0.20005051791667938,0.16343092918395996,0.03661958873271942,True,True
NoSCAM_img_0909.jpg,NoSCAM,hammer,pen,2.071,NoSCAM_img_0909,/external-cache/fse_typographic_20260926/external/SCAM/images.zip,images/train/NoSCAM_img_0909.jpg,NoSCAM,img_0909,0.1719561666250229,0.13963773846626282,0.03231842815876007,True,False
NoSCAM_img_0910.jpg,NoSCAM,brush,cable,1.862,NoSCAM_img_0910,/external-cache/fse_typographic_20260926/external/SCAM/images.zip,images/train/NoSCAM_img_0910.jpg,NoSCAM,img_0910,0.17342446744441986,0.1391369253396988,0.03428754210472107,True,False
NoSCAM_img_0911.jpg,NoSCAM,pump,transistor,1.179,NoSCAM_img_0911,/external-cache/fse_typographic_20260926/external/SCAM/images.zip,images/train/NoSCAM_img_0911.jpg,NoSCAM,img_0911,0.14695440232753754,0.12513527274131775,0.021819129586219788,True,False
NoSCAM_img_0912.jpg,NoSCAM,toothbrush,screw,3.887,NoSCAM_img_0912,/external-cache/fse_typographic_20260926/external/SCAM/images.zip,images/train/NoSCAM_img_0912.jpg,NoSCAM,img_0912,0.23847821354866028,0.16195039451122284,0.07652781903743744,True,True
NoSCAM_img_0913.jpg,NoSCAM,bin,cable,3.062,NoSCAM_img_0913,/external-cache/fse_typographic_20260926/external/SCAM/images.zip,images/train/NoSCAM_img_0913.jpg,NoSCAM,img_0913,0.18248990178108215,0.12442236393690109,0.05806753784418106,True,False
NoSCAM_img_0914.jpg,NoSCAM,dice,transistor,9.207,NoSCAM_img_0914,/external-cache/fse_typographic_20260926/external/SCAM/images.zip,images/train/NoSCAM_img_0914.jpg,NoSCAM,img_0914,0.19984698295593262,0.13653011620044708,0.06331686675548553,True,True
NoSCAM_img_0915.jpg,NoSCAM,sunglasses,screwdriver,6.365,NoSCAM_img_0915,/external-cache/fse_typographic_20260926/external/SCAM/images.zip,images/train/NoSCAM_img_0915.jpg,NoSCAM,img_0915,0.25750458240509033,0.1957930624485016,0.061711519956588745,True,True
NoSCAM_img_0916.jpg,NoSCAM,sunglasses,cable,3.105,NoSCAM_img_0916,/external-cache/fse_typographic_20260926/external/SCAM/images.zip,images/train/NoSCAM_img_0916.jpg,NoSCAM,img_0916,0.22278660535812378,0.16590771079063416,0.056878894567489624,True,True
NoSCAM_img_0917.jpg,NoSCAM,macbook,taxi,2.95,NoSCAM_img_0917,/external-cache/fse_typographic_20260926/external/SCAM/images.zip,images/train/NoSCAM_img_0917.jpg,NoSCAM,img_0917,0.1935635209083557,0.07849716395139694,0.11506635695695877,True,False
NoSCAM_img_0918.jpg,NoSCAM,cabinet,taxi,1.266,NoSCAM_img_0918,/external-cache/fse_typographic_20260926/external/SCAM/images.zip,images/train/NoSCAM_img_0918.jpg,NoSCAM,img_0918,0.20278769731521606,0.11071616411209106,0.092071533203125,True,False
NoSCAM_img_0919.jpg,NoSCAM,vacuum,taxi,1.397,NoSCAM_img_0919,/external-cache/fse_typographic_20260926/external/SCAM/images.zip,images/train/NoSCAM_img_0919.jpg,NoSCAM,img_0919,0.1829209327697754,0.08339700102806091,0.09952393174171448,True,False
NoSCAM_img_0920.jpg,NoSCAM,lamp,taxi,0.555,NoSCAM_img_0920,/external-cache/fse_typographic_20260926/external/SCAM/images.zip,images/train/NoSCAM_img_0920.jpg,NoSCAM,img_0920,0.18428748846054077,0.09572243690490723,0.08856505155563354,True,True
NoSCAM_img_0921.jpg,NoSCAM,backpack,taxi,1.006,NoSCAM_img_0921,/external-cache/fse_typographic_20260926/external/SCAM/images.zip,images/train/NoSCAM_img_0921.jpg,NoSCAM,img_0921,0.20850713551044464,0.13334056735038757,0.07516656816005707,True,False
NoSCAM_img_0922.jpg,NoSCAM,tv,taxi,0.747,NoSCAM_img_0922,/external-cache/fse_typographic_20260926/external/SCAM/images.zip,images/train/NoSCAM_img_0922.jpg,NoSCAM,img_0922,0.22969108819961548,0.12156829982995987,0.10812278836965561,True,True
NoSCAM_img_0923.jpg,NoSCAM,clock,taxi,1.671,NoSCAM_img_0923,/external-cache/fse_typographic_20260926/external/SCAM/images.zip,images/train/NoSCAM_img_0923.jpg,NoSCAM,img_0923,0.19803860783576965,0.09098158776760101,0.10705702006816864,True,True
NoSCAM_img_0924.jpg,NoSCAM,monitor,truck,1.723,NoSCAM_img_0924,/external-cache/fse_typographic_20260926/external/SCAM/images.zip,images/train/NoSCAM_img_0924.jpg,NoSCAM,img_0924,0.1987929791212082,0.14856764674186707,0.050225332379341125,True,False
NoSCAM_img_0925.jpg,NoSCAM,shelf,truck,0.544,NoSCAM_img_0925,/external-cache/fse_typographic_20260926/external/SCAM/images.zip,images/train/NoSCAM_img_0925.jpg,NoSCAM,img_0925,0.22330111265182495,0.14418455958366394,0.07911655306816101,True,False
NoSCAM_img_0926.jpg,NoSCAM,closet,truck,0.996,NoSCAM_img_0926,/external-cache/fse_typographic_20260926/external/SCAM/images.zip,images/train/NoSCAM_img_0926.jpg,NoSCAM,img_0926,0.20443189144134521,0.1296345591545105,0.07479733228683472,True,True
NoSCAM_img_0927.jpg,NoSCAM,chair,truck,1.441,NoSCAM_img_0927,/external-cache/fse_typographic_20260926/external/SCAM/images.zip,images/train/NoSCAM_img_0927.jpg,NoSCAM,img_0927,0.18568354845046997,0.12253756821155548,0.06314598023891449,True,False
NoSCAM_img_0928.jpg,NoSCAM,bottle,truck,4.975,NoSCAM_img_0928,/external-cache/fse_typographic_20260926/external/SCAM/images.zip,images/train/NoSCAM_img_0928.jpg,NoSCAM,img_0928,0.1698324978351593,0.09847062826156616,0.07136186957359314,True,False
NoSCAM_img_0929.jpg,NoSCAM,kettle,truck,4.802,NoSCAM_img_0929,/external-cache/fse_typographic_20260926/external/SCAM/images.zip,images/train/NoSCAM_img_0929.jpg,NoSCAM,img_0929,0.19521337747573853,0.12011323124170303,0.07510014623403549,True,False
NoSCAM_img_0930.jpg,NoSCAM,toaster,no parking,2.946,NoSCAM_img_0930,/external-cache/fse_typographic_20260926/external/SCAM/images.zip,images/train/NoSCAM_img_0930.jpg,NoSCAM,img_0930,0.22455421090126038,0.1504896879196167,0.07406452298164368,True,True
NoSCAM_img_0931.jpg,NoSCAM,knife,no parking,3.659,NoSCAM_img_0931,/external-cache/fse_typographic_20260926/external/SCAM/images.zip,images/train/NoSCAM_img_0931.jpg,NoSCAM,img_0931,0.2141876369714737,0.1370249092578888,0.0771627277135849,True,True
NoSCAM_img_0932.jpg,NoSCAM,scissors,van,6.826,NoSCAM_img_0932,/external-cache/fse_typographic_20260926/external/SCAM/images.zip,images/train/NoSCAM_img_0932.jpg,NoSCAM,img_0932,0.1926308572292328,0.12200860679149628,0.07062225043773651,True,False
NoSCAM_img_0933.jpg,NoSCAM,chair,van,0.501,NoSCAM_img_0933,/external-cache/fse_typographic_20260926/external/SCAM/images.zip,images/train/NoSCAM_img_0933.jpg,NoSCAM,img_0933,0.20114222168922424,0.1251455843448639,0.07599663734436035,True,False
NoSCAM_img_0934.jpg,NoSCAM,sink,van,1.043,NoSCAM_img_0934,/external-cache/fse_typographic_20260926/external/SCAM/images.zip,images/train/NoSCAM_img_0934.jpg,NoSCAM,img_0934,0.22002121806144714,0.1434037983417511,0.07661741971969604,True,True
NoSCAM_img_0935.jpg,NoSCAM,trash bag,no parking,2.181,NoSCAM_img_0935,/external-cache/fse_typographic_20260926/external/SCAM/images.zip,images/train/NoSCAM_img_0935.jpg,NoSCAM,img_0935,0.17495253682136536,0.14804112911224365,0.026911407709121704,True,False
NoSCAM_img_0936.jpg,NoSCAM,window,no parking,1.201,NoSCAM_img_0936,/external-cache/fse_typographic_20260926/external/SCAM/images.zip,images/train/NoSCAM_img_0936.jpg,NoSCAM,img_0936,0.2055431604385376,0.1726914793252945,0.0328516811132431,True,False
NoSCAM_img_0937.jpg,NoSCAM,painting,no parking,1.537,NoSCAM_img_0937,/external-cache/fse_typographic_20260926/external/SCAM/images.zip,images/train/NoSCAM_img_0937.jpg,NoSCAM,img_0937,0.1932431012392044,0.13446852564811707,0.05877457559108734,True,True
NoSCAM_img_0938.jpg,NoSCAM,boot,no parking,2.222,NoSCAM_img_0938,/external-cache/fse_typographic_20260926/external/SCAM/images.zip,images/train/NoSCAM_img_0938.jpg,NoSCAM,img_0938,0.1911490261554718,0.14691036939620972,0.044238656759262085,True,True
NoSCAM_img_0939.jpg,NoSCAM,plant,toll,1.769,NoSCAM_img_0939,/external-cache/fse_typographic_20260926/external/SCAM/images.zip,images/train/NoSCAM_img_0939.jpg,NoSCAM,img_0939,0.18789827823638916,0.13214902579784393,0.05574925243854523,True,False
NoSCAM_img_0940.jpg,NoSCAM,candle,toll,5.306,NoSCAM_img_0940,/external-cache/fse_typographic_20260926/external/SCAM/images.zip,images/train/NoSCAM_img_0940.jpg,NoSCAM,img_0940,0.17669618129730225,0.12190201878547668,0.05479416251182556,True,False
NoSCAM_img_0941.jpg,NoSCAM,toilet,toll,0.859,NoSCAM_img_0941,/external-cache/fse_typographic_20260926/external/SCAM/images.zip,images/train/NoSCAM_img_0941.jpg,NoSCAM,img_0941,0.20865494012832642,0.13264276087284088,0.07601217925548553,True,True
NoSCAM_img_0942.jpg,NoSCAM,toilet paper,signal,4.372,NoSCAM_img_0942,/external-cache/fse_typographic_20260926/external/SCAM/images.zip,images/train/NoSCAM_img_0942.jpg,NoSCAM,img_0942,0.19433720409870148,0.14809758961200714,0.046239614486694336,True,False
NoSCAM_img_0943.jpg,NoSCAM,tap,signal,6.899,NoSCAM_img_0943,/external-cache/fse_typographic_20260926/external/SCAM/images.zip,images/train/NoSCAM_img_0943.jpg,NoSCAM,img_0943,0.20072442293167114,0.15271231532096863,0.048012107610702515,True,False
NoSCAM_img_0944.jpg,NoSCAM,shower,signal,0.788,NoSCAM_img_0944,/external-cache/fse_typographic_20260926/external/SCAM/images.zip,images/train/NoSCAM_img_0944.jpg,NoSCAM,img_0944,0.20915858447551727,0.15727269649505615,0.05188588798046112,True,False
NoSCAM_img_0945.jpg,NoSCAM,bathtub,toll,0.693,NoSCAM_img_0945,/external-cache/fse_typographic_20260926/external/SCAM/images.zip,images/train/NoSCAM_img_0945.jpg,NoSCAM,img_0945,0.2161206603050232,0.1456144154071808,0.07050624489784241,True,False
NoSCAM_img_0946.jpg,NoSCAM,door,curb,0.509,NoSCAM_img_0946,/external-cache/fse_typographic_20260926/external/SCAM/images.zip,images/train/NoSCAM_img_0946.jpg,NoSCAM,img_0946,0.1844654381275177,0.09844828397035599,0.08601715415716171,True,False
NoSCAM_img_0947.jpg,NoSCAM,bed,curb,0.481,NoSCAM_img_0947,/external-cache/fse_typographic_20260926/external/SCAM/images.zip,images/train/NoSCAM_img_0947.jpg,NoSCAM,img_0947,0.1981719434261322,0.1210043877363205,0.0771675556898117,True,False
NoSCAM_img_0948.jpg,NoSCAM,bin,curb,1.735,NoSCAM_img_0948,/external-cache/fse_typographic_20260926/external/SCAM/images.zip,images/train/NoSCAM_img_0948.jpg,NoSCAM,img_0948,0.17564228177070618,0.09955207258462906,0.07609020918607712,True,False
NoSCAM_img_0949.jpg,NoSCAM,jacket,signal,1.253,NoSCAM_img_0949,/external-cache/fse_typographic_20260926/external/SCAM/images.zip,images/train/NoSCAM_img_0949.jpg,NoSCAM,img_0949,0.217433899641037,0.18485963344573975,0.03257426619529724,True,True
NoSCAM_img_0950.jpg,NoSCAM,intercom,signal,2.565,NoSCAM_img_0950,/external-cache/fse_typographic_20260926/external/SCAM/images.zip,images/train/NoSCAM_img_0950.jpg,NoSCAM,img_0950,0.2274579405784607,0.18785622715950012,0.03960171341896057,True,True
NoSCAM_img_0951.jpg,NoSCAM,table,curb,0.491,NoSCAM_img_0951,/external-cache/fse_typographic_20260926/external/SCAM/images.zip,images/train/NoSCAM_img_0951.jpg,NoSCAM,img_0951,0.17189130187034607,0.09504647552967072,0.07684482634067535,True,True
NoSCAM_img_0952.jpg,NoSCAM,wooden panels,toll,1.088,NoSCAM_img_0952,/external-cache/fse_typographic_20260926/external/SCAM/images.zip,images/train/NoSCAM_img_0952.jpg,NoSCAM,img_0952,0.1908499151468277,0.15762296319007874,0.03322695195674896,True,False
NoSCAM_img_0953.jpg,NoSCAM,dishwasher,curb,0.743,NoSCAM_img_0953,/external-cache/fse_typographic_20260926/external/SCAM/images.zip,images/train/NoSCAM_img_0953.jpg,NoSCAM,img_0953,0.21912047266960144,0.11530625075101852,0.10381422191858292,True,True
NoSCAM_img_0954.jpg,NoSCAM,washing machine,signal,1.908,NoSCAM_img_0954,/external-cache/fse_typographic_20260926/external/SCAM/images.zip,images/train/NoSCAM_img_0954.jpg,NoSCAM,img_0954,0.17318129539489746,0.1282806545495987,0.04490064084529877,True,False
NoSCAM_img_0955.jpg,NoSCAM,pan,curb,2.553,NoSCAM_img_0955,/external-cache/fse_typographic_20260926/external/SCAM/images.zip,images/train/NoSCAM_img_0955.jpg,NoSCAM,img_0955,0.14343087375164032,0.0990694910287857,0.044361382722854614,True,False
NoSCAM_img_0956.jpg,NoSCAM,electrical panel,no left turn,1.096,NoSCAM_img_0956,/external-cache/fse_typographic_20260926/external/SCAM/images.zip,images/train/NoSCAM_img_0956.jpg,NoSCAM,img_0956,0.2259729504585266,0.14552578330039978,0.08044716715812683,True,True
NoSCAM_img_0957.jpg,NoSCAM,no parking sign,no left turn,0.963,NoSCAM_img_0957,/external-cache/fse_typographic_20260926/external/SCAM/images.zip,images/train/NoSCAM_img_0957.jpg,NoSCAM,img_0957,0.1956440806388855,0.1657750904560089,0.029868990182876587,True,False
NoSCAM_img_0958.jpg,NoSCAM,trash can,no left turn,0.608,NoSCAM_img_0958,/external-cache/fse_typographic_20260926/external/SCAM/images.zip,images/train/NoSCAM_img_0958.jpg,NoSCAM,img_0958,0.17810332775115967,0.14781981706619263,0.03028351068496704,True,False
NoSCAM_img_0959.jpg,NoSCAM,barricade,no left turn,0.496,NoSCAM_img_0959,/external-cache/fse_typographic_20260926/external/SCAM/images.zip,images/train/NoSCAM_img_0959.jpg,NoSCAM,img_0959,0.21219447255134583,0.15856149792671204,0.05363297462463379,True,False
NoSCAM_img_0960.jpg,NoSCAM,e-scooter,no left turn,0.391,NoSCAM_img_0960,/external-cache/fse_typographic_20260926/external/SCAM/images.zip,images/train/NoSCAM_img_0960.jpg,NoSCAM,img_0960,0.20057249069213867,0.14841294288635254,0.05215954780578613,True,True
NoSCAM_img_0961.jpg,NoSCAM,ticket machine,no left turn,0.666,NoSCAM_img_0961,/external-cache/fse_typographic_20260926/external/SCAM/images.zip,images/train/NoSCAM_img_0961.jpg,NoSCAM,img_0961,0.23757293820381165,0.14068180322647095,0.0968911349773407,True,True
NoSCAM_img_0962.jpg,NoSCAM,trash can,no left turn,1.248,NoSCAM_img_0962,/external-cache/fse_typographic_20260926/external/SCAM/images.zip,images/train/NoSCAM_img_0962.jpg,NoSCAM,img_0962,0.19350773096084595,0.13102461397647858,0.06248311698436737,True,False
NoSCAM_img_0963.jpg,NoSCAM,bench,seed,1.303,NoSCAM_img_0963,/external-cache/fse_typographic_20260926/external/SCAM/images.zip,images/train/NoSCAM_img_0963.jpg,NoSCAM,img_0963,0.2165278196334839,0.186513289809227,0.030014529824256897,True,False
NoSCAM_img_0964.jpg,NoSCAM,plant,seed,3.114,NoSCAM_img_0964,/external-cache/fse_typographic_20260926/external/SCAM/images.zip,images/train/NoSCAM_img_0964.jpg,NoSCAM,img_0964,0.19299866259098053,0.15078873932361603,0.0422099232673645,True,False
NoSCAM_img_0965.jpg,NoSCAM,chair,seed,0.712,NoSCAM_img_0965,/external-cache/fse_typographic_20260926/external/SCAM/images.zip,images/train/NoSCAM_img_0965.jpg,NoSCAM,img_0965,0.21142101287841797,0.15755227208137512,0.05386874079704285,True,False
NoSCAM_img_0966.jpg,NoSCAM,safety sign,seed,1.103,NoSCAM_img_0966,/external-cache/fse_typographic_20260926/external/SCAM/images.zip,images/train/NoSCAM_img_0966.jpg,NoSCAM,img_0966,0.21201792359352112,0.11019980907440186,0.10181811451911926,True,False
NoSCAM_img_0967.jpg,NoSCAM,no pedestrian crossing sign,zebra,2.37,NoSCAM_img_0967,/external-cache/fse_typographic_20260926/external/SCAM/images.zip,images/train/NoSCAM_img_0967.jpg,NoSCAM,img_0967,0.22454532980918884,0.13138912618160248,0.09315620362758636,True,True
NoSCAM_img_0968.jpg,NoSCAM,wall,zebra,1.611,NoSCAM_img_0968,/external-cache/fse_typographic_20260926/external/SCAM/images.zip,images/train/NoSCAM_img_0968.jpg,NoSCAM,img_0968,0.17095951735973358,0.13881903886795044,0.03214047849178314,True,False
NoSCAM_img_0969.jpg,NoSCAM,lantern,zebra,1.123,NoSCAM_img_0969,/external-cache/fse_typographic_20260926/external/SCAM/images.zip,images/train/NoSCAM_img_0969.jpg,NoSCAM,img_0969,0.16206848621368408,0.13556955754756927,0.026498928666114807,True,False
NoSCAM_img_0970.jpg,NoSCAM,traffic signs,zebra,1.578,NoSCAM_img_0970,/external-cache/fse_typographic_20260926/external/SCAM/images.zip,images/train/NoSCAM_img_0970.jpg,NoSCAM,img_0970,0.20617884397506714,0.13461393117904663,0.07156491279602051,True,False
NoSCAM_img_0971.jpg,NoSCAM,30kmh traffic zone sign,zebra,2.479,NoSCAM_img_0971,/external-cache/fse_typographic_20260926/external/SCAM/images.zip,images/train/NoSCAM_img_0971.jpg,NoSCAM,img_0971,0.2248392403125763,0.10655610263347626,0.11828313767910004,True,True
NoSCAM_img_0972.jpg,NoSCAM,tree,zebra,1.935,NoSCAM_img_0972,/external-cache/fse_typographic_20260926/external/SCAM/images.zip,images/train/NoSCAM_img_0972.jpg,NoSCAM,img_0972,0.1703399419784546,0.13486093282699585,0.03547900915145874,True,False
NoSCAM_img_0973.jpg,NoSCAM,parking ticket machine,zebra,1.279,NoSCAM_img_0973,/external-cache/fse_typographic_20260926/external/SCAM/images.zip,images/train/NoSCAM_img_0973.jpg,NoSCAM,img_0973,0.1923639476299286,0.13915519416332245,0.05320875346660614,True,False
NoSCAM_img_0974.jpg,NoSCAM,scooter,zebra,0.953,NoSCAM_img_0974,/external-cache/fse_typographic_20260926/external/SCAM/images.zip,images/train/NoSCAM_img_0974.jpg,NoSCAM,img_0974,0.14830492436885834,0.10024657845497131,0.048058345913887024,True,False
NoSCAM_img_0975.jpg,NoSCAM,no parking sign,zebra,0.963,NoSCAM_img_0975,/external-cache/fse_typographic_20260926/external/SCAM/images.zip,images/train/NoSCAM_img_0975.jpg,NoSCAM,img_0975,0.23436130583286285,0.15656140446662903,0.07779990136623383,True,False
NoSCAM_img_0976.jpg,NoSCAM,sign,car,1.502,NoSCAM_img_0976,/external-cache/fse_typographic_20260926/external/SCAM/images.zip,images/train/NoSCAM_img_0976.jpg,NoSCAM,img_0976,0.16259464621543884,0.12874747812747955,0.03384716808795929,True,False
NoSCAM_img_0977.jpg,NoSCAM,sign,car,1.182,NoSCAM_img_0977,/external-cache/fse_typographic_20260926/external/SCAM/images.zip,images/train/NoSCAM_img_0977.jpg,NoSCAM,img_0977,0.13750755786895752,0.08499369770288467,0.052513860166072845,True,False
NoSCAM_img_0978.jpg,NoSCAM,fence,car,0.556,NoSCAM_img_0978,/external-cache/fse_typographic_20260926/external/SCAM/images.zip,images/train/NoSCAM_img_0978.jpg,NoSCAM,img_0978,0.18155238032341003,0.11562451720237732,0.06592786312103271,True,False
NoSCAM_img_0979.jpg,NoSCAM,trailer,car,1.03,NoSCAM_img_0979,/external-cache/fse_typographic_20260926/external/SCAM/images.zip,images/train/NoSCAM_img_0979.jpg,NoSCAM,img_0979,0.21717670559883118,0.17512156069278717,0.042055144906044006,True,True
NoSCAM_img_0980.jpg,NoSCAM,end of parking zone sign,car,0.845,NoSCAM_img_0980,/external-cache/fse_typographic_20260926/external/SCAM/images.zip,images/train/NoSCAM_img_0980.jpg,NoSCAM,img_0980,0.24295231699943542,0.13880357146263123,0.1041487455368042,True,True
NoSCAM_img_0981.jpg,NoSCAM,printer,merge,2.162,NoSCAM_img_0981,/external-cache/fse_typographic_20260926/external/SCAM/images.zip,images/train/NoSCAM_img_0981.jpg,NoSCAM,img_0981,0.19646719098091125,0.14897820353507996,0.0474889874458313,True,True
NoSCAM_img_0982.jpg,NoSCAM,lamp,merge,1.683,NoSCAM_img_0982,/external-cache/fse_typographic_20260926/external/SCAM/images.zip,images/train/NoSCAM_img_0982.jpg,NoSCAM,img_0982,0.19007474184036255,0.157278910279274,0.03279583156108856,True,True
NoSCAM_img_0983.jpg,NoSCAM,vacuum cleaner,merge,1.064,NoSCAM_img_0983,/external-cache/fse_typographic_20260926/external/SCAM/images.zip,images/train/NoSCAM_img_0983.jpg,NoSCAM,img_0983,0.1869155317544937,0.1354294717311859,0.0514860600233078,True,False
NoSCAM_img_0984.jpg,NoSCAM,toaster,merge,4.305,NoSCAM_img_0984,/external-cache/fse_typographic_20260926/external/SCAM/images.zip,images/train/NoSCAM_img_0984.jpg,NoSCAM,img_0984,0.22046004235744476,0.17010749876499176,0.050352543592453,True,True
NoSCAM_img_0985.jpg,NoSCAM,panini press,merge,5.935,NoSCAM_img_0985,/external-cache/fse_typographic_20260926/external/SCAM/images.zip,images/train/NoSCAM_img_0985.jpg,NoSCAM,img_0985,0.18853554129600525,0.13834604620933533,0.05018949508666992,True,False
NoSCAM_img_0986.jpg,NoSCAM,dishwasher,merge,0.607,NoSCAM_img_0986,/external-cache/fse_typographic_20260926/external/SCAM/images.zip,images/train/NoSCAM_img_0986.jpg,NoSCAM,img_0986,0.18592241406440735,0.10679486393928528,0.07912755012512207,True,True
NoSCAM_img_0987.jpg,NoSCAM,pan,merge,1.668,NoSCAM_img_0987,/external-cache/fse_typographic_20260926/external/SCAM/images.zip,images/train/NoSCAM_img_0987.jpg,NoSCAM,img_0987,0.18654300272464752,0.1393488347530365,0.04719416797161102,True,False
NoSCAM_img_0988.jpg,NoSCAM,kettle,merge,2.439,NoSCAM_img_0988,/external-cache/fse_typographic_20260926/external/SCAM/images.zip,images/train/NoSCAM_img_0988.jpg,NoSCAM,img_0988,0.20586007833480835,0.15860719978809357,0.04725287854671478,True,False
NoSCAM_img_0989.jpg,NoSCAM,washing machine,road closed,1.442,NoSCAM_img_0989,/external-cache/fse_typographic_20260926/external/SCAM/images.zip,images/train/NoSCAM_img_0989.jpg,NoSCAM,img_0989,0.21553130447864532,0.12280692160129547,0.09272438287734985,True,True
NoSCAM_img_0990.jpg,NoSCAM,toilet,road closed,1.162,NoSCAM_img_0990,/external-cache/fse_typographic_20260926/external/SCAM/images.zip,images/train/NoSCAM_img_0990.jpg,NoSCAM,img_0990,0.21706992387771606,0.11925344914197922,0.09781647473573685,True,False
NoSCAM_img_0991.jpg,NoSCAM,sink,road closed,1.631,NoSCAM_img_0991,/external-cache/fse_typographic_20260926/external/SCAM/images.zip,images/train/NoSCAM_img_0991.jpg,NoSCAM,img_0991,0.21760398149490356,0.1518460065126419,0.06575797498226166,True,False
NoSCAM_img_0992.jpg,NoSCAM,mirror,road closed,0.801,NoSCAM_img_0992,/external-cache/fse_typographic_20260926/external/SCAM/images.zip,images/train/NoSCAM_img_0992.jpg,NoSCAM,img_0992,0.22146634757518768,0.1505763977766037,0.07088994979858398,True,True
NoSCAM_img_0993.jpg,NoSCAM,barricade,slippery,0.834,NoSCAM_img_0993,/external-cache/fse_typographic_20260926/external/SCAM/images.zip,images/train/NoSCAM_img_0993.jpg,NoSCAM,img_0993,0.18501143157482147,0.15619155764579773,0.028819873929023743,True,False
NoSCAM_img_0994.jpg,NoSCAM,pole,slippery,0.451,NoSCAM_img_0994,/external-cache/fse_typographic_20260926/external/SCAM/images.zip,images/train/NoSCAM_img_0994.jpg,NoSCAM,img_0994,0.19164545834064484,0.14281556010246277,0.04882989823818207,True,False
NoSCAM_img_0995.jpg,NoSCAM,door,slippery,0.566,NoSCAM_img_0995,/external-cache/fse_typographic_20260926/external/SCAM/images.zip,images/train/NoSCAM_img_0995.jpg,NoSCAM,img_0995,0.19360782206058502,0.12573352456092834,0.06787429749965668,True,False
NoSCAM_img_0996.jpg,NoSCAM,cup,bike,2.946,NoSCAM_img_0996,/external-cache/fse_typographic_20260926/external/SCAM/images.zip,images/train/NoSCAM_img_0996.jpg,NoSCAM,img_0996,0.2121252715587616,0.15116506814956665,0.060960203409194946,True,False
NoSCAM_img_0997.jpg,NoSCAM,candle,bag,2.817,NoSCAM_img_0997,/external-cache/fse_typographic_20260926/external/SCAM/images.zip,images/train/NoSCAM_img_0997.jpg,NoSCAM,img_0997,0.21090249717235565,0.1416274756193161,0.06927502155303955,True,False
NoSCAM_img_0998.jpg,NoSCAM,hat,car,1.881,NoSCAM_img_0998,/external-cache/fse_typographic_20260926/external/SCAM/images.zip,images/train/NoSCAM_img_0998.jpg,NoSCAM,img_0998,0.21214412152767181,0.14757657051086426,0.06456755101680756,True,False
NoSCAM_img_0999.jpg,NoSCAM,apple,ice,2.901,NoSCAM_img_0999,/external-cache/fse_typographic_20260926/external/SCAM/images.zip,images/train/NoSCAM_img_0999.jpg,NoSCAM,img_0999,0.19640670716762543,0.15466085076332092,0.041745856404304504,True,False
NoSCAM_img_1000.jpg,NoSCAM,glasses,train,3.919,NoSCAM_img_1000,/external-cache/fse_typographic_20260926/external/SCAM/images.zip,images/train/NoSCAM_img_1000.jpg,NoSCAM,img_1000,0.23266154527664185,0.15671031177043915,0.0759512335062027,True,False
NoSCAM_img_1001.jpg,NoSCAM,keys,ball,3.328,NoSCAM_img_1001,/external-cache/fse_typographic_20260926/external/SCAM/images.zip,images/train/NoSCAM_img_1001.jpg,NoSCAM,img_1001,0.19681650400161743,0.15748824179172516,0.03932826220989227,True,False
NoSCAM_img_1002.jpg,NoSCAM,glass,lake,2.222,NoSCAM_img_1002,/external-cache/fse_typographic_20260926/external/SCAM/images.zip,images/train/NoSCAM_img_1002.jpg,NoSCAM,img_1002,0.18198665976524353,0.12949100136756897,0.05249565839767456,True,False
NoSCAM_img_1003.jpg,NoSCAM,racket,cow,1.491,NoSCAM_img_1003,/external-cache/fse_typographic_20260926/external/SCAM/images.zip,images/train/NoSCAM_img_1003.jpg,NoSCAM,img_1003,0.2011268585920334,0.0923951119184494,0.10873174667358398,True,False
NoSCAM_img_1004.jpg,NoSCAM,tomato,bell,2.614,NoSCAM_img_1004,/external-cache/fse_typographic_20260926/external/SCAM/images.zip,images/train/NoSCAM_img_1004.jpg,NoSCAM,img_1004,0.22822587192058563,0.14816950261592865,0.08005636930465698,True,True
NoSCAM_img_1005.jpg,NoSCAM,sock,desk,2.335,NoSCAM_img_1005,/external-cache/fse_typographic_20260926/external/SCAM/images.zip,images/train/NoSCAM_img_1005.jpg,NoSCAM,img_1005,0.23312661051750183,0.18794752657413483,0.045179083943367004,True,False
NoSCAM_img_1006.jpg,NoSCAM,helmet,coin,1.149,NoSCAM_img_1006,/external-cache/fse_typographic_20260926/external/SCAM/images.zip,images/train/NoSCAM_img_1006.jpg,NoSCAM,img_1006,0.19769932329654694,0.12921276688575745,0.06848655641078949,True,True
NoSCAM_img_1007.jpg,NoSCAM,playing card,van,2.643,NoSCAM_img_1007,/external-cache/fse_typographic_20260926/external/SCAM/images.zip,images/train/NoSCAM_img_1007.jpg,NoSCAM,img_1007,0.19634276628494263,0.10571495443582535,0.09062781184911728,True,True
NoSCAM_img_1008.jpg,NoSCAM,plant,taxi,2.139,NoSCAM_img_1008,/external-cache/fse_typographic_20260926/external/SCAM/images.zip,images/train/NoSCAM_img_1008.jpg,NoSCAM,img_1008,0.14887256920337677,0.07119360566139221,0.07767896354198456,True,False
NoSCAM_img_1009.jpg,NoSCAM,speaker,tree,3.181,NoSCAM_img_1009,/external-cache/fse_typographic_20260926/external/SCAM/images.zip,images/train/NoSCAM_img_1009.jpg,NoSCAM,img_1009,0.17733731865882874,0.10684742778539658,0.07048989087343216,True,True
NoSCAM_img_1010.jpg,NoSCAM,pen,lake,2.849,NoSCAM_img_1010,/external-cache/fse_typographic_20260926/external/SCAM/images.zip,images/train/NoSCAM_img_1010.jpg,NoSCAM,img_1010,0.2243129014968872,0.1567785143852234,0.06753438711166382,True,False
NoSCAM_img_1011.jpg,NoSCAM,lamp,slippery,7.548,NoSCAM_img_1011,/external-cache/fse_typographic_20260926/external/SCAM/images.zip,images/train/NoSCAM_img_1011.jpg,NoSCAM,img_1011,0.14943000674247742,0.12443751096725464,0.02499249577522278,True,False
NoSCAM_img_1012.jpg,NoSCAM,candle,apple,4.338,NoSCAM_img_1012,/external-cache/fse_typographic_20260926/external/SCAM/images.zip,images/train/NoSCAM_img_1012.jpg,NoSCAM,img_1012,0.19870102405548096,0.12904413044452667,0.06965689361095428,True,True
NoSCAM_img_1013.jpg,NoSCAM,flipper,apple,1.249,NoSCAM_img_1013,/external-cache/fse_typographic_20260926/external/SCAM/images.zip,images/train/NoSCAM_img_1013.jpg,NoSCAM,img_1013,0.13289719820022583,0.0869961529970169,0.04590104520320892,True,False
NoSCAM_img_1014.jpg,NoSCAM,flipper,apple,1.094,NoSCAM_img_1014,/external-cache/fse_typographic_20260926/external/SCAM/images.zip,images/train/NoSCAM_img_1014.jpg,NoSCAM,img_1014,0.14568662643432617,0.10481014847755432,0.04087647795677185,True,False
NoSCAM_img_1015.jpg,NoSCAM,plant,apple,1.623,NoSCAM_img_1015,/external-cache/fse_typographic_20260926/external/SCAM/images.zip,images/train/NoSCAM_img_1015.jpg,NoSCAM,img_1015,0.16895435750484467,0.11443820595741272,0.054516151547431946,True,False
NoSCAM_img_1016.jpg,NoSCAM,speaker,apple,4.942,NoSCAM_img_1016,/external-cache/fse_typographic_20260926/external/SCAM/images.zip,images/train/NoSCAM_img_1016.jpg,NoSCAM,img_1016,0.20148111879825592,0.14448922872543335,0.05699189007282257,True,True
NoSCAM_img_1017.jpg,NoSCAM,guitar,apple,1.822,NoSCAM_img_1017,/external-cache/fse_typographic_20260926/external/SCAM/images.zip,images/train/NoSCAM_img_1017.jpg,NoSCAM,img_1017,0.1788608282804489,0.0954899713397026,0.08337085694074631,True,True
NoSCAM_img_1018.jpg,NoSCAM,suitcase,bus,2.412,NoSCAM_img_1018,/external-cache/fse_typographic_20260926/external/SCAM/images.zip,images/train/NoSCAM_img_1018.jpg,NoSCAM,img_1018,0.24075822532176971,0.1444961130619049,0.09626211225986481,True,True
NoSCAM_img_1019.jpg,NoSCAM,screen,bus,2.034,NoSCAM_img_1019,/external-cache/fse_typographic_20260926/external/SCAM/images.zip,images/train/NoSCAM_img_1019.jpg,NoSCAM,img_1019,0.18673169612884521,0.11832845956087112,0.06840323656797409,True,False
NoSCAM_img_1020.jpg,NoSCAM,cup,knife,7.118,NoSCAM_img_1020,/external-cache/fse_typographic_20260926/external/SCAM/images.zip,images/train/NoSCAM_img_1020.jpg,NoSCAM,img_1020,0.2082701027393341,0.1661081612110138,0.04216194152832031,True,False
NoSCAM_img_1021.jpg,NoSCAM,diving goggles,knife,6.953,NoSCAM_img_1021,/external-cache/fse_typographic_20260926/external/SCAM/images.zip,images/train/NoSCAM_img_1021.jpg,NoSCAM,img_1021,0.19561095535755157,0.12076915800571442,0.07484179735183716,True,True
NoSCAM_img_1022.jpg,NoSCAM,paper towel,knife,8.375,NoSCAM_img_1022,/external-cache/fse_typographic_20260926/external/SCAM/images.zip,images/train/NoSCAM_img_1022.jpg,NoSCAM,img_1022,0.19872066378593445,0.1722089946269989,0.026511669158935547,True,False
NoSCAM_img_1023.jpg,NoSCAM,avocado,knife,9.012,NoSCAM_img_1023,/external-cache/fse_typographic_20260926/external/SCAM/images.zip,images/train/NoSCAM_img_1023.jpg,NoSCAM,img_1023,0.20304569602012634,0.14755189418792725,0.0554938018321991,True,True
NoSCAM_img_1024.jpg,NoSCAM,banana,knife,7.773,NoSCAM_img_1024,/external-cache/fse_typographic_20260926/external/SCAM/images.zip,images/train/NoSCAM_img_1024.jpg,NoSCAM,img_1024,0.1858898550271988,0.14624238014221191,0.03964747488498688,True,False
NoSCAM_img_1025.jpg,NoSCAM,wheel,knife,2.192,NoSCAM_img_1025,/external-cache/fse_typographic_20260926/external/SCAM/images.zip,images/train/NoSCAM_img_1025.jpg,NoSCAM,img_1025,0.14614668488502502,0.12078157067298889,0.025365114212036133,True,False
NoSCAM_img_1026.jpg,NoSCAM,pump,knife,1.645,NoSCAM_img_1026,/external-cache/fse_typographic_20260926/external/SCAM/images.zip,images/train/NoSCAM_img_1026.jpg,NoSCAM,img_1026,0.16973184049129486,0.1502971351146698,0.01943470537662506,True,False
NoSCAM_img_1027.jpg,NoSCAM,monitor,truck,0.518,NoSCAM_img_1027,/external-cache/fse_typographic_20260926/external/SCAM/images.zip,images/train/NoSCAM_img_1027.jpg,NoSCAM,img_1027,0.2310214638710022,0.17126426100730896,0.05975720286369324,True,False
NoSCAM_img_1028.jpg,NoSCAM,santa figurine,hole,2.394,NoSCAM_img_1028,/external-cache/fse_typographic_20260926/external/SCAM/images.zip,images/train/NoSCAM_img_1028.jpg,NoSCAM,img_1028,0.21290898323059082,0.1291046440601349,0.08380433917045593,True,False
NoSCAM_img_1029.jpg,NoSCAM,office chair,lane,0.413,NoSCAM_img_1029,/external-cache/fse_typographic_20260926/external/SCAM/images.zip,images/train/NoSCAM_img_1029.jpg,NoSCAM,img_1029,0.22405241429805756,0.12314719706773758,0.10090521723031998,True,False
NoSCAM_img_1030.jpg,NoSCAM,keyboard,lane,2.315,NoSCAM_img_1030,/external-cache/fse_typographic_20260926/external/SCAM/images.zip,images/train/NoSCAM_img_1030.jpg,NoSCAM,img_1030,0.2333453893661499,0.1650470793247223,0.06829831004142761,True,True
NoSCAM_img_1031.jpg,NoSCAM,mouse,slow,5.487,NoSCAM_img_1031,/external-cache/fse_typographic_20260926/external/SCAM/images.zip,images/train/NoSCAM_img_1031.jpg,NoSCAM,img_1031,0.21833577752113342,0.18306750059127808,0.03526827692985535,True,False
NoSCAM_img_1032.jpg,NoSCAM,door,slow,1.21,NoSCAM_img_1032,/external-cache/fse_typographic_20260926/external/SCAM/images.zip,images/train/NoSCAM_img_1032.jpg,NoSCAM,img_1032,0.18918970227241516,0.1356058418750763,0.05358386039733887,True,False
NoSCAM_img_1033.jpg,NoSCAM,salt,slow,4.518,NoSCAM_img_1033,/external-cache/fse_typographic_20260926/external/SCAM/images.zip,images/train/NoSCAM_img_1033.jpg,NoSCAM,img_1033,0.1606372892856598,0.12315067648887634,0.03748661279678345,True,False
NoSCAM_img_1034.jpg,NoSCAM,mug,slow,4.131,NoSCAM_img_1034,/external-cache/fse_typographic_20260926/external/SCAM/images.zip,images/train/NoSCAM_img_1034.jpg,NoSCAM,img_1034,0.19262906908988953,0.16434264183044434,0.02828642725944519,True,False
NoSCAM_img_1035.jpg,NoSCAM,pepper caster,slow,6.384,NoSCAM_img_1035,/external-cache/fse_typographic_20260926/external/SCAM/images.zip,images/train/NoSCAM_img_1035.jpg,NoSCAM,img_1035,0.20973968505859375,0.15543913841247559,0.054300546646118164,True,True
NoSCAM_img_1036.jpg,NoSCAM,sunscreen,car,2.48,NoSCAM_img_1036,/external-cache/fse_typographic_20260926/external/SCAM/images.zip,images/train/NoSCAM_img_1036.jpg,NoSCAM,img_1036,0.25978246331214905,0.13843296468257904,0.12134949862957001,True,True
NoSCAM_img_1037.jpg,NoSCAM,cashew nuts,cheese,1.977,NoSCAM_img_1037,/external-cache/fse_typographic_20260926/external/SCAM/images.zip,images/train/NoSCAM_img_1037.jpg,NoSCAM,img_1037,0.19682104885578156,0.14595715701580048,0.05086389183998108,True,True
NoSCAM_img_1038.jpg,NoSCAM,coin,horn,2.104,NoSCAM_img_1038,/external-cache/fse_typographic_20260926/external/SCAM/images.zip,images/train/NoSCAM_img_1038.jpg,NoSCAM,img_1038,0.17841413617134094,0.09836190938949585,0.08005222678184509,True,False
NoSCAM_img_1039.jpg,NoSCAM,bottle,elevator,2.207,NoSCAM_img_1039,/external-cache/fse_typographic_20260926/external/SCAM/images.zip,images/train/NoSCAM_img_1039.jpg,NoSCAM,img_1039,0.1502002328634262,0.09257785975933075,0.05762237310409546,True,False
NoSCAM_img_1040.jpg,NoSCAM,sunscreen,broom,4.022,NoSCAM_img_1040,/external-cache/fse_typographic_20260926/external/SCAM/images.zip,images/train/NoSCAM_img_1040.jpg,NoSCAM,img_1040,0.23654131591320038,0.1459580808877945,0.09058323502540588,True,True
NoSCAM_img_1041.jpg,NoSCAM,bag,fan,4.159,NoSCAM_img_1041,/external-cache/fse_typographic_20260926/external/SCAM/images.zip,images/train/NoSCAM_img_1041.jpg,NoSCAM,img_1041,0.160330668091774,0.12706685066223145,0.03326381742954254,True,False
NoSCAM_img_1042.jpg,NoSCAM,coin,bottle,4.164,NoSCAM_img_1042,/external-cache/fse_typographic_20260926/external/SCAM/images.zip,images/train/NoSCAM_img_1042.jpg,NoSCAM,img_1042,0.1934780478477478,0.13407006859779358,0.059407979249954224,True,False
NoSCAM_img_1043.jpg,NoSCAM,bottle,transistor,1.043,NoSCAM_img_1043,/external-cache/fse_typographic_20260926/external/SCAM/images.zip,images/train/NoSCAM_img_1043.jpg,NoSCAM,img_1043,0.13598723709583282,0.08691921085119247,0.04906802624464035,True,False
NoSCAM_img_1044.jpg,NoSCAM,scissors,cart,4.253,NoSCAM_img_1044,/external-cache/fse_typographic_20260926/external/SCAM/images.zip,images/train/NoSCAM_img_1044.jpg,NoSCAM,img_1044,0.19886574149131775,0.13724163174629211,0.061624109745025635,True,True
NoSCAM_img_1045.jpg,NoSCAM,hairbrush,apple,2.711,NoSCAM_img_1045,/external-cache/fse_typographic_20260926/external/SCAM/images.zip,images/train/NoSCAM_img_1045.jpg,NoSCAM,img_1045,0.17901960015296936,0.11445276439189911,0.06456683576107025,True,False
NoSCAM_img_1046.jpg,NoSCAM,bananas,chest,3.559,NoSCAM_img_1046,/external-cache/fse_typographic_20260926/external/SCAM/images.zip,images/train/NoSCAM_img_1046.jpg,NoSCAM,img_1046,0.2005538046360016,0.12046819925308228,0.08008560538291931,True,False
NoSCAM_img_1047.jpg,NoSCAM,apple,horse,3.611,NoSCAM_img_1047,/external-cache/fse_typographic_20260926/external/SCAM/images.zip,images/train/NoSCAM_img_1047.jpg,NoSCAM,img_1047,0.20674024522304535,0.13949385285377502,0.06724639236927032,True,True
NoSCAM_img_1048.jpg,NoSCAM,scissors,door,4.692,NoSCAM_img_1048,/external-cache/fse_typographic_20260926/external/SCAM/images.zip,images/train/NoSCAM_img_1048.jpg,NoSCAM,img_1048,0.19581231474876404,0.1402079313993454,0.05560438334941864,True,True
NoSCAM_img_1049.jpg,NoSCAM,brush,bracelet,2.031,NoSCAM_img_1049,/external-cache/fse_typographic_20260926/external/SCAM/images.zip,images/train/NoSCAM_img_1049.jpg,NoSCAM,img_1049,0.1674894392490387,0.1302933692932129,0.037196069955825806,True,False
NoSCAM_img_1050.jpg,NoSCAM,banana,egg,4.018,NoSCAM_img_1050,/external-cache/fse_typographic_20260926/external/SCAM/images.zip,images/train/NoSCAM_img_1050.jpg,NoSCAM,img_1050,0.18903517723083496,0.130386084318161,0.05864909291267395,True,True
NoSCAM_img_1051.jpg,NoSCAM,apple,screwdriver,2.19,NoSCAM_img_1051,/external-cache/fse_typographic_20260926/external/SCAM/images.zip,images/train/NoSCAM_img_1051.jpg,NoSCAM,img_1051,0.19807535409927368,0.151643306016922,0.046432048082351685,True,True
NoSCAM_img_1052.jpg,NoSCAM,wallet,zebra,4.203,NoSCAM_img_1052,/external-cache/fse_typographic_20260926/external/SCAM/images.zip,images/train/NoSCAM_img_1052.jpg,NoSCAM,img_1052,0.2637937366962433,0.1631738245487213,0.10061991214752197,True,True
NoSCAM_img_1053.jpg,NoSCAM,icecream,cat,1.289,NoSCAM_img_1053,/external-cache/fse_typographic_20260926/external/SCAM/images.zip,images/train/NoSCAM_img_1053.jpg,NoSCAM,img_1053,0.17978402972221375,0.13642995059490204,0.04335407912731171,True,False
NoSCAM_img_1054.jpg,NoSCAM,slider,helmet,3.066,NoSCAM_img_1054,/external-cache/fse_typographic_20260926/external/SCAM/images.zip,images/train/NoSCAM_img_1054.jpg,NoSCAM,img_1054,0.13923487067222595,0.13454550504684448,0.00468936562538147,True,False
NoSCAM_img_1055.jpg,NoSCAM,chewing gums,crystal,2.755,NoSCAM_img_1055,/external-cache/fse_typographic_20260926/external/SCAM/images.zip,images/train/NoSCAM_img_1055.jpg,NoSCAM,img_1055,0.19068080186843872,0.16449697315692902,0.026183828711509705,True,False
NoSCAM_img_1056.jpg,NoSCAM,wallet,box,2.549,NoSCAM_img_1056,/external-cache/fse_typographic_20260926/external/SCAM/images.zip,images/train/NoSCAM_img_1056.jpg,NoSCAM,img_1056,0.2605578303337097,0.15719309449195862,0.1033647358417511,True,True
NoSCAM_img_1057.jpg,NoSCAM,cup,eagle,1.931,NoSCAM_img_1057,/external-cache/fse_typographic_20260926/external/SCAM/images.zip,images/train/NoSCAM_img_1057.jpg,NoSCAM,img_1057,0.1704939752817154,0.09942305833101273,0.07107091695070267,True,False
NoSCAM_img_1058.jpg,NoSCAM,shoe,helmet,4.579,NoSCAM_img_1058,/external-cache/fse_typographic_20260926/external/SCAM/images.zip,images/train/NoSCAM_img_1058.jpg,NoSCAM,img_1058,0.2033100426197052,0.14356078207492828,0.059749260544776917,True,False
NoSCAM_img_1059.jpg,NoSCAM,chewing gums,bowl,6.144,NoSCAM_img_1059,/external-cache/fse_typographic_20260926/external/SCAM/images.zip,images/train/NoSCAM_img_1059.jpg,NoSCAM,img_1059,0.18402332067489624,0.1669362336397171,0.017087087035179138,True,False
NoSCAM_img_1060.jpg,NoSCAM,sock,chair,1.806,NoSCAM_img_1060,/external-cache/fse_typographic_20260926/external/SCAM/images.zip,images/train/NoSCAM_img_1060.jpg,NoSCAM,img_1060,0.21304264664649963,0.14142541587352753,0.0716172307729721,True,False
NoSCAM_img_1061.jpg,NoSCAM,orange,honey,6.031,NoSCAM_img_1061,/external-cache/fse_typographic_20260926/external/SCAM/images.zip,images/train/NoSCAM_img_1061.jpg,NoSCAM,img_1061,0.1930426061153412,0.1481870412826538,0.04485556483268738,True,False
NoSCAM_img_1062.jpg,NoSCAM,remote,pedestrian,3.058,NoSCAM_img_1062,/external-cache/fse_typographic_20260926/external/SCAM/images.zip,images/train/NoSCAM_img_1062.jpg,NoSCAM,img_1062,0.20115667581558228,0.11211393773555756,0.08904273808002472,True,True
NoSCAM_img_1063.jpg,NoSCAM,sock,duck,3.995,NoSCAM_img_1063,/external-cache/fse_typographic_20260926/external/SCAM/images.zip,images/train/NoSCAM_img_1063.jpg,NoSCAM,img_1063,0.2105940878391266,0.13894714415073395,0.07164694368839264,True,False
NoSCAM_img_1064.jpg,NoSCAM,phone,lipstick,3.677,NoSCAM_img_1064,/external-cache/fse_typographic_20260926/external/SCAM/images.zip,images/train/NoSCAM_img_1064.jpg,NoSCAM,img_1064,0.17445486783981323,0.12984681129455566,0.04460805654525757,True,False
NoSCAM_img_1065.jpg,NoSCAM,remote,boot,1.826,NoSCAM_img_1065,/external-cache/fse_typographic_20260926/external/SCAM/images.zip,images/train/NoSCAM_img_1065.jpg,NoSCAM,img_1065,0.19740772247314453,0.11787164956331253,0.079536072909832,True,True
NoSCAM_img_1066.jpg,NoSCAM,mosquito repellent,carpet,5.066,NoSCAM_img_1066,/external-cache/fse_typographic_20260926/external/SCAM/images.zip,images/train/NoSCAM_img_1066.jpg,NoSCAM,img_1066,0.20261846482753754,0.12923741340637207,0.07338105142116547,True,False
NoSCAM_img_1067.jpg,NoSCAM,money,hat,4.869,NoSCAM_img_1067,/external-cache/fse_typographic_20260926/external/SCAM/images.zip,images/train/NoSCAM_img_1067.jpg,NoSCAM,img_1067,0.20187222957611084,0.10115791857242584,0.100714311003685,True,False
NoSCAM_img_1068.jpg,NoSCAM,watermelon,bed,2.787,NoSCAM_img_1068,/external-cache/fse_typographic_20260926/external/SCAM/images.zip,images/train/NoSCAM_img_1068.jpg,NoSCAM,img_1068,0.17537347972393036,0.06938882917165756,0.1059846505522728,True,False
NoSCAM_img_1069.jpg,NoSCAM,potato chips,cap,2.78,NoSCAM_img_1069,/external-cache/fse_typographic_20260926/external/SCAM/images.zip,images/train/NoSCAM_img_1069.jpg,NoSCAM,img_1069,0.21506169438362122,0.1306608021259308,0.08440089225769043,True,True
NoSCAM_img_1070.jpg,NoSCAM,mosquito spray,dog,5.28,NoSCAM_img_1070,/external-cache/fse_typographic_20260926/external/SCAM/images.zip,images/train/NoSCAM_img_1070.jpg,NoSCAM,img_1070,0.18762977421283722,0.11604560911655426,0.07158416509628296,True,False
NoSCAM_img_1071.jpg,NoSCAM,money,lion,4.223,NoSCAM_img_1071,/external-cache/fse_typographic_20260926/external/SCAM/images.zip,images/train/NoSCAM_img_1071.jpg,NoSCAM,img_1071,0.21033641695976257,0.11839531362056732,0.09194110333919525,True,False
NoSCAM_img_1072.jpg,NoSCAM,watermelon,book,4.787,NoSCAM_img_1072,/external-cache/fse_typographic_20260926/external/SCAM/images.zip,images/train/NoSCAM_img_1072.jpg,NoSCAM,img_1072,0.19112208485603333,0.08710107207298279,0.10402101278305054,True,True
NoSCAM_img_1073.jpg,NoSCAM,chips,dish,2.983,NoSCAM_img_1073,/external-cache/fse_typographic_20260926/external/SCAM/images.zip,images/train/NoSCAM_img_1073.jpg,NoSCAM,img_1073,0.18685075640678406,0.13798408210277557,0.048866674304008484,True,False
NoSCAM_img_1074.jpg,NoSCAM,ear phones,grape,5.439,NoSCAM_img_1074,/external-cache/fse_typographic_20260926/external/SCAM/images.zip,images/train/NoSCAM_img_1074.jpg,NoSCAM,img_1074,0.11994294822216034,0.11012576520442963,0.009817183017730713,True,False
NoSCAM_img_1075.jpg,NoSCAM,takeaway bag,hair,1.24,NoSCAM_img_1075,/external-cache/fse_typographic_20260926/external/SCAM/images.zip,images/train/NoSCAM_img_1075.jpg,NoSCAM,img_1075,0.21978244185447693,0.10811987519264221,0.11166256666183472,True,True
NoSCAM_img_1076.jpg,NoSCAM,bell pepper,carrot,4.833,NoSCAM_img_1076,/external-cache/fse_typographic_20260926/external/SCAM/images.zip,images/train/NoSCAM_img_1076.jpg,NoSCAM,img_1076,0.17783300578594208,0.15568198263645172,0.022151023149490356,True,False
NoSCAM_img_1077.jpg,NoSCAM,cucumber,grass,3.4,NoSCAM_img_1077,/external-cache/fse_typographic_20260926/external/SCAM/images.zip,images/train/NoSCAM_img_1077.jpg,NoSCAM,img_1077,0.16618803143501282,0.09465465694665909,0.07153337448835373,True,False
NoSCAM_img_1078.jpg,NoSCAM,ear phones,lightbulb,4.814,NoSCAM_img_1078,/external-cache/fse_typographic_20260926/external/SCAM/images.zip,images/train/NoSCAM_img_1078.jpg,NoSCAM,img_1078,0.11529016494750977,0.09532307088375092,0.01996709406375885,True,False
NoSCAM_img_1079.jpg,NoSCAM,takeaway bag,boat,3.327,NoSCAM_img_1079,/external-cache/fse_typographic_20260926/external/SCAM/images.zip,images/train/NoSCAM_img_1079.jpg,NoSCAM,img_1079,0.19415463507175446,0.06423132121562958,0.12992331385612488,True,True
NoSCAM_img_1080.jpg,NoSCAM,bell pepper,desk,3.698,NoSCAM_img_1080,/external-cache/fse_typographic_20260926/external/SCAM/images.zip,images/train/NoSCAM_img_1080.jpg,NoSCAM,img_1080,0.18760287761688232,0.08723106980323792,0.10037180781364441,True,True
NoSCAM_img_1081.jpg,NoSCAM,cucumber,lemon,2.958,NoSCAM_img_1081,/external-cache/fse_typographic_20260926/external/SCAM/images.zip,images/train/NoSCAM_img_1081.jpg,NoSCAM,img_1081,0.18152734637260437,0.13448335230350494,0.047043994069099426,True,False
NoSCAM_img_1082.jpg,NoSCAM,floss,bike,5.589,NoSCAM_img_1082,/external-cache/fse_typographic_20260926/external/SCAM/images.zip,images/train/NoSCAM_img_1082.jpg,NoSCAM,img_1082,0.1767343282699585,0.1104138195514679,0.0663205087184906,True,False
NoSCAM_img_1083.jpg,NoSCAM,handwash,frog,2.178,NoSCAM_img_1083,/external-cache/fse_typographic_20260926/external/SCAM/images.zip,images/train/NoSCAM_img_1083.jpg,NoSCAM,img_1083,0.1945246160030365,0.13436248898506165,0.060162127017974854,True,False
NoSCAM_img_1084.jpg,NoSCAM,cable,candle,4.44,NoSCAM_img_1084,/external-cache/fse_typographic_20260926/external/SCAM/images.zip,images/train/NoSCAM_img_1084.jpg,NoSCAM,img_1084,0.20272547006607056,0.13354769349098206,0.0691777765750885,True,False
NoSCAM_img_1085.jpg,NoSCAM,powerbank,seed,3.239,NoSCAM_img_1085,/external-cache/fse_typographic_20260926/external/SCAM/images.zip,images/train/NoSCAM_img_1085.jpg,NoSCAM,img_1085,0.18373560905456543,0.09276436269283295,0.09097124636173248,True,False
NoSCAM_img_1086.jpg,NoSCAM,floss,blanket,4.719,NoSCAM_img_1086,/external-cache/fse_typographic_20260926/external/SCAM/images.zip,images/train/NoSCAM_img_1086.jpg,NoSCAM,img_1086,0.14645519852638245,0.11127130687236786,0.03518389165401459,True,False
NoSCAM_img_1087.jpg,NoSCAM,handwash,leaf,1.749,NoSCAM_img_1087,/external-cache/fse_typographic_20260926/external/SCAM/images.zip,images/train/NoSCAM_img_1087.jpg,NoSCAM,img_1087,0.20272290706634521,0.16993559896945953,0.03278730809688568,True,False
NoSCAM_img_1088.jpg,NoSCAM,usb-c cable,curtain,2.933,NoSCAM_img_1088,/external-cache/fse_typographic_20260926/external/SCAM/images.zip,images/train/NoSCAM_img_1088.jpg,NoSCAM,img_1088,0.2356123924255371,0.08476825058460236,0.15084414184093475,True,True
NoSCAM_img_1089.jpg,NoSCAM,adapter,bicycle,2.583,NoSCAM_img_1089,/external-cache/fse_typographic_20260926/external/SCAM/images.zip,images/train/NoSCAM_img_1089.jpg,NoSCAM,img_1089,0.11859266459941864,0.05683963745832443,0.06175302714109421,True,False
NoSCAM_img_1090.jpg,NoSCAM,grapes,cannon,2.38,NoSCAM_img_1090,/external-cache/fse_typographic_20260926/external/SCAM/images.zip,images/train/NoSCAM_img_1090.jpg,NoSCAM,img_1090,0.21229541301727295,0.10376148670911789,0.10853392630815506,True,True
NoSCAM_img_1091.jpg,NoSCAM,notebook,fruit,2.761,NoSCAM_img_1091,/external-cache/fse_typographic_20260926/external/SCAM/images.zip,images/train/NoSCAM_img_1091.jpg,NoSCAM,img_1091,0.24467167258262634,0.18454983830451965,0.06012183427810669,True,False
NoSCAM_img_1092.jpg,NoSCAM,pocket knife,flower,3.458,NoSCAM_img_1092,/external-cache/fse_typographic_20260926/external/SCAM/images.zip,images/train/NoSCAM_img_1092.jpg,NoSCAM,img_1092,0.2081798017024994,0.1335362195968628,0.0746435821056366,True,False
NoSCAM_img_1093.jpg,NoSCAM,thermometer,cake,3.562,NoSCAM_img_1093,/external-cache/fse_typographic_20260926/external/SCAM/images.zip,images/train/NoSCAM_img_1093.jpg,NoSCAM,img_1093,0.1795879602432251,0.12998467683792114,0.049603283405303955,True,False
NoSCAM_img_1094.jpg,NoSCAM,notebook,lamp,2.201,NoSCAM_img_1094,/external-cache/fse_typographic_20260926/external/SCAM/images.zip,images/train/NoSCAM_img_1094.jpg,NoSCAM,img_1094,0.2226974368095398,0.13819734752178192,0.08450008928775787,True,False
NoSCAM_img_1095.jpg,NoSCAM,pocket knife,bench,4.586,NoSCAM_img_1095,/external-cache/fse_typographic_20260926/external/SCAM/images.zip,images/train/NoSCAM_img_1095.jpg,NoSCAM,img_1095,0.20528565347194672,0.13320064544677734,0.07208500802516937,True,False
NoSCAM_img_1096.jpg,NoSCAM,fever thermometer,crab,2.765,NoSCAM_img_1096,/external-cache/fse_typographic_20260926/external/SCAM/images.zip,images/train/NoSCAM_img_1096.jpg,NoSCAM,img_1096,0.24394896626472473,0.10076457262039185,0.14318439364433289,True,True
NoSCAM_img_1097.jpg,NoSCAM,candle,slow,10.606,NoSCAM_img_1097,/external-cache/fse_typographic_20260926/external/SCAM/images.zip,images/train/NoSCAM_img_1097.jpg,NoSCAM,img_1097,0.1501636505126953,0.1067185178399086,0.04344513267278671,True,False
NoSCAM_img_1098.jpg,NoSCAM,dispenser,lane,6.583,NoSCAM_img_1098,/external-cache/fse_typographic_20260926/external/SCAM/images.zip,images/train/NoSCAM_img_1098.jpg,NoSCAM,img_1098,0.1981276273727417,0.14908671379089355,0.049040913581848145,True,False
NoSCAM_img_1099.jpg,NoSCAM,brush,lane,3.838,NoSCAM_img_1099,/external-cache/fse_typographic_20260926/external/SCAM/images.zip,images/train/NoSCAM_img_1099.jpg,NoSCAM,img_1099,0.19296887516975403,0.1414944976568222,0.051474377512931824,True,False
NoSCAM_img_1100.jpg,NoSCAM,glass,lane,5.48,NoSCAM_img_1100,/external-cache/fse_typographic_20260926/external/SCAM/images.zip,images/train/NoSCAM_img_1100.jpg,NoSCAM,img_1100,0.1834743469953537,0.12414949387311935,0.059324853122234344,True,False
NoSCAM_img_1101.jpg,NoSCAM,glass,lane,4.674,NoSCAM_img_1101,/external-cache/fse_typographic_20260926/external/SCAM/images.zip,images/train/NoSCAM_img_1101.jpg,NoSCAM,img_1101,0.204450786113739,0.14042985439300537,0.06402093172073364,True,False
NoSCAM_img_1102.jpg,NoSCAM,cup,lane,7.977,NoSCAM_img_1102,/external-cache/fse_typographic_20260926/external/SCAM/images.zip,images/train/NoSCAM_img_1102.jpg,NoSCAM,img_1102,0.21448227763175964,0.15386518836021423,0.06061708927154541,True,False
NoSCAM_img_1103.jpg,NoSCAM,plate,lane,5.0,NoSCAM_img_1103,/external-cache/fse_typographic_20260926/external/SCAM/images.zip,images/train/NoSCAM_img_1103.jpg,NoSCAM,img_1103,0.19883191585540771,0.13075639307498932,0.0680755227804184,True,False
NoSCAM_img_1104.jpg,NoSCAM,candle,slow,4.212,NoSCAM_img_1104,/external-cache/fse_typographic_20260926/external/SCAM/images.zip,images/train/NoSCAM_img_1104.jpg,NoSCAM,img_1104,0.2150430530309677,0.14931312203407288,0.06572993099689484,True,True
NoSCAM_img_1105.jpg,NoSCAM,flowers,slow,2.505,NoSCAM_img_1105,/external-cache/fse_typographic_20260926/external/SCAM/images.zip,images/train/NoSCAM_img_1105.jpg,NoSCAM,img_1105,0.16627207398414612,0.1282963901758194,0.03797568380832672,True,False
NoSCAM_img_1106.jpg,NoSCAM,coffee machine,slow,5.431,NoSCAM_img_1106,/external-cache/fse_typographic_20260926/external/SCAM/images.zip,images/train/NoSCAM_img_1106.jpg,NoSCAM,img_1106,0.20605909824371338,0.16247282922267914,0.04358626902103424,True,False
NoSCAM_img_1107.jpg,NoSCAM,kettle,slow,2.692,NoSCAM_img_1107,/external-cache/fse_typographic_20260926/external/SCAM/images.zip,images/train/NoSCAM_img_1107.jpg,NoSCAM,img_1107,0.19826602935791016,0.14767837524414062,0.05058765411376953,True,False
NoSCAM_img_1108.jpg,NoSCAM,pasta,slow,3.445,NoSCAM_img_1108,/external-cache/fse_typographic_20260926/external/SCAM/images.zip,images/train/NoSCAM_img_1108.jpg,NoSCAM,img_1108,0.19494032859802246,0.14165018498897552,0.053290143609046936,True,False
NoSCAM_img_1109.jpg,NoSCAM,pan,slow,5.007,NoSCAM_img_1109,/external-cache/fse_typographic_20260926/external/SCAM/images.zip,images/train/NoSCAM_img_1109.jpg,NoSCAM,img_1109,0.1906854510307312,0.1612241268157959,0.029461324214935303,True,False
NoSCAM_img_1110.jpg,NoSCAM,pot,lion,7.499,NoSCAM_img_1110,/external-cache/fse_typographic_20260926/external/SCAM/images.zip,images/train/NoSCAM_img_1110.jpg,NoSCAM,img_1110,0.21231096982955933,0.12397552281618118,0.08833544701337814,True,False
NoSCAM_img_1111.jpg,NoSCAM,skimmers,hole,0.813,NoSCAM_img_1111,/external-cache/fse_typographic_20260926/external/SCAM/images.zip,images/train/NoSCAM_img_1111.jpg,NoSCAM,img_1111,0.12795060873031616,0.13215690851211548,-0.004206299781799316,False,False
NoSCAM_img_1112.jpg,NoSCAM,masher,lion,6.025,NoSCAM_img_1112,/external-cache/fse_typographic_20260926/external/SCAM/images.zip,images/train/NoSCAM_img_1112.jpg,NoSCAM,img_1112,0.171777606010437,0.1162787526845932,0.05549885332584381,True,False
NoSCAM_img_1113.jpg,NoSCAM,whisk,hole,3.101,NoSCAM_img_1113,/external-cache/fse_typographic_20260926/external/SCAM/images.zip,images/train/NoSCAM_img_1113.jpg,NoSCAM,img_1113,0.24863789975643158,0.13745683431625366,0.11118106544017792,True,True
NoSCAM_img_1114.jpg,NoSCAM,pizza cutter,lion,5.618,NoSCAM_img_1114,/external-cache/fse_typographic_20260926/external/SCAM/images.zip,images/train/NoSCAM_img_1114.jpg,NoSCAM,img_1114,0.1659919172525406,0.08551697432994843,0.08047494292259216,True,False
NoSCAM_img_1115.jpg,NoSCAM,toaster,hole,3.246,NoSCAM_img_1115,/external-cache/fse_typographic_20260926/external/SCAM/images.zip,images/train/NoSCAM_img_1115.jpg,NoSCAM,img_1115,0.21564704179763794,0.1660444140434265,0.049602627754211426,True,True
NoSCAM_img_1116.jpg,NoSCAM,printer,exit,1.431,NoSCAM_img_1116,/external-cache/fse_typographic_20260926/external/SCAM/images.zip,images/train/NoSCAM_img_1116.jpg,NoSCAM,img_1116,0.18594588339328766,0.1044844463467598,0.08146143704652786,True,True
NoSCAM_img_1117.jpg,NoSCAM,monitor,exit,1.371,NoSCAM_img_1117,/external-cache/fse_typographic_20260926/external/SCAM/images.zip,images/train/NoSCAM_img_1117.jpg,NoSCAM,img_1117,0.22273293137550354,0.1509392261505127,0.07179370522499084,True,False
NoSCAM_img_1118.jpg,NoSCAM,mouse,exit,9.462,NoSCAM_img_1118,/external-cache/fse_typographic_20260926/external/SCAM/images.zip,images/train/NoSCAM_img_1118.jpg,NoSCAM,img_1118,0.2436421811580658,0.1623522937297821,0.08128988742828369,True,True
NoSCAM_img_1119.jpg,NoSCAM,ernie,stop,3.716,NoSCAM_img_1119,/external-cache/fse_typographic_20260926/external/SCAM/images.zip,images/train/NoSCAM_img_1119.jpg,NoSCAM,img_1119,0.1651555597782135,0.08772372454404831,0.07743183523416519,True,True
NoSCAM_img_1120.jpg,NoSCAM,pillow,slow,5.047,NoSCAM_img_1120,/external-cache/fse_typographic_20260926/external/SCAM/images.zip,images/train/NoSCAM_img_1120.jpg,NoSCAM,img_1120,0.15932990610599518,0.17025825381278992,-0.010928347706794739,False,False
NoSCAM_img_1121.jpg,NoSCAM,dvd,slow,7.389,NoSCAM_img_1121,/external-cache/fse_typographic_20260926/external/SCAM/images.zip,images/train/NoSCAM_img_1121.jpg,NoSCAM,img_1121,0.21517595648765564,0.14856772124767303,0.0666082352399826,True,True
NoSCAM_img_1122.jpg,NoSCAM,headphones,highway,4.854,NoSCAM_img_1122,/external-cache/fse_typographic_20260926/external/SCAM/images.zip,images/train/NoSCAM_img_1122.jpg,NoSCAM,img_1122,0.21785792708396912,0.1061323806643486,0.11172554641962051,True,False
NoSCAM_img_1123.jpg,NoSCAM,radio,highway,3.793,NoSCAM_img_1123,/external-cache/fse_typographic_20260926/external/SCAM/images.zip,images/train/NoSCAM_img_1123.jpg,NoSCAM,img_1123,0.23944911360740662,0.12439821660518646,0.11505089700222015,True,True
NoSCAM_img_1124.jpg,NoSCAM,cable,highway,7.241,NoSCAM_img_1124,/external-cache/fse_typographic_20260926/external/SCAM/images.zip,images/train/NoSCAM_img_1124.jpg,NoSCAM,img_1124,0.1953096091747284,0.0896988958120346,0.10561071336269379,True,False
NoSCAM_img_1125.jpg,NoSCAM,vacuum cleaner,highway,2.353,NoSCAM_img_1125,/external-cache/fse_typographic_20260926/external/SCAM/images.zip,images/train/NoSCAM_img_1125.jpg,NoSCAM,img_1125,0.18657703697681427,0.08238852769136429,0.10418850928544998,True,True
NoSCAM_img_1126.jpg,NoSCAM,vacuum cleaner,exit,2.307,NoSCAM_img_1126,/external-cache/fse_typographic_20260926/external/SCAM/images.zip,images/train/NoSCAM_img_1126.jpg,NoSCAM,img_1126,0.19414471089839935,0.11726513504981995,0.0768795758485794,True,True
NoSCAM_img_1127.jpg,NoSCAM,washing machine,stop,1.159,NoSCAM_img_1127,/external-cache/fse_typographic_20260926/external/SCAM/images.zip,images/train/NoSCAM_img_1127.jpg,NoSCAM,img_1127,0.22270041704177856,0.18076243996620178,0.04193797707557678,True,True
NoSCAM_img_1128.jpg,NoSCAM,fridge,stop,1.097,NoSCAM_img_1128,/external-cache/fse_typographic_20260926/external/SCAM/images.zip,images/train/NoSCAM_img_1128.jpg,NoSCAM,img_1128,0.14425796270370483,0.1015571802854538,0.04270078241825104,True,False
NoSCAM_img_1129.jpg,NoSCAM,microwave,exit,4.458,NoSCAM_img_1129,/external-cache/fse_typographic_20260926/external/SCAM/images.zip,images/train/NoSCAM_img_1129.jpg,NoSCAM,img_1129,0.17518498003482819,0.09950865805149078,0.0756763219833374,True,True
NoSCAM_img_1130.jpg,NoSCAM,toaster,hole,5.325,NoSCAM_img_1130,/external-cache/fse_typographic_20260926/external/SCAM/images.zip,images/train/NoSCAM_img_1130.jpg,NoSCAM,img_1130,0.23470531404018402,0.17607763409614563,0.05862767994403839,True,False
NoSCAM_img_1131.jpg,NoSCAM,coffee maker,hole,3.275,NoSCAM_img_1131,/external-cache/fse_typographic_20260926/external/SCAM/images.zip,images/train/NoSCAM_img_1131.jpg,NoSCAM,img_1131,0.21876242756843567,0.14633873105049133,0.07242369651794434,True,False
NoSCAM_img_1132.jpg,NoSCAM,contact grill,lion,5.416,NoSCAM_img_1132,/external-cache/fse_typographic_20260926/external/SCAM/images.zip,images/train/NoSCAM_img_1132.jpg,NoSCAM,img_1132,0.17059177160263062,0.1342003345489502,0.03639143705368042,True,False
NoSCAM_img_1133.jpg,NoSCAM,crepe pan,curve,1.878,NoSCAM_img_1133,/external-cache/fse_typographic_20260926/external/SCAM/images.zip,images/train/NoSCAM_img_1133.jpg,NoSCAM,img_1133,0.17280656099319458,0.13170674443244934,0.04109981656074524,True,False
NoSCAM_img_1134.jpg,NoSCAM,iron,merge,6.972,NoSCAM_img_1134,/external-cache/fse_typographic_20260926/external/SCAM/images.zip,images/train/NoSCAM_img_1134.jpg,NoSCAM,img_1134,0.1380603015422821,0.1305769830942154,0.007483318448066711,True,False
NoSCAM_img_1135.jpg,NoSCAM,blender,sloth,3.715,NoSCAM_img_1135,/external-cache/fse_typographic_20260926/external/SCAM/images.zip,images/train/NoSCAM_img_1135.jpg,NoSCAM,img_1135,0.12437871098518372,0.07853689044713974,0.045841820538043976,True,False
NoSCAM_img_1136.jpg,NoSCAM,clothes iron,ice,7.557,NoSCAM_img_1136,/external-cache/fse_typographic_20260926/external/SCAM/images.zip,images/train/NoSCAM_img_1136.jpg,NoSCAM,img_1136,0.20024511218070984,0.12215182185173035,0.07809329032897949,True,False
NoSCAM_img_1137.jpg,NoSCAM,electric toothbrush,wet,4.199,NoSCAM_img_1137,/external-cache/fse_typographic_20260926/external/SCAM/images.zip,images/train/NoSCAM_img_1137.jpg,NoSCAM,img_1137,0.22698833048343658,0.13623622059822083,0.09075210988521576,True,True
NoSCAM_img_1138.jpg,NoSCAM,hair dryer,pig,2.745,NoSCAM_img_1138,/external-cache/fse_typographic_20260926/external/SCAM/images.zip,images/train/NoSCAM_img_1138.jpg,NoSCAM,img_1138,0.17825496196746826,0.11243703961372375,0.0658179223537445,True,True
NoSCAM_img_1139.jpg,NoSCAM,electric shaver,seed,6.482,NoSCAM_img_1139,/external-cache/fse_typographic_20260926/external/SCAM/images.zip,images/train/NoSCAM_img_1139.jpg,NoSCAM,img_1139,0.20570605993270874,0.12622813880443573,0.07947792112827301,True,False
NoSCAM_img_1140.jpg,NoSCAM,hair iron,toll,3.488,NoSCAM_img_1140,/external-cache/fse_typographic_20260926/external/SCAM/images.zip,images/train/NoSCAM_img_1140.jpg,NoSCAM,img_1140,0.19365809857845306,0.12560537457466125,0.06805272400379181,True,False
NoSCAM_img_1141.jpg,NoSCAM,watch,yield,3.141,NoSCAM_img_1141,/external-cache/fse_typographic_20260926/external/SCAM/images.zip,images/train/NoSCAM_img_1141.jpg,NoSCAM,img_1141,0.2202090322971344,0.16709956526756287,0.05310946702957153,True,False
NoSCAM_img_1142.jpg,NoSCAM,drone,dead end,4.324,NoSCAM_img_1142,/external-cache/fse_typographic_20260926/external/SCAM/images.zip,images/train/NoSCAM_img_1142.jpg,NoSCAM,img_1142,0.20356681942939758,0.11406243592500687,0.08950438350439072,True,True
NoSCAM_img_1143.jpg,NoSCAM,drone,fog,3.747,NoSCAM_img_1143,/external-cache/fse_typographic_20260926/external/SCAM/images.zip,images/train/NoSCAM_img_1143.jpg,NoSCAM,img_1143,0.2036617398262024,0.11550051718950272,0.08816122263669968,True,True
NoSCAM_img_1144.jpg,NoSCAM,clock,train,7.62,NoSCAM_img_1144,/external-cache/fse_typographic_20260926/external/SCAM/images.zip,images/train/NoSCAM_img_1144.jpg,NoSCAM,img_1144,0.22077660262584686,0.13710995018482208,0.08366665244102478,True,True
NoSCAM_img_1145.jpg,NoSCAM,chair,arrow,0.42,NoSCAM_img_1145,/external-cache/fse_typographic_20260926/external/SCAM/images.zip,images/train/NoSCAM_img_1145.jpg,NoSCAM,img_1145,0.20162391662597656,0.1656641662120819,0.03595975041389465,True,False
NoSCAM_img_1146.jpg,NoSCAM,hat,cannon,2.815,NoSCAM_img_1146,/external-cache/fse_typographic_20260926/external/SCAM/images.zip,images/train/NoSCAM_img_1146.jpg,NoSCAM,img_1146,0.21492990851402283,0.14420470595359802,0.0707252025604248,True,True
NoSCAM_img_1147.jpg,NoSCAM,pouch,bell,6.378,NoSCAM_img_1147,/external-cache/fse_typographic_20260926/external/SCAM/images.zip,images/train/NoSCAM_img_1147.jpg,NoSCAM,img_1147,0.20461039245128632,0.15172472596168518,0.052885666489601135,True,False
NoSCAM_img_1148.jpg,NoSCAM,sneaker,fish,4.37,NoSCAM_img_1148,/external-cache/fse_typographic_20260926/external/SCAM/images.zip,images/train/NoSCAM_img_1148.jpg,NoSCAM,img_1148,0.2299133837223053,0.1489465981721878,0.08096678555011749,True,True
NoSCAM_img_1149.jpg,NoSCAM,bench,cart,6.443,NoSCAM_img_1149,/external-cache/fse_typographic_20260926/external/SCAM/images.zip,images/train/NoSCAM_img_1149.jpg,NoSCAM,img_1149,0.24716335535049438,0.19788992404937744,0.04927343130111694,True,True
NoSCAM_img_1150.jpg,NoSCAM,yarn,iron,6.461,NoSCAM_img_1150,/external-cache/fse_typographic_20260926/external/SCAM/images.zip,images/train/NoSCAM_img_1150.jpg,NoSCAM,img_1150,0.2079332023859024,0.16993191838264465,0.03800128400325775,True,False
NoSCAM_img_1151.jpg,NoSCAM,easel,hole,6.064,NoSCAM_img_1151,/external-cache/fse_typographic_20260926/external/SCAM/images.zip,images/train/NoSCAM_img_1151.jpg,NoSCAM,img_1151,0.19205452501773834,0.1436866670846939,0.048367857933044434,True,False
NoSCAM_img_1152.jpg,NoSCAM,calculator,lion,8.419,NoSCAM_img_1152,/external-cache/fse_typographic_20260926/external/SCAM/images.zip,images/train/NoSCAM_img_1152.jpg,NoSCAM,img_1152,0.22860509157180786,0.1084441989660263,0.12016089260578156,True,True
NoSCAM_img_1153.jpg,NoSCAM,tape dispenser,curve,3.146,NoSCAM_img_1153,/external-cache/fse_typographic_20260926/external/SCAM/images.zip,images/train/NoSCAM_img_1153.jpg,NoSCAM,img_1153,0.1828698068857193,0.11146631836891174,0.07140348851680756,True,True
NoSCAM_img_1154.jpg,NoSCAM,paint,merge,11.012,NoSCAM_img_1154,/external-cache/fse_typographic_20260926/external/SCAM/images.zip,images/train/NoSCAM_img_1154.jpg,NoSCAM,img_1154,0.1712711751461029,0.14301449060440063,0.02825668454170227,True,False
NoSCAM_img_1155.jpg,NoSCAM,pallet,sloth,9.006,NoSCAM_img_1155,/external-cache/fse_typographic_20260926/external/SCAM/images.zip,images/train/NoSCAM_img_1155.jpg,NoSCAM,img_1155,0.21692007780075073,0.12186963856220245,0.09505043923854828,True,True
NoSCAM_img_1156.jpg,NoSCAM,flowers,ice,5.307,NoSCAM_img_1156,/external-cache/fse_typographic_20260926/external/SCAM/images.zip,images/train/NoSCAM_img_1156.jpg,NoSCAM,img_1156,0.18274050951004028,0.12641170620918274,0.056328803300857544,True,False
NoSCAM_img_1157.jpg,NoSCAM,flowers,wet,7.376,NoSCAM_img_1157,/external-cache/fse_typographic_20260926/external/SCAM/images.zip,images/train/NoSCAM_img_1157.jpg,NoSCAM,img_1157,0.17333990335464478,0.11167219281196594,0.06166771054267883,True,True
NoSCAM_img_1158.jpg,NoSCAM,webcam,van,10.022,NoSCAM_img_1158,/external-cache/fse_typographic_20260926/external/SCAM/images.zip,images/train/NoSCAM_img_1158.jpg,NoSCAM,img_1158,0.17170929908752441,0.11756451427936554,0.054144784808158875,True,False
NoSCAM_img_1159.jpg,NoSCAM,orange,lock,3.405,NoSCAM_img_1159,/external-cache/fse_typographic_20260926/external/SCAM/images.zip,images/train/NoSCAM_img_1159.jpg,NoSCAM,img_1159,0.18249797821044922,0.1237153559923172,0.05878262221813202,True,False
NoSCAM_img_1160.jpg,NoSCAM,phone,hammer,3.234,NoSCAM_img_1160,/external-cache/fse_typographic_20260926/external/SCAM/images.zip,images/train/NoSCAM_img_1160.jpg,NoSCAM,img_1160,0.19708053767681122,0.13596339523792267,0.06111714243888855,True,False
NoSCAM_img_1161.jpg,NoSCAM,grapes,cup,2.807,NoSCAM_img_1161,/external-cache/fse_typographic_20260926/external/SCAM/images.zip,images/train/NoSCAM_img_1161.jpg,NoSCAM,img_1161,0.2033144235610962,0.11019125580787659,0.0931231677532196,True,True
NoSCAM_img_1162.jpg,NoSCAM,radio,zebra,5.726,NoSCAM_img_1162,/external-cache/fse_typographic_20260926/external/SCAM/images.zip,images/train/NoSCAM_img_1162.jpg,NoSCAM,img_1162,0.23902902007102966,0.14465056359767914,0.09437845647335052,True,True
