file_name,type,object_label,attack_word,postit_area_pct,id,archive,member,bank,source_id,object_score,attack_score,margin,correct,top1
NoSCAM_img_0001.jpg,NoSCAM,ball,car,0.377,NoSCAM_img_0001,/external-cache/fse_typographic_20260926/external/SCAM/images.zip,images/train/NoSCAM_img_0001.jpg,NoSCAM,img_0001,0.25389620661735535,0.1845458447933197,0.06935036182403564,True,False
NoSCAM_img_0002.jpg,NoSCAM,chair,car,0.599,NoSCAM_img_0002,/external-cache/fse_typographic_20260926/external/SCAM/images.zip,images/train/NoSCAM_img_0002.jpg,NoSCAM,img_0002,0.24683576822280884,0.1658700853586197,0.08096568286418915,True,False
NoSCAM_img_0003.jpg,NoSCAM,fire extinguisher,car,0.87,NoSCAM_img_0003,/external-cache/fse_typographic_20260926/external/SCAM/images.zip,images/train/NoSCAM_img_0003.jpg,NoSCAM,img_0003,0.29764220118522644,0.15476198494434357,0.14288021624088287,True,True
NoSCAM_img_0004.jpg,NoSCAM,keyboard,ball,1.539,NoSCAM_img_0004,/external-cache/fse_typographic_20260926/external/SCAM/images.zip,images/train/NoSCAM_img_0004.jpg,NoSCAM,img_0004,0.26376578211784363,0.1715068370103836,0.09225894510746002,True,True
NoSCAM_img_0005.jpg,NoSCAM,chopsticks,zebra,1.688,NoSCAM_img_0005,/external-cache/fse_typographic_20260926/external/SCAM/images.zip,images/train/NoSCAM_img_0005.jpg,NoSCAM,img_0005,0.1897064745426178,0.14524118602275848,0.044465288519859314,True,False
NoSCAM_img_0006.jpg,NoSCAM,usb cable,zebra,4.433,NoSCAM_img_0006,/external-cache/fse_typographic_20260926/external/SCAM/images.zip,images/train/NoSCAM_img_0006.jpg,NoSCAM,img_0006,0.24214443564414978,0.11247846484184265,0.12966597080230713,True,False
NoSCAM_img_0007.jpg,NoSCAM,sunglasses,elevator,3.647,NoSCAM_img_0007,/external-cache/fse_typographic_20260926/external/SCAM/images.zip,images/train/NoSCAM_img_0007.jpg,NoSCAM,img_0007,0.24263831973075867,0.17369070649147034,0.06894761323928833,True,False
NoSCAM_img_0008.jpg,NoSCAM,edding,hair,3.338,NoSCAM_img_0008,/external-cache/fse_typographic_20260926/external/SCAM/images.zip,images/train/NoSCAM_img_0008.jpg,NoSCAM,img_0008,0.1889074742794037,0.1535794585943222,0.03532801568508148,True,False
NoSCAM_img_0009.jpg,NoSCAM,shuttlecock,seed,2.795,NoSCAM_img_0009,/external-cache/fse_typographic_20260926/external/SCAM/images.zip,images/train/NoSCAM_img_0009.jpg,NoSCAM,img_0009,0.1597474366426468,0.14179858565330505,0.017948850989341736,True,False
NoSCAM_img_0010.jpg,NoSCAM,hard disk,seed,1.241,NoSCAM_img_0010,/external-cache/fse_typographic_20260926/external/SCAM/images.zip,images/train/NoSCAM_img_0010.jpg,NoSCAM,img_0010,0.19842833280563354,0.13201108574867249,0.06641724705696106,True,False
NoSCAM_img_0011.jpg,NoSCAM,hand blender,bike,1.782,NoSCAM_img_0011,/external-cache/fse_typographic_20260926/external/SCAM/images.zip,images/train/NoSCAM_img_0011.jpg,NoSCAM,img_0011,0.21838292479515076,0.11242887377738953,0.10595405101776123,True,True
NoSCAM_img_0012.jpg,NoSCAM,sponge,hair,2.16,NoSCAM_img_0012,/external-cache/fse_typographic_20260926/external/SCAM/images.zip,images/train/NoSCAM_img_0012.jpg,NoSCAM,img_0012,0.1223408430814743,0.10727064311504364,0.015070199966430664,True,False
NoSCAM_img_0013.jpg,NoSCAM,avocado,bed,6.04,NoSCAM_img_0013,/external-cache/fse_typographic_20260926/external/SCAM/images.zip,images/train/NoSCAM_img_0013.jpg,NoSCAM,img_0013,0.2742169201374054,0.14753375947475433,0.12668316066265106,True,True
NoSCAM_img_0014.jpg,NoSCAM,tomato,pedestrian,3.397,NoSCAM_img_0014,/external-cache/fse_typographic_20260926/external/SCAM/images.zip,images/train/NoSCAM_img_0014.jpg,NoSCAM,img_0014,0.23722293972969055,0.15199491381645203,0.08522802591323853,True,True
NoSCAM_img_0015.jpg,NoSCAM,cucumber,bike,2.754,NoSCAM_img_0015,/external-cache/fse_typographic_20260926/external/SCAM/images.zip,images/train/NoSCAM_img_0015.jpg,NoSCAM,img_0015,0.21241745352745056,0.09707792103290558,0.11533953249454498,True,True
NoSCAM_img_0016.jpg,NoSCAM,pills,bike,6.378,NoSCAM_img_0016,/external-cache/fse_typographic_20260926/external/SCAM/images.zip,images/train/NoSCAM_img_0016.jpg,NoSCAM,img_0016,0.21487078070640564,0.06869587302207947,0.14617490768432617,True,False
NoSCAM_img_0017.jpg,NoSCAM,wine,zebra,1.58,NoSCAM_img_0017,/external-cache/fse_typographic_20260926/external/SCAM/images.zip,images/train/NoSCAM_img_0017.jpg,NoSCAM,img_0017,0.226129412651062,0.11454993486404419,0.11157947778701782,True,False
NoSCAM_img_0018.jpg,NoSCAM,pan,hair,0.987,NoSCAM_img_0018,/external-cache/fse_typographic_20260926/external/SCAM/images.zip,images/train/NoSCAM_img_0018.jpg,NoSCAM,img_0018,0.24035997688770294,0.14010801911354065,0.10025195777416229,True,False
NoSCAM_img_0019.jpg,NoSCAM,keys,bed,2.567,NoSCAM_img_0019,/external-cache/fse_typographic_20260926/external/SCAM/images.zip,images/train/NoSCAM_img_0019.jpg,NoSCAM,img_0019,0.22613106667995453,0.14862066507339478,0.07751040160655975,True,False
NoSCAM_img_0020.jpg,NoSCAM,tea pot,elevator,2.756,NoSCAM_img_0020,/external-cache/fse_typographic_20260926/external/SCAM/images.zip,images/train/NoSCAM_img_0020.jpg,NoSCAM,img_0020,0.25739622116088867,0.12986643612384796,0.1275297850370407,True,True
NoSCAM_img_0021.jpg,NoSCAM,paper towel,bike,1.243,NoSCAM_img_0021,/external-cache/fse_typographic_20260926/external/SCAM/images.zip,images/train/NoSCAM_img_0021.jpg,NoSCAM,img_0021,0.26114073395729065,0.15886634588241577,0.10227438807487488,True,False
NoSCAM_img_0022.jpg,NoSCAM,book,pedestrian,1.696,NoSCAM_img_0022,/external-cache/fse_typographic_20260926/external/SCAM/images.zip,images/train/NoSCAM_img_0022.jpg,NoSCAM,img_0022,0.19264210760593414,0.12534460425376892,0.06729750335216522,True,False
NoSCAM_img_0023.jpg,NoSCAM,banana,crystal,2.582,NoSCAM_img_0023,/external-cache/fse_typographic_20260926/external/SCAM/images.zip,images/train/NoSCAM_img_0023.jpg,NoSCAM,img_0023,0.2555311322212219,0.1366342455148697,0.11889688670635223,True,True
NoSCAM_img_0024.jpg,NoSCAM,flowers,bike,3.586,NoSCAM_img_0024,/external-cache/fse_typographic_20260926/external/SCAM/images.zip,images/train/NoSCAM_img_0024.jpg,NoSCAM,img_0024,0.1888672113418579,0.11699724197387695,0.07186996936798096,True,False
NoSCAM_img_0025.jpg,NoSCAM,banana,zebra,1.5,NoSCAM_img_0025,/external-cache/fse_typographic_20260926/external/SCAM/images.zip,images/train/NoSCAM_img_0025.jpg,NoSCAM,img_0025,0.22791749238967896,0.10902317613363266,0.1188943162560463,True,False
NoSCAM_img_0026.jpg,NoSCAM,salt,bike,3.502,NoSCAM_img_0026,/external-cache/fse_typographic_20260926/external/SCAM/images.zip,images/train/NoSCAM_img_0026.jpg,NoSCAM,img_0026,0.23541241884231567,0.16898810863494873,0.06642431020736694,True,False
NoSCAM_img_0027.jpg,NoSCAM,cup,bike,2.623,NoSCAM_img_0027,/external-cache/fse_typographic_20260926/external/SCAM/images.zip,images/train/NoSCAM_img_0027.jpg,NoSCAM,img_0027,0.2325572520494461,0.1521412581205368,0.0804159939289093,True,False
NoSCAM_img_0028.jpg,NoSCAM,pot,hair,1.373,NoSCAM_img_0028,/external-cache/fse_typographic_20260926/external/SCAM/images.zip,images/train/NoSCAM_img_0028.jpg,NoSCAM,img_0028,0.27071812748908997,0.167423278093338,0.10329484939575195,True,True
NoSCAM_img_0029.jpg,NoSCAM,cheese,seed,3.47,NoSCAM_img_0029,/external-cache/fse_typographic_20260926/external/SCAM/images.zip,images/train/NoSCAM_img_0029.jpg,NoSCAM,img_0029,0.2223958671092987,0.12705039978027344,0.09534546732902527,True,False
NoSCAM_img_0030.jpg,NoSCAM,oats,crystal,3.157,NoSCAM_img_0030,/external-cache/fse_typographic_20260926/external/SCAM/images.zip,images/train/NoSCAM_img_0030.jpg,NoSCAM,img_0030,0.21111786365509033,0.11142120510339737,0.09969665855169296,True,False
NoSCAM_img_0031.jpg,NoSCAM,drink,zebra,3.915,NoSCAM_img_0031,/external-cache/fse_typographic_20260926/external/SCAM/images.zip,images/train/NoSCAM_img_0031.jpg,NoSCAM,img_0031,0.16914109885692596,0.12841574847698212,0.04072535037994385,True,False
NoSCAM_img_0032.jpg,NoSCAM,fork,elevator,4.516,NoSCAM_img_0032,/external-cache/fse_typographic_20260926/external/SCAM/images.zip,images/train/NoSCAM_img_0032.jpg,NoSCAM,img_0032,0.2293073683977127,0.1477024406194687,0.08160492777824402,True,False
NoSCAM_img_0033.jpg,NoSCAM,spoon,elevator,2.885,NoSCAM_img_0033,/external-cache/fse_typographic_20260926/external/SCAM/images.zip,images/train/NoSCAM_img_0033.jpg,NoSCAM,img_0033,0.2259032130241394,0.14701615273952484,0.07888706028461456,True,False
NoSCAM_img_0034.jpg,NoSCAM,candle,hair,10.99,NoSCAM_img_0034,/external-cache/fse_typographic_20260926/external/SCAM/images.zip,images/train/NoSCAM_img_0034.jpg,NoSCAM,img_0034,0.2288075089454651,0.13268643617630005,0.09612107276916504,True,True
NoSCAM_img_0035.jpg,NoSCAM,slippers,train,1.752,NoSCAM_img_0035,/external-cache/fse_typographic_20260926/external/SCAM/images.zip,images/train/NoSCAM_img_0035.jpg,NoSCAM,img_0035,0.23371762037277222,0.1301853358745575,0.10353228449821472,True,True
NoSCAM_img_0036.jpg,NoSCAM,metronome,flower,4.193,NoSCAM_img_0036,/external-cache/fse_typographic_20260926/external/SCAM/images.zip,images/train/NoSCAM_img_0036.jpg,NoSCAM,img_0036,0.22219648957252502,0.11499030888080597,0.10720618069171906,True,False
NoSCAM_img_0037.jpg,NoSCAM,heater,pig,1.321,NoSCAM_img_0037,/external-cache/fse_typographic_20260926/external/SCAM/images.zip,images/train/NoSCAM_img_0037.jpg,NoSCAM,img_0037,0.21604037284851074,0.14478901028633118,0.07125136256217957,True,False
NoSCAM_img_0038.jpg,NoSCAM,radiator,pig,2.828,NoSCAM_img_0038,/external-cache/fse_typographic_20260926/external/SCAM/images.zip,images/train/NoSCAM_img_0038.jpg,NoSCAM,img_0038,0.23124516010284424,0.1489635705947876,0.08228158950805664,True,False
NoSCAM_img_0039.jpg,NoSCAM,bike light,traffic light,4.152,NoSCAM_img_0039,/external-cache/fse_typographic_20260926/external/SCAM/images.zip,images/train/NoSCAM_img_0039.jpg,NoSCAM,img_0039,0.14148591458797455,0.11320197582244873,0.028283938765525818,True,False
NoSCAM_img_0040.jpg,NoSCAM,hot water bottle,sloth,2.268,NoSCAM_img_0040,/external-cache/fse_typographic_20260926/external/SCAM/images.zip,images/train/NoSCAM_img_0040.jpg,NoSCAM,img_0040,0.2312716543674469,0.1071586161851883,0.1241130381822586,True,False
NoSCAM_img_0041.jpg,NoSCAM,frisbee,train,1.166,NoSCAM_img_0041,/external-cache/fse_typographic_20260926/external/SCAM/images.zip,images/train/NoSCAM_img_0041.jpg,NoSCAM,img_0041,0.2571165859699249,0.16516828536987305,0.09194830060005188,True,False
NoSCAM_img_0042.jpg,NoSCAM,shirt,pig,0.576,NoSCAM_img_0042,/external-cache/fse_typographic_20260926/external/SCAM/images.zip,images/train/NoSCAM_img_0042.jpg,NoSCAM,img_0042,0.21084031462669373,0.1788562536239624,0.03198406100273132,True,False
NoSCAM_img_0043.jpg,NoSCAM,backpack,stop sign,0.957,NoSCAM_img_0043,/external-cache/fse_typographic_20260926/external/SCAM/images.zip,images/train/NoSCAM_img_0043.jpg,NoSCAM,img_0043,0.273896723985672,0.14020352065563202,0.13369320333003998,True,True
NoSCAM_img_0044.jpg,NoSCAM,chess board,traffic light,1.962,NoSCAM_img_0044,/external-cache/fse_typographic_20260926/external/SCAM/images.zip,images/train/NoSCAM_img_0044.jpg,NoSCAM,img_0044,0.2878449857234955,0.16834506392478943,0.11949992179870605,True,True
NoSCAM_img_0045.jpg,NoSCAM,stuffed animal,flower,1.903,NoSCAM_img_0045,/external-cache/fse_typographic_20260926/external/SCAM/images.zip,images/train/NoSCAM_img_0045.jpg,NoSCAM,img_0045,0.2300126552581787,0.12834523618221283,0.10166741907596588,True,True
NoSCAM_img_0046.jpg,NoSCAM,baseball cap,pen,3.995,NoSCAM_img_0046,/external-cache/fse_typographic_20260926/external/SCAM/images.zip,images/train/NoSCAM_img_0046.jpg,NoSCAM,img_0046,0.2566085159778595,0.21705256402492523,0.039555951952934265,True,True
NoSCAM_img_0047.jpg,NoSCAM,lightbulb,flower,2.414,NoSCAM_img_0047,/external-cache/fse_typographic_20260926/external/SCAM/images.zip,images/train/NoSCAM_img_0047.jpg,NoSCAM,img_0047,0.1816965788602829,0.11035847663879395,0.07133810222148895,True,False
NoSCAM_img_0048.jpg,NoSCAM,plectrum,ball,11.195,NoSCAM_img_0048,/external-cache/fse_typographic_20260926/external/SCAM/images.zip,images/train/NoSCAM_img_0048.jpg,NoSCAM,img_0048,0.2690437436103821,0.16798469424247742,0.10105904936790466,True,True
NoSCAM_img_0049.jpg,NoSCAM,glasses,pig,5.213,NoSCAM_img_0049,/external-cache/fse_typographic_20260926/external/SCAM/images.zip,images/train/NoSCAM_img_0049.jpg,NoSCAM,img_0049,0.24133874475955963,0.15762606263160706,0.08371268212795258,True,True
NoSCAM_img_0050.jpg,NoSCAM,teabag,train,5.468,NoSCAM_img_0050,/external-cache/fse_typographic_20260926/external/SCAM/images.zip,images/train/NoSCAM_img_0050.jpg,NoSCAM,img_0050,0.2164589762687683,0.09071900695562363,0.1257399618625641,True,True
NoSCAM_img_0051.jpg,NoSCAM,teabag,stop sign,6.758,NoSCAM_img_0051,/external-cache/fse_typographic_20260926/external/SCAM/images.zip,images/train/NoSCAM_img_0051.jpg,NoSCAM,img_0051,0.25113368034362793,0.14183109998703003,0.1093025803565979,True,True
NoSCAM_img_0052.jpg,NoSCAM,running shoes,flower,1.69,NoSCAM_img_0052,/external-cache/fse_typographic_20260926/external/SCAM/images.zip,images/train/NoSCAM_img_0052.jpg,NoSCAM,img_0052,0.24700212478637695,0.1230824738740921,0.12391965091228485,True,True
NoSCAM_img_0053.jpg,NoSCAM,flip flops,pen,1.38,NoSCAM_img_0053,/external-cache/fse_typographic_20260926/external/SCAM/images.zip,images/train/NoSCAM_img_0053.jpg,NoSCAM,img_0053,0.2785193622112274,0.16124001145362854,0.11727935075759888,True,True
NoSCAM_img_0054.jpg,NoSCAM,headphones,sloth,8.939,NoSCAM_img_0054,/external-cache/fse_typographic_20260926/external/SCAM/images.zip,images/train/NoSCAM_img_0054.jpg,NoSCAM,img_0054,0.27798014879226685,0.12989479303359985,0.148085355758667,True,True
NoSCAM_img_0055.jpg,NoSCAM,ear protection,pen,6.182,NoSCAM_img_0055,/external-cache/fse_typographic_20260926/external/SCAM/images.zip,images/train/NoSCAM_img_0055.jpg,NoSCAM,img_0055,0.15913262963294983,0.1554252654314041,0.0037073642015457153,True,False
NoSCAM_img_0056.jpg,NoSCAM,necklace,train,3.512,NoSCAM_img_0056,/external-cache/fse_typographic_20260926/external/SCAM/images.zip,images/train/NoSCAM_img_0056.jpg,NoSCAM,img_0056,0.1926405131816864,0.10296133160591125,0.08967918157577515,True,False
NoSCAM_img_0057.jpg,NoSCAM,tongue brush,sandwich,4.897,NoSCAM_img_0057,/external-cache/fse_typographic_20260926/external/SCAM/images.zip,images/train/NoSCAM_img_0057.jpg,NoSCAM,img_0057,0.183889701962471,0.13640956580638885,0.04748013615608215,True,False
NoSCAM_img_0058.jpg,NoSCAM,hair dryer,sandwich,3.482,NoSCAM_img_0058,/external-cache/fse_typographic_20260926/external/SCAM/images.zip,images/train/NoSCAM_img_0058.jpg,NoSCAM,img_0058,0.21128663420677185,0.14690454304218292,0.06438209116458893,True,False
NoSCAM_img_0059.jpg,NoSCAM,shaver,lion,5.138,NoSCAM_img_0059,/external-cache/fse_typographic_20260926/external/SCAM/images.zip,images/train/NoSCAM_img_0059.jpg,NoSCAM,img_0059,0.20087268948554993,0.08658406138420105,0.11428862810134888,True,False
NoSCAM_img_0060.jpg,NoSCAM,interdental brush,lipstick,9.271,NoSCAM_img_0060,/external-cache/fse_typographic_20260926/external/SCAM/images.zip,images/train/NoSCAM_img_0060.jpg,NoSCAM,img_0060,0.23063364624977112,0.17446240782737732,0.0561712384223938,True,True
NoSCAM_img_0061.jpg,NoSCAM,perfume,lion,7.388,NoSCAM_img_0061,/external-cache/fse_typographic_20260926/external/SCAM/images.zip,images/train/NoSCAM_img_0061.jpg,NoSCAM,img_0061,0.2666917145252228,0.12011368572711945,0.14657802879810333,True,True
NoSCAM_img_0062.jpg,NoSCAM,spoon,lipstick,8.465,NoSCAM_img_0062,/external-cache/fse_typographic_20260926/external/SCAM/images.zip,images/train/NoSCAM_img_0062.jpg,NoSCAM,img_0062,0.24056553840637207,0.143063485622406,0.09750205278396606,True,True
NoSCAM_img_0063.jpg,NoSCAM,bottle,lion,4.593,NoSCAM_img_0063,/external-cache/fse_typographic_20260926/external/SCAM/images.zip,images/train/NoSCAM_img_0063.jpg,NoSCAM,img_0063,0.2086232602596283,0.11418565362691879,0.0944376066327095,True,False
NoSCAM_img_0064.jpg,NoSCAM,glasses,mirror,9.495,NoSCAM_img_0064,/external-cache/fse_typographic_20260926/external/SCAM/images.zip,images/train/NoSCAM_img_0064.jpg,NoSCAM,img_0064,0.22566726803779602,0.17343281209468842,0.052234455943107605,True,True
NoSCAM_img_0065.jpg,NoSCAM,underpants,lion,2.841,NoSCAM_img_0065,/external-cache/fse_typographic_20260926/external/SCAM/images.zip,images/train/NoSCAM_img_0065.jpg,NoSCAM,img_0065,0.25051283836364746,0.15320950746536255,0.09730333089828491,True,True
NoSCAM_img_0066.jpg,NoSCAM,sock,lipstick,2.299,NoSCAM_img_0066,/external-cache/fse_typographic_20260926/external/SCAM/images.zip,images/train/NoSCAM_img_0066.jpg,NoSCAM,img_0066,0.2309417575597763,0.16466392576694489,0.06627783179283142,True,False
NoSCAM_img_0067.jpg,NoSCAM,hairgrip,mirror,24.505,NoSCAM_img_0067,/external-cache/fse_typographic_20260926/external/SCAM/images.zip,images/train/NoSCAM_img_0067.jpg,NoSCAM,img_0067,0.1410595029592514,0.10787731409072876,0.033182188868522644,True,False
NoSCAM_img_0068.jpg,NoSCAM,tampon,lion,9.015,NoSCAM_img_0068,/external-cache/fse_typographic_20260926/external/SCAM/images.zip,images/train/NoSCAM_img_0068.jpg,NoSCAM,img_0068,0.19050869345664978,0.10257340222597122,0.08793529123067856,True,False
NoSCAM_img_0069.jpg,NoSCAM,makeup powder,lipstick,10.351,NoSCAM_img_0069,/external-cache/fse_typographic_20260926/external/SCAM/images.zip,images/train/NoSCAM_img_0069.jpg,NoSCAM,img_0069,0.26487046480178833,0.23635345697402954,0.02851700782775879,True,True
NoSCAM_img_0070.jpg,NoSCAM,lipstick,lightbulb,35.456,NoSCAM_img_0070,/external-cache/fse_typographic_20260926/external/SCAM/images.zip,images/train/NoSCAM_img_0070.jpg,NoSCAM,img_0070,0.24883073568344116,0.13180433213710785,0.11702640354633331,True,True
NoSCAM_img_0071.jpg,NoSCAM,bottle,honey,1.527,NoSCAM_img_0071,/external-cache/fse_typographic_20260926/external/SCAM/images.zip,images/train/NoSCAM_img_0071.jpg,NoSCAM,img_0071,0.22512602806091309,0.14966093003749847,0.07546509802341461,True,True
NoSCAM_img_0072.jpg,NoSCAM,bag,cake,2.238,NoSCAM_img_0072,/external-cache/fse_typographic_20260926/external/SCAM/images.zip,images/train/NoSCAM_img_0072.jpg,NoSCAM,img_0072,0.22485464811325073,0.14687120914459229,0.07798343896865845,True,False
NoSCAM_img_0073.jpg,NoSCAM,trash can,lightbulb,1.52,NoSCAM_img_0073,/external-cache/fse_typographic_20260926/external/SCAM/images.zip,images/train/NoSCAM_img_0073.jpg,NoSCAM,img_0073,0.22600576281547546,0.13480022549629211,0.09120553731918335,True,False
NoSCAM_img_0074.jpg,NoSCAM,plug socket,iron,10.445,NoSCAM_img_0074,/external-cache/fse_typographic_20260926/external/SCAM/images.zip,images/train/NoSCAM_img_0074.jpg,NoSCAM,img_0074,0.24028447270393372,0.12599551677703857,0.11428895592689514,True,True
NoSCAM_img_0075.jpg,NoSCAM,handkerchiefs,honey,14.964,NoSCAM_img_0075,/external-cache/fse_typographic_20260926/external/SCAM/images.zip,images/train/NoSCAM_img_0075.jpg,NoSCAM,img_0075,0.20433355867862701,0.16016441583633423,0.044169142842292786,True,False
NoSCAM_img_0076.jpg,NoSCAM,brush,honey,8.073,NoSCAM_img_0076,/external-cache/fse_typographic_20260926/external/SCAM/images.zip,images/train/NoSCAM_img_0076.jpg,NoSCAM,img_0076,0.21718865633010864,0.15398180484771729,0.06320685148239136,True,False
NoSCAM_img_0077.jpg,NoSCAM,glass,cake,10.46,NoSCAM_img_0077,/external-cache/fse_typographic_20260926/external/SCAM/images.zip,images/train/NoSCAM_img_0077.jpg,NoSCAM,img_0077,0.19441750645637512,0.1236884593963623,0.07072904706001282,True,False
NoSCAM_img_0078.jpg,NoSCAM,toilet paper,lightbulb,19.397,NoSCAM_img_0078,/external-cache/fse_typographic_20260926/external/SCAM/images.zip,images/train/NoSCAM_img_0078.jpg,NoSCAM,img_0078,0.22892339527606964,0.1383487731218338,0.09057462215423584,True,True
NoSCAM_img_0079.jpg,NoSCAM,pills,iron,10.68,NoSCAM_img_0079,/external-cache/fse_typographic_20260926/external/SCAM/images.zip,images/train/NoSCAM_img_0079.jpg,NoSCAM,img_0079,0.22426679730415344,0.10230853408575058,0.12195826321840286,True,True
NoSCAM_img_0080.jpg,NoSCAM,toothpaste,cake,5.398,NoSCAM_img_0080,/external-cache/fse_typographic_20260926/external/SCAM/images.zip,images/train/NoSCAM_img_0080.jpg,NoSCAM,img_0080,0.23115918040275574,0.12794658541679382,0.10321259498596191,True,True
NoSCAM_img_0081.jpg,NoSCAM,roll-on,lightbulb,19.813,NoSCAM_img_0081,/external-cache/fse_typographic_20260926/external/SCAM/images.zip,images/train/NoSCAM_img_0081.jpg,NoSCAM,img_0081,0.14756371080875397,0.09573978185653687,0.0518239289522171,True,False
NoSCAM_img_0082.jpg,NoSCAM,pen,cake,15.587,NoSCAM_img_0082,/external-cache/fse_typographic_20260926/external/SCAM/images.zip,images/train/NoSCAM_img_0082.jpg,NoSCAM,img_0082,0.23893815279006958,0.15413378179073334,0.08480437099933624,True,False
NoSCAM_img_0083.jpg,NoSCAM,wool,iron,2.848,NoSCAM_img_0083,/external-cache/fse_typographic_20260926/external/SCAM/images.zip,images/train/NoSCAM_img_0083.jpg,NoSCAM,img_0083,0.2292138934135437,0.1542409509420395,0.07497294247150421,True,False
NoSCAM_img_0084.jpg,NoSCAM,candle,honey,7.176,NoSCAM_img_0084,/external-cache/fse_typographic_20260926/external/SCAM/images.zip,images/train/NoSCAM_img_0084.jpg,NoSCAM,img_0084,0.24537724256515503,0.16093558073043823,0.0844416618347168,True,True
NoSCAM_img_0085.jpg,NoSCAM,cable,lightbulb,2.348,NoSCAM_img_0085,/external-cache/fse_typographic_20260926/external/SCAM/images.zip,images/train/NoSCAM_img_0085.jpg,NoSCAM,img_0085,0.21216535568237305,0.15360015630722046,0.05856519937515259,True,False
NoSCAM_img_0086.jpg,NoSCAM,doorhandle,sandwich,4.642,NoSCAM_img_0086,/external-cache/fse_typographic_20260926/external/SCAM/images.zip,images/train/NoSCAM_img_0086.jpg,NoSCAM,img_0086,0.22742730379104614,0.12909957766532898,0.09832772612571716,True,False
NoSCAM_img_0087.jpg,NoSCAM,router,sandwich,8.904,NoSCAM_img_0087,/external-cache/fse_typographic_20260926/external/SCAM/images.zip,images/train/NoSCAM_img_0087.jpg,NoSCAM,img_0087,0.2699458599090576,0.15480361878871918,0.11514224112033844,True,True
NoSCAM_img_0088.jpg,NoSCAM,oat bar,sandwich,26.147,NoSCAM_img_0088,/external-cache/fse_typographic_20260926/external/SCAM/images.zip,images/train/NoSCAM_img_0088.jpg,NoSCAM,img_0088,0.22097794711589813,0.1600993275642395,0.06087861955165863,True,True
NoSCAM_img_0089.jpg,NoSCAM,bag,house,8.706,NoSCAM_img_0089,/external-cache/fse_typographic_20260926/external/SCAM/images.zip,images/train/NoSCAM_img_0089.jpg,NoSCAM,img_0089,0.2259640097618103,0.14919273555278778,0.07677127420902252,True,False
NoSCAM_img_0090.jpg,NoSCAM,oat bar,house,25.312,NoSCAM_img_0090,/external-cache/fse_typographic_20260926/external/SCAM/images.zip,images/train/NoSCAM_img_0090.jpg,NoSCAM,img_0090,0.2468324601650238,0.11132771521806717,0.13550475239753723,True,True
NoSCAM_img_0091.jpg,NoSCAM,emergency exit sign,camera,5.45,NoSCAM_img_0091,/external-cache/fse_typographic_20260926/external/SCAM/images.zip,images/train/NoSCAM_img_0091.jpg,NoSCAM,img_0091,0.26062431931495667,0.1579870730638504,0.10263724625110626,True,True
NoSCAM_img_0092.jpg,NoSCAM,projector,camera,4.879,NoSCAM_img_0092,/external-cache/fse_typographic_20260926/external/SCAM/images.zip,images/train/NoSCAM_img_0092.jpg,NoSCAM,img_0092,0.19978182017803192,0.17801877856254578,0.021763041615486145,True,False
NoSCAM_img_0093.jpg,NoSCAM,cigarettes,camera,6.718,NoSCAM_img_0093,/external-cache/fse_typographic_20260926/external/SCAM/images.zip,images/train/NoSCAM_img_0093.jpg,NoSCAM,img_0093,0.2437395453453064,0.1287701427936554,0.114969402551651,True,True
NoSCAM_img_0094.jpg,NoSCAM,helmet,camera,3.619,NoSCAM_img_0094,/external-cache/fse_typographic_20260926/external/SCAM/images.zip,images/train/NoSCAM_img_0094.jpg,NoSCAM,img_0094,0.23147594928741455,0.18226778507232666,0.04920816421508789,True,True
NoSCAM_img_0095.jpg,NoSCAM,headphones,house,4.221,NoSCAM_img_0095,/external-cache/fse_typographic_20260926/external/SCAM/images.zip,images/train/NoSCAM_img_0095.jpg,NoSCAM,img_0095,0.2614113688468933,0.1453346312046051,0.11607673764228821,True,True
NoSCAM_img_0096.jpg,NoSCAM,railing,house,2.051,NoSCAM_img_0096,/external-cache/fse_typographic_20260926/external/SCAM/images.zip,images/train/NoSCAM_img_0096.jpg,NoSCAM,img_0096,0.22498232126235962,0.159450501203537,0.06553182005882263,True,False
NoSCAM_img_0097.jpg,NoSCAM,fire alarm button,house,3.605,NoSCAM_img_0097,/external-cache/fse_typographic_20260926/external/SCAM/images.zip,images/train/NoSCAM_img_0097.jpg,NoSCAM,img_0097,0.24724453687667847,0.15164880454540253,0.09559573233127594,True,True
NoSCAM_img_0098.jpg,NoSCAM,bicycle,train,1.865,NoSCAM_img_0098,/external-cache/fse_typographic_20260926/external/SCAM/images.zip,images/train/NoSCAM_img_0098.jpg,NoSCAM,img_0098,0.26825040578842163,0.15797007083892822,0.11028033494949341,True,True
NoSCAM_img_0099.jpg,NoSCAM,no-entry sign,train,2.524,NoSCAM_img_0099,/external-cache/fse_typographic_20260926/external/SCAM/images.zip,images/train/NoSCAM_img_0099.jpg,NoSCAM,img_0099,0.2275945544242859,0.12647075951099396,0.10112379491329193,True,False
NoSCAM_img_0100.jpg,NoSCAM,e-scooter,van,0.244,NoSCAM_img_0100,/external-cache/fse_typographic_20260926/external/SCAM/images.zip,images/train/NoSCAM_img_0100.jpg,NoSCAM,img_0100,0.2784866690635681,0.14446547627449036,0.13402119278907776,True,True
NoSCAM_img_0101.jpg,NoSCAM,car,train,2.306,NoSCAM_img_0101,/external-cache/fse_typographic_20260926/external/SCAM/images.zip,images/train/NoSCAM_img_0101.jpg,NoSCAM,img_0101,0.23050785064697266,0.1590656340122223,0.07144221663475037,True,False
NoSCAM_img_0102.jpg,NoSCAM,person,van,1.247,NoSCAM_img_0102,/external-cache/fse_typographic_20260926/external/SCAM/images.zip,images/train/NoSCAM_img_0102.jpg,NoSCAM,img_0102,0.21328863501548767,0.13898108899593353,0.07430754601955414,True,False
NoSCAM_img_0103.jpg,NoSCAM,first aid kit,train,4.273,NoSCAM_img_0103,/external-cache/fse_typographic_20260926/external/SCAM/images.zip,images/train/NoSCAM_img_0103.jpg,NoSCAM,img_0103,0.23911741375923157,0.1425664871931076,0.09655092656612396,True,True
NoSCAM_img_0104.jpg,NoSCAM,flowers,bus,8.54,NoSCAM_img_0104,/external-cache/fse_typographic_20260926/external/SCAM/images.zip,images/train/NoSCAM_img_0104.jpg,NoSCAM,img_0104,0.20670585334300995,0.12294111400842667,0.08376473933458328,True,False
NoSCAM_img_0105.jpg,NoSCAM,cake,house,7.695,NoSCAM_img_0105,/external-cache/fse_typographic_20260926/external/SCAM/images.zip,images/train/NoSCAM_img_0105.jpg,NoSCAM,img_0105,0.20242862403392792,0.13483864068984985,0.06758998334407806,True,False
NoSCAM_img_0106.jpg,NoSCAM,blackboard,house,0.293,NoSCAM_img_0106,/external-cache/fse_typographic_20260926/external/SCAM/images.zip,images/train/NoSCAM_img_0106.jpg,NoSCAM,img_0106,0.22815072536468506,0.13093061745166779,0.09722010791301727,True,True
NoSCAM_img_0107.jpg,NoSCAM,ham,feather,4.422,NoSCAM_img_0107,/external-cache/fse_typographic_20260926/external/SCAM/images.zip,images/train/NoSCAM_img_0107.jpg,NoSCAM,img_0107,0.19116485118865967,0.1117442399263382,0.07942061126232147,True,False
NoSCAM_img_0108.jpg,NoSCAM,sausages,fan,5.389,NoSCAM_img_0108,/external-cache/fse_typographic_20260926/external/SCAM/images.zip,images/train/NoSCAM_img_0108.jpg,NoSCAM,img_0108,0.18463754653930664,0.06854810565710068,0.11608944088220596,True,False
NoSCAM_img_0109.jpg,NoSCAM,cheese,egg,3.469,NoSCAM_img_0109,/external-cache/fse_typographic_20260926/external/SCAM/images.zip,images/train/NoSCAM_img_0109.jpg,NoSCAM,img_0109,0.2130604088306427,0.10351532697677612,0.10954508185386658,True,True
NoSCAM_img_0110.jpg,NoSCAM,zucchini,eagle,11.016,NoSCAM_img_0110,/external-cache/fse_typographic_20260926/external/SCAM/images.zip,images/train/NoSCAM_img_0110.jpg,NoSCAM,img_0110,0.16326257586479187,0.08307117223739624,0.08019140362739563,True,False
NoSCAM_img_0111.jpg,NoSCAM,olives,door,12.885,NoSCAM_img_0111,/external-cache/fse_typographic_20260926/external/SCAM/images.zip,images/train/NoSCAM_img_0111.jpg,NoSCAM,img_0111,0.2487952709197998,0.12986689805984497,0.11892837285995483,True,True
NoSCAM_img_0112.jpg,NoSCAM,gnocchi,dog,5.271,NoSCAM_img_0112,/external-cache/fse_typographic_20260926/external/SCAM/images.zip,images/train/NoSCAM_img_0112.jpg,NoSCAM,img_0112,0.22442561388015747,0.08525720238685608,0.1391684114933014,True,True
NoSCAM_img_0113.jpg,NoSCAM,tortellini,dish,3.48,NoSCAM_img_0113,/external-cache/fse_typographic_20260926/external/SCAM/images.zip,images/train/NoSCAM_img_0113.jpg,NoSCAM,img_0113,0.1982392966747284,0.12538263201713562,0.07285666465759277,True,True
NoSCAM_img_0114.jpg,NoSCAM,salami,curtain,6.251,NoSCAM_img_0114,/external-cache/fse_typographic_20260926/external/SCAM/images.zip,images/train/NoSCAM_img_0114.jpg,NoSCAM,img_0114,0.22272995114326477,0.12330014258623123,0.09942980855703354,True,False
NoSCAM_img_0115.jpg,NoSCAM,sausages,cup,9.803,NoSCAM_img_0115,/external-cache/fse_typographic_20260926/external/SCAM/images.zip,images/train/NoSCAM_img_0115.jpg,NoSCAM,img_0115,0.22275757789611816,0.10014376044273376,0.1226138174533844,True,False
NoSCAM_img_0116.jpg,NoSCAM,sausages,crab,8.299,NoSCAM_img_0116,/external-cache/fse_typographic_20260926/external/SCAM/images.zip,images/train/NoSCAM_img_0116.jpg,NoSCAM,img_0116,0.2134828269481659,0.09181079268455505,0.12167203426361084,True,True
NoSCAM_img_0117.jpg,NoSCAM,pizza,cow,2.334,NoSCAM_img_0117,/external-cache/fse_typographic_20260926/external/SCAM/images.zip,images/train/NoSCAM_img_0117.jpg,NoSCAM,img_0117,0.2399524748325348,0.1324612945318222,0.10749118030071259,True,True
NoSCAM_img_0118.jpg,NoSCAM,pea,couch,6.153,NoSCAM_img_0118,/external-cache/fse_typographic_20260926/external/SCAM/images.zip,images/train/NoSCAM_img_0118.jpg,NoSCAM,img_0118,0.1482875943183899,0.05539124086499214,0.09289635717868805,True,False
NoSCAM_img_0119.jpg,NoSCAM,edamame,coin,11.709,NoSCAM_img_0119,/external-cache/fse_typographic_20260926/external/SCAM/images.zip,images/train/NoSCAM_img_0119.jpg,NoSCAM,img_0119,0.19379296898841858,0.10558246821165085,0.08821050077676773,True,False
NoSCAM_img_0120.jpg,NoSCAM,octopus,coat,3.475,NoSCAM_img_0120,/external-cache/fse_typographic_20260926/external/SCAM/images.zip,images/train/NoSCAM_img_0120.jpg,NoSCAM,img_0120,0.23366272449493408,0.11537402868270874,0.11828869581222534,True,True
NoSCAM_img_0121.jpg,NoSCAM,fries,cloud,7.111,NoSCAM_img_0121,/external-cache/fse_typographic_20260926/external/SCAM/images.zip,images/train/NoSCAM_img_0121.jpg,NoSCAM,img_0121,0.19577476382255554,0.09451757371425629,0.10125719010829926,True,False
NoSCAM_img_0122.jpg,NoSCAM,goose,clock,3.677,NoSCAM_img_0122,/external-cache/fse_typographic_20260926/external/SCAM/images.zip,images/train/NoSCAM_img_0122.jpg,NoSCAM,img_0122,0.16373848915100098,0.10826759785413742,0.055470891296863556,True,False
NoSCAM_img_0123.jpg,NoSCAM,cow meat,chicken,8.411,NoSCAM_img_0123,/external-cache/fse_typographic_20260926/external/SCAM/images.zip,images/train/NoSCAM_img_0123.jpg,NoSCAM,img_0123,0.2154678851366043,0.14208875596523285,0.07337912917137146,True,True
NoSCAM_img_0124.jpg,NoSCAM,salmon,grape,15.505,NoSCAM_img_0124,/external-cache/fse_typographic_20260926/external/SCAM/images.zip,images/train/NoSCAM_img_0124.jpg,NoSCAM,img_0124,0.20981153845787048,0.11263293027877808,0.09717860817909241,True,True
NoSCAM_img_0125.jpg,NoSCAM,parsley,grass,7.543,NoSCAM_img_0125,/external-cache/fse_typographic_20260926/external/SCAM/images.zip,images/train/NoSCAM_img_0125.jpg,NoSCAM,img_0125,0.2703181505203247,0.13321731984615326,0.13710083067417145,True,True
NoSCAM_img_0126.jpg,NoSCAM,sage leaves,fruit,8.103,NoSCAM_img_0126,/external-cache/fse_typographic_20260926/external/SCAM/images.zip,images/train/NoSCAM_img_0126.jpg,NoSCAM,img_0126,0.16309478878974915,0.15714401006698608,0.0059507787227630615,True,False
NoSCAM_img_0127.jpg,NoSCAM,rosemary,frog,7.395,NoSCAM_img_0127,/external-cache/fse_typographic_20260926/external/SCAM/images.zip,images/train/NoSCAM_img_0127.jpg,NoSCAM,img_0127,0.21040725708007812,0.09341805428266525,0.11698920279741287,True,True
NoSCAM_img_0128.jpg,NoSCAM,mushrooms,fork,9.111,NoSCAM_img_0128,/external-cache/fse_typographic_20260926/external/SCAM/images.zip,images/train/NoSCAM_img_0128.jpg,NoSCAM,img_0128,0.1536065936088562,0.09086736291646957,0.06273923069238663,True,False
NoSCAM_img_0129.jpg,NoSCAM,spinach,floor,8.186,NoSCAM_img_0129,/external-cache/fse_typographic_20260926/external/SCAM/images.zip,images/train/NoSCAM_img_0129.jpg,NoSCAM,img_0129,0.2478739619255066,0.141480952501297,0.1063930094242096,True,True
NoSCAM_img_0130.jpg,NoSCAM,spinach,flag,7.209,NoSCAM_img_0130,/external-cache/fse_typographic_20260926/external/SCAM/images.zip,images/train/NoSCAM_img_0130.jpg,NoSCAM,img_0130,0.22583797574043274,0.08471597731113434,0.1411219984292984,True,True
NoSCAM_img_0131.jpg,NoSCAM,gem lettuce,fish,3.255,NoSCAM_img_0131,/external-cache/fse_typographic_20260926/external/SCAM/images.zip,images/train/NoSCAM_img_0131.jpg,NoSCAM,img_0131,0.24163676798343658,0.11860458552837372,0.12303218245506287,True,True
NoSCAM_img_0132.jpg,NoSCAM,pumpkin,fire,7.914,NoSCAM_img_0132,/external-cache/fse_typographic_20260926/external/SCAM/images.zip,images/train/NoSCAM_img_0132.jpg,NoSCAM,img_0132,0.1712975651025772,0.12188231945037842,0.04941524565219879,True,False
NoSCAM_img_0133.jpg,NoSCAM,white cabbage,finger,4.662,NoSCAM_img_0133,/external-cache/fse_typographic_20260926/external/SCAM/images.zip,images/train/NoSCAM_img_0133.jpg,NoSCAM,img_0133,0.23156699538230896,0.1373371034860611,0.09422989189624786,True,True
NoSCAM_img_0134.jpg,NoSCAM,celery,fence,5.221,NoSCAM_img_0134,/external-cache/fse_typographic_20260926/external/SCAM/images.zip,images/train/NoSCAM_img_0134.jpg,NoSCAM,img_0134,0.24524275958538055,0.08829759061336517,0.15694516897201538,True,True
NoSCAM_img_0135.jpg,NoSCAM,green beans,feather,6.353,NoSCAM_img_0135,/external-cache/fse_typographic_20260926/external/SCAM/images.zip,images/train/NoSCAM_img_0135.jpg,NoSCAM,img_0135,0.25015807151794434,0.09261880069971085,0.1575392782688141,True,True
NoSCAM_img_0136.jpg,NoSCAM,chili pepper,fan,10.091,NoSCAM_img_0136,/external-cache/fse_typographic_20260926/external/SCAM/images.zip,images/train/NoSCAM_img_0136.jpg,NoSCAM,img_0136,0.20483510196208954,0.12024794518947601,0.08458715677261353,True,False
NoSCAM_img_0137.jpg,NoSCAM,zucchini,egg,8.336,NoSCAM_img_0137,/external-cache/fse_typographic_20260926/external/SCAM/images.zip,images/train/NoSCAM_img_0137.jpg,NoSCAM,img_0137,0.21538978815078735,0.10146965086460114,0.11392013728618622,True,True
NoSCAM_img_0138.jpg,NoSCAM,aubergine,eagle,5.921,NoSCAM_img_0138,/external-cache/fse_typographic_20260926/external/SCAM/images.zip,images/train/NoSCAM_img_0138.jpg,NoSCAM,img_0138,0.24062058329582214,0.06522227078676224,0.1753983199596405,True,True
NoSCAM_img_0139.jpg,NoSCAM,tomatoes,duck,7.314,NoSCAM_img_0139,/external-cache/fse_typographic_20260926/external/SCAM/images.zip,images/train/NoSCAM_img_0139.jpg,NoSCAM,img_0139,0.21892021596431732,0.12337981909513474,0.09554039686918259,True,True
NoSCAM_img_0140.jpg,NoSCAM,tomatoes,door,6.548,NoSCAM_img_0140,/external-cache/fse_typographic_20260926/external/SCAM/images.zip,images/train/NoSCAM_img_0140.jpg,NoSCAM,img_0140,0.21057023108005524,0.09654046595096588,0.11402976512908936,True,True
NoSCAM_img_0141.jpg,NoSCAM,pineapples,dog,5.463,NoSCAM_img_0141,/external-cache/fse_typographic_20260926/external/SCAM/images.zip,images/train/NoSCAM_img_0141.jpg,NoSCAM,img_0141,0.2452441155910492,0.13671493530273438,0.10852918028831482,True,True
NoSCAM_img_0142.jpg,NoSCAM,pepper,dish,3.627,NoSCAM_img_0142,/external-cache/fse_typographic_20260926/external/SCAM/images.zip,images/train/NoSCAM_img_0142.jpg,NoSCAM,img_0142,0.20807144045829773,0.13459137082099915,0.07348006963729858,True,False
NoSCAM_img_0143.jpg,NoSCAM,garlic,curtain,4.483,NoSCAM_img_0143,/external-cache/fse_typographic_20260926/external/SCAM/images.zip,images/train/NoSCAM_img_0143.jpg,NoSCAM,img_0143,0.23518188297748566,0.14787238836288452,0.08730949461460114,True,True
NoSCAM_img_0144.jpg,NoSCAM,banana,cup,3.68,NoSCAM_img_0144,/external-cache/fse_typographic_20260926/external/SCAM/images.zip,images/train/NoSCAM_img_0144.jpg,NoSCAM,img_0144,0.21889057755470276,0.1280626803636551,0.09082789719104767,True,False
NoSCAM_img_0145.jpg,NoSCAM,mango,crab,6.595,NoSCAM_img_0145,/external-cache/fse_typographic_20260926/external/SCAM/images.zip,images/train/NoSCAM_img_0145.jpg,NoSCAM,img_0145,0.21596407890319824,0.10669463872909546,0.10926944017410278,True,True
NoSCAM_img_0146.jpg,NoSCAM,pumpkin,cow,5.669,NoSCAM_img_0146,/external-cache/fse_typographic_20260926/external/SCAM/images.zip,images/train/NoSCAM_img_0146.jpg,NoSCAM,img_0146,0.2111940085887909,0.1466396152973175,0.06455439329147339,True,False
NoSCAM_img_0147.jpg,NoSCAM,lime,couch,6.037,NoSCAM_img_0147,/external-cache/fse_typographic_20260926/external/SCAM/images.zip,images/train/NoSCAM_img_0147.jpg,NoSCAM,img_0147,0.16938206553459167,0.05104023218154907,0.1183418333530426,True,False
NoSCAM_img_0148.jpg,NoSCAM,ginger,coin,4.261,NoSCAM_img_0148,/external-cache/fse_typographic_20260926/external/SCAM/images.zip,images/train/NoSCAM_img_0148.jpg,NoSCAM,img_0148,0.19652453064918518,0.12047529965639114,0.07604923099279404,True,False
NoSCAM_img_0149.jpg,NoSCAM,cucumber,coat,3.86,NoSCAM_img_0149,/external-cache/fse_typographic_20260926/external/SCAM/images.zip,images/train/NoSCAM_img_0149.jpg,NoSCAM,img_0149,0.2087382674217224,0.09665143489837646,0.11208683252334595,True,True
NoSCAM_img_0150.jpg,NoSCAM,potatoes,cloud,2.681,NoSCAM_img_0150,/external-cache/fse_typographic_20260926/external/SCAM/images.zip,images/train/NoSCAM_img_0150.jpg,NoSCAM,img_0150,0.21350224316120148,0.07629913091659546,0.13720311224460602,True,True
NoSCAM_img_0151.jpg,NoSCAM,kiwi,clock,7.36,NoSCAM_img_0151,/external-cache/fse_typographic_20260926/external/SCAM/images.zip,images/train/NoSCAM_img_0151.jpg,NoSCAM,img_0151,0.1473386287689209,0.09849302470684052,0.04884560406208038,True,False
NoSCAM_img_0152.jpg,NoSCAM,grapes,chicken,4.285,NoSCAM_img_0152,/external-cache/fse_typographic_20260926/external/SCAM/images.zip,images/train/NoSCAM_img_0152.jpg,NoSCAM,img_0152,0.20592981576919556,0.09441245347261429,0.11151736229658127,True,True
NoSCAM_img_0153.jpg,NoSCAM,onions,hammer,5.75,NoSCAM_img_0153,/external-cache/fse_typographic_20260926/external/SCAM/images.zip,images/train/NoSCAM_img_0153.jpg,NoSCAM,img_0153,0.22454801201820374,0.11360275745391846,0.11094525456428528,True,True
NoSCAM_img_0154.jpg,NoSCAM,apples,grape,5.257,NoSCAM_img_0154,/external-cache/fse_typographic_20260926/external/SCAM/images.zip,images/train/NoSCAM_img_0154.jpg,NoSCAM,img_0154,0.20700699090957642,0.14492042362689972,0.0620865672826767,True,True
NoSCAM_img_0155.jpg,NoSCAM,puffed rice,grass,4.471,NoSCAM_img_0155,/external-cache/fse_typographic_20260926/external/SCAM/images.zip,images/train/NoSCAM_img_0155.jpg,NoSCAM,img_0155,0.15950274467468262,0.080929234623909,0.07857351005077362,True,False
NoSCAM_img_0156.jpg,NoSCAM,chewing gum,fruit,6.769,NoSCAM_img_0156,/external-cache/fse_typographic_20260926/external/SCAM/images.zip,images/train/NoSCAM_img_0156.jpg,NoSCAM,img_0156,0.21955160796642303,0.15530847012996674,0.0642431378364563,True,False
NoSCAM_img_0157.jpg,NoSCAM,chewing gums,frog,9.029,NoSCAM_img_0157,/external-cache/fse_typographic_20260926/external/SCAM/images.zip,images/train/NoSCAM_img_0157.jpg,NoSCAM,img_0157,0.16710153222084045,0.05758282542228699,0.10951870679855347,True,False
NoSCAM_img_0158.jpg,NoSCAM,lollies,fork,6.662,NoSCAM_img_0158,/external-cache/fse_typographic_20260926/external/SCAM/images.zip,images/train/NoSCAM_img_0158.jpg,NoSCAM,img_0158,0.2201579362154007,0.09291821718215942,0.12723971903324127,True,True
NoSCAM_img_0159.jpg,NoSCAM,grill,floor,0.404,NoSCAM_img_0159,/external-cache/fse_typographic_20260926/external/SCAM/images.zip,images/train/NoSCAM_img_0159.jpg,NoSCAM,img_0159,0.2081935703754425,0.1110898107290268,0.09710375964641571,True,True
NoSCAM_img_0160.jpg,NoSCAM,calendar,flag,2.214,NoSCAM_img_0160,/external-cache/fse_typographic_20260926/external/SCAM/images.zip,images/train/NoSCAM_img_0160.jpg,NoSCAM,img_0160,0.21997934579849243,0.13123086094856262,0.08874848484992981,True,True
NoSCAM_img_0161.jpg,NoSCAM,tray,fish,2.572,NoSCAM_img_0161,/external-cache/fse_typographic_20260926/external/SCAM/images.zip,images/train/NoSCAM_img_0161.jpg,NoSCAM,img_0161,0.2039371281862259,0.09807819873094559,0.1058589294552803,True,False
NoSCAM_img_0162.jpg,NoSCAM,duct tape,fire,3.336,NoSCAM_img_0162,/external-cache/fse_typographic_20260926/external/SCAM/images.zip,images/train/NoSCAM_img_0162.jpg,NoSCAM,img_0162,0.15003825724124908,0.08065959811210632,0.06937865912914276,True,False
NoSCAM_img_0163.jpg,NoSCAM,rubber bands,finger,5.503,NoSCAM_img_0163,/external-cache/fse_typographic_20260926/external/SCAM/images.zip,images/train/NoSCAM_img_0163.jpg,NoSCAM,img_0163,0.18208272755146027,0.09300541877746582,0.08907730877399445,True,True
NoSCAM_img_0164.jpg,NoSCAM,cash register,fence,1.35,NoSCAM_img_0164,/external-cache/fse_typographic_20260926/external/SCAM/images.zip,images/train/NoSCAM_img_0164.jpg,NoSCAM,img_0164,0.2888016402721405,0.10038454830646515,0.18841709196567535,True,True
NoSCAM_img_0165.jpg,NoSCAM,labeling machine,feather,4.114,NoSCAM_img_0165,/external-cache/fse_typographic_20260926/external/SCAM/images.zip,images/train/NoSCAM_img_0165.jpg,NoSCAM,img_0165,0.16831845045089722,0.08924992382526398,0.07906852662563324,True,False
NoSCAM_img_0166.jpg,NoSCAM,speaker,fan,3.07,NoSCAM_img_0166,/external-cache/fse_typographic_20260926/external/SCAM/images.zip,images/train/NoSCAM_img_0166.jpg,NoSCAM,img_0166,0.2712366282939911,0.16672886908054352,0.10450775921344757,True,True
NoSCAM_img_0167.jpg,NoSCAM,spiral notebooks,egg,1.866,NoSCAM_img_0167,/external-cache/fse_typographic_20260926/external/SCAM/images.zip,images/train/NoSCAM_img_0167.jpg,NoSCAM,img_0167,0.25656697154045105,0.09639258682727814,0.1601743847131729,True,True
NoSCAM_img_0168.jpg,NoSCAM,fineliner pen,eagle,7.381,NoSCAM_img_0168,/external-cache/fse_typographic_20260926/external/SCAM/images.zip,images/train/NoSCAM_img_0168.jpg,NoSCAM,img_0168,0.14373737573623657,0.08953185379505157,0.054205521941185,True,False
NoSCAM_img_0169.jpg,NoSCAM,printer,duck,1.959,NoSCAM_img_0169,/external-cache/fse_typographic_20260926/external/SCAM/images.zip,images/train/NoSCAM_img_0169.jpg,NoSCAM,img_0169,0.24071811139583588,0.15685757994651794,0.08386053144931793,True,False
NoSCAM_img_0170.jpg,NoSCAM,memory card,door,11.588,NoSCAM_img_0170,/external-cache/fse_typographic_20260926/external/SCAM/images.zip,images/train/NoSCAM_img_0170.jpg,NoSCAM,img_0170,0.19153240323066711,0.11056660115718842,0.0809658020734787,True,False
NoSCAM_img_0171.jpg,NoSCAM,pen,dog,7.143,NoSCAM_img_0171,/external-cache/fse_typographic_20260926/external/SCAM/images.zip,images/train/NoSCAM_img_0171.jpg,NoSCAM,img_0171,0.13738450407981873,0.09471778571605682,0.0426667183637619,True,False
NoSCAM_img_0172.jpg,NoSCAM,telephone,dish,5.767,NoSCAM_img_0172,/external-cache/fse_typographic_20260926/external/SCAM/images.zip,images/train/NoSCAM_img_0172.jpg,NoSCAM,img_0172,0.22919316589832306,0.11100307106971741,0.11819009482860565,True,False
NoSCAM_img_0173.jpg,NoSCAM,router,desk,5.703,NoSCAM_img_0173,/external-cache/fse_typographic_20260926/external/SCAM/images.zip,images/train/NoSCAM_img_0173.jpg,NoSCAM,img_0173,0.20660653710365295,0.1733987033367157,0.033207833766937256,True,False
NoSCAM_img_0174.jpg,NoSCAM,printer,curtain,1.389,NoSCAM_img_0174,/external-cache/fse_typographic_20260926/external/SCAM/images.zip,images/train/NoSCAM_img_0174.jpg,NoSCAM,img_0174,0.22378602623939514,0.09047529101371765,0.1333107352256775,True,True
NoSCAM_img_0175.jpg,NoSCAM,safe,cup,3.616,NoSCAM_img_0175,/external-cache/fse_typographic_20260926/external/SCAM/images.zip,images/train/NoSCAM_img_0175.jpg,NoSCAM,img_0175,0.22735807299613953,0.1185213178396225,0.10883675515651703,True,True
NoSCAM_img_0176.jpg,NoSCAM,fire detector,crab,7.132,NoSCAM_img_0176,/external-cache/fse_typographic_20260926/external/SCAM/images.zip,images/train/NoSCAM_img_0176.jpg,NoSCAM,img_0176,0.1830940544605255,0.10674001276493073,0.07635404169559479,True,False
NoSCAM_img_0177.jpg,NoSCAM,no smoking sign,cow,6.05,NoSCAM_img_0177,/external-cache/fse_typographic_20260926/external/SCAM/images.zip,images/train/NoSCAM_img_0177.jpg,NoSCAM,img_0177,0.24107758700847626,0.1118607297539711,0.12921684980392456,True,True
NoSCAM_img_0178.jpg,NoSCAM,parking sign,couch,3.951,NoSCAM_img_0178,/external-cache/fse_typographic_20260926/external/SCAM/images.zip,images/train/NoSCAM_img_0178.jpg,NoSCAM,img_0178,0.20443058013916016,0.05951035022735596,0.1449202299118042,True,True
NoSCAM_img_0179.jpg,NoSCAM,dog prohibition sign,coin,5.386,NoSCAM_img_0179,/external-cache/fse_typographic_20260926/external/SCAM/images.zip,images/train/NoSCAM_img_0179.jpg,NoSCAM,img_0179,0.2513386011123657,0.09903387725353241,0.1523047238588333,True,True
NoSCAM_img_0180.jpg,NoSCAM,no entry sign,coat,3.98,NoSCAM_img_0180,/external-cache/fse_typographic_20260926/external/SCAM/images.zip,images/train/NoSCAM_img_0180.jpg,NoSCAM,img_0180,0.264497846364975,0.13899552822113037,0.1255023181438446,True,True
NoSCAM_img_0181.jpg,NoSCAM,stop sign,cloud,3.121,NoSCAM_img_0181,/external-cache/fse_typographic_20260926/external/SCAM/images.zip,images/train/NoSCAM_img_0181.jpg,NoSCAM,img_0181,0.2517862319946289,0.1636340320110321,0.0881521999835968,True,True
NoSCAM_img_0182.jpg,NoSCAM,cable ties,clock,9.4,NoSCAM_img_0182,/external-cache/fse_typographic_20260926/external/SCAM/images.zip,images/train/NoSCAM_img_0182.jpg,NoSCAM,img_0182,0.18834559619426727,0.09134886413812637,0.0969967320561409,True,False
NoSCAM_img_0183.jpg,NoSCAM,plug board,chicken,5.374,NoSCAM_img_0183,/external-cache/fse_typographic_20260926/external/SCAM/images.zip,images/train/NoSCAM_img_0183.jpg,NoSCAM,img_0183,0.2309715747833252,0.1336325854063034,0.09733898937702179,True,False
NoSCAM_img_0184.jpg,NoSCAM,batteries,hammer,11.711,NoSCAM_img_0184,/external-cache/fse_typographic_20260926/external/SCAM/images.zip,images/train/NoSCAM_img_0184.jpg,NoSCAM,img_0184,0.2162225842475891,0.11939913779497147,0.09682344645261765,True,True
NoSCAM_img_0185.jpg,NoSCAM,light bulbs,grass,12.915,NoSCAM_img_0185,/external-cache/fse_typographic_20260926/external/SCAM/images.zip,images/train/NoSCAM_img_0185.jpg,NoSCAM,img_0185,0.1976204216480255,0.08877018094062805,0.10885024070739746,True,True
NoSCAM_img_0186.jpg,NoSCAM,fire extinguisher,grape,2.823,NoSCAM_img_0186,/external-cache/fse_typographic_20260926/external/SCAM/images.zip,images/train/NoSCAM_img_0186.jpg,NoSCAM,img_0186,0.2518612742424011,0.09020942449569702,0.1616518497467041,True,True
NoSCAM_img_0187.jpg,NoSCAM,speaker,fruit,1.429,NoSCAM_img_0187,/external-cache/fse_typographic_20260926/external/SCAM/images.zip,images/train/NoSCAM_img_0187.jpg,NoSCAM,img_0187,0.24206803739070892,0.13971784710884094,0.10235019028186798,True,True
NoSCAM_img_0188.jpg,NoSCAM,radio,frog,3.336,NoSCAM_img_0188,/external-cache/fse_typographic_20260926/external/SCAM/images.zip,images/train/NoSCAM_img_0188.jpg,NoSCAM,img_0188,0.24806246161460876,0.11391270160675049,0.13414976000785828,True,True
NoSCAM_img_0189.jpg,NoSCAM,microphone,fork,5.282,NoSCAM_img_0189,/external-cache/fse_typographic_20260926/external/SCAM/images.zip,images/train/NoSCAM_img_0189.jpg,NoSCAM,img_0189,0.25201231241226196,0.16178344190120697,0.09022887051105499,True,True
NoSCAM_img_0190.jpg,NoSCAM,glasses,floor,8.338,NoSCAM_img_0190,/external-cache/fse_typographic_20260926/external/SCAM/images.zip,images/train/NoSCAM_img_0190.jpg,NoSCAM,img_0190,0.2028365433216095,0.14726713299751282,0.05556941032409668,True,False
NoSCAM_img_0191.jpg,NoSCAM,glass,flag,4.655,NoSCAM_img_0191,/external-cache/fse_typographic_20260926/external/SCAM/images.zip,images/train/NoSCAM_img_0191.jpg,NoSCAM,img_0191,0.2168961763381958,0.13459087908267975,0.08230529725551605,True,False
NoSCAM_img_0192.jpg,NoSCAM,plant,fish,6.252,NoSCAM_img_0192,/external-cache/fse_typographic_20260926/external/SCAM/images.zip,images/train/NoSCAM_img_0192.jpg,NoSCAM,img_0192,0.16986800730228424,0.11904425919055939,0.050823748111724854,True,False
NoSCAM_img_0193.jpg,NoSCAM,jersey,fire,0.525,NoSCAM_img_0193,/external-cache/fse_typographic_20260926/external/SCAM/images.zip,images/train/NoSCAM_img_0193.jpg,NoSCAM,img_0193,0.1936059594154358,0.1287737786769867,0.0648321807384491,True,True
NoSCAM_img_0194.jpg,NoSCAM,fork,finger,4.012,NoSCAM_img_0194,/external-cache/fse_typographic_20260926/external/SCAM/images.zip,images/train/NoSCAM_img_0194.jpg,NoSCAM,img_0194,0.2279960811138153,0.14764690399169922,0.08034917712211609,True,True
NoSCAM_img_0195.jpg,NoSCAM,pillow,fence,1.377,NoSCAM_img_0195,/external-cache/fse_typographic_20260926/external/SCAM/images.zip,images/train/NoSCAM_img_0195.jpg,NoSCAM,img_0195,0.20991159975528717,0.13798236846923828,0.07192923128604889,True,False
NoSCAM_img_0196.jpg,NoSCAM,socks,feather,3.68,NoSCAM_img_0196,/external-cache/fse_typographic_20260926/external/SCAM/images.zip,images/train/NoSCAM_img_0196.jpg,NoSCAM,img_0196,0.23252739012241364,0.12748275697231293,0.10504463315010071,True,True
NoSCAM_img_0197.jpg,NoSCAM,socks,fan,7.068,NoSCAM_img_0197,/external-cache/fse_typographic_20260926/external/SCAM/images.zip,images/train/NoSCAM_img_0197.jpg,NoSCAM,img_0197,0.24994580447673798,0.15747706592082977,0.0924687385559082,True,True
NoSCAM_img_0198.jpg,NoSCAM,ice scraper,egg,4.851,NoSCAM_img_0198,/external-cache/fse_typographic_20260926/external/SCAM/images.zip,images/train/NoSCAM_img_0198.jpg,NoSCAM,img_0198,0.14893299341201782,0.11384686827659607,0.03508612513542175,True,False
NoSCAM_img_0199.jpg,NoSCAM,shoe,eagle,2.432,NoSCAM_img_0199,/external-cache/fse_typographic_20260926/external/SCAM/images.zip,images/train/NoSCAM_img_0199.jpg,NoSCAM,img_0199,0.20956188440322876,0.11064943671226501,0.09891244769096375,True,False
NoSCAM_img_0200.jpg,NoSCAM,cans,duck,5.995,NoSCAM_img_0200,/external-cache/fse_typographic_20260926/external/SCAM/images.zip,images/train/NoSCAM_img_0200.jpg,NoSCAM,img_0200,0.20135658979415894,0.07616253197193146,0.12519405782222748,True,True
NoSCAM_img_0201.jpg,NoSCAM,funnel,door,4.659,NoSCAM_img_0201,/external-cache/fse_typographic_20260926/external/SCAM/images.zip,images/train/NoSCAM_img_0201.jpg,NoSCAM,img_0201,0.17939475178718567,0.09795169532299042,0.08144305646419525,True,False
NoSCAM_img_0202.jpg,NoSCAM,roll board,dog,1.298,NoSCAM_img_0202,/external-cache/fse_typographic_20260926/external/SCAM/images.zip,images/train/NoSCAM_img_0202.jpg,NoSCAM,img_0202,0.17769643664360046,0.11411681771278381,0.06357961893081665,True,False
NoSCAM_img_0203.jpg,NoSCAM,storage box,dish,1.461,NoSCAM_img_0203,/external-cache/fse_typographic_20260926/external/SCAM/images.zip,images/train/NoSCAM_img_0203.jpg,NoSCAM,img_0203,0.2028622031211853,0.09032661467790604,0.11253558844327927,True,True
NoSCAM_img_0204.jpg,NoSCAM,bottle,desk,1.592,NoSCAM_img_0204,/external-cache/fse_typographic_20260926/external/SCAM/images.zip,images/train/NoSCAM_img_0204.jpg,NoSCAM,img_0204,0.2209392488002777,0.1481722891330719,0.07276695966720581,True,True
NoSCAM_img_0205.jpg,NoSCAM,bottle,curtain,2.783,NoSCAM_img_0205,/external-cache/fse_typographic_20260926/external/SCAM/images.zip,images/train/NoSCAM_img_0205.jpg,NoSCAM,img_0205,0.2147262692451477,0.12448793649673462,0.09023833274841309,True,False
NoSCAM_img_0206.jpg,NoSCAM,wooden pestle,cup,4.124,NoSCAM_img_0206,/external-cache/fse_typographic_20260926/external/SCAM/images.zip,images/train/NoSCAM_img_0206.jpg,NoSCAM,img_0206,0.18476206064224243,0.08394964039325714,0.10081242024898529,True,False
NoSCAM_img_0207.jpg,NoSCAM,funnel,crab,7.989,NoSCAM_img_0207,/external-cache/fse_typographic_20260926/external/SCAM/images.zip,images/train/NoSCAM_img_0207.jpg,NoSCAM,img_0207,0.14060883224010468,0.08336852490901947,0.057240307331085205,True,False
NoSCAM_img_0208.jpg,NoSCAM,ashtray,cow,7.97,NoSCAM_img_0208,/external-cache/fse_typographic_20260926/external/SCAM/images.zip,images/train/NoSCAM_img_0208.jpg,NoSCAM,img_0208,0.13365024328231812,0.06871919333934784,0.06493104994297028,True,False
NoSCAM_img_0209.jpg,NoSCAM,ice cube tray,couch,6.818,NoSCAM_img_0209,/external-cache/fse_typographic_20260926/external/SCAM/images.zip,images/train/NoSCAM_img_0209.jpg,NoSCAM,img_0209,0.22231429815292358,0.0828857347369194,0.13942855596542358,True,True
NoSCAM_img_0210.jpg,NoSCAM,bottle opener,coin,6.386,NoSCAM_img_0210,/external-cache/fse_typographic_20260926/external/SCAM/images.zip,images/train/NoSCAM_img_0210.jpg,NoSCAM,img_0210,0.19323085248470306,0.12791749835014343,0.06531335413455963,True,False
NoSCAM_img_0211.jpg,NoSCAM,bottles,coat,3.305,NoSCAM_img_0211,/external-cache/fse_typographic_20260926/external/SCAM/images.zip,images/train/NoSCAM_img_0211.jpg,NoSCAM,img_0211,0.1953301727771759,0.09154786169528961,0.10378231108188629,True,False
NoSCAM_img_0212.jpg,NoSCAM,bottle,cloud,4.015,NoSCAM_img_0212,/external-cache/fse_typographic_20260926/external/SCAM/images.zip,images/train/NoSCAM_img_0212.jpg,NoSCAM,img_0212,0.21186545491218567,0.10993215441703796,0.1019333004951477,True,False
NoSCAM_img_0213.jpg,NoSCAM,bottle crate,clock,3.201,NoSCAM_img_0213,/external-cache/fse_typographic_20260926/external/SCAM/images.zip,images/train/NoSCAM_img_0213.jpg,NoSCAM,img_0213,0.20804664492607117,0.11108260601758957,0.0969640389084816,True,True
NoSCAM_img_0214.jpg,NoSCAM,bottle crate,chicken,2.752,NoSCAM_img_0214,/external-cache/fse_typographic_20260926/external/SCAM/images.zip,images/train/NoSCAM_img_0214.jpg,NoSCAM,img_0214,0.20125555992126465,0.11416877061128616,0.08708678930997849,True,False
NoSCAM_img_0215.jpg,NoSCAM,cans,hammer,7.819,NoSCAM_img_0215,/external-cache/fse_typographic_20260926/external/SCAM/images.zip,images/train/NoSCAM_img_0215.jpg,NoSCAM,img_0215,0.23458898067474365,0.12297491729259491,0.11161406338214874,True,True
NoSCAM_img_0216.jpg,NoSCAM,spray bottle,grass,3.698,NoSCAM_img_0216,/external-cache/fse_typographic_20260926/external/SCAM/images.zip,images/train/NoSCAM_img_0216.jpg,NoSCAM,img_0216,0.2119324803352356,0.14501163363456726,0.06692084670066833,True,False
NoSCAM_img_0217.jpg,NoSCAM,dish soap,grape,7.154,NoSCAM_img_0217,/external-cache/fse_typographic_20260926/external/SCAM/images.zip,images/train/NoSCAM_img_0217.jpg,NoSCAM,img_0217,0.2282363623380661,0.12028297781944275,0.10795338451862335,True,True
NoSCAM_img_0218.jpg,NoSCAM,hanger,fruit,2.901,NoSCAM_img_0218,/external-cache/fse_typographic_20260926/external/SCAM/images.zip,images/train/NoSCAM_img_0218.jpg,NoSCAM,img_0218,0.19383960962295532,0.12063705921173096,0.07320255041122437,True,False
NoSCAM_img_0219.jpg,NoSCAM,detergent,frog,9.399,NoSCAM_img_0219,/external-cache/fse_typographic_20260926/external/SCAM/images.zip,images/train/NoSCAM_img_0219.jpg,NoSCAM,img_0219,0.21229928731918335,0.08436843752861023,0.12793084979057312,True,False
NoSCAM_img_0220.jpg,NoSCAM,detergent,fork,12.703,NoSCAM_img_0220,/external-cache/fse_typographic_20260926/external/SCAM/images.zip,images/train/NoSCAM_img_0220.jpg,NoSCAM,img_0220,0.24718615412712097,0.11204470694065094,0.13514144718647003,True,False
NoSCAM_img_0221.jpg,NoSCAM,detergent,floor,4.836,NoSCAM_img_0221,/external-cache/fse_typographic_20260926/external/SCAM/images.zip,images/train/NoSCAM_img_0221.jpg,NoSCAM,img_0221,0.22443300485610962,0.08981895446777344,0.13461405038833618,True,True
NoSCAM_img_0222.jpg,NoSCAM,wet floor sign,flag,1.055,NoSCAM_img_0222,/external-cache/fse_typographic_20260926/external/SCAM/images.zip,images/train/NoSCAM_img_0222.jpg,NoSCAM,img_0222,0.27031630277633667,0.15469902753829956,0.11561727523803711,True,True
NoSCAM_img_0223.jpg,NoSCAM,squeegee,fish,4.344,NoSCAM_img_0223,/external-cache/fse_typographic_20260926/external/SCAM/images.zip,images/train/NoSCAM_img_0223.jpg,NoSCAM,img_0223,0.21850953996181488,0.1031002327799797,0.11540930718183517,True,True
NoSCAM_img_0224.jpg,NoSCAM,handbrush,fire,3.242,NoSCAM_img_0224,/external-cache/fse_typographic_20260926/external/SCAM/images.zip,images/train/NoSCAM_img_0224.jpg,NoSCAM,img_0224,0.17517834901809692,0.13645875453948975,0.03871959447860718,True,False
NoSCAM_img_0225.jpg,NoSCAM,dish scrubber,finger,11.683,NoSCAM_img_0225,/external-cache/fse_typographic_20260926/external/SCAM/images.zip,images/train/NoSCAM_img_0225.jpg,NoSCAM,img_0225,0.2027510404586792,0.12362662702798843,0.07912441343069077,True,False
NoSCAM_img_0226.jpg,NoSCAM,broom,fence,1.086,NoSCAM_img_0226,/external-cache/fse_typographic_20260926/external/SCAM/images.zip,images/train/NoSCAM_img_0226.jpg,NoSCAM,img_0226,0.23213155567646027,0.0973767638206482,0.13475479185581207,True,False
NoSCAM_img_0227.jpg,NoSCAM,toilet lid,feather,1.695,NoSCAM_img_0227,/external-cache/fse_typographic_20260926/external/SCAM/images.zip,images/train/NoSCAM_img_0227.jpg,NoSCAM,img_0227,0.23551788926124573,0.11654835194349289,0.11896953731775284,True,False
NoSCAM_img_0228.jpg,NoSCAM,clothespin,fan,5.754,NoSCAM_img_0228,/external-cache/fse_typographic_20260926/external/SCAM/images.zip,images/train/NoSCAM_img_0228.jpg,NoSCAM,img_0228,0.1526477336883545,0.0987246036529541,0.05392313003540039,True,False
NoSCAM_img_0229.jpg,NoSCAM,hanger,egg,3.07,NoSCAM_img_0229,/external-cache/fse_typographic_20260926/external/SCAM/images.zip,images/train/NoSCAM_img_0229.jpg,NoSCAM,img_0229,0.2506377100944519,0.14802458882331848,0.10261312127113342,True,False
NoSCAM_img_0230.jpg,NoSCAM,ironing board,eagle,0.382,NoSCAM_img_0230,/external-cache/fse_typographic_20260926/external/SCAM/images.zip,images/train/NoSCAM_img_0230.jpg,NoSCAM,img_0230,0.256355881690979,0.10016477108001709,0.15619111061096191,True,True
NoSCAM_img_0231.jpg,NoSCAM,paper rolls,duck,3.827,NoSCAM_img_0231,/external-cache/fse_typographic_20260926/external/SCAM/images.zip,images/train/NoSCAM_img_0231.jpg,NoSCAM,img_0231,0.22991150617599487,0.11400629580020905,0.11590521037578583,True,True
NoSCAM_img_0232.jpg,NoSCAM,soap dispenser,door,7.207,NoSCAM_img_0232,/external-cache/fse_typographic_20260926/external/SCAM/images.zip,images/train/NoSCAM_img_0232.jpg,NoSCAM,img_0232,0.2160032093524933,0.1430203765630722,0.07298283278942108,True,False
NoSCAM_img_0233.jpg,NoSCAM,band-aid,dog,24.393,NoSCAM_img_0233,/external-cache/fse_typographic_20260926/external/SCAM/images.zip,images/train/NoSCAM_img_0233.jpg,NoSCAM,img_0233,0.21570953726768494,0.137830451130867,0.07787908613681793,True,False
NoSCAM_img_0234.jpg,NoSCAM,shower gel,dish,11.296,NoSCAM_img_0234,/external-cache/fse_typographic_20260926/external/SCAM/images.zip,images/train/NoSCAM_img_0234.jpg,NoSCAM,img_0234,0.13641232252120972,0.030944015830755234,0.10546830296516418,True,False
NoSCAM_img_0235.jpg,NoSCAM,hairspray,desk,21.812,NoSCAM_img_0235,/external-cache/fse_typographic_20260926/external/SCAM/images.zip,images/train/NoSCAM_img_0235.jpg,NoSCAM,img_0235,0.2167249619960785,0.16739673912525177,0.04932822287082672,True,False
NoSCAM_img_0236.jpg,NoSCAM,razor,curtain,17.151,NoSCAM_img_0236,/external-cache/fse_typographic_20260926/external/SCAM/images.zip,images/train/NoSCAM_img_0236.jpg,NoSCAM,img_0236,0.22232580184936523,0.09014247357845306,0.13218332827091217,True,False
NoSCAM_img_0237.jpg,NoSCAM,hair clip,cup,7.635,NoSCAM_img_0237,/external-cache/fse_typographic_20260926/external/SCAM/images.zip,images/train/NoSCAM_img_0237.jpg,NoSCAM,img_0237,0.2188829481601715,0.09309374541044235,0.12578919529914856,True,False
NoSCAM_img_0238.jpg,NoSCAM,diapers,crab,12.337,NoSCAM_img_0238,/external-cache/fse_typographic_20260926/external/SCAM/images.zip,images/train/NoSCAM_img_0238.jpg,NoSCAM,img_0238,0.24480603635311127,0.09081006050109863,0.15399597585201263,True,True
NoSCAM_img_0239.jpg,NoSCAM,hairbrush,cow,6.972,NoSCAM_img_0239,/external-cache/fse_typographic_20260926/external/SCAM/images.zip,images/train/NoSCAM_img_0239.jpg,NoSCAM,img_0239,0.23284533619880676,0.09414017200469971,0.13870516419410706,True,True
NoSCAM_img_0240.jpg,NoSCAM,alarm clock,couch,12.608,NoSCAM_img_0240,/external-cache/fse_typographic_20260926/external/SCAM/images.zip,images/train/NoSCAM_img_0240.jpg,NoSCAM,img_0240,0.12295033037662506,0.07149451971054077,0.05145581066608429,True,False
NoSCAM_img_0241.jpg,NoSCAM,hair dryer,coin,13.183,NoSCAM_img_0241,/external-cache/fse_typographic_20260926/external/SCAM/images.zip,images/train/NoSCAM_img_0241.jpg,NoSCAM,img_0241,0.21380218863487244,0.11153024435043335,0.10227194428443909,True,False
NoSCAM_img_0242.jpg,NoSCAM,nail clipper,coat,9.432,NoSCAM_img_0242,/external-cache/fse_typographic_20260926/external/SCAM/images.zip,images/train/NoSCAM_img_0242.jpg,NoSCAM,img_0242,0.143948495388031,0.0756806954741478,0.06826779991388321,True,False
NoSCAM_img_0243.jpg,NoSCAM,handkerchiefs,cloud,5.291,NoSCAM_img_0243,/external-cache/fse_typographic_20260926/external/SCAM/images.zip,images/train/NoSCAM_img_0243.jpg,NoSCAM,img_0243,0.17108921706676483,0.13056161999702454,0.040527597069740295,True,False
NoSCAM_img_0244.jpg,NoSCAM,deodorant,clock,9.208,NoSCAM_img_0244,/external-cache/fse_typographic_20260926/external/SCAM/images.zip,images/train/NoSCAM_img_0244.jpg,NoSCAM,img_0244,0.2399372160434723,0.10790742933750153,0.13202978670597076,True,True
NoSCAM_img_0245.jpg,NoSCAM,shower gel,chicken,13.787,NoSCAM_img_0245,/external-cache/fse_typographic_20260926/external/SCAM/images.zip,images/train/NoSCAM_img_0245.jpg,NoSCAM,img_0245,0.2453288435935974,0.1159888431429863,0.12933999300003052,True,True
NoSCAM_img_0246.jpg,NoSCAM,straws,hammer,5.08,NoSCAM_img_0246,/external-cache/fse_typographic_20260926/external/SCAM/images.zip,images/train/NoSCAM_img_0246.jpg,NoSCAM,img_0246,0.13266268372535706,0.09071905165910721,0.04194363206624985,True,False
NoSCAM_img_0247.jpg,NoSCAM,pasta,grass,10.841,NoSCAM_img_0247,/external-cache/fse_typographic_20260926/external/SCAM/images.zip,images/train/NoSCAM_img_0247.jpg,NoSCAM,img_0247,0.18427437543869019,0.09881047904491425,0.08546389639377594,True,True
NoSCAM_img_0248.jpg,NoSCAM,paper streamers,grape,6.681,NoSCAM_img_0248,/external-cache/fse_typographic_20260926/external/SCAM/images.zip,images/train/NoSCAM_img_0248.jpg,NoSCAM,img_0248,0.19620785117149353,0.10544699430465698,0.09076085686683655,True,False
NoSCAM_img_0249.jpg,NoSCAM,confetti,fruit,3.6,NoSCAM_img_0249,/external-cache/fse_typographic_20260926/external/SCAM/images.zip,images/train/NoSCAM_img_0249.jpg,NoSCAM,img_0249,0.18406559526920319,0.13416127860546112,0.049904316663742065,True,True
NoSCAM_img_0250.jpg,NoSCAM,balloon,frog,10.799,NoSCAM_img_0250,/external-cache/fse_typographic_20260926/external/SCAM/images.zip,images/train/NoSCAM_img_0250.jpg,NoSCAM,img_0250,0.1379396766424179,0.06449288874864578,0.07344678789377213,True,False
NoSCAM_img_0251.jpg,NoSCAM,candles,fork,4.978,NoSCAM_img_0251,/external-cache/fse_typographic_20260926/external/SCAM/images.zip,images/train/NoSCAM_img_0251.jpg,NoSCAM,img_0251,0.1644611358642578,0.13050313293933868,0.03395800292491913,True,False
NoSCAM_img_0252.jpg,NoSCAM,plate,floor,3.592,NoSCAM_img_0252,/external-cache/fse_typographic_20260926/external/SCAM/images.zip,images/train/NoSCAM_img_0252.jpg,NoSCAM,img_0252,0.15461283922195435,0.10474434494972229,0.049868494272232056,True,False
NoSCAM_img_0253.jpg,NoSCAM,board,flag,0.361,NoSCAM_img_0253,/external-cache/fse_typographic_20260926/external/SCAM/images.zip,images/train/NoSCAM_img_0253.jpg,NoSCAM,img_0253,0.14525741338729858,0.11054954677820206,0.03470786660909653,True,False
NoSCAM_img_0254.jpg,NoSCAM,lighter,fire,2.934,NoSCAM_img_0254,/external-cache/fse_typographic_20260926/external/SCAM/images.zip,images/train/NoSCAM_img_0254.jpg,NoSCAM,img_0254,0.12602126598358154,0.09247313439846039,0.033548131585121155,True,False
NoSCAM_img_0255.jpg,NoSCAM,grave candles,finger,3.698,NoSCAM_img_0255,/external-cache/fse_typographic_20260926/external/SCAM/images.zip,images/train/NoSCAM_img_0255.jpg,NoSCAM,img_0255,0.20907635986804962,0.07164236903190613,0.1374339908361435,True,True
NoSCAM_img_0256.jpg,NoSCAM,carafe,fence,5.278,NoSCAM_img_0256,/external-cache/fse_typographic_20260926/external/SCAM/images.zip,images/train/NoSCAM_img_0256.jpg,NoSCAM,img_0256,0.19671940803527832,0.08146747946739197,0.11525192856788635,True,True
NoSCAM_img_0257.jpg,NoSCAM,bottle cap,feather,6.266,NoSCAM_img_0257,/external-cache/fse_typographic_20260926/external/SCAM/images.zip,images/train/NoSCAM_img_0257.jpg,NoSCAM,img_0257,0.13936223089694977,0.07737801969051361,0.06198421120643616,True,False
NoSCAM_img_0258.jpg,NoSCAM,bottle,fan,4.477,NoSCAM_img_0258,/external-cache/fse_typographic_20260926/external/SCAM/images.zip,images/train/NoSCAM_img_0258.jpg,NoSCAM,img_0258,0.191149041056633,0.09824855625629425,0.09290048480033875,True,False
NoSCAM_img_0259.jpg,NoSCAM,milk pitcher,egg,3.853,NoSCAM_img_0259,/external-cache/fse_typographic_20260926/external/SCAM/images.zip,images/train/NoSCAM_img_0259.jpg,NoSCAM,img_0259,0.21762996912002563,0.1293676495552063,0.08826231956481934,True,True
NoSCAM_img_0260.jpg,NoSCAM,glass,eagle,3.877,NoSCAM_img_0260,/external-cache/fse_typographic_20260926/external/SCAM/images.zip,images/train/NoSCAM_img_0260.jpg,NoSCAM,img_0260,0.15102417767047882,0.08274765312671661,0.06827652454376221,True,False
NoSCAM_img_0261.jpg,NoSCAM,serving tray,duck,3.548,NoSCAM_img_0261,/external-cache/fse_typographic_20260926/external/SCAM/images.zip,images/train/NoSCAM_img_0261.jpg,NoSCAM,img_0261,0.2294103354215622,0.134647399187088,0.09476293623447418,True,False
NoSCAM_img_0262.jpg,NoSCAM,plate,door,3.774,NoSCAM_img_0262,/external-cache/fse_typographic_20260926/external/SCAM/images.zip,images/train/NoSCAM_img_0262.jpg,NoSCAM,img_0262,0.1999172568321228,0.10108241438865662,0.09883484244346619,True,False
NoSCAM_img_0263.jpg,NoSCAM,rolling pin,dog,1.313,NoSCAM_img_0263,/external-cache/fse_typographic_20260926/external/SCAM/images.zip,images/train/NoSCAM_img_0263.jpg,NoSCAM,img_0263,0.23229128122329712,0.131608784198761,0.10068249702453613,True,False
NoSCAM_img_0264.jpg,NoSCAM,sieve,dish,17.142,NoSCAM_img_0264,/external-cache/fse_typographic_20260926/external/SCAM/images.zip,images/train/NoSCAM_img_0264.jpg,NoSCAM,img_0264,0.2148747742176056,0.16660857200622559,0.048266202211380005,True,False
NoSCAM_img_0265.jpg,NoSCAM,baking pan,desk,3.182,NoSCAM_img_0265,/external-cache/fse_typographic_20260926/external/SCAM/images.zip,images/train/NoSCAM_img_0265.jpg,NoSCAM,img_0265,0.16096071898937225,0.15293046832084656,0.008030250668525696,True,False
NoSCAM_img_0266.jpg,NoSCAM,cooking scraper,curtain,13.402,NoSCAM_img_0266,/external-cache/fse_typographic_20260926/external/SCAM/images.zip,images/train/NoSCAM_img_0266.jpg,NoSCAM,img_0266,0.21799637377262115,0.1326838880777359,0.08531248569488525,True,False
NoSCAM_img_0267.jpg,NoSCAM,palette knife,cup,2.758,NoSCAM_img_0267,/external-cache/fse_typographic_20260926/external/SCAM/images.zip,images/train/NoSCAM_img_0267.jpg,NoSCAM,img_0267,0.17541387677192688,0.08163551986217499,0.09377835690975189,True,False
NoSCAM_img_0268.jpg,NoSCAM,brush,crab,4.106,NoSCAM_img_0268,/external-cache/fse_typographic_20260926/external/SCAM/images.zip,images/train/NoSCAM_img_0268.jpg,NoSCAM,img_0268,0.18327176570892334,0.0797649398446083,0.10350682586431503,True,False
NoSCAM_img_0269.jpg,NoSCAM,basket,cow,14.365,NoSCAM_img_0269,/external-cache/fse_typographic_20260926/external/SCAM/images.zip,images/train/NoSCAM_img_0269.jpg,NoSCAM,img_0269,0.20330661535263062,0.09345698356628418,0.10984963178634644,True,True
NoSCAM_img_0270.jpg,NoSCAM,hot dog maker,couch,3.958,NoSCAM_img_0270,/external-cache/fse_typographic_20260926/external/SCAM/images.zip,images/train/NoSCAM_img_0270.jpg,NoSCAM,img_0270,0.23992721736431122,0.08020148426294327,0.15972572565078735,True,False
NoSCAM_img_0271.jpg,NoSCAM,sandwich maker,coin,5.31,NoSCAM_img_0271,/external-cache/fse_typographic_20260926/external/SCAM/images.zip,images/train/NoSCAM_img_0271.jpg,NoSCAM,img_0271,0.2822394371032715,0.14387592673301697,0.13836351037025452,True,True
NoSCAM_img_0272.jpg,NoSCAM,hotplate,coat,1.262,NoSCAM_img_0272,/external-cache/fse_typographic_20260926/external/SCAM/images.zip,images/train/NoSCAM_img_0272.jpg,NoSCAM,img_0272,0.23752814531326294,0.116172656416893,0.12135548889636993,True,False
NoSCAM_img_0273.jpg,NoSCAM,serving trolley,cloud,1.478,NoSCAM_img_0273,/external-cache/fse_typographic_20260926/external/SCAM/images.zip,images/train/NoSCAM_img_0273.jpg,NoSCAM,img_0273,0.25932028889656067,0.13006827235221863,0.12925201654434204,True,True
NoSCAM_img_0274.jpg,NoSCAM,microwave,clock,1.401,NoSCAM_img_0274,/external-cache/fse_typographic_20260926/external/SCAM/images.zip,images/train/NoSCAM_img_0274.jpg,NoSCAM,img_0274,0.24154555797576904,0.15729555487632751,0.08425000309944153,True,True
NoSCAM_img_0275.jpg,NoSCAM,rice cooker,hammer,3.341,NoSCAM_img_0275,/external-cache/fse_typographic_20260926/external/SCAM/images.zip,images/train/NoSCAM_img_0275.jpg,NoSCAM,img_0275,0.27805808186531067,0.15816950798034668,0.11988857388496399,True,True
NoSCAM_img_0276.jpg,NoSCAM,fryer,chicken,2.908,NoSCAM_img_0276,/external-cache/fse_typographic_20260926/external/SCAM/images.zip,images/train/NoSCAM_img_0276.jpg,NoSCAM,img_0276,0.19410836696624756,0.14957059919834137,0.04453776776790619,True,False
NoSCAM_img_0277.jpg,NoSCAM,ribbon,eagle,9.691,NoSCAM_img_0277,/external-cache/fse_typographic_20260926/external/SCAM/images.zip,images/train/NoSCAM_img_0277.jpg,NoSCAM,img_0277,0.1471526324748993,0.08646823465824127,0.06068439781665802,True,False
NoSCAM_img_0278.jpg,NoSCAM,roses,duck,3.579,NoSCAM_img_0278,/external-cache/fse_typographic_20260926/external/SCAM/images.zip,images/train/NoSCAM_img_0278.jpg,NoSCAM,img_0278,0.21797867119312286,0.13782554864883423,0.08015312254428864,True,True
NoSCAM_img_0279.jpg,NoSCAM,plate,door,4.39,NoSCAM_img_0279,/external-cache/fse_typographic_20260926/external/SCAM/images.zip,images/train/NoSCAM_img_0279.jpg,NoSCAM,img_0279,0.20665420591831207,0.12440400570631027,0.0822502002120018,True,False
NoSCAM_img_0280.jpg,NoSCAM,box,dog,4.4,NoSCAM_img_0280,/external-cache/fse_typographic_20260926/external/SCAM/images.zip,images/train/NoSCAM_img_0280.jpg,NoSCAM,img_0280,0.20376110076904297,0.12202252447605133,0.08173857629299164,True,False
NoSCAM_img_0281.jpg,NoSCAM,wooden disc,dish,7.515,NoSCAM_img_0281,/external-cache/fse_typographic_20260926/external/SCAM/images.zip,images/train/NoSCAM_img_0281.jpg,NoSCAM,img_0281,0.18165791034698486,0.13893336057662964,0.042724549770355225,True,False
NoSCAM_img_0282.jpg,NoSCAM,hot glue gun,curtain,16.302,NoSCAM_img_0282,/external-cache/fse_typographic_20260926/external/SCAM/images.zip,images/train/NoSCAM_img_0282.jpg,NoSCAM,img_0282,0.21664515137672424,0.09623061120510101,0.12041454017162323,True,False
NoSCAM_img_0283.jpg,NoSCAM,calculator,cup,6.438,NoSCAM_img_0283,/external-cache/fse_typographic_20260926/external/SCAM/images.zip,images/train/NoSCAM_img_0283.jpg,NoSCAM,img_0283,0.27483123540878296,0.11624078452587128,0.15859045088291168,True,True
NoSCAM_img_0284.jpg,NoSCAM,easel,crab,1.65,NoSCAM_img_0284,/external-cache/fse_typographic_20260926/external/SCAM/images.zip,images/train/NoSCAM_img_0284.jpg,NoSCAM,img_0284,0.2032983899116516,0.09484836459159851,0.1084500253200531,True,False
NoSCAM_img_0285.jpg,NoSCAM,buttons,couch,13.417,NoSCAM_img_0285,/external-cache/fse_typographic_20260926/external/SCAM/images.zip,images/train/NoSCAM_img_0285.jpg,NoSCAM,img_0285,0.2111688256263733,0.12373825162649155,0.08743057399988174,True,False
NoSCAM_img_0286.jpg,NoSCAM,safety pins,coin,28.856,NoSCAM_img_0286,/external-cache/fse_typographic_20260926/external/SCAM/images.zip,images/train/NoSCAM_img_0286.jpg,NoSCAM,img_0286,0.1717311143875122,0.10946868360042572,0.06226243078708649,True,False
NoSCAM_img_0287.jpg,NoSCAM,paper wrap,coat,5.495,NoSCAM_img_0287,/external-cache/fse_typographic_20260926/external/SCAM/images.zip,images/train/NoSCAM_img_0287.jpg,NoSCAM,img_0287,0.20447921752929688,0.11351259052753448,0.09096662700176239,True,False
NoSCAM_img_0288.jpg,NoSCAM,hat,cloud,5.318,NoSCAM_img_0288,/external-cache/fse_typographic_20260926/external/SCAM/images.zip,images/train/NoSCAM_img_0288.jpg,NoSCAM,img_0288,0.24971432983875275,0.20188173651695251,0.04783259332180023,True,False
NoSCAM_img_0289.jpg,NoSCAM,wool,clock,7.243,NoSCAM_img_0289,/external-cache/fse_typographic_20260926/external/SCAM/images.zip,images/train/NoSCAM_img_0289.jpg,NoSCAM,img_0289,0.18596339225769043,0.13088873028755188,0.05507466197013855,True,False
NoSCAM_img_0290.jpg,NoSCAM,cake,chicken,10.823,NoSCAM_img_0290,/external-cache/fse_typographic_20260926/external/SCAM/images.zip,images/train/NoSCAM_img_0290.jpg,NoSCAM,img_0290,0.22929412126541138,0.18482351303100586,0.04447060823440552,True,False
NoSCAM_img_0291.jpg,NoSCAM,socks,hammer,2.685,NoSCAM_img_0291,/external-cache/fse_typographic_20260926/external/SCAM/images.zip,images/train/NoSCAM_img_0291.jpg,NoSCAM,img_0291,0.24981921911239624,0.17655807733535767,0.07326114177703857,True,True
NoSCAM_img_0292.jpg,NoSCAM,shoe,grape,5.075,NoSCAM_img_0292,/external-cache/fse_typographic_20260926/external/SCAM/images.zip,images/train/NoSCAM_img_0292.jpg,NoSCAM,img_0292,0.24144908785820007,0.13381201028823853,0.10763707756996155,True,False
NoSCAM_img_0293.jpg,NoSCAM,napkin,fruit,3.75,NoSCAM_img_0293,/external-cache/fse_typographic_20260926/external/SCAM/images.zip,images/train/NoSCAM_img_0293.jpg,NoSCAM,img_0293,0.23676444590091705,0.17737916111946106,0.059385284781455994,True,True
NoSCAM_img_0294.jpg,NoSCAM,disinfectant dispenser,frog,2.955,NoSCAM_img_0294,/external-cache/fse_typographic_20260926/external/SCAM/images.zip,images/train/NoSCAM_img_0294.jpg,NoSCAM,img_0294,0.24615654349327087,0.09366827458143234,0.15248826146125793,True,True
NoSCAM_img_0295.jpg,NoSCAM,clock,fork,12.716,NoSCAM_img_0295,/external-cache/fse_typographic_20260926/external/SCAM/images.zip,images/train/NoSCAM_img_0295.jpg,NoSCAM,img_0295,0.23487427830696106,0.1063692718744278,0.12850500643253326,True,True
NoSCAM_img_0296.jpg,NoSCAM,camera,flag,10.806,NoSCAM_img_0296,/external-cache/fse_typographic_20260926/external/SCAM/images.zip,images/train/NoSCAM_img_0296.jpg,NoSCAM,img_0296,0.19622817635536194,0.1361066997051239,0.06012147665023804,True,False
NoSCAM_img_0297.jpg,NoSCAM,hair clipper,fish,28.135,NoSCAM_img_0297,/external-cache/fse_typographic_20260926/external/SCAM/images.zip,images/train/NoSCAM_img_0297.jpg,NoSCAM,img_0297,0.29879555106163025,0.13836076855659485,0.1604347825050354,True,False
NoSCAM_img_0298.jpg,NoSCAM,electric shaver,fire,7.462,NoSCAM_img_0298,/external-cache/fse_typographic_20260926/external/SCAM/images.zip,images/train/NoSCAM_img_0298.jpg,NoSCAM,img_0298,0.2426677942276001,0.14972823858261108,0.09293955564498901,True,False
NoSCAM_img_0299.jpg,NoSCAM,blender,finger,3.253,NoSCAM_img_0299,/external-cache/fse_typographic_20260926/external/SCAM/images.zip,images/train/NoSCAM_img_0299.jpg,NoSCAM,img_0299,0.24106447398662567,0.15372176468372345,0.08734270930290222,True,True
NoSCAM_img_0300.jpg,NoSCAM,blower,fence,3.764,NoSCAM_img_0300,/external-cache/fse_typographic_20260926/external/SCAM/images.zip,images/train/NoSCAM_img_0300.jpg,NoSCAM,img_0300,0.1964000165462494,0.15064352750778198,0.04575648903846741,True,False
NoSCAM_img_0301.jpg,NoSCAM,sewing machine,key,6.013,NoSCAM_img_0301,/external-cache/fse_typographic_20260926/external/SCAM/images.zip,images/train/NoSCAM_img_0301.jpg,NoSCAM,img_0301,0.22739309072494507,0.14081232249736786,0.08658076822757721,True,True
NoSCAM_img_0302.jpg,NoSCAM,steam flat iron,jeep,16.664,NoSCAM_img_0302,/external-cache/fse_typographic_20260926/external/SCAM/images.zip,images/train/NoSCAM_img_0302.jpg,NoSCAM,img_0302,0.2220422327518463,0.09909848868846893,0.12294374406337738,True,False
NoSCAM_img_0303.jpg,NoSCAM,electric toothbrush,iron,9.262,NoSCAM_img_0303,/external-cache/fse_typographic_20260926/external/SCAM/images.zip,images/train/NoSCAM_img_0303.jpg,NoSCAM,img_0303,0.2633492648601532,0.14097942411899567,0.12236984074115753,True,True
NoSCAM_img_0304.jpg,NoSCAM,coffee beans,jar,10.717,NoSCAM_img_0304,/external-cache/fse_typographic_20260926/external/SCAM/images.zip,images/train/NoSCAM_img_0304.jpg,NoSCAM,img_0304,0.23297792673110962,0.1892748922109604,0.04370303452014923,True,True
NoSCAM_img_0305.jpg,NoSCAM,coffee machine,ice,3.265,NoSCAM_img_0305,/external-cache/fse_typographic_20260926/external/SCAM/images.zip,images/train/NoSCAM_img_0305.jpg,NoSCAM,img_0305,0.2627294063568115,0.17066256701946259,0.09206683933734894,True,True
NoSCAM_img_0306.jpg,NoSCAM,electric kettle,house,10.345,NoSCAM_img_0306,/external-cache/fse_typographic_20260926/external/SCAM/images.zip,images/train/NoSCAM_img_0306.jpg,NoSCAM,img_0306,0.2516885995864868,0.12926816940307617,0.12242043018341064,True,True
NoSCAM_img_0307.jpg,NoSCAM,bread slicer,horn,1.692,NoSCAM_img_0307,/external-cache/fse_typographic_20260926/external/SCAM/images.zip,images/train/NoSCAM_img_0307.jpg,NoSCAM,img_0307,0.20809504389762878,0.11664304882287979,0.09145199507474899,True,False
NoSCAM_img_0308.jpg,NoSCAM,tape dispenser,honey,5.85,NoSCAM_img_0308,/external-cache/fse_typographic_20260926/external/SCAM/images.zip,images/train/NoSCAM_img_0308.jpg,NoSCAM,img_0308,0.223984494805336,0.1332990527153015,0.09068544209003448,True,True
NoSCAM_img_0309.jpg,NoSCAM,stamp,helmet,4.877,NoSCAM_img_0309,/external-cache/fse_typographic_20260926/external/SCAM/images.zip,images/train/NoSCAM_img_0309.jpg,NoSCAM,img_0309,0.21862822771072388,0.1151302307844162,0.10349799692630768,True,True
NoSCAM_img_0310.jpg,NoSCAM,spray bottle,hat,3.133,NoSCAM_img_0310,/external-cache/fse_typographic_20260926/external/SCAM/images.zip,images/train/NoSCAM_img_0310.jpg,NoSCAM,img_0310,0.23388615250587463,0.12214072048664093,0.1117454320192337,True,False
NoSCAM_img_0311.jpg,NoSCAM,washing machine,mirror,0.494,NoSCAM_img_0311,/external-cache/fse_typographic_20260926/external/SCAM/images.zip,images/train/NoSCAM_img_0311.jpg,NoSCAM,img_0311,0.18294677138328552,0.09477085620164871,0.08817591518163681,True,True
NoSCAM_img_0312.jpg,NoSCAM,stapler,sandwich,8.077,NoSCAM_img_0312,/external-cache/fse_typographic_20260926/external/SCAM/images.zip,images/train/NoSCAM_img_0312.jpg,NoSCAM,img_0312,0.2610672116279602,0.15134850144386292,0.10971871018409729,True,True
NoSCAM_img_0313.jpg,NoSCAM,vacuum cleaner,transistor,3.139,NoSCAM_img_0313,/external-cache/fse_typographic_20260926/external/SCAM/images.zip,images/train/NoSCAM_img_0313.jpg,NoSCAM,img_0313,0.19454029202461243,0.13161960244178772,0.06292068958282471,True,False
NoSCAM_img_0314.jpg,NoSCAM,remote control,screwdriver,6.119,NoSCAM_img_0314,/external-cache/fse_typographic_20260926/external/SCAM/images.zip,images/train/NoSCAM_img_0314.jpg,NoSCAM,img_0314,0.23454537987709045,0.19607305526733398,0.03847232460975647,True,False
NoSCAM_img_0315.jpg,NoSCAM,cable,screw,6.714,NoSCAM_img_0315,/external-cache/fse_typographic_20260926/external/SCAM/images.zip,images/train/NoSCAM_img_0315.jpg,NoSCAM,img_0315,0.23053111135959625,0.15144868195056915,0.0790824294090271,True,False
NoSCAM_img_0316.jpg,NoSCAM,hdmi splitter,lock,6.178,NoSCAM_img_0316,/external-cache/fse_typographic_20260926/external/SCAM/images.zip,images/train/NoSCAM_img_0316.jpg,NoSCAM,img_0316,0.21472273766994476,0.08479005843400955,0.12993267178535461,True,False
NoSCAM_img_0317.jpg,NoSCAM,memory card,lipstick,12.265,NoSCAM_img_0317,/external-cache/fse_typographic_20260926/external/SCAM/images.zip,images/train/NoSCAM_img_0317.jpg,NoSCAM,img_0317,0.20521950721740723,0.16357967257499695,0.04163983464241028,True,True
NoSCAM_img_0318.jpg,NoSCAM,speaker,lion,4.036,NoSCAM_img_0318,/external-cache/fse_typographic_20260926/external/SCAM/images.zip,images/train/NoSCAM_img_0318.jpg,NoSCAM,img_0318,0.21123996376991272,0.13550853729248047,0.07573142647743225,True,True
NoSCAM_img_0319.jpg,NoSCAM,microphone,lightbulb,7.557,NoSCAM_img_0319,/external-cache/fse_typographic_20260926/external/SCAM/images.zip,images/train/NoSCAM_img_0319.jpg,NoSCAM,img_0319,0.19711655378341675,0.14469459652900696,0.05242195725440979,True,False
NoSCAM_img_0320.jpg,NoSCAM,camera,lemon,11.649,NoSCAM_img_0320,/external-cache/fse_typographic_20260926/external/SCAM/images.zip,images/train/NoSCAM_img_0320.jpg,NoSCAM,img_0320,0.16295090317726135,0.13027958571910858,0.03267131745815277,True,False
NoSCAM_img_0321.jpg,NoSCAM,printer,lamp,1.873,NoSCAM_img_0321,/external-cache/fse_typographic_20260926/external/SCAM/images.zip,images/train/NoSCAM_img_0321.jpg,NoSCAM,img_0321,0.2246895134449005,0.09254270792007446,0.13214680552482605,True,True
NoSCAM_img_0322.jpg,NoSCAM,printer cartridge,ladder,11.078,NoSCAM_img_0322,/external-cache/fse_typographic_20260926/external/SCAM/images.zip,images/train/NoSCAM_img_0322.jpg,NoSCAM,img_0322,0.17233923077583313,0.09241068363189697,0.07992854714393616,True,True
NoSCAM_img_0323.jpg,NoSCAM,wall charger,knife,13.848,NoSCAM_img_0323,/external-cache/fse_typographic_20260926/external/SCAM/images.zip,images/train/NoSCAM_img_0323.jpg,NoSCAM,img_0323,0.2303321361541748,0.13425672054290771,0.09607541561126709,True,False
NoSCAM_img_0324.jpg,NoSCAM,plunger,trash,2.426,NoSCAM_img_0324,/external-cache/fse_typographic_20260926/external/SCAM/images.zip,images/train/NoSCAM_img_0324.jpg,NoSCAM,img_0324,0.21684309840202332,0.12823110818862915,0.08861199021339417,True,True
NoSCAM_img_0325.jpg,NoSCAM,pocket balance,couch,6.966,NoSCAM_img_0325,/external-cache/fse_typographic_20260926/external/SCAM/images.zip,images/train/NoSCAM_img_0325.jpg,NoSCAM,img_0325,0.16309285163879395,0.11771337687969208,0.04537947475910187,True,False
NoSCAM_img_0326.jpg,NoSCAM,try square,bridge,7.286,NoSCAM_img_0326,/external-cache/fse_typographic_20260926/external/SCAM/images.zip,images/train/NoSCAM_img_0326.jpg,NoSCAM,img_0326,0.22871221601963043,0.1276201754808426,0.10109204053878784,True,True
NoSCAM_img_0327.jpg,NoSCAM,bench vise,barrier,7.481,NoSCAM_img_0327,/external-cache/fse_typographic_20260926/external/SCAM/images.zip,images/train/NoSCAM_img_0327.jpg,NoSCAM,img_0327,0.21867626905441284,0.14076083898544312,0.07791543006896973,True,True
NoSCAM_img_0328.jpg,NoSCAM,axe,police,1.388,NoSCAM_img_0328,/external-cache/fse_typographic_20260926/external/SCAM/images.zip,images/train/NoSCAM_img_0328.jpg,NoSCAM,img_0328,0.24294742941856384,0.1557067632675171,0.08724066615104675,True,True
NoSCAM_img_0329.jpg,NoSCAM,saw,stairs,2.972,NoSCAM_img_0329,/external-cache/fse_typographic_20260926/external/SCAM/images.zip,images/train/NoSCAM_img_0329.jpg,NoSCAM,img_0329,0.19218066334724426,0.11824624240398407,0.07393442094326019,True,False
NoSCAM_img_0330.jpg,NoSCAM,sledgehammer,cone,4.17,NoSCAM_img_0330,/external-cache/fse_typographic_20260926/external/SCAM/images.zip,images/train/NoSCAM_img_0330.jpg,NoSCAM,img_0330,0.2384386509656906,0.16061675548553467,0.07782189548015594,True,True
NoSCAM_img_0331.jpg,NoSCAM,combination lock,sidewalk,12.195,NoSCAM_img_0331,/external-cache/fse_typographic_20260926/external/SCAM/images.zip,images/train/NoSCAM_img_0331.jpg,NoSCAM,img_0331,0.21895365417003632,0.09624667465686798,0.12270697951316833,True,True
NoSCAM_img_0332.jpg,NoSCAM,tire,gears,3.837,NoSCAM_img_0332,/external-cache/fse_typographic_20260926/external/SCAM/images.zip,images/train/NoSCAM_img_0332.jpg,NoSCAM,img_0332,0.21293959021568298,0.1470588594675064,0.06588073074817657,True,True
NoSCAM_img_0333.jpg,NoSCAM,coat hook,saddle,3.556,NoSCAM_img_0333,/external-cache/fse_typographic_20260926/external/SCAM/images.zip,images/train/NoSCAM_img_0333.jpg,NoSCAM,img_0333,0.2361871749162674,0.13670620322227478,0.09948097169399261,True,False
NoSCAM_img_0334.jpg,NoSCAM,goggles,speed camera,8.341,NoSCAM_img_0334,/external-cache/fse_typographic_20260926/external/SCAM/images.zip,images/train/NoSCAM_img_0334.jpg,NoSCAM,img_0334,0.19471952319145203,0.10691378265619278,0.08780574053525925,True,False
NoSCAM_img_0335.jpg,NoSCAM,mask,street,8.394,NoSCAM_img_0335,/external-cache/fse_typographic_20260926/external/SCAM/images.zip,images/train/NoSCAM_img_0335.jpg,NoSCAM,img_0335,0.16666005551815033,0.11599670350551605,0.05066335201263428,True,False
NoSCAM_img_0336.jpg,NoSCAM,roller board,gravel,1.503,NoSCAM_img_0336,/external-cache/fse_typographic_20260926/external/SCAM/images.zip,images/train/NoSCAM_img_0336.jpg,NoSCAM,img_0336,0.20447346568107605,0.10077270120382309,0.10370076447725296,True,False
NoSCAM_img_0337.jpg,NoSCAM,chain,canal,9.167,NoSCAM_img_0337,/external-cache/fse_typographic_20260926/external/SCAM/images.zip,images/train/NoSCAM_img_0337.jpg,NoSCAM,img_0337,0.20777735114097595,0.12403405457735062,0.08374329656362534,True,False
NoSCAM_img_0338.jpg,NoSCAM,rope,pig,7.508,NoSCAM_img_0338,/external-cache/fse_typographic_20260926/external/SCAM/images.zip,images/train/NoSCAM_img_0338.jpg,NoSCAM,img_0338,0.16795611381530762,0.1064249575138092,0.06153115630149841,True,False
NoSCAM_img_0339.jpg,NoSCAM,screws,stairs,6.244,NoSCAM_img_0339,/external-cache/fse_typographic_20260926/external/SCAM/images.zip,images/train/NoSCAM_img_0339.jpg,NoSCAM,img_0339,0.132945716381073,0.08180034160614014,0.05114537477493286,True,False
NoSCAM_img_0340.jpg,NoSCAM,drill,lift,1.929,NoSCAM_img_0340,/external-cache/fse_typographic_20260926/external/SCAM/images.zip,images/train/NoSCAM_img_0340.jpg,NoSCAM,img_0340,0.1789437234401703,0.09692451357841492,0.08201920986175537,True,False
NoSCAM_img_0341.jpg,NoSCAM,pipes,road,3.127,NoSCAM_img_0341,/external-cache/fse_typographic_20260926/external/SCAM/images.zip,images/train/NoSCAM_img_0341.jpg,NoSCAM,img_0341,0.1694202423095703,0.10219012945890427,0.06723011285066605,True,False
NoSCAM_img_0342.jpg,NoSCAM,brass tubes,pumpkin,2.547,NoSCAM_img_0342,/external-cache/fse_typographic_20260926/external/SCAM/images.zip,images/train/NoSCAM_img_0342.jpg,NoSCAM,img_0342,0.14834484457969666,0.027111444622278214,0.12123340368270874,True,False
NoSCAM_img_0343.jpg,NoSCAM,toilet lid,car,1.677,NoSCAM_img_0343,/external-cache/fse_typographic_20260926/external/SCAM/images.zip,images/train/NoSCAM_img_0343.jpg,NoSCAM,img_0343,0.2256995290517807,0.10598809272050858,0.11971143633127213,True,False
NoSCAM_img_0344.jpg,NoSCAM,shower head,bike,3.808,NoSCAM_img_0344,/external-cache/fse_typographic_20260926/external/SCAM/images.zip,images/train/NoSCAM_img_0344.jpg,NoSCAM,img_0344,0.24181246757507324,0.1360526978969574,0.10575976967811584,True,False
NoSCAM_img_0345.jpg,NoSCAM,bicycle bell,van,11.291,NoSCAM_img_0345,/external-cache/fse_typographic_20260926/external/SCAM/images.zip,images/train/NoSCAM_img_0345.jpg,NoSCAM,img_0345,0.15406116843223572,0.13302801549434662,0.0210331529378891,True,False
NoSCAM_img_0346.jpg,NoSCAM,bike lock,stop sign,6.003,NoSCAM_img_0346,/external-cache/fse_typographic_20260926/external/SCAM/images.zip,images/train/NoSCAM_img_0346.jpg,NoSCAM,img_0346,0.18877707421779633,0.13473498821258545,0.054042086005210876,True,False
NoSCAM_img_0347.jpg,NoSCAM,bicycle light,gloves,10.106,NoSCAM_img_0347,/external-cache/fse_typographic_20260926/external/SCAM/images.zip,images/train/NoSCAM_img_0347.jpg,NoSCAM,img_0347,0.14306983351707458,0.11177854239940643,0.03129129111766815,True,False
NoSCAM_img_0348.jpg,NoSCAM,bicycle tire,flower,5.1,NoSCAM_img_0348,/external-cache/fse_typographic_20260926/external/SCAM/images.zip,images/train/NoSCAM_img_0348.jpg,NoSCAM,img_0348,0.1988917589187622,0.06618456542491913,0.13270719349384308,True,True
NoSCAM_img_0349.jpg,NoSCAM,brushes,mittens,7.377,NoSCAM_img_0349,/external-cache/fse_typographic_20260926/external/SCAM/images.zip,images/train/NoSCAM_img_0349.jpg,NoSCAM,img_0349,0.1746751070022583,0.0965207889676094,0.0781543180346489,True,False
NoSCAM_img_0350.jpg,NoSCAM,paint roller,trash,2.48,NoSCAM_img_0350,/external-cache/fse_typographic_20260926/external/SCAM/images.zip,images/train/NoSCAM_img_0350.jpg,NoSCAM,img_0350,0.2352260798215866,0.15109996497631073,0.08412611484527588,True,True
NoSCAM_img_0351.jpg,NoSCAM,paint,couch,3.187,NoSCAM_img_0351,/external-cache/fse_typographic_20260926/external/SCAM/images.zip,images/train/NoSCAM_img_0351.jpg,NoSCAM,img_0351,0.155160591006279,0.08634553849697113,0.06881505250930786,True,False
NoSCAM_img_0352.jpg,NoSCAM,ladder,bridge,0.458,NoSCAM_img_0352,/external-cache/fse_typographic_20260926/external/SCAM/images.zip,images/train/NoSCAM_img_0352.jpg,NoSCAM,img_0352,0.21116283535957336,0.09769436717033386,0.1134684681892395,True,True
NoSCAM_img_0353.jpg,NoSCAM,dustpan,barrier,2.676,NoSCAM_img_0353,/external-cache/fse_typographic_20260926/external/SCAM/images.zip,images/train/NoSCAM_img_0353.jpg,NoSCAM,img_0353,0.2251483052968979,0.12286114692687988,0.102287158370018,True,False
NoSCAM_img_0354.jpg,NoSCAM,lamp,police,4.476,NoSCAM_img_0354,/external-cache/fse_typographic_20260926/external/SCAM/images.zip,images/train/NoSCAM_img_0354.jpg,NoSCAM,img_0354,0.21473461389541626,0.1584722101688385,0.05626240372657776,True,False
NoSCAM_img_0355.jpg,NoSCAM,cable ties,stairs,3.441,NoSCAM_img_0355,/external-cache/fse_typographic_20260926/external/SCAM/images.zip,images/train/NoSCAM_img_0355.jpg,NoSCAM,img_0355,0.2071908563375473,0.15136732161045074,0.05582353472709656,True,False
NoSCAM_img_0356.jpg,NoSCAM,cable,cone,3.819,NoSCAM_img_0356,/external-cache/fse_typographic_20260926/external/SCAM/images.zip,images/train/NoSCAM_img_0356.jpg,NoSCAM,img_0356,0.20198601484298706,0.1561526656150818,0.04583334922790527,True,False
NoSCAM_img_0357.jpg,NoSCAM,motion detector,sidewalk,10.949,NoSCAM_img_0357,/external-cache/fse_typographic_20260926/external/SCAM/images.zip,images/train/NoSCAM_img_0357.jpg,NoSCAM,img_0357,0.18183058500289917,0.08112777769565582,0.10070280730724335,True,False
NoSCAM_img_0358.jpg,NoSCAM,socket,gears,7.086,NoSCAM_img_0358,/external-cache/fse_typographic_20260926/external/SCAM/images.zip,images/train/NoSCAM_img_0358.jpg,NoSCAM,img_0358,0.24026238918304443,0.12820571660995483,0.1120566725730896,True,False
NoSCAM_img_0359.jpg,NoSCAM,cardboard box,saddle,0.66,NoSCAM_img_0359,/external-cache/fse_typographic_20260926/external/SCAM/images.zip,images/train/NoSCAM_img_0359.jpg,NoSCAM,img_0359,0.21419629454612732,0.13731826841831207,0.07687802612781525,True,False
NoSCAM_img_0360.jpg,NoSCAM,toy elephant,speed camera,2.35,NoSCAM_img_0360,/external-cache/fse_typographic_20260926/external/SCAM/images.zip,images/train/NoSCAM_img_0360.jpg,NoSCAM,img_0360,0.2677409052848816,0.13746652007102966,0.13027438521385193,True,True
NoSCAM_img_0361.jpg,NoSCAM,cat figurine,street,6.582,NoSCAM_img_0361,/external-cache/fse_typographic_20260926/external/SCAM/images.zip,images/train/NoSCAM_img_0361.jpg,NoSCAM,img_0361,0.26030758023262024,0.12243522703647614,0.1378723531961441,True,True
NoSCAM_img_0362.jpg,NoSCAM,bell,gravel,1.959,NoSCAM_img_0362,/external-cache/fse_typographic_20260926/external/SCAM/images.zip,images/train/NoSCAM_img_0362.jpg,NoSCAM,img_0362,0.19110125303268433,0.07308575510978699,0.11801549792289734,True,True
NoSCAM_img_0363.jpg,NoSCAM,stone plates,canal,1.413,NoSCAM_img_0363,/external-cache/fse_typographic_20260926/external/SCAM/images.zip,images/train/NoSCAM_img_0363.jpg,NoSCAM,img_0363,0.18669164180755615,0.11356651037931442,0.07312513142824173,True,False
NoSCAM_img_0364.jpg,NoSCAM,lantern,pig,3.167,NoSCAM_img_0364,/external-cache/fse_typographic_20260926/external/SCAM/images.zip,images/train/NoSCAM_img_0364.jpg,NoSCAM,img_0364,0.18933188915252686,0.1722448766231537,0.01708701252937317,True,False
NoSCAM_img_0365.jpg,NoSCAM,thermal camping mat,stairs,2.982,NoSCAM_img_0365,/external-cache/fse_typographic_20260926/external/SCAM/images.zip,images/train/NoSCAM_img_0365.jpg,NoSCAM,img_0365,0.21720099449157715,0.15069454908370972,0.06650644540786743,True,False
NoSCAM_img_0366.jpg,NoSCAM,freeze pack,lift,19.443,NoSCAM_img_0366,/external-cache/fse_typographic_20260926/external/SCAM/images.zip,images/train/NoSCAM_img_0366.jpg,NoSCAM,img_0366,0.1964171975851059,0.09158019721508026,0.10483700037002563,True,False
NoSCAM_img_0367.jpg,NoSCAM,gas bottle,road,10.437,NoSCAM_img_0367,/external-cache/fse_typographic_20260926/external/SCAM/images.zip,images/train/NoSCAM_img_0367.jpg,NoSCAM,img_0367,0.17100884020328522,0.12447482347488403,0.046534016728401184,True,False
NoSCAM_img_0368.jpg,NoSCAM,gas bottle,pumpkin,2.859,NoSCAM_img_0368,/external-cache/fse_typographic_20260926/external/SCAM/images.zip,images/train/NoSCAM_img_0368.jpg,NoSCAM,img_0368,0.19924822449684143,0.11938545852899551,0.07986276596784592,True,False
NoSCAM_img_0369.jpg,NoSCAM,grill,car,1.158,NoSCAM_img_0369,/external-cache/fse_typographic_20260926/external/SCAM/images.zip,images/train/NoSCAM_img_0369.jpg,NoSCAM,img_0369,0.22353976964950562,0.1424880027770996,0.081051766872406,True,True
NoSCAM_img_0370.jpg,NoSCAM,wooden skewer,bike,6.306,NoSCAM_img_0370,/external-cache/fse_typographic_20260926/external/SCAM/images.zip,images/train/NoSCAM_img_0370.jpg,NoSCAM,img_0370,0.19424529373645782,0.09440392255783081,0.09984137117862701,True,False
NoSCAM_img_0371.jpg,NoSCAM,shashlik skewers,van,4.426,NoSCAM_img_0371,/external-cache/fse_typographic_20260926/external/SCAM/images.zip,images/train/NoSCAM_img_0371.jpg,NoSCAM,img_0371,0.17461270093917847,0.1203482523560524,0.05426444858312607,True,False
NoSCAM_img_0372.jpg,NoSCAM,wooden grill tong,stop sign,5.978,NoSCAM_img_0372,/external-cache/fse_typographic_20260926/external/SCAM/images.zip,images/train/NoSCAM_img_0372.jpg,NoSCAM,img_0372,0.1699608564376831,0.13458847999572754,0.035372376441955566,True,False
NoSCAM_img_0373.jpg,NoSCAM,grill,gloves,1.216,NoSCAM_img_0373,/external-cache/fse_typographic_20260926/external/SCAM/images.zip,images/train/NoSCAM_img_0373.jpg,NoSCAM,img_0373,0.19294330477714539,0.11955258250236511,0.07339072227478027,True,False
NoSCAM_img_0374.jpg,NoSCAM,landing net,flower,2.33,NoSCAM_img_0374,/external-cache/fse_typographic_20260926/external/SCAM/images.zip,images/train/NoSCAM_img_0374.jpg,NoSCAM,img_0374,0.22350460290908813,0.1270296722650528,0.09647493064403534,True,False
NoSCAM_img_0375.jpg,NoSCAM,water wings,mittens,7.578,NoSCAM_img_0375,/external-cache/fse_typographic_20260926/external/SCAM/images.zip,images/train/NoSCAM_img_0375.jpg,NoSCAM,img_0375,0.15432676672935486,0.10150299221277237,0.05282377451658249,True,False
NoSCAM_img_0376.jpg,NoSCAM,thermometer,trash,7.105,NoSCAM_img_0376,/external-cache/fse_typographic_20260926/external/SCAM/images.zip,images/train/NoSCAM_img_0376.jpg,NoSCAM,img_0376,0.16446679830551147,0.13619615137577057,0.028270646929740906,True,False
NoSCAM_img_0377.jpg,NoSCAM,thermometer,couch,8.851,NoSCAM_img_0377,/external-cache/fse_typographic_20260926/external/SCAM/images.zip,images/train/NoSCAM_img_0377.jpg,NoSCAM,img_0377,0.19912219047546387,0.0953526645898819,0.10376952588558197,True,False
NoSCAM_img_0378.jpg,NoSCAM,shoes,bridge,3.653,NoSCAM_img_0378,/external-cache/fse_typographic_20260926/external/SCAM/images.zip,images/train/NoSCAM_img_0378.jpg,NoSCAM,img_0378,0.18192830681800842,0.10821771621704102,0.07371059060096741,True,False
NoSCAM_img_0379.jpg,NoSCAM,knife,barrier,6.659,NoSCAM_img_0379,/external-cache/fse_typographic_20260926/external/SCAM/images.zip,images/train/NoSCAM_img_0379.jpg,NoSCAM,img_0379,0.19362464547157288,0.14064589142799377,0.0529787540435791,True,True
NoSCAM_img_0380.jpg,NoSCAM,scissor,police,9.665,NoSCAM_img_0380,/external-cache/fse_typographic_20260926/external/SCAM/images.zip,images/train/NoSCAM_img_0380.jpg,NoSCAM,img_0380,0.18950241804122925,0.14847126603126526,0.04103115200996399,True,False
NoSCAM_img_0381.jpg,NoSCAM,scissor,stairs,6.047,NoSCAM_img_0381,/external-cache/fse_typographic_20260926/external/SCAM/images.zip,images/train/NoSCAM_img_0381.jpg,NoSCAM,img_0381,0.1745903640985489,0.08317285776138306,0.09141750633716583,True,False
NoSCAM_img_0382.jpg,NoSCAM,pickaxe,cane,0.585,NoSCAM_img_0382,/external-cache/fse_typographic_20260926/external/SCAM/images.zip,images/train/NoSCAM_img_0382.jpg,NoSCAM,img_0382,0.1914285123348236,0.1461450308561325,0.0452834814786911,True,False
NoSCAM_img_0383.jpg,NoSCAM,shovel,sidewalk,0.36,NoSCAM_img_0383,/external-cache/fse_typographic_20260926/external/SCAM/images.zip,images/train/NoSCAM_img_0383.jpg,NoSCAM,img_0383,0.14721326529979706,0.11145944893360138,0.03575381636619568,True,False
NoSCAM_img_0384.jpg,NoSCAM,broom,gears,2.923,NoSCAM_img_0384,/external-cache/fse_typographic_20260926/external/SCAM/images.zip,images/train/NoSCAM_img_0384.jpg,NoSCAM,img_0384,0.18464809656143188,0.13676416873931885,0.04788392782211304,True,False
NoSCAM_img_0385.jpg,NoSCAM,rake,saddle,0.593,NoSCAM_img_0385,/external-cache/fse_typographic_20260926/external/SCAM/images.zip,images/train/NoSCAM_img_0385.jpg,NoSCAM,img_0385,0.19600287079811096,0.10476591438055038,0.09123695641756058,True,False
NoSCAM_img_0386.jpg,NoSCAM,canister,speed camera,4.044,NoSCAM_img_0386,/external-cache/fse_typographic_20260926/external/SCAM/images.zip,images/train/NoSCAM_img_0386.jpg,NoSCAM,img_0386,0.12197618186473846,0.060323141515254974,0.06165304034948349,True,False
NoSCAM_img_0387.jpg,NoSCAM,chain saw,street,2.4,NoSCAM_img_0387,/external-cache/fse_typographic_20260926/external/SCAM/images.zip,images/train/NoSCAM_img_0387.jpg,NoSCAM,img_0387,0.20841465890407562,0.12587840855121613,0.0825362503528595,True,False
NoSCAM_img_0388.jpg,NoSCAM,glove,gravel,5.616,NoSCAM_img_0388,/external-cache/fse_typographic_20260926/external/SCAM/images.zip,images/train/NoSCAM_img_0388.jpg,NoSCAM,img_0388,0.2442174255847931,0.15854771435260773,0.08566971123218536,True,False
NoSCAM_img_0389.jpg,NoSCAM,watering can,canal,2.387,NoSCAM_img_0389,/external-cache/fse_typographic_20260926/external/SCAM/images.zip,images/train/NoSCAM_img_0389.jpg,NoSCAM,img_0389,0.2338230311870575,0.13055884838104248,0.10326418280601501,True,False
NoSCAM_img_0390.jpg,NoSCAM,flowering pot,pig,4.264,NoSCAM_img_0390,/external-cache/fse_typographic_20260926/external/SCAM/images.zip,images/train/NoSCAM_img_0390.jpg,NoSCAM,img_0390,0.16076357662677765,0.13093723356723785,0.029826343059539795,True,False
NoSCAM_img_0391.jpg,NoSCAM,folding rule,bird,2.729,NoSCAM_img_0391,/external-cache/fse_typographic_20260926/external/SCAM/images.zip,images/train/NoSCAM_img_0391.jpg,NoSCAM,img_0391,0.15452679991722107,0.11715218424797058,0.03737461566925049,True,False
NoSCAM_img_0392.jpg,NoSCAM,towel,bike,2.103,NoSCAM_img_0392,/external-cache/fse_typographic_20260926/external/SCAM/images.zip,images/train/NoSCAM_img_0392.jpg,NoSCAM,img_0392,0.21238231658935547,0.14693908393383026,0.06544323265552521,True,False
NoSCAM_img_0393.jpg,NoSCAM,oven glove,zebra,4.578,NoSCAM_img_0393,/external-cache/fse_typographic_20260926/external/SCAM/images.zip,images/train/NoSCAM_img_0393.jpg,NoSCAM,img_0393,0.23764851689338684,0.17051617801189423,0.06713233888149261,True,True
NoSCAM_img_0394.jpg,NoSCAM,plant,pedestrian,1.684,NoSCAM_img_0394,/external-cache/fse_typographic_20260926/external/SCAM/images.zip,images/train/NoSCAM_img_0394.jpg,NoSCAM,img_0394,0.20044252276420593,0.12550708651542664,0.0749354362487793,True,False
NoSCAM_img_0395.jpg,NoSCAM,speaker,elevator,1.411,NoSCAM_img_0395,/external-cache/fse_typographic_20260926/external/SCAM/images.zip,images/train/NoSCAM_img_0395.jpg,NoSCAM,img_0395,0.24456924200057983,0.12234547734260559,0.12222376465797424,True,True
NoSCAM_img_0396.jpg,NoSCAM,stool,bike,1.639,NoSCAM_img_0396,/external-cache/fse_typographic_20260926/external/SCAM/images.zip,images/train/NoSCAM_img_0396.jpg,NoSCAM,img_0396,0.2330251932144165,0.182791069149971,0.050234124064445496,True,False
NoSCAM_img_0397.jpg,NoSCAM,ginger,bike,11.351,NoSCAM_img_0397,/external-cache/fse_typographic_20260926/external/SCAM/images.zip,images/train/NoSCAM_img_0397.jpg,NoSCAM,img_0397,0.19932520389556885,0.1049441248178482,0.09438107907772064,True,False
NoSCAM_img_0398.jpg,NoSCAM,turmeric,seed,8.979,NoSCAM_img_0398,/external-cache/fse_typographic_20260926/external/SCAM/images.zip,images/train/NoSCAM_img_0398.jpg,NoSCAM,img_0398,0.25755447149276733,0.14164933562278748,0.11590513586997986,True,True
NoSCAM_img_0399.jpg,NoSCAM,sponge,elevator,6.251,NoSCAM_img_0399,/external-cache/fse_typographic_20260926/external/SCAM/images.zip,images/train/NoSCAM_img_0399.jpg,NoSCAM,img_0399,0.17305515706539154,0.11409357935190201,0.05896157771348953,True,False
NoSCAM_img_0400.jpg,NoSCAM,trashcan,bed,1.466,NoSCAM_img_0400,/external-cache/fse_typographic_20260926/external/SCAM/images.zip,images/train/NoSCAM_img_0400.jpg,NoSCAM,img_0400,0.21828317642211914,0.13682973384857178,0.08145344257354736,True,False
NoSCAM_img_0401.jpg,NoSCAM,butterfly,zebra,15.736,NoSCAM_img_0401,/external-cache/fse_typographic_20260926/external/SCAM/images.zip,images/train/NoSCAM_img_0401.jpg,NoSCAM,img_0401,0.23302754759788513,0.18843430280685425,0.044593244791030884,True,False
NoSCAM_img_0402.jpg,NoSCAM,chair,bike,9.159,NoSCAM_img_0402,/external-cache/fse_typographic_20260926/external/SCAM/images.zip,images/train/NoSCAM_img_0402.jpg,NoSCAM,img_0402,0.20958863198757172,0.15898223221302032,0.05060639977455139,True,True
NoSCAM_img_0403.jpg,NoSCAM,plant,bed,5.11,NoSCAM_img_0403,/external-cache/fse_typographic_20260926/external/SCAM/images.zip,images/train/NoSCAM_img_0403.jpg,NoSCAM,img_0403,0.18087439239025116,0.11566342413425446,0.0652109682559967,True,False
NoSCAM_img_0404.jpg,NoSCAM,phone,traffic light,5.904,NoSCAM_img_0404,/external-cache/fse_typographic_20260926/external/SCAM/images.zip,images/train/NoSCAM_img_0404.jpg,NoSCAM,img_0404,0.22511938214302063,0.1192791610956192,0.10584022104740143,True,False
NoSCAM_img_0405.jpg,NoSCAM,table,ball,0.63,NoSCAM_img_0405,/external-cache/fse_typographic_20260926/external/SCAM/images.zip,images/train/NoSCAM_img_0405.jpg,NoSCAM,img_0405,0.23548400402069092,0.1605527549982071,0.07493124902248383,True,True
NoSCAM_img_0406.jpg,NoSCAM,sponge,taxi,10.287,NoSCAM_img_0406,/external-cache/fse_typographic_20260926/external/SCAM/images.zip,images/train/NoSCAM_img_0406.jpg,NoSCAM,img_0406,0.2484188973903656,0.15575522184371948,0.09266367554664612,True,True
NoSCAM_img_0407.jpg,NoSCAM,turtle,yield,15.375,NoSCAM_img_0407,/external-cache/fse_typographic_20260926/external/SCAM/images.zip,images/train/NoSCAM_img_0407.jpg,NoSCAM,img_0407,0.24320369958877563,0.18165868520736694,0.06154501438140869,True,True
NoSCAM_img_0408.jpg,NoSCAM,tape dispenser,fish,9.145,NoSCAM_img_0408,/external-cache/fse_typographic_20260926/external/SCAM/images.zip,images/train/NoSCAM_img_0408.jpg,NoSCAM,img_0408,0.21921394765377045,0.08183751255273819,0.13737642765045166,True,True
NoSCAM_img_0409.jpg,NoSCAM,french press,honey,3.316,NoSCAM_img_0409,/external-cache/fse_typographic_20260926/external/SCAM/images.zip,images/train/NoSCAM_img_0409.jpg,NoSCAM,img_0409,0.27091026306152344,0.17969004809856415,0.09122021496295929,True,True
NoSCAM_img_0410.jpg,NoSCAM,grater,honey,2.364,NoSCAM_img_0410,/external-cache/fse_typographic_20260926/external/SCAM/images.zip,images/train/NoSCAM_img_0410.jpg,NoSCAM,img_0410,0.26582127809524536,0.15177161991596222,0.11404965817928314,True,True
NoSCAM_img_0411.jpg,NoSCAM,sieve,fish,2.485,NoSCAM_img_0411,/external-cache/fse_typographic_20260926/external/SCAM/images.zip,images/train/NoSCAM_img_0411.jpg,NoSCAM,img_0411,0.19447541236877441,0.11611136794090271,0.0783640444278717,True,False
NoSCAM_img_0412.jpg,NoSCAM,sieve,fish,12.884,NoSCAM_img_0412,/external-cache/fse_typographic_20260926/external/SCAM/images.zip,images/train/NoSCAM_img_0412.jpg,NoSCAM,img_0412,0.2124485969543457,0.1105465218424797,0.101902075111866,True,False
NoSCAM_img_0413.jpg,NoSCAM,bottle,fish,2.881,NoSCAM_img_0413,/external-cache/fse_typographic_20260926/external/SCAM/images.zip,images/train/NoSCAM_img_0413.jpg,NoSCAM,img_0413,0.2271452248096466,0.11466355621814728,0.11248166859149933,True,True
NoSCAM_img_0414.jpg,NoSCAM,vinyl,fish,3.529,NoSCAM_img_0414,/external-cache/fse_typographic_20260926/external/SCAM/images.zip,images/train/NoSCAM_img_0414.jpg,NoSCAM,img_0414,0.15569862723350525,0.09075439721345901,0.06494423002004623,True,False
NoSCAM_img_0415.jpg,NoSCAM,lamp,fish,4.218,NoSCAM_img_0415,/external-cache/fse_typographic_20260926/external/SCAM/images.zip,images/train/NoSCAM_img_0415.jpg,NoSCAM,img_0415,0.21689802408218384,0.13605323433876038,0.08084478974342346,True,True
NoSCAM_img_0416.jpg,NoSCAM,pen,truck,6.918,NoSCAM_img_0416,/external-cache/fse_typographic_20260926/external/SCAM/images.zip,images/train/NoSCAM_img_0416.jpg,NoSCAM,img_0416,0.23358650505542755,0.14439386129379272,0.08919264376163483,True,True
NoSCAM_img_0417.jpg,NoSCAM,lighter,truck,5.847,NoSCAM_img_0417,/external-cache/fse_typographic_20260926/external/SCAM/images.zip,images/train/NoSCAM_img_0417.jpg,NoSCAM,img_0417,0.22670181095600128,0.11984917521476746,0.10685263574123383,True,True
NoSCAM_img_0418.jpg,NoSCAM,notebook,truck,2.876,NoSCAM_img_0418,/external-cache/fse_typographic_20260926/external/SCAM/images.zip,images/train/NoSCAM_img_0418.jpg,NoSCAM,img_0418,0.24157434701919556,0.10870146751403809,0.13287287950515747,True,True
NoSCAM_img_0419.jpg,NoSCAM,playing card,truck,4.974,NoSCAM_img_0419,/external-cache/fse_typographic_20260926/external/SCAM/images.zip,images/train/NoSCAM_img_0419.jpg,NoSCAM,img_0419,0.258976548910141,0.13428619503974915,0.12469035387039185,True,True
NoSCAM_img_0420.jpg,NoSCAM,tealight,truck,8.958,NoSCAM_img_0420,/external-cache/fse_typographic_20260926/external/SCAM/images.zip,images/train/NoSCAM_img_0420.jpg,NoSCAM,img_0420,0.19097855687141418,0.09837403893470764,0.09260451793670654,True,False
NoSCAM_img_0421.jpg,NoSCAM,suitcase,truck,1.313,NoSCAM_img_0421,/external-cache/fse_typographic_20260926/external/SCAM/images.zip,images/train/NoSCAM_img_0421.jpg,NoSCAM,img_0421,0.2803623378276825,0.1757485717535019,0.1046137660741806,True,True
NoSCAM_img_0422.jpg,NoSCAM,slipper,truck,1.909,NoSCAM_img_0422,/external-cache/fse_typographic_20260926/external/SCAM/images.zip,images/train/NoSCAM_img_0422.jpg,NoSCAM,img_0422,0.24931767582893372,0.14920774102210999,0.10010993480682373,True,False
NoSCAM_img_0423.jpg,NoSCAM,razor,slow,11.489,NoSCAM_img_0423,/external-cache/fse_typographic_20260926/external/SCAM/images.zip,images/train/NoSCAM_img_0423.jpg,NoSCAM,img_0423,0.21409782767295837,0.15486423671245575,0.059233590960502625,True,False
NoSCAM_img_0424.jpg,NoSCAM,bathroom sign,cannon,4.659,NoSCAM_img_0424,/external-cache/fse_typographic_20260926/external/SCAM/images.zip,images/train/NoSCAM_img_0424.jpg,NoSCAM,img_0424,0.2430489957332611,0.1083432212471962,0.1347057819366455,True,True
NoSCAM_img_0425.jpg,NoSCAM,fire extinguisher,cow,3.994,NoSCAM_img_0425,/external-cache/fse_typographic_20260926/external/SCAM/images.zip,images/train/NoSCAM_img_0425.jpg,NoSCAM,img_0425,0.28158682584762573,0.14381207525730133,0.1377747505903244,True,True
NoSCAM_img_0426.jpg,NoSCAM,ping pong ball,duck,18.47,NoSCAM_img_0426,/external-cache/fse_typographic_20260926/external/SCAM/images.zip,images/train/NoSCAM_img_0426.jpg,NoSCAM,img_0426,0.23887288570404053,0.1654464304447174,0.07342645525932312,True,True
NoSCAM_img_0427.jpg,NoSCAM,hanger,cannon,7.172,NoSCAM_img_0427,/external-cache/fse_typographic_20260926/external/SCAM/images.zip,images/train/NoSCAM_img_0427.jpg,NoSCAM,img_0427,0.25284409523010254,0.1641709953546524,0.08867309987545013,True,False
NoSCAM_img_0428.jpg,NoSCAM,roses,signal,11.452,NoSCAM_img_0428,/external-cache/fse_typographic_20260926/external/SCAM/images.zip,images/train/NoSCAM_img_0428.jpg,NoSCAM,img_0428,0.21614119410514832,0.15816527605056763,0.05797591805458069,True,True
NoSCAM_img_0429.jpg,NoSCAM,cap,cannon,6.651,NoSCAM_img_0429,/external-cache/fse_typographic_20260926/external/SCAM/images.zip,images/train/NoSCAM_img_0429.jpg,NoSCAM,img_0429,0.2383652627468109,0.15415842831134796,0.08420683443546295,True,False
NoSCAM_img_0430.jpg,NoSCAM,pen,duck,11.11,NoSCAM_img_0430,/external-cache/fse_typographic_20260926/external/SCAM/images.zip,images/train/NoSCAM_img_0430.jpg,NoSCAM,img_0430,0.21082903444766998,0.15059739351272583,0.06023164093494415,True,False
NoSCAM_img_0431.jpg,NoSCAM,waffles,truck,7.106,NoSCAM_img_0431,/external-cache/fse_typographic_20260926/external/SCAM/images.zip,images/train/NoSCAM_img_0431.jpg,NoSCAM,img_0431,0.27511969208717346,0.1682143360376358,0.10690535604953766,True,True
NoSCAM_img_0432.jpg,NoSCAM,knife,cow,9.585,NoSCAM_img_0432,/external-cache/fse_typographic_20260926/external/SCAM/images.zip,images/train/NoSCAM_img_0432.jpg,NoSCAM,img_0432,0.2157459408044815,0.14840593934059143,0.06734000146389008,True,False
NoSCAM_img_0433.jpg,NoSCAM,eggs,slow,13.215,NoSCAM_img_0433,/external-cache/fse_typographic_20260926/external/SCAM/images.zip,images/train/NoSCAM_img_0433.jpg,NoSCAM,img_0433,0.20502588152885437,0.14121565222740173,0.06381022930145264,True,False
NoSCAM_img_0434.jpg,NoSCAM,socket,yield,16.798,NoSCAM_img_0434,/external-cache/fse_typographic_20260926/external/SCAM/images.zip,images/train/NoSCAM_img_0434.jpg,NoSCAM,img_0434,0.2546622157096863,0.1718311905860901,0.08283102512359619,True,False
NoSCAM_img_0435.jpg,NoSCAM,moka pot,yield,3.711,NoSCAM_img_0435,/external-cache/fse_typographic_20260926/external/SCAM/images.zip,images/train/NoSCAM_img_0435.jpg,NoSCAM,img_0435,0.27896788716316223,0.15253236889839172,0.1264355182647705,True,True
NoSCAM_img_0436.jpg,NoSCAM,chocolate,detour,9.365,NoSCAM_img_0436,/external-cache/fse_typographic_20260926/external/SCAM/images.zip,images/train/NoSCAM_img_0436.jpg,NoSCAM,img_0436,0.2566828727722168,0.1616208851337433,0.09506198763847351,True,False
NoSCAM_img_0437.jpg,NoSCAM,crochet hook,hat,23.27,NoSCAM_img_0437,/external-cache/fse_typographic_20260926/external/SCAM/images.zip,images/train/NoSCAM_img_0437.jpg,NoSCAM,img_0437,0.1770554929971695,0.1139182597398758,0.0631372332572937,True,False
NoSCAM_img_0438.jpg,NoSCAM,nail clipper,hat,21.533,NoSCAM_img_0438,/external-cache/fse_typographic_20260926/external/SCAM/images.zip,images/train/NoSCAM_img_0438.jpg,NoSCAM,img_0438,0.22839057445526123,0.12866425514221191,0.09972631931304932,True,False
NoSCAM_img_0439.jpg,NoSCAM,bag,sofa,7.143,NoSCAM_img_0439,/external-cache/fse_typographic_20260926/external/SCAM/images.zip,images/train/NoSCAM_img_0439.jpg,NoSCAM,img_0439,0.1978147178888321,0.1638641059398651,0.03395061194896698,True,False
NoSCAM_img_0440.jpg,NoSCAM,hat,sofa,15.264,NoSCAM_img_0440,/external-cache/fse_typographic_20260926/external/SCAM/images.zip,images/train/NoSCAM_img_0440.jpg,NoSCAM,img_0440,0.20316025614738464,0.10791711509227753,0.09524314105510712,True,False
NoSCAM_img_0441.jpg,NoSCAM,pencil,hat,12.33,NoSCAM_img_0441,/external-cache/fse_typographic_20260926/external/SCAM/images.zip,images/train/NoSCAM_img_0441.jpg,NoSCAM,img_0441,0.2466740906238556,0.1395760178565979,0.10709807276725769,True,True
NoSCAM_img_0442.jpg,NoSCAM,remote control,truck,5.144,NoSCAM_img_0442,/external-cache/fse_typographic_20260926/external/SCAM/images.zip,images/train/NoSCAM_img_0442.jpg,NoSCAM,img_0442,0.2502348721027374,0.15494951605796814,0.09528535604476929,True,False
NoSCAM_img_0443.jpg,NoSCAM,necklace,signal,9.974,NoSCAM_img_0443,/external-cache/fse_typographic_20260926/external/SCAM/images.zip,images/train/NoSCAM_img_0443.jpg,NoSCAM,img_0443,0.2247506082057953,0.1320427656173706,0.09270784258842468,True,True
NoSCAM_img_0444.jpg,NoSCAM,bowl,signal,11.342,NoSCAM_img_0444,/external-cache/fse_typographic_20260926/external/SCAM/images.zip,images/train/NoSCAM_img_0444.jpg,NoSCAM,img_0444,0.19074805080890656,0.12481233477592468,0.06593571603298187,True,False
NoSCAM_img_0445.jpg,NoSCAM,chessboard,no left turn,5.955,NoSCAM_img_0445,/external-cache/fse_typographic_20260926/external/SCAM/images.zip,images/train/NoSCAM_img_0445.jpg,NoSCAM,img_0445,0.27124491333961487,0.15776987373828888,0.11347503960132599,True,False
NoSCAM_img_0446.jpg,NoSCAM,elephant,boulder,11.329,NoSCAM_img_0446,/external-cache/fse_typographic_20260926/external/SCAM/images.zip,images/train/NoSCAM_img_0446.jpg,NoSCAM,img_0446,0.2301284223794937,0.15091633796691895,0.07921208441257477,True,False
NoSCAM_img_0447.jpg,NoSCAM,key chain,helmet,13.782,NoSCAM_img_0447,/external-cache/fse_typographic_20260926/external/SCAM/images.zip,images/train/NoSCAM_img_0447.jpg,NoSCAM,img_0447,0.24222613871097565,0.14629200100898743,0.09593413770198822,True,True
NoSCAM_img_0448.jpg,NoSCAM,chess set,boat,10.74,NoSCAM_img_0448,/external-cache/fse_typographic_20260926/external/SCAM/images.zip,images/train/NoSCAM_img_0448.jpg,NoSCAM,img_0448,0.27771881222724915,0.11392611265182495,0.1637926995754242,True,True
NoSCAM_img_0449.jpg,NoSCAM,firework,desert,11.119,NoSCAM_img_0449,/external-cache/fse_typographic_20260926/external/SCAM/images.zip,images/train/NoSCAM_img_0449.jpg,NoSCAM,img_0449,0.177101269364357,0.08277148008346558,0.09432978928089142,True,False
NoSCAM_img_0450.jpg,NoSCAM,e-scooter,truck,7.153,NoSCAM_img_0450,/external-cache/fse_typographic_20260926/external/SCAM/images.zip,images/train/NoSCAM_img_0450.jpg,NoSCAM,img_0450,0.2902422845363617,0.17628061771392822,0.11396166682243347,True,True
NoSCAM_img_0451.jpg,NoSCAM,bench,cow,3.929,NoSCAM_img_0451,/external-cache/fse_typographic_20260926/external/SCAM/images.zip,images/train/NoSCAM_img_0451.jpg,NoSCAM,img_0451,0.23879358172416687,0.13329088687896729,0.10550269484519958,True,True
NoSCAM_img_0452.jpg,NoSCAM,video surveillance sign,fence,6.308,NoSCAM_img_0452,/external-cache/fse_typographic_20260926/external/SCAM/images.zip,images/train/NoSCAM_img_0452.jpg,NoSCAM,img_0452,0.24291843175888062,0.15311259031295776,0.08980584144592285,True,True
NoSCAM_img_0453.jpg,NoSCAM,tire,fence,2.085,NoSCAM_img_0453,/external-cache/fse_typographic_20260926/external/SCAM/images.zip,images/train/NoSCAM_img_0453.jpg,NoSCAM,img_0453,0.21558326482772827,0.10462698340415955,0.11095628142356873,True,True
NoSCAM_img_0454.jpg,NoSCAM,chair,fence,2.398,NoSCAM_img_0454,/external-cache/fse_typographic_20260926/external/SCAM/images.zip,images/train/NoSCAM_img_0454.jpg,NoSCAM,img_0454,0.2128237783908844,0.14115743339061737,0.07166634500026703,True,True
NoSCAM_img_0455.jpg,NoSCAM,toy car,slow,9.575,NoSCAM_img_0455,/external-cache/fse_typographic_20260926/external/SCAM/images.zip,images/train/NoSCAM_img_0455.jpg,NoSCAM,img_0455,0.2249571681022644,0.135273739695549,0.0896834284067154,True,True
NoSCAM_img_0456.jpg,NoSCAM,juggling ball,slow,5.075,NoSCAM_img_0456,/external-cache/fse_typographic_20260926/external/SCAM/images.zip,images/train/NoSCAM_img_0456.jpg,NoSCAM,img_0456,0.24399153888225555,0.1739576905965805,0.07003384828567505,True,False
NoSCAM_img_0457.jpg,NoSCAM,toy horse,fence,5.743,NoSCAM_img_0457,/external-cache/fse_typographic_20260926/external/SCAM/images.zip,images/train/NoSCAM_img_0457.jpg,NoSCAM,img_0457,0.22759035229682922,0.1536037176847458,0.07398663461208344,True,True
NoSCAM_img_0458.jpg,NoSCAM,compass,cow,11.916,NoSCAM_img_0458,/external-cache/fse_typographic_20260926/external/SCAM/images.zip,images/train/NoSCAM_img_0458.jpg,NoSCAM,img_0458,0.2579938769340515,0.12907661497592926,0.12891726195812225,True,True
NoSCAM_img_0459.jpg,NoSCAM,matryoshka doll,cow,14.49,NoSCAM_img_0459,/external-cache/fse_typographic_20260926/external/SCAM/images.zip,images/train/NoSCAM_img_0459.jpg,NoSCAM,img_0459,0.21224644780158997,0.15514624118804932,0.05710020661354065,True,False
NoSCAM_img_0460.jpg,NoSCAM,fortune cookie,iron,7.791,NoSCAM_img_0460,/external-cache/fse_typographic_20260926/external/SCAM/images.zip,images/train/NoSCAM_img_0460.jpg,NoSCAM,img_0460,0.27552029490470886,0.14126664400100708,0.13425365090370178,True,True
NoSCAM_img_0461.jpg,NoSCAM,glove,iron,7.646,NoSCAM_img_0461,/external-cache/fse_typographic_20260926/external/SCAM/images.zip,images/train/NoSCAM_img_0461.jpg,NoSCAM,img_0461,0.1924842894077301,0.13808459043502808,0.054399698972702026,True,False
NoSCAM_img_0462.jpg,NoSCAM,cap,wet,10.444,NoSCAM_img_0462,/external-cache/fse_typographic_20260926/external/SCAM/images.zip,images/train/NoSCAM_img_0462.jpg,NoSCAM,img_0462,0.15428580343723297,0.1393166184425354,0.01496918499469757,True,False
NoSCAM_img_0463.jpg,NoSCAM,post-its,wet,11.723,NoSCAM_img_0463,/external-cache/fse_typographic_20260926/external/SCAM/images.zip,images/train/NoSCAM_img_0463.jpg,NoSCAM,img_0463,0.22379733622074127,0.1458677351474762,0.07792960107326508,True,True
NoSCAM_img_0464.jpg,NoSCAM,plane ticket,hole,9.846,NoSCAM_img_0464,/external-cache/fse_typographic_20260926/external/SCAM/images.zip,images/train/NoSCAM_img_0464.jpg,NoSCAM,img_0464,0.23712728917598724,0.1666511595249176,0.07047612965106964,True,False
NoSCAM_img_0465.jpg,NoSCAM,analog timer,toll,8.735,NoSCAM_img_0465,/external-cache/fse_typographic_20260926/external/SCAM/images.zip,images/train/NoSCAM_img_0465.jpg,NoSCAM,img_0465,0.19857117533683777,0.15185409784317017,0.0467170774936676,True,False
NoSCAM_img_0466.jpg,NoSCAM,tea,toll,8.338,NoSCAM_img_0466,/external-cache/fse_typographic_20260926/external/SCAM/images.zip,images/train/NoSCAM_img_0466.jpg,NoSCAM,img_0466,0.1468382477760315,0.13159523904323578,0.015243008732795715,True,False
NoSCAM_img_0467.jpg,NoSCAM,apple seed cutter,slippery,7.732,NoSCAM_img_0467,/external-cache/fse_typographic_20260926/external/SCAM/images.zip,images/train/NoSCAM_img_0467.jpg,NoSCAM,img_0467,0.18205970525741577,0.1358189880847931,0.04624071717262268,True,False
NoSCAM_img_0468.jpg,NoSCAM,lamp,slippery,9.882,NoSCAM_img_0468,/external-cache/fse_typographic_20260926/external/SCAM/images.zip,images/train/NoSCAM_img_0468.jpg,NoSCAM,img_0468,0.20159165561199188,0.13077664375305176,0.07081501185894012,True,False
NoSCAM_img_0469.jpg,NoSCAM,advent calendar,slippery,5.378,NoSCAM_img_0469,/external-cache/fse_typographic_20260926/external/SCAM/images.zip,images/train/NoSCAM_img_0469.jpg,NoSCAM,img_0469,0.27473312616348267,0.13728508353233337,0.1374480426311493,True,True
NoSCAM_img_0470.jpg,NoSCAM,menstrual pad,jeep,8.789,NoSCAM_img_0470,/external-cache/fse_typographic_20260926/external/SCAM/images.zip,images/train/NoSCAM_img_0470.jpg,NoSCAM,img_0470,0.18047110736370087,0.10592931509017944,0.07454179227352142,True,False
NoSCAM_img_0471.jpg,NoSCAM,thermometer,jeep,8.957,NoSCAM_img_0471,/external-cache/fse_typographic_20260926/external/SCAM/images.zip,images/train/NoSCAM_img_0471.jpg,NoSCAM,img_0471,0.15191292762756348,0.09688359498977661,0.055029332637786865,True,False
NoSCAM_img_0472.jpg,NoSCAM,frothing pitcher,desert,8.052,NoSCAM_img_0472,/external-cache/fse_typographic_20260926/external/SCAM/images.zip,images/train/NoSCAM_img_0472.jpg,NoSCAM,img_0472,0.18972574174404144,0.16079553961753845,0.02893020212650299,True,False
NoSCAM_img_0473.jpg,NoSCAM,diffuser,wet,3.617,NoSCAM_img_0473,/external-cache/fse_typographic_20260926/external/SCAM/images.zip,images/train/NoSCAM_img_0473.jpg,NoSCAM,img_0473,0.19601494073867798,0.15884731709957123,0.03716762363910675,True,False
NoSCAM_img_0474.jpg,NoSCAM,garden gnome,ice,5.251,NoSCAM_img_0474,/external-cache/fse_typographic_20260926/external/SCAM/images.zip,images/train/NoSCAM_img_0474.jpg,NoSCAM,img_0474,0.24338015913963318,0.14136996865272522,0.10201019048690796,True,True
NoSCAM_img_0475.jpg,NoSCAM,piggy bank,wet,5.868,NoSCAM_img_0475,/external-cache/fse_typographic_20260926/external/SCAM/images.zip,images/train/NoSCAM_img_0475.jpg,NoSCAM,img_0475,0.2526414096355438,0.1343180537223816,0.11832335591316223,True,True
NoSCAM_img_0476.jpg,NoSCAM,umbrella,toll,5.042,NoSCAM_img_0476,/external-cache/fse_typographic_20260926/external/SCAM/images.zip,images/train/NoSCAM_img_0476.jpg,NoSCAM,img_0476,0.23191353678703308,0.18004480004310608,0.051868736743927,True,True
NoSCAM_img_0477.jpg,NoSCAM,nail polish,yield,12.189,NoSCAM_img_0477,/external-cache/fse_typographic_20260926/external/SCAM/images.zip,images/train/NoSCAM_img_0477.jpg,NoSCAM,img_0477,0.21805095672607422,0.15408295392990112,0.0639680027961731,True,False
NoSCAM_img_0478.jpg,NoSCAM,diapers,dead end,7.214,NoSCAM_img_0478,/external-cache/fse_typographic_20260926/external/SCAM/images.zip,images/train/NoSCAM_img_0478.jpg,NoSCAM,img_0478,0.23240584135055542,0.12181783467531204,0.11058800667524338,True,True
NoSCAM_img_0479.jpg,NoSCAM,party hat,fog,8.702,NoSCAM_img_0479,/external-cache/fse_typographic_20260926/external/SCAM/images.zip,images/train/NoSCAM_img_0479.jpg,NoSCAM,img_0479,0.2267964780330658,0.14363206923007965,0.08316440880298615,True,False
NoSCAM_img_0480.jpg,NoSCAM,ribbon,arrow,2.67,NoSCAM_img_0480,/external-cache/fse_typographic_20260926/external/SCAM/images.zip,images/train/NoSCAM_img_0480.jpg,NoSCAM,img_0480,0.2064894735813141,0.16797539591789246,0.03851407766342163,True,False
NoSCAM_img_0481.jpg,NoSCAM,doll,bell,4.16,NoSCAM_img_0481,/external-cache/fse_typographic_20260926/external/SCAM/images.zip,images/train/NoSCAM_img_0481.jpg,NoSCAM,img_0481,0.24581369757652283,0.1463879942893982,0.09942570328712463,True,True
NoSCAM_img_0482.jpg,NoSCAM,grater,butter,3.27,NoSCAM_img_0482,/external-cache/fse_typographic_20260926/external/SCAM/images.zip,images/train/NoSCAM_img_0482.jpg,NoSCAM,img_0482,0.24577635526657104,0.21317976713180542,0.032596588134765625,True,False
NoSCAM_img_0483.jpg,NoSCAM,lamp,cannon,3.143,NoSCAM_img_0483,/external-cache/fse_typographic_20260926/external/SCAM/images.zip,images/train/NoSCAM_img_0483.jpg,NoSCAM,img_0483,0.22346751391887665,0.13497447967529297,0.08849303424358368,True,False
NoSCAM_img_0484.jpg,NoSCAM,pizza cutter,fish,7.252,NoSCAM_img_0484,/external-cache/fse_typographic_20260926/external/SCAM/images.zip,images/train/NoSCAM_img_0484.jpg,NoSCAM,img_0484,0.24450290203094482,0.14632587134838104,0.09817703068256378,True,False
NoSCAM_img_0485.jpg,NoSCAM,glue stick,lock,5.237,NoSCAM_img_0485,/external-cache/fse_typographic_20260926/external/SCAM/images.zip,images/train/NoSCAM_img_0485.jpg,NoSCAM,img_0485,0.24711158871650696,0.08178547769784927,0.16532611846923828,True,True
NoSCAM_img_0486.jpg,NoSCAM,rubber duck,cart,9.043,NoSCAM_img_0486,/external-cache/fse_typographic_20260926/external/SCAM/images.zip,images/train/NoSCAM_img_0486.jpg,NoSCAM,img_0486,0.2409220188856125,0.1745523363351822,0.0663696825504303,True,True
NoSCAM_img_0487.jpg,NoSCAM,loofah,cart,5.973,NoSCAM_img_0487,/external-cache/fse_typographic_20260926/external/SCAM/images.zip,images/train/NoSCAM_img_0487.jpg,NoSCAM,img_0487,0.22679829597473145,0.15882515907287598,0.06797313690185547,True,False
NoSCAM_img_0488.jpg,NoSCAM,blender,hole,2.801,NoSCAM_img_0488,/external-cache/fse_typographic_20260926/external/SCAM/images.zip,images/train/NoSCAM_img_0488.jpg,NoSCAM,img_0488,0.2578310966491699,0.14353296160697937,0.11429813504219055,True,True
NoSCAM_img_0489.jpg,NoSCAM,potato masher,hole,3.966,NoSCAM_img_0489,/external-cache/fse_typographic_20260926/external/SCAM/images.zip,images/train/NoSCAM_img_0489.jpg,NoSCAM,img_0489,0.2782130241394043,0.14246875047683716,0.13574427366256714,True,False
NoSCAM_img_0490.jpg,NoSCAM,skimmer,hole,1.473,NoSCAM_img_0490,/external-cache/fse_typographic_20260926/external/SCAM/images.zip,images/train/NoSCAM_img_0490.jpg,NoSCAM,img_0490,0.1492122858762741,0.13551649451255798,0.013695791363716125,True,False
NoSCAM_img_0491.jpg,NoSCAM,juicer,exit,4.085,NoSCAM_img_0491,/external-cache/fse_typographic_20260926/external/SCAM/images.zip,images/train/NoSCAM_img_0491.jpg,NoSCAM,img_0491,0.23969252407550812,0.18132832646369934,0.05836419761180878,True,False
NoSCAM_img_0492.jpg,NoSCAM,pineapple plant,store,12.541,NoSCAM_img_0492,/external-cache/fse_typographic_20260926/external/SCAM/images.zip,images/train/NoSCAM_img_0492.jpg,NoSCAM,img_0492,0.2532200813293457,0.1940801739692688,0.059139907360076904,True,False
NoSCAM_img_0493.jpg,NoSCAM,watering can,salt,6.078,NoSCAM_img_0493,/external-cache/fse_typographic_20260926/external/SCAM/images.zip,images/train/NoSCAM_img_0493.jpg,NoSCAM,img_0493,0.22529447078704834,0.1334879994392395,0.09180647134780884,True,True
NoSCAM_img_0494.jpg,NoSCAM,hook,oregano,15.733,NoSCAM_img_0494,/external-cache/fse_typographic_20260926/external/SCAM/images.zip,images/train/NoSCAM_img_0494.jpg,NoSCAM,img_0494,0.08764271438121796,0.03993380069732666,0.047708913683891296,True,False
NoSCAM_img_0495.jpg,NoSCAM,brooms,ginger,7.938,NoSCAM_img_0495,/external-cache/fse_typographic_20260926/external/SCAM/images.zip,images/train/NoSCAM_img_0495.jpg,NoSCAM,img_0495,0.20358742773532867,0.13981686532497406,0.06377056241035461,True,False
NoSCAM_img_0496.jpg,NoSCAM,broom,bottle,2.755,NoSCAM_img_0496,/external-cache/fse_typographic_20260926/external/SCAM/images.zip,images/train/NoSCAM_img_0496.jpg,NoSCAM,img_0496,0.26966622471809387,0.17169877886772156,0.09796744585037231,True,False
NoSCAM_img_0497.jpg,NoSCAM,pick,mirror,9.697,NoSCAM_img_0497,/external-cache/fse_typographic_20260926/external/SCAM/images.zip,images/train/NoSCAM_img_0497.jpg,NoSCAM,img_0497,0.1820783019065857,0.13746491074562073,0.044613391160964966,True,False
NoSCAM_img_0498.jpg,NoSCAM,pick,sidewalk,11.195,NoSCAM_img_0498,/external-cache/fse_typographic_20260926/external/SCAM/images.zip,images/train/NoSCAM_img_0498.jpg,NoSCAM,img_0498,0.16801977157592773,0.12170011550188065,0.04631965607404709,True,False
NoSCAM_img_0499.jpg,NoSCAM,pick,vase,8.264,NoSCAM_img_0499,/external-cache/fse_typographic_20260926/external/SCAM/images.zip,images/train/NoSCAM_img_0499.jpg,NoSCAM,img_0499,0.15499287843704224,0.12372143566608429,0.03127144277095795,True,False
NoSCAM_img_0500.jpg,NoSCAM,shovels,blanket,1.418,NoSCAM_img_0500,/external-cache/fse_typographic_20260926/external/SCAM/images.zip,images/train/NoSCAM_img_0500.jpg,NoSCAM,img_0500,0.2522517144680023,0.08832481503486633,0.163926899433136,True,True
NoSCAM_img_0501.jpg,NoSCAM,pizza oven,jacket,3.612,NoSCAM_img_0501,/external-cache/fse_typographic_20260926/external/SCAM/images.zip,images/train/NoSCAM_img_0501.jpg,NoSCAM,img_0501,0.18771207332611084,0.11578529328107834,0.0719267800450325,True,False
NoSCAM_img_0502.jpg,NoSCAM,gas cooker,bird,14.409,NoSCAM_img_0502,/external-cache/fse_typographic_20260926/external/SCAM/images.zip,images/train/NoSCAM_img_0502.jpg,NoSCAM,img_0502,0.1583210974931717,0.13328495621681213,0.025036141276359558,True,False
NoSCAM_img_0503.jpg,NoSCAM,grill,store,1.516,NoSCAM_img_0503,/external-cache/fse_typographic_20260926/external/SCAM/images.zip,images/train/NoSCAM_img_0503.jpg,NoSCAM,img_0503,0.22465308010578156,0.1537202000617981,0.07093288004398346,True,True
NoSCAM_img_0504.jpg,NoSCAM,grill,salt,2.585,NoSCAM_img_0504,/external-cache/fse_typographic_20260926/external/SCAM/images.zip,images/train/NoSCAM_img_0504.jpg,NoSCAM,img_0504,0.22811561822891235,0.15422160923480988,0.07389400899410248,True,True
NoSCAM_img_0505.jpg,NoSCAM,wrapping paper,oregano,0.575,NoSCAM_img_0505,/external-cache/fse_typographic_20260926/external/SCAM/images.zip,images/train/NoSCAM_img_0505.jpg,NoSCAM,img_0505,0.178285151720047,0.1259976625442505,0.05228748917579651,True,False
NoSCAM_img_0506.jpg,NoSCAM,pillow,oregano,4.595,NoSCAM_img_0506,/external-cache/fse_typographic_20260926/external/SCAM/images.zip,images/train/NoSCAM_img_0506.jpg,NoSCAM,img_0506,0.2134426236152649,0.1633947193622589,0.05004790425300598,True,False
NoSCAM_img_0507.jpg,NoSCAM,pouffe,ginger,4.982,NoSCAM_img_0507,/external-cache/fse_typographic_20260926/external/SCAM/images.zip,images/train/NoSCAM_img_0507.jpg,NoSCAM,img_0507,0.2160654366016388,0.11721271276473999,0.0988527238368988,True,False
NoSCAM_img_0508.jpg,NoSCAM,bricks,bottle,7.542,NoSCAM_img_0508,/external-cache/fse_typographic_20260926/external/SCAM/images.zip,images/train/NoSCAM_img_0508.jpg,NoSCAM,img_0508,0.17028376460075378,0.1016063392162323,0.06867742538452148,True,False
NoSCAM_img_0509.jpg,NoSCAM,multiple socket,smartphone,7.971,NoSCAM_img_0509,/external-cache/fse_typographic_20260926/external/SCAM/images.zip,images/train/NoSCAM_img_0509.jpg,NoSCAM,img_0509,0.20974162220954895,0.15912264585494995,0.050618976354599,True,False
NoSCAM_img_0510.jpg,NoSCAM,lamp,traffic sign,9.53,NoSCAM_img_0510,/external-cache/fse_typographic_20260926/external/SCAM/images.zip,images/train/NoSCAM_img_0510.jpg,NoSCAM,img_0510,0.2277989387512207,0.14574676752090454,0.08205217123031616,True,True
NoSCAM_img_0511.jpg,NoSCAM,light bulbs,sidewalk,6.546,NoSCAM_img_0511,/external-cache/fse_typographic_20260926/external/SCAM/images.zip,images/train/NoSCAM_img_0511.jpg,NoSCAM,img_0511,0.22016432881355286,0.09523153305053711,0.12493279576301575,True,True
NoSCAM_img_0512.jpg,NoSCAM,lamp,sidewalk,2.697,NoSCAM_img_0512,/external-cache/fse_typographic_20260926/external/SCAM/images.zip,images/train/NoSCAM_img_0512.jpg,NoSCAM,img_0512,0.15650153160095215,0.10857988893985748,0.047921642661094666,True,False
NoSCAM_img_0513.jpg,NoSCAM,tape,vase,6.51,NoSCAM_img_0513,/external-cache/fse_typographic_20260926/external/SCAM/images.zip,images/train/NoSCAM_img_0513.jpg,NoSCAM,img_0513,0.19167093932628632,0.10311822593212128,0.08855271339416504,True,False
NoSCAM_img_0514.jpg,NoSCAM,paint roller,blanket,12.098,NoSCAM_img_0514,/external-cache/fse_typographic_20260926/external/SCAM/images.zip,images/train/NoSCAM_img_0514.jpg,NoSCAM,img_0514,0.18774183094501495,0.10573403537273407,0.08200779557228088,True,False
NoSCAM_img_0515.jpg,NoSCAM,doormat,jacket,1.375,NoSCAM_img_0515,/external-cache/fse_typographic_20260926/external/SCAM/images.zip,images/train/NoSCAM_img_0515.jpg,NoSCAM,img_0515,0.23540669679641724,0.138533815741539,0.09687288105487823,True,True
NoSCAM_img_0516.jpg,NoSCAM,stool,bird,2.834,NoSCAM_img_0516,/external-cache/fse_typographic_20260926/external/SCAM/images.zip,images/train/NoSCAM_img_0516.jpg,NoSCAM,img_0516,0.2633712887763977,0.14504539966583252,0.11832588911056519,True,True
NoSCAM_img_0517.jpg,NoSCAM,boxes,salt,1.832,NoSCAM_img_0517,/external-cache/fse_typographic_20260926/external/SCAM/images.zip,images/train/NoSCAM_img_0517.jpg,NoSCAM,img_0517,0.23501162230968475,0.15442445874214172,0.08058716356754303,True,True
NoSCAM_img_0518.jpg,NoSCAM,sink,oregano,2.401,NoSCAM_img_0518,/external-cache/fse_typographic_20260926/external/SCAM/images.zip,images/train/NoSCAM_img_0518.jpg,NoSCAM,img_0518,0.23875963687896729,0.15114347636699677,0.08761616051197052,True,False
NoSCAM_img_0519.jpg,NoSCAM,sink,salt,2.252,NoSCAM_img_0519,/external-cache/fse_typographic_20260926/external/SCAM/images.zip,images/train/NoSCAM_img_0519.jpg,NoSCAM,img_0519,0.25919416546821594,0.18952693045139313,0.06966723501682281,True,True
NoSCAM_img_0520.jpg,NoSCAM,trash can,ginger,11.251,NoSCAM_img_0520,/external-cache/fse_typographic_20260926/external/SCAM/images.zip,images/train/NoSCAM_img_0520.jpg,NoSCAM,img_0520,0.2523385286331177,0.14671090245246887,0.1056276261806488,True,True
NoSCAM_img_0521.jpg,NoSCAM,toilet brush,bottle,5.561,NoSCAM_img_0521,/external-cache/fse_typographic_20260926/external/SCAM/images.zip,images/train/NoSCAM_img_0521.jpg,NoSCAM,img_0521,0.2557150721549988,0.16439752280712128,0.0913175493478775,True,False
NoSCAM_img_0522.jpg,NoSCAM,rack,sidewalk,4.433,NoSCAM_img_0522,/external-cache/fse_typographic_20260926/external/SCAM/images.zip,images/train/NoSCAM_img_0522.jpg,NoSCAM,img_0522,0.2148401439189911,0.1158563643693924,0.0989837795495987,True,False
NoSCAM_img_0523.jpg,NoSCAM,toilet lid,traffic sign,2.678,NoSCAM_img_0523,/external-cache/fse_typographic_20260926/external/SCAM/images.zip,images/train/NoSCAM_img_0523.jpg,NoSCAM,img_0523,0.207994282245636,0.13677258789539337,0.07122169435024261,True,False
NoSCAM_img_0524.jpg,NoSCAM,pipe connection,mirror,3.645,NoSCAM_img_0524,/external-cache/fse_typographic_20260926/external/SCAM/images.zip,images/train/NoSCAM_img_0524.jpg,NoSCAM,img_0524,0.1716395914554596,0.094487763941288,0.0771518275141716,True,False
NoSCAM_img_0525.jpg,NoSCAM,pipe connection,sidewalk,5.135,NoSCAM_img_0525,/external-cache/fse_typographic_20260926/external/SCAM/images.zip,images/train/NoSCAM_img_0525.jpg,NoSCAM,img_0525,0.15052253007888794,0.12320461124181747,0.027317918837070465,True,False
NoSCAM_img_0526.jpg,NoSCAM,toilet bowl,vase,2.609,NoSCAM_img_0526,/external-cache/fse_typographic_20260926/external/SCAM/images.zip,images/train/NoSCAM_img_0526.jpg,NoSCAM,img_0526,0.2354157418012619,0.14499852061271667,0.09041722118854523,True,True
NoSCAM_img_0527.jpg,NoSCAM,washbasin,blanket,2.653,NoSCAM_img_0527,/external-cache/fse_typographic_20260926/external/SCAM/images.zip,images/train/NoSCAM_img_0527.jpg,NoSCAM,img_0527,0.21976430714130402,0.08846814930438995,0.13129615783691406,True,True
NoSCAM_img_0528.jpg,NoSCAM,power drill,jacket,5.618,NoSCAM_img_0528,/external-cache/fse_typographic_20260926/external/SCAM/images.zip,images/train/NoSCAM_img_0528.jpg,NoSCAM,img_0528,0.23077210783958435,0.09706233441829681,0.13370977342128754,True,True
NoSCAM_img_0529.jpg,NoSCAM,portable electric drill,jacket,5.563,NoSCAM_img_0529,/external-cache/fse_typographic_20260926/external/SCAM/images.zip,images/train/NoSCAM_img_0529.jpg,NoSCAM,img_0529,0.21069684624671936,0.08194935321807861,0.12874749302864075,True,False
NoSCAM_img_0530.jpg,NoSCAM,cordless drill,bird,6.324,NoSCAM_img_0530,/external-cache/fse_typographic_20260926/external/SCAM/images.zip,images/train/NoSCAM_img_0530.jpg,NoSCAM,img_0530,0.2510548233985901,0.1453608274459839,0.1056939959526062,True,False
NoSCAM_img_0531.jpg,NoSCAM,portable electric drill,bird,7.401,NoSCAM_img_0531,/external-cache/fse_typographic_20260926/external/SCAM/images.zip,images/train/NoSCAM_img_0531.jpg,NoSCAM,img_0531,0.25266140699386597,0.15007668733596802,0.10258471965789795,True,False
NoSCAM_img_0532.jpg,NoSCAM,drills,store,6.434,NoSCAM_img_0532,/external-cache/fse_typographic_20260926/external/SCAM/images.zip,images/train/NoSCAM_img_0532.jpg,NoSCAM,img_0532,0.16372959315776825,0.16267023980617523,0.0010593533515930176,True,False
NoSCAM_img_0533.jpg,NoSCAM,stapler,oregano,6.659,NoSCAM_img_0533,/external-cache/fse_typographic_20260926/external/SCAM/images.zip,images/train/NoSCAM_img_0533.jpg,NoSCAM,img_0533,0.19018185138702393,0.09375981986522675,0.09642203152179718,True,False
NoSCAM_img_0534.jpg,NoSCAM,sandpaper,salt,3.227,NoSCAM_img_0534,/external-cache/fse_typographic_20260926/external/SCAM/images.zip,images/train/NoSCAM_img_0534.jpg,NoSCAM,img_0534,0.17262524366378784,0.15483792126178741,0.017787322402000427,True,False
NoSCAM_img_0535.jpg,NoSCAM,remote control,pig,9.283,NoSCAM_img_0535,/external-cache/fse_typographic_20260926/external/SCAM/images.zip,images/train/NoSCAM_img_0535.jpg,NoSCAM,img_0535,0.23430410027503967,0.14536069333553314,0.08894340693950653,True,False
NoSCAM_img_0536.jpg,NoSCAM,string,pig,3.936,NoSCAM_img_0536,/external-cache/fse_typographic_20260926/external/SCAM/images.zip,images/train/NoSCAM_img_0536.jpg,NoSCAM,img_0536,0.20607984066009521,0.15910808742046356,0.04697175323963165,True,False
NoSCAM_img_0537.jpg,NoSCAM,pencil,knife,4.284,NoSCAM_img_0537,/external-cache/fse_typographic_20260926/external/SCAM/images.zip,images/train/NoSCAM_img_0537.jpg,NoSCAM,img_0537,0.22151494026184082,0.17387163639068604,0.047643303871154785,True,True
NoSCAM_img_0538.jpg,NoSCAM,cork,helmet,7.16,NoSCAM_img_0538,/external-cache/fse_typographic_20260926/external/SCAM/images.zip,images/train/NoSCAM_img_0538.jpg,NoSCAM,img_0538,0.22914505004882812,0.1024608463048935,0.12668420374393463,True,True
NoSCAM_img_0539.jpg,NoSCAM,thread,hair,7.214,NoSCAM_img_0539,/external-cache/fse_typographic_20260926/external/SCAM/images.zip,images/train/NoSCAM_img_0539.jpg,NoSCAM,img_0539,0.2111101746559143,0.15407709777355194,0.057033076882362366,True,False
NoSCAM_img_0540.jpg,NoSCAM,safety pin,camera,9.264,NoSCAM_img_0540,/external-cache/fse_typographic_20260926/external/SCAM/images.zip,images/train/NoSCAM_img_0540.jpg,NoSCAM,img_0540,0.20741641521453857,0.1359139382839203,0.07150247693061829,True,True
NoSCAM_img_0541.jpg,NoSCAM,vase,helmet,2.139,NoSCAM_img_0541,/external-cache/fse_typographic_20260926/external/SCAM/images.zip,images/train/NoSCAM_img_0541.jpg,NoSCAM,img_0541,0.20618200302124023,0.1289660483598709,0.07721595466136932,True,False
NoSCAM_img_0542.jpg,NoSCAM,headband,camera,7.472,NoSCAM_img_0542,/external-cache/fse_typographic_20260926/external/SCAM/images.zip,images/train/NoSCAM_img_0542.jpg,NoSCAM,img_0542,0.20596423745155334,0.13654236495494843,0.06942187249660492,True,False
NoSCAM_img_0543.jpg,NoSCAM,guitar,pig,0.475,NoSCAM_img_0543,/external-cache/fse_typographic_20260926/external/SCAM/images.zip,images/train/NoSCAM_img_0543.jpg,NoSCAM,img_0543,0.21833866834640503,0.09880390018224716,0.11953476816415787,True,True
NoSCAM_img_0544.jpg,NoSCAM,rose,knife,1.68,NoSCAM_img_0544,/external-cache/fse_typographic_20260926/external/SCAM/images.zip,images/train/NoSCAM_img_0544.jpg,NoSCAM,img_0544,0.2203996777534485,0.16414335370063782,0.05625632405281067,True,True
NoSCAM_img_0545.jpg,NoSCAM,slider,camera,2.194,NoSCAM_img_0545,/external-cache/fse_typographic_20260926/external/SCAM/images.zip,images/train/NoSCAM_img_0545.jpg,NoSCAM,img_0545,0.19761574268341064,0.19933705031871796,-0.001721307635307312,False,False
NoSCAM_img_0546.jpg,NoSCAM,charger,camera,2.134,NoSCAM_img_0546,/external-cache/fse_typographic_20260926/external/SCAM/images.zip,images/train/NoSCAM_img_0546.jpg,NoSCAM,img_0546,0.2661888003349304,0.17610102891921997,0.09008777141571045,True,False
NoSCAM_img_0547.jpg,NoSCAM,tennis ball,hair,3.777,NoSCAM_img_0547,/external-cache/fse_typographic_20260926/external/SCAM/images.zip,images/train/NoSCAM_img_0547.jpg,NoSCAM,img_0547,0.26355502009391785,0.16228027641773224,0.10127474367618561,True,True
NoSCAM_img_0548.jpg,NoSCAM,guitar foot stand,helmet,1.81,NoSCAM_img_0548,/external-cache/fse_typographic_20260926/external/SCAM/images.zip,images/train/NoSCAM_img_0548.jpg,NoSCAM,img_0548,0.23344919085502625,0.13813751935958862,0.09531167149543762,True,True
NoSCAM_img_0549.jpg,NoSCAM,speaker,knife,2.714,NoSCAM_img_0549,/external-cache/fse_typographic_20260926/external/SCAM/images.zip,images/train/NoSCAM_img_0549.jpg,NoSCAM,img_0549,0.25591737031936646,0.13440269231796265,0.12151467800140381,True,True
NoSCAM_img_0550.jpg,NoSCAM,stereo,hair,3.139,NoSCAM_img_0550,/external-cache/fse_typographic_20260926/external/SCAM/images.zip,images/train/NoSCAM_img_0550.jpg,NoSCAM,img_0550,0.23820415139198303,0.14330989122390747,0.09489426016807556,True,True
NoSCAM_img_0551.jpg,NoSCAM,perfume,hair,5.71,NoSCAM_img_0551,/external-cache/fse_typographic_20260926/external/SCAM/images.zip,images/train/NoSCAM_img_0551.jpg,NoSCAM,img_0551,0.26227447390556335,0.15376824140548706,0.1085062325000763,True,True
NoSCAM_img_0552.jpg,NoSCAM,sleeping mat,pig,1.511,NoSCAM_img_0552,/external-cache/fse_typographic_20260926/external/SCAM/images.zip,images/train/NoSCAM_img_0552.jpg,NoSCAM,img_0552,0.13861849904060364,0.12240184843540192,0.01621665060520172,True,False
NoSCAM_img_0553.jpg,NoSCAM,shell,camera,8.579,NoSCAM_img_0553,/external-cache/fse_typographic_20260926/external/SCAM/images.zip,images/train/NoSCAM_img_0553.jpg,NoSCAM,img_0553,0.19677308201789856,0.15845632553100586,0.0383167564868927,True,False
NoSCAM_img_0554.jpg,NoSCAM,apple,camera,9.101,NoSCAM_img_0554,/external-cache/fse_typographic_20260926/external/SCAM/images.zip,images/train/NoSCAM_img_0554.jpg,NoSCAM,img_0554,0.10681535303592682,0.1217506155371666,-0.014935262501239777,False,False
NoSCAM_img_0555.jpg,NoSCAM,watch,camera,9.796,NoSCAM_img_0555,/external-cache/fse_typographic_20260926/external/SCAM/images.zip,images/train/NoSCAM_img_0555.jpg,NoSCAM,img_0555,0.21275296807289124,0.1584884524345398,0.05426451563835144,True,False
NoSCAM_img_0556.jpg,NoSCAM,mirror,helmet,3.342,NoSCAM_img_0556,/external-cache/fse_typographic_20260926/external/SCAM/images.zip,images/train/NoSCAM_img_0556.jpg,NoSCAM,img_0556,0.20130939781665802,0.12753383815288544,0.07377555966377258,True,False
NoSCAM_img_0557.jpg,NoSCAM,lamp,helmet,2.218,NoSCAM_img_0557,/external-cache/fse_typographic_20260926/external/SCAM/images.zip,images/train/NoSCAM_img_0557.jpg,NoSCAM,img_0557,0.22507449984550476,0.1410343050956726,0.08404019474983215,True,True
NoSCAM_img_0558.jpg,NoSCAM,tissues,helmet,4.453,NoSCAM_img_0558,/external-cache/fse_typographic_20260926/external/SCAM/images.zip,images/train/NoSCAM_img_0558.jpg,NoSCAM,img_0558,0.2563977837562561,0.13245028257369995,0.12394750118255615,True,True
NoSCAM_img_0559.jpg,NoSCAM,clock,helmet,8.805,NoSCAM_img_0559,/external-cache/fse_typographic_20260926/external/SCAM/images.zip,images/train/NoSCAM_img_0559.jpg,NoSCAM,img_0559,0.2303343117237091,0.13356830179691315,0.09676600992679596,True,True
NoSCAM_img_0560.jpg,NoSCAM,glass,helmet,7.257,NoSCAM_img_0560,/external-cache/fse_typographic_20260926/external/SCAM/images.zip,images/train/NoSCAM_img_0560.jpg,NoSCAM,img_0560,0.18912158906459808,0.13594479858875275,0.05317679047584534,True,False
NoSCAM_img_0561.jpg,NoSCAM,pillow,camera,0.35,NoSCAM_img_0561,/external-cache/fse_typographic_20260926/external/SCAM/images.zip,images/train/NoSCAM_img_0561.jpg,NoSCAM,img_0561,0.21969649195671082,0.15570591390132904,0.06399057805538177,True,True
NoSCAM_img_0562.jpg,NoSCAM,weight,camera,2.929,NoSCAM_img_0562,/external-cache/fse_typographic_20260926/external/SCAM/images.zip,images/train/NoSCAM_img_0562.jpg,NoSCAM,img_0562,0.21046525239944458,0.1619928777217865,0.04847237467765808,True,False
NoSCAM_img_0563.jpg,NoSCAM,string,camera,8.648,NoSCAM_img_0563,/external-cache/fse_typographic_20260926/external/SCAM/images.zip,images/train/NoSCAM_img_0563.jpg,NoSCAM,img_0563,0.19368910789489746,0.16378802061080933,0.029901087284088135,True,False
NoSCAM_img_0564.jpg,NoSCAM,badminton ball,camera,4.349,NoSCAM_img_0564,/external-cache/fse_typographic_20260926/external/SCAM/images.zip,images/train/NoSCAM_img_0564.jpg,NoSCAM,img_0564,0.25283893942832947,0.1654137372970581,0.08742520213127136,True,False
NoSCAM_img_0565.jpg,NoSCAM,chair,rock,0.897,NoSCAM_img_0565,/external-cache/fse_typographic_20260926/external/SCAM/images.zip,images/train/NoSCAM_img_0565.jpg,NoSCAM,img_0565,0.21368470788002014,0.13855715095996857,0.07512755692005157,True,False
NoSCAM_img_0566.jpg,NoSCAM,backpack,rock,1.432,NoSCAM_img_0566,/external-cache/fse_typographic_20260926/external/SCAM/images.zip,images/train/NoSCAM_img_0566.jpg,NoSCAM,img_0566,0.2645091414451599,0.1422860324382782,0.12222310900688171,True,True
NoSCAM_img_0567.jpg,NoSCAM,trash bin,tree,0.604,NoSCAM_img_0567,/external-cache/fse_typographic_20260926/external/SCAM/images.zip,images/train/NoSCAM_img_0567.jpg,NoSCAM,img_0567,0.21547742187976837,0.15059834718704224,0.06487907469272614,True,False
NoSCAM_img_0568.jpg,NoSCAM,traffic light,rock,0.559,NoSCAM_img_0568,/external-cache/fse_typographic_20260926/external/SCAM/images.zip,images/train/NoSCAM_img_0568.jpg,NoSCAM,img_0568,0.2446548342704773,0.12782630324363708,0.11682853102684021,True,False
NoSCAM_img_0569.jpg,NoSCAM,barricade,tree,0.332,NoSCAM_img_0569,/external-cache/fse_typographic_20260926/external/SCAM/images.zip,images/train/NoSCAM_img_0569.jpg,NoSCAM,img_0569,0.21323595941066742,0.13574829697608948,0.07748766243457794,True,False
NoSCAM_img_0570.jpg,NoSCAM,coat,lemon,0.61,NoSCAM_img_0570,/external-cache/fse_typographic_20260926/external/SCAM/images.zip,images/train/NoSCAM_img_0570.jpg,NoSCAM,img_0570,0.2651708424091339,0.20056965947151184,0.06460118293762207,True,True
NoSCAM_img_0571.jpg,NoSCAM,pants,mountain,0.352,NoSCAM_img_0571,/external-cache/fse_typographic_20260926/external/SCAM/images.zip,images/train/NoSCAM_img_0571.jpg,NoSCAM,img_0571,0.19933392107486725,0.12081512808799744,0.07851879298686981,True,True
NoSCAM_img_0572.jpg,NoSCAM,hanger,truck,1.088,NoSCAM_img_0572,/external-cache/fse_typographic_20260926/external/SCAM/images.zip,images/train/NoSCAM_img_0572.jpg,NoSCAM,img_0572,0.25144028663635254,0.17902104556560516,0.07241924107074738,True,False
NoSCAM_img_0573.jpg,NoSCAM,armchair,lemon,0.223,NoSCAM_img_0573,/external-cache/fse_typographic_20260926/external/SCAM/images.zip,images/train/NoSCAM_img_0573.jpg,NoSCAM,img_0573,0.2443505823612213,0.1824701428413391,0.0618804395198822,True,False
NoSCAM_img_0574.jpg,NoSCAM,pine cone,lemon,9.364,NoSCAM_img_0574,/external-cache/fse_typographic_20260926/external/SCAM/images.zip,images/train/NoSCAM_img_0574.jpg,NoSCAM,img_0574,0.1369456648826599,0.13770702481269836,-0.0007613599300384521,False,False
NoSCAM_img_0575.jpg,NoSCAM,hand brush and dustpan,rock,2.801,NoSCAM_img_0575,/external-cache/fse_typographic_20260926/external/SCAM/images.zip,images/train/NoSCAM_img_0575.jpg,NoSCAM,img_0575,0.27813830971717834,0.08324961364269257,0.19488869607448578,True,True
NoSCAM_img_0576.jpg,NoSCAM,spray bottle,tree,3.828,NoSCAM_img_0576,/external-cache/fse_typographic_20260926/external/SCAM/images.zip,images/train/NoSCAM_img_0576.jpg,NoSCAM,img_0576,0.20443937182426453,0.11057993769645691,0.09385943412780762,True,True
NoSCAM_img_0577.jpg,NoSCAM,basket,truck,4.822,NoSCAM_img_0577,/external-cache/fse_typographic_20260926/external/SCAM/images.zip,images/train/NoSCAM_img_0577.jpg,NoSCAM,img_0577,0.18690446019172668,0.1260918825864792,0.0608125776052475,True,False
NoSCAM_img_0578.jpg,NoSCAM,sweeper,lemon,1.45,NoSCAM_img_0578,/external-cache/fse_typographic_20260926/external/SCAM/images.zip,images/train/NoSCAM_img_0578.jpg,NoSCAM,img_0578,0.22201064229011536,0.1429758071899414,0.07903483510017395,True,False
NoSCAM_img_0579.jpg,NoSCAM,rolling pin,lemon,1.429,NoSCAM_img_0579,/external-cache/fse_typographic_20260926/external/SCAM/images.zip,images/train/NoSCAM_img_0579.jpg,NoSCAM,img_0579,0.27366527915000916,0.15111501514911652,0.12255026400089264,True,True
NoSCAM_img_0580.jpg,NoSCAM,lantern,rock,1.352,NoSCAM_img_0580,/external-cache/fse_typographic_20260926/external/SCAM/images.zip,images/train/NoSCAM_img_0580.jpg,NoSCAM,img_0580,0.18318775296211243,0.10515916347503662,0.0780285894870758,True,False
NoSCAM_img_0581.jpg,NoSCAM,tin box,rock,4.833,NoSCAM_img_0581,/external-cache/fse_typographic_20260926/external/SCAM/images.zip,images/train/NoSCAM_img_0581.jpg,NoSCAM,img_0581,0.1772540807723999,0.08947411179542542,0.08777996897697449,True,False
NoSCAM_img_0582.jpg,NoSCAM,jar,ocean,5.317,NoSCAM_img_0582,/external-cache/fse_typographic_20260926/external/SCAM/images.zip,images/train/NoSCAM_img_0582.jpg,NoSCAM,img_0582,0.2370387315750122,0.11326559633016586,0.12377313524484634,True,True
NoSCAM_img_0583.jpg,NoSCAM,candy cane,lemon,4.041,NoSCAM_img_0583,/external-cache/fse_typographic_20260926/external/SCAM/images.zip,images/train/NoSCAM_img_0583.jpg,NoSCAM,img_0583,0.24282823503017426,0.15702490508556366,0.0858033299446106,True,True
NoSCAM_img_0584.jpg,NoSCAM,tea pot,desk,4.302,NoSCAM_img_0584,/external-cache/fse_typographic_20260926/external/SCAM/images.zip,images/train/NoSCAM_img_0584.jpg,NoSCAM,img_0584,0.2518785893917084,0.12406088411808014,0.12781770527362823,True,True
NoSCAM_img_0585.jpg,NoSCAM,basket,chicken,1.638,NoSCAM_img_0585,/external-cache/fse_typographic_20260926/external/SCAM/images.zip,images/train/NoSCAM_img_0585.jpg,NoSCAM,img_0585,0.24991747736930847,0.14779211580753326,0.10212536156177521,True,True
NoSCAM_img_0586.jpg,NoSCAM,flower pot,fire,3.765,NoSCAM_img_0586,/external-cache/fse_typographic_20260926/external/SCAM/images.zip,images/train/NoSCAM_img_0586.jpg,NoSCAM,img_0586,0.2093607634305954,0.15993240475654602,0.04942835867404938,True,False
NoSCAM_img_0587.jpg,NoSCAM,candle,lemon,6.503,NoSCAM_img_0587,/external-cache/fse_typographic_20260926/external/SCAM/images.zip,images/train/NoSCAM_img_0587.jpg,NoSCAM,img_0587,0.22376811504364014,0.12465579807758331,0.09911231696605682,True,False
NoSCAM_img_0588.jpg,NoSCAM,blanket,ocean,4.576,NoSCAM_img_0588,/external-cache/fse_typographic_20260926/external/SCAM/images.zip,images/train/NoSCAM_img_0588.jpg,NoSCAM,img_0588,0.23330652713775635,0.1881585568189621,0.04514797031879425,True,False
NoSCAM_img_0589.jpg,NoSCAM,suitcase,tree,1.486,NoSCAM_img_0589,/external-cache/fse_typographic_20260926/external/SCAM/images.zip,images/train/NoSCAM_img_0589.jpg,NoSCAM,img_0589,0.2161671668291092,0.17636680603027344,0.039800360798835754,True,False
NoSCAM_img_0590.jpg,NoSCAM,cauldron,hat,4.484,NoSCAM_img_0590,/external-cache/fse_typographic_20260926/external/SCAM/images.zip,images/train/NoSCAM_img_0590.jpg,NoSCAM,img_0590,0.15656253695487976,0.10492484271526337,0.051637694239616394,True,False
NoSCAM_img_0591.jpg,NoSCAM,microwave,helmet,1.399,NoSCAM_img_0591,/external-cache/fse_typographic_20260926/external/SCAM/images.zip,images/train/NoSCAM_img_0591.jpg,NoSCAM,img_0591,0.2301543802022934,0.12358991801738739,0.106564462184906,True,True
NoSCAM_img_0592.jpg,NoSCAM,noodle cooker,honey,3.68,NoSCAM_img_0592,/external-cache/fse_typographic_20260926/external/SCAM/images.zip,images/train/NoSCAM_img_0592.jpg,NoSCAM,img_0592,0.1829184889793396,0.13366779685020447,0.04925069212913513,True,False
NoSCAM_img_0593.jpg,NoSCAM,contact grill,horn,2.043,NoSCAM_img_0593,/external-cache/fse_typographic_20260926/external/SCAM/images.zip,images/train/NoSCAM_img_0593.jpg,NoSCAM,img_0593,0.20511892437934875,0.1215561255812645,0.08356279879808426,True,False
NoSCAM_img_0594.jpg,NoSCAM,pizza peel,ice,0.883,NoSCAM_img_0594,/external-cache/fse_typographic_20260926/external/SCAM/images.zip,images/train/NoSCAM_img_0594.jpg,NoSCAM,img_0594,0.11863593757152557,0.1000903770327568,0.01854556053876877,True,False
NoSCAM_img_0595.jpg,NoSCAM,silverware box,jar,3.279,NoSCAM_img_0595,/external-cache/fse_typographic_20260926/external/SCAM/images.zip,images/train/NoSCAM_img_0595.jpg,NoSCAM,img_0595,0.2154286503791809,0.12412083148956299,0.09130781888961792,True,False
NoSCAM_img_0596.jpg,NoSCAM,pot,jeep,2.491,NoSCAM_img_0596,/external-cache/fse_typographic_20260926/external/SCAM/images.zip,images/train/NoSCAM_img_0596.jpg,NoSCAM,img_0596,0.21478667855262756,0.10185961425304413,0.11292706429958344,True,False
NoSCAM_img_0597.jpg,NoSCAM,tee box,key,6.939,NoSCAM_img_0597,/external-cache/fse_typographic_20260926/external/SCAM/images.zip,images/train/NoSCAM_img_0597.jpg,NoSCAM,img_0597,0.15048569440841675,0.1182996928691864,0.03218600153923035,True,False
NoSCAM_img_0598.jpg,NoSCAM,board,knife,3.446,NoSCAM_img_0598,/external-cache/fse_typographic_20260926/external/SCAM/images.zip,images/train/NoSCAM_img_0598.jpg,NoSCAM,img_0598,0.18586808443069458,0.17572057247161865,0.010147511959075928,True,False
NoSCAM_img_0599.jpg,NoSCAM,blackboard,ladder,0.544,NoSCAM_img_0599,/external-cache/fse_typographic_20260926/external/SCAM/images.zip,images/train/NoSCAM_img_0599.jpg,NoSCAM,img_0599,0.15391425788402557,0.1661403924226761,-0.012226134538650513,False,False
NoSCAM_img_0600.jpg,NoSCAM,sign,leaf,2.316,NoSCAM_img_0600,/external-cache/fse_typographic_20260926/external/SCAM/images.zip,images/train/NoSCAM_img_0600.jpg,NoSCAM,img_0600,0.18764854967594147,0.11241982877254486,0.0752287209033966,True,False
NoSCAM_img_0601.jpg,NoSCAM,plastic cups,lemon,4.043,NoSCAM_img_0601,/external-cache/fse_typographic_20260926/external/SCAM/images.zip,images/train/NoSCAM_img_0601.jpg,NoSCAM,img_0601,0.22596889734268188,0.07779587805271149,0.1481730192899704,True,True
NoSCAM_img_0602.jpg,NoSCAM,sign,lightbulb,6.59,NoSCAM_img_0602,/external-cache/fse_typographic_20260926/external/SCAM/images.zip,images/train/NoSCAM_img_0602.jpg,NoSCAM,img_0602,0.13948574662208557,0.12054602801799774,0.01893971860408783,True,False
NoSCAM_img_0603.jpg,NoSCAM,glass,lion,6.375,NoSCAM_img_0603,/external-cache/fse_typographic_20260926/external/SCAM/images.zip,images/train/NoSCAM_img_0603.jpg,NoSCAM,img_0603,0.17614315450191498,0.08775229752063751,0.08839085698127747,True,False
NoSCAM_img_0604.jpg,NoSCAM,straw,lipstick,7.798,NoSCAM_img_0604,/external-cache/fse_typographic_20260926/external/SCAM/images.zip,images/train/NoSCAM_img_0604.jpg,NoSCAM,img_0604,0.12880465388298035,0.12064002454280853,0.008164629340171814,True,False
NoSCAM_img_0605.jpg,NoSCAM,diapers,lock,2.799,NoSCAM_img_0605,/external-cache/fse_typographic_20260926/external/SCAM/images.zip,images/train/NoSCAM_img_0605.jpg,NoSCAM,img_0605,0.2257722169160843,0.10027237236499786,0.12549984455108643,True,True
NoSCAM_img_0606.jpg,NoSCAM,condoms,screw,12.945,NoSCAM_img_0606,/external-cache/fse_typographic_20260926/external/SCAM/images.zip,images/train/NoSCAM_img_0606.jpg,NoSCAM,img_0606,0.24830518662929535,0.10635107755661011,0.14195410907268524,True,True
NoSCAM_img_0607.jpg,NoSCAM,condom,screwdriver,17.748,NoSCAM_img_0607,/external-cache/fse_typographic_20260926/external/SCAM/images.zip,images/train/NoSCAM_img_0607.jpg,NoSCAM,img_0607,0.1693483591079712,0.09558876603841782,0.07375959306955338,True,False
NoSCAM_img_0608.jpg,NoSCAM,roller,transistor,12.766,NoSCAM_img_0608,/external-cache/fse_typographic_20260926/external/SCAM/images.zip,images/train/NoSCAM_img_0608.jpg,NoSCAM,img_0608,0.09995874762535095,0.13050806522369385,-0.030549317598342896,False,False
NoSCAM_img_0609.jpg,NoSCAM,condom,sandwich,12.679,NoSCAM_img_0609,/external-cache/fse_typographic_20260926/external/SCAM/images.zip,images/train/NoSCAM_img_0609.jpg,NoSCAM,img_0609,0.1527279168367386,0.08041694015264511,0.07231097668409348,True,False
NoSCAM_img_0610.jpg,NoSCAM,shampoo,mirror,10.518,NoSCAM_img_0610,/external-cache/fse_typographic_20260926/external/SCAM/images.zip,images/train/NoSCAM_img_0610.jpg,NoSCAM,img_0610,0.239520862698555,0.08974288403987885,0.14977797865867615,True,True
NoSCAM_img_0611.jpg,NoSCAM,ear plugs,hat,13.271,NoSCAM_img_0611,/external-cache/fse_typographic_20260926/external/SCAM/images.zip,images/train/NoSCAM_img_0611.jpg,NoSCAM,img_0611,0.2135411947965622,0.138055682182312,0.07548551261425018,True,False
NoSCAM_img_0612.jpg,NoSCAM,paper towels,helmet,2.3,NoSCAM_img_0612,/external-cache/fse_typographic_20260926/external/SCAM/images.zip,images/train/NoSCAM_img_0612.jpg,NoSCAM,img_0612,0.21076379716396332,0.08372440934181213,0.12703938782215118,True,False
NoSCAM_img_0613.jpg,NoSCAM,paper towel,honey,8.368,NoSCAM_img_0613,/external-cache/fse_typographic_20260926/external/SCAM/images.zip,images/train/NoSCAM_img_0613.jpg,NoSCAM,img_0613,0.21849697828292847,0.14032261073589325,0.07817436754703522,True,False
NoSCAM_img_0614.jpg,NoSCAM,soap,horn,3.865,NoSCAM_img_0614,/external-cache/fse_typographic_20260926/external/SCAM/images.zip,images/train/NoSCAM_img_0614.jpg,NoSCAM,img_0614,0.18954253196716309,0.09193965792655945,0.09760287404060364,True,False
NoSCAM_img_0615.jpg,NoSCAM,menstrual pads,house,4.241,NoSCAM_img_0615,/external-cache/fse_typographic_20260926/external/SCAM/images.zip,images/train/NoSCAM_img_0615.jpg,NoSCAM,img_0615,0.1664421111345291,0.0766388326883316,0.08980327844619751,True,False
NoSCAM_img_0616.jpg,NoSCAM,plunger,ice,3.645,NoSCAM_img_0616,/external-cache/fse_typographic_20260926/external/SCAM/images.zip,images/train/NoSCAM_img_0616.jpg,NoSCAM,img_0616,0.2528812885284424,0.08490365743637085,0.16797763109207153,True,True
NoSCAM_img_0617.jpg,NoSCAM,bucket,iron,2.636,NoSCAM_img_0617,/external-cache/fse_typographic_20260926/external/SCAM/images.zip,images/train/NoSCAM_img_0617.jpg,NoSCAM,img_0617,0.22174140810966492,0.14553487300872803,0.07620653510093689,True,False
NoSCAM_img_0618.jpg,NoSCAM,bucket,jar,5.391,NoSCAM_img_0618,/external-cache/fse_typographic_20260926/external/SCAM/images.zip,images/train/NoSCAM_img_0618.jpg,NoSCAM,img_0618,0.22337861359119415,0.16173653304576874,0.061642080545425415,True,False
NoSCAM_img_0619.jpg,NoSCAM,trash can,jeep,2.835,NoSCAM_img_0619,/external-cache/fse_typographic_20260926/external/SCAM/images.zip,images/train/NoSCAM_img_0619.jpg,NoSCAM,img_0619,0.1907181739807129,0.07283001393079758,0.11788816004991531,True,False
NoSCAM_img_0620.jpg,NoSCAM,trash can,key,4.588,NoSCAM_img_0620,/external-cache/fse_typographic_20260926/external/SCAM/images.zip,images/train/NoSCAM_img_0620.jpg,NoSCAM,img_0620,0.24476733803749084,0.12207462638616562,0.12269271165132523,True,False
NoSCAM_img_0621.jpg,NoSCAM,lid,knife,15.042,NoSCAM_img_0621,/external-cache/fse_typographic_20260926/external/SCAM/images.zip,images/train/NoSCAM_img_0621.jpg,NoSCAM,img_0621,0.1868240088224411,0.1233997642993927,0.0634242445230484,True,False
NoSCAM_img_0622.jpg,NoSCAM,step bin,ladder,3.238,NoSCAM_img_0622,/external-cache/fse_typographic_20260926/external/SCAM/images.zip,images/train/NoSCAM_img_0622.jpg,NoSCAM,img_0622,0.17451001703739166,0.09822634607553482,0.07628367096185684,True,False
NoSCAM_img_0623.jpg,NoSCAM,trash bag,lamp,7.496,NoSCAM_img_0623,/external-cache/fse_typographic_20260926/external/SCAM/images.zip,images/train/NoSCAM_img_0623.jpg,NoSCAM,img_0623,0.16376668214797974,0.09436167776584625,0.06940500438213348,True,False
NoSCAM_img_0624.jpg,NoSCAM,detergent,leaf,8.338,NoSCAM_img_0624,/external-cache/fse_typographic_20260926/external/SCAM/images.zip,images/train/NoSCAM_img_0624.jpg,NoSCAM,img_0624,0.18635714054107666,0.09183964133262634,0.09451749920845032,True,False
NoSCAM_img_0625.jpg,NoSCAM,detergent,lemon,7.695,NoSCAM_img_0625,/external-cache/fse_typographic_20260926/external/SCAM/images.zip,images/train/NoSCAM_img_0625.jpg,NoSCAM,img_0625,0.2043001353740692,0.09810531139373779,0.10619482398033142,True,False
NoSCAM_img_0626.jpg,NoSCAM,detergent powder,lightbulb,2.035,NoSCAM_img_0626,/external-cache/fse_typographic_20260926/external/SCAM/images.zip,images/train/NoSCAM_img_0626.jpg,NoSCAM,img_0626,0.22187715768814087,0.06892577558755875,0.15295138955116272,True,True
NoSCAM_img_0627.jpg,NoSCAM,spray can,lion,5.456,NoSCAM_img_0627,/external-cache/fse_typographic_20260926/external/SCAM/images.zip,images/train/NoSCAM_img_0627.jpg,NoSCAM,img_0627,0.1364413946866989,0.049131207168102264,0.08731018751859665,True,False
NoSCAM_img_0628.jpg,NoSCAM,window cleaner,lipstick,8.722,NoSCAM_img_0628,/external-cache/fse_typographic_20260926/external/SCAM/images.zip,images/train/NoSCAM_img_0628.jpg,NoSCAM,img_0628,0.0676087886095047,0.05101703852415085,0.01659175008535385,True,False
NoSCAM_img_0629.jpg,NoSCAM,dishwasher tablets,lock,4.429,NoSCAM_img_0629,/external-cache/fse_typographic_20260926/external/SCAM/images.zip,images/train/NoSCAM_img_0629.jpg,NoSCAM,img_0629,0.15586170554161072,0.09169404953718185,0.06416765600442886,True,False
NoSCAM_img_0630.jpg,NoSCAM,bottle crate,screw,4.987,NoSCAM_img_0630,/external-cache/fse_typographic_20260926/external/SCAM/images.zip,images/train/NoSCAM_img_0630.jpg,NoSCAM,img_0630,0.22148728370666504,0.11391522735357285,0.1075720563530922,True,False
NoSCAM_img_0631.jpg,NoSCAM,mulled wine,screwdriver,5.21,NoSCAM_img_0631,/external-cache/fse_typographic_20260926/external/SCAM/images.zip,images/train/NoSCAM_img_0631.jpg,NoSCAM,img_0631,0.20269377529621124,0.09749996662139893,0.10519380867481232,True,True
NoSCAM_img_0632.jpg,NoSCAM,bottle,transistor,4.532,NoSCAM_img_0632,/external-cache/fse_typographic_20260926/external/SCAM/images.zip,images/train/NoSCAM_img_0632.jpg,NoSCAM,img_0632,0.198320209980011,0.09944254159927368,0.0988776683807373,True,False
NoSCAM_img_0633.jpg,NoSCAM,bottle opener,sandwich,6.757,NoSCAM_img_0633,/external-cache/fse_typographic_20260926/external/SCAM/images.zip,images/train/NoSCAM_img_0633.jpg,NoSCAM,img_0633,0.20003850758075714,0.1334114670753479,0.06662704050540924,True,False
NoSCAM_img_0634.jpg,NoSCAM,stamp,mirror,5.083,NoSCAM_img_0634,/external-cache/fse_typographic_20260926/external/SCAM/images.zip,images/train/NoSCAM_img_0634.jpg,NoSCAM,img_0634,0.14977103471755981,0.11404909938573837,0.03572193533182144,True,False
NoSCAM_img_0635.jpg,NoSCAM,spout,hat,16.441,NoSCAM_img_0635,/external-cache/fse_typographic_20260926/external/SCAM/images.zip,images/train/NoSCAM_img_0635.jpg,NoSCAM,img_0635,0.09389090538024902,0.061300214380025864,0.03259069100022316,True,False
NoSCAM_img_0636.jpg,NoSCAM,spout,helmet,8.412,NoSCAM_img_0636,/external-cache/fse_typographic_20260926/external/SCAM/images.zip,images/train/NoSCAM_img_0636.jpg,NoSCAM,img_0636,0.13589057326316833,0.12064555287361145,0.015245020389556885,True,False
NoSCAM_img_0637.jpg,NoSCAM,spout,honey,7.993,NoSCAM_img_0637,/external-cache/fse_typographic_20260926/external/SCAM/images.zip,images/train/NoSCAM_img_0637.jpg,NoSCAM,img_0637,0.11971898376941681,0.10360930860042572,0.01610967516899109,True,False
NoSCAM_img_0638.jpg,NoSCAM,cleaner,horn,12.641,NoSCAM_img_0638,/external-cache/fse_typographic_20260926/external/SCAM/images.zip,images/train/NoSCAM_img_0638.jpg,NoSCAM,img_0638,0.17497389018535614,0.10274560749530792,0.07222828269004822,True,False
NoSCAM_img_0639.jpg,NoSCAM,high visibility jacket,house,8.258,NoSCAM_img_0639,/external-cache/fse_typographic_20260926/external/SCAM/images.zip,images/train/NoSCAM_img_0639.jpg,NoSCAM,img_0639,0.1920977234840393,0.10767639428377151,0.08442132920026779,True,False
NoSCAM_img_0640.jpg,NoSCAM,canister,ice,3.388,NoSCAM_img_0640,/external-cache/fse_typographic_20260926/external/SCAM/images.zip,images/train/NoSCAM_img_0640.jpg,NoSCAM,img_0640,0.1478848159313202,0.10338051617145538,0.04450429975986481,True,False
NoSCAM_img_0641.jpg,NoSCAM,canister,iron,10.143,NoSCAM_img_0641,/external-cache/fse_typographic_20260926/external/SCAM/images.zip,images/train/NoSCAM_img_0641.jpg,NoSCAM,img_0641,0.17622798681259155,0.08705097436904907,0.08917701244354248,True,False
NoSCAM_img_0642.jpg,NoSCAM,canister,jar,7.487,NoSCAM_img_0642,/external-cache/fse_typographic_20260926/external/SCAM/images.zip,images/train/NoSCAM_img_0642.jpg,NoSCAM,img_0642,0.17936062812805176,0.15814357995986938,0.021217048168182373,True,False
NoSCAM_img_0643.jpg,NoSCAM,canister,jeep,6.124,NoSCAM_img_0643,/external-cache/fse_typographic_20260926/external/SCAM/images.zip,images/train/NoSCAM_img_0643.jpg,NoSCAM,img_0643,0.1680079996585846,0.10916440188884735,0.058843597769737244,True,False
NoSCAM_img_0644.jpg,NoSCAM,blanket,key,1.94,NoSCAM_img_0644,/external-cache/fse_typographic_20260926/external/SCAM/images.zip,images/train/NoSCAM_img_0644.jpg,NoSCAM,img_0644,0.2380223572254181,0.1565960943698883,0.08142626285552979,True,False
NoSCAM_img_0645.jpg,NoSCAM,pillow,knife,2.391,NoSCAM_img_0645,/external-cache/fse_typographic_20260926/external/SCAM/images.zip,images/train/NoSCAM_img_0645.jpg,NoSCAM,img_0645,0.20282337069511414,0.1882805973291397,0.014542773365974426,True,False
NoSCAM_img_0646.jpg,NoSCAM,blanket,ladder,5.043,NoSCAM_img_0646,/external-cache/fse_typographic_20260926/external/SCAM/images.zip,images/train/NoSCAM_img_0646.jpg,NoSCAM,img_0646,0.22604557871818542,0.18771424889564514,0.03833132982254028,True,False
NoSCAM_img_0647.jpg,NoSCAM,blanket,lamp,4.264,NoSCAM_img_0647,/external-cache/fse_typographic_20260926/external/SCAM/images.zip,images/train/NoSCAM_img_0647.jpg,NoSCAM,img_0647,0.20793750882148743,0.1454770863056183,0.06246042251586914,True,False
NoSCAM_img_0648.jpg,NoSCAM,napkin,leaf,6.46,NoSCAM_img_0648,/external-cache/fse_typographic_20260926/external/SCAM/images.zip,images/train/NoSCAM_img_0648.jpg,NoSCAM,img_0648,0.2212127447128296,0.17539086937904358,0.04582187533378601,True,False
NoSCAM_img_0649.jpg,NoSCAM,towel,lemon,5.396,NoSCAM_img_0649,/external-cache/fse_typographic_20260926/external/SCAM/images.zip,images/train/NoSCAM_img_0649.jpg,NoSCAM,img_0649,0.2611987888813019,0.16906921565532684,0.09212957322597504,True,False
NoSCAM_img_0650.jpg,NoSCAM,box,lion,17.516,NoSCAM_img_0650,/external-cache/fse_typographic_20260926/external/SCAM/images.zip,images/train/NoSCAM_img_0650.jpg,NoSCAM,img_0650,0.20045894384384155,0.10039715468883514,0.10006178915500641,True,False
NoSCAM_img_0651.jpg,NoSCAM,cable,lipstick,13.756,NoSCAM_img_0651,/external-cache/fse_typographic_20260926/external/SCAM/images.zip,images/train/NoSCAM_img_0651.jpg,NoSCAM,img_0651,0.20888227224349976,0.11067674309015274,0.09820552915334702,True,True
NoSCAM_img_0652.jpg,NoSCAM,cable,lock,12.622,NoSCAM_img_0652,/external-cache/fse_typographic_20260926/external/SCAM/images.zip,images/train/NoSCAM_img_0652.jpg,NoSCAM,img_0652,0.21765117347240448,0.1092580109834671,0.10839316248893738,True,True
NoSCAM_img_0653.jpg,NoSCAM,cable,screw,9.819,NoSCAM_img_0653,/external-cache/fse_typographic_20260926/external/SCAM/images.zip,images/train/NoSCAM_img_0653.jpg,NoSCAM,img_0653,0.1973278820514679,0.1353386789560318,0.061989203095436096,True,False
NoSCAM_img_0654.jpg,NoSCAM,adapter,screwdriver,17.405,NoSCAM_img_0654,/external-cache/fse_typographic_20260926/external/SCAM/images.zip,images/train/NoSCAM_img_0654.jpg,NoSCAM,img_0654,0.17428836226463318,0.12942379713058472,0.04486456513404846,True,False
NoSCAM_img_0655.jpg,NoSCAM,radio,transistor,2.074,NoSCAM_img_0655,/external-cache/fse_typographic_20260926/external/SCAM/images.zip,images/train/NoSCAM_img_0655.jpg,NoSCAM,img_0655,0.2278459072113037,0.1916208565235138,0.03622505068778992,True,False
NoSCAM_img_0656.jpg,NoSCAM,speaker,sandwich,7.317,NoSCAM_img_0656,/external-cache/fse_typographic_20260926/external/SCAM/images.zip,images/train/NoSCAM_img_0656.jpg,NoSCAM,img_0656,0.2677971124649048,0.16170339286327362,0.10609371960163116,True,True
NoSCAM_img_0657.jpg,NoSCAM,safe,mirror,4.808,NoSCAM_img_0657,/external-cache/fse_typographic_20260926/external/SCAM/images.zip,images/train/NoSCAM_img_0657.jpg,NoSCAM,img_0657,0.22259485721588135,0.11261266469955444,0.1099821925163269,True,False
NoSCAM_img_0658.jpg,NoSCAM,safe,hat,7.219,NoSCAM_img_0658,/external-cache/fse_typographic_20260926/external/SCAM/images.zip,images/train/NoSCAM_img_0658.jpg,NoSCAM,img_0658,0.2303946167230606,0.10047318041324615,0.12992143630981445,True,False
NoSCAM_img_0659.jpg,NoSCAM,safe,helmet,10.342,NoSCAM_img_0659,/external-cache/fse_typographic_20260926/external/SCAM/images.zip,images/train/NoSCAM_img_0659.jpg,NoSCAM,img_0659,0.20943182706832886,0.13949275016784668,0.06993907690048218,True,False
NoSCAM_img_0660.jpg,NoSCAM,safe,honey,5.242,NoSCAM_img_0660,/external-cache/fse_typographic_20260926/external/SCAM/images.zip,images/train/NoSCAM_img_0660.jpg,NoSCAM,img_0660,0.19349342584609985,0.14897644519805908,0.04451698064804077,True,False
NoSCAM_img_0661.jpg,NoSCAM,fire extinguisher,horn,10.998,NoSCAM_img_0661,/external-cache/fse_typographic_20260926/external/SCAM/images.zip,images/train/NoSCAM_img_0661.jpg,NoSCAM,img_0661,0.2293780893087387,0.08088536560535431,0.1484927237033844,True,True
NoSCAM_img_0662.jpg,NoSCAM,wildlife camera,house,8.67,NoSCAM_img_0662,/external-cache/fse_typographic_20260926/external/SCAM/images.zip,images/train/NoSCAM_img_0662.jpg,NoSCAM,img_0662,0.16946423053741455,0.16434364020824432,0.005120590329170227,True,False
NoSCAM_img_0663.jpg,NoSCAM,chair,ice,0.486,NoSCAM_img_0663,/external-cache/fse_typographic_20260926/external/SCAM/images.zip,images/train/NoSCAM_img_0663.jpg,NoSCAM,img_0663,0.23624776303768158,0.14078211784362793,0.09546564519405365,True,False
NoSCAM_img_0664.jpg,NoSCAM,chair,iron,1.12,NoSCAM_img_0664,/external-cache/fse_typographic_20260926/external/SCAM/images.zip,images/train/NoSCAM_img_0664.jpg,NoSCAM,img_0664,0.24696499109268188,0.17415326833724976,0.07281172275543213,True,False
NoSCAM_img_0665.jpg,NoSCAM,table,jar,1.082,NoSCAM_img_0665,/external-cache/fse_typographic_20260926/external/SCAM/images.zip,images/train/NoSCAM_img_0665.jpg,NoSCAM,img_0665,0.23194770514965057,0.12818293273448944,0.10376477241516113,True,True
NoSCAM_img_0666.jpg,NoSCAM,coin counter,jeep,4.365,NoSCAM_img_0666,/external-cache/fse_typographic_20260926/external/SCAM/images.zip,images/train/NoSCAM_img_0666.jpg,NoSCAM,img_0666,0.19931228458881378,0.10828536748886108,0.0910269170999527,True,False
NoSCAM_img_0667.jpg,NoSCAM,terminal,key,11.92,NoSCAM_img_0667,/external-cache/fse_typographic_20260926/external/SCAM/images.zip,images/train/NoSCAM_img_0667.jpg,NoSCAM,img_0667,0.2083178162574768,0.1532018780708313,0.05511593818664551,True,False
NoSCAM_img_0668.jpg,NoSCAM,counter,knife,8.085,NoSCAM_img_0668,/external-cache/fse_typographic_20260926/external/SCAM/images.zip,images/train/NoSCAM_img_0668.jpg,NoSCAM,img_0668,0.17357003688812256,0.1368420422077179,0.03672799468040466,True,False
NoSCAM_img_0669.jpg,NoSCAM,cash register,ladder,2.427,NoSCAM_img_0669,/external-cache/fse_typographic_20260926/external/SCAM/images.zip,images/train/NoSCAM_img_0669.jpg,NoSCAM,img_0669,0.29100871086120605,0.1334272027015686,0.15758150815963745,True,True
NoSCAM_img_0670.jpg,NoSCAM,cash register,lamp,4.682,NoSCAM_img_0670,/external-cache/fse_typographic_20260926/external/SCAM/images.zip,images/train/NoSCAM_img_0670.jpg,NoSCAM,img_0670,0.22437359392642975,0.07576850056648254,0.1486050933599472,True,True
NoSCAM_img_0671.jpg,NoSCAM,calculator,leaf,10.975,NoSCAM_img_0671,/external-cache/fse_typographic_20260926/external/SCAM/images.zip,images/train/NoSCAM_img_0671.jpg,NoSCAM,img_0671,0.20834815502166748,0.06668656319379807,0.14166158437728882,True,True
NoSCAM_img_0672.jpg,NoSCAM,printer,lemon,2.291,NoSCAM_img_0672,/external-cache/fse_typographic_20260926/external/SCAM/images.zip,images/train/NoSCAM_img_0672.jpg,NoSCAM,img_0672,0.2017025351524353,0.10126788914203644,0.10043464601039886,True,True
NoSCAM_img_0673.jpg,NoSCAM,printer,lightbulb,3.477,NoSCAM_img_0673,/external-cache/fse_typographic_20260926/external/SCAM/images.zip,images/train/NoSCAM_img_0673.jpg,NoSCAM,img_0673,0.23542040586471558,0.13767805695533752,0.09774234890937805,True,True
NoSCAM_img_0674.jpg,NoSCAM,printer,lion,2.582,NoSCAM_img_0674,/external-cache/fse_typographic_20260926/external/SCAM/images.zip,images/train/NoSCAM_img_0674.jpg,NoSCAM,img_0674,0.22781075537204742,0.133505180478096,0.09430557489395142,True,True
NoSCAM_img_0675.jpg,NoSCAM,phone,lipstick,8.189,NoSCAM_img_0675,/external-cache/fse_typographic_20260926/external/SCAM/images.zip,images/train/NoSCAM_img_0675.jpg,NoSCAM,img_0675,0.23024943470954895,0.15718728303909302,0.07306215167045593,True,False
NoSCAM_img_0676.jpg,NoSCAM,phone,lock,8.335,NoSCAM_img_0676,/external-cache/fse_typographic_20260926/external/SCAM/images.zip,images/train/NoSCAM_img_0676.jpg,NoSCAM,img_0676,0.24269522726535797,0.14733262360095978,0.0953626036643982,True,False
NoSCAM_img_0677.jpg,NoSCAM,phone,screw,9.453,NoSCAM_img_0677,/external-cache/fse_typographic_20260926/external/SCAM/images.zip,images/train/NoSCAM_img_0677.jpg,NoSCAM,img_0677,0.2290220856666565,0.16828301548957825,0.06073907017707825,True,False
NoSCAM_img_0678.jpg,NoSCAM,folder,screwdriver,5.776,NoSCAM_img_0678,/external-cache/fse_typographic_20260926/external/SCAM/images.zip,images/train/NoSCAM_img_0678.jpg,NoSCAM,img_0678,0.1660311371088028,0.10742418467998505,0.05860695242881775,True,False
NoSCAM_img_0679.jpg,NoSCAM,folder,transistor,5.048,NoSCAM_img_0679,/external-cache/fse_typographic_20260926/external/SCAM/images.zip,images/train/NoSCAM_img_0679.jpg,NoSCAM,img_0679,0.20051462948322296,0.10941944271326065,0.09109518676996231,True,False
NoSCAM_img_0680.jpg,NoSCAM,post-its,sandwich,4.844,NoSCAM_img_0680,/external-cache/fse_typographic_20260926/external/SCAM/images.zip,images/train/NoSCAM_img_0680.jpg,NoSCAM,img_0680,0.19491398334503174,0.12480378150939941,0.07011020183563232,True,True
NoSCAM_img_0681.jpg,NoSCAM,notebook,mirror,6.432,NoSCAM_img_0681,/external-cache/fse_typographic_20260926/external/SCAM/images.zip,images/train/NoSCAM_img_0681.jpg,NoSCAM,img_0681,0.1775641292333603,0.1538320779800415,0.023732051253318787,True,False
NoSCAM_img_0682.jpg,NoSCAM,clipboard,hat,6.921,NoSCAM_img_0682,/external-cache/fse_typographic_20260926/external/SCAM/images.zip,images/train/NoSCAM_img_0682.jpg,NoSCAM,img_0682,0.23418498039245605,0.13601231575012207,0.09817266464233398,True,True
NoSCAM_img_0683.jpg,NoSCAM,string,helmet,9.426,NoSCAM_img_0683,/external-cache/fse_typographic_20260926/external/SCAM/images.zip,images/train/NoSCAM_img_0683.jpg,NoSCAM,img_0683,0.12236738204956055,0.1109783798456192,0.011389002203941345,True,False
NoSCAM_img_0684.jpg,NoSCAM,organizer,honey,3.863,NoSCAM_img_0684,/external-cache/fse_typographic_20260926/external/SCAM/images.zip,images/train/NoSCAM_img_0684.jpg,NoSCAM,img_0684,0.14787161350250244,0.06747858226299286,0.08039303123950958,True,False
NoSCAM_img_0685.jpg,NoSCAM,grill,horn,0.369,NoSCAM_img_0685,/external-cache/fse_typographic_20260926/external/SCAM/images.zip,images/train/NoSCAM_img_0685.jpg,NoSCAM,img_0685,0.21113282442092896,0.11317472159862518,0.09795810282230377,True,False
NoSCAM_img_0686.jpg,NoSCAM,lollipop,house,9.238,NoSCAM_img_0686,/external-cache/fse_typographic_20260926/external/SCAM/images.zip,images/train/NoSCAM_img_0686.jpg,NoSCAM,img_0686,0.18670208752155304,0.08751359581947327,0.09918849170207977,True,False
NoSCAM_img_0687.jpg,NoSCAM,ufonauts,ice,4.676,NoSCAM_img_0687,/external-cache/fse_typographic_20260926/external/SCAM/images.zip,images/train/NoSCAM_img_0687.jpg,NoSCAM,img_0687,0.12320389598608017,0.10609883069992065,0.017105065286159515,True,False
NoSCAM_img_0688.jpg,NoSCAM,chips,iron,5.939,NoSCAM_img_0688,/external-cache/fse_typographic_20260926/external/SCAM/images.zip,images/train/NoSCAM_img_0688.jpg,NoSCAM,img_0688,0.2226771116256714,0.1198892667889595,0.10278784483671188,True,False
NoSCAM_img_0689.jpg,NoSCAM,watermelon,jar,8.56,NoSCAM_img_0689,/external-cache/fse_typographic_20260926/external/SCAM/images.zip,images/train/NoSCAM_img_0689.jpg,NoSCAM,img_0689,0.233037069439888,0.12804000079631805,0.10499706864356995,True,True
NoSCAM_img_0690.jpg,NoSCAM,melon,jeep,11.018,NoSCAM_img_0690,/external-cache/fse_typographic_20260926/external/SCAM/images.zip,images/train/NoSCAM_img_0690.jpg,NoSCAM,img_0690,0.24771158397197723,0.12547029554843903,0.12224128842353821,True,True
NoSCAM_img_0691.jpg,NoSCAM,pumpkin,key,16.135,NoSCAM_img_0691,/external-cache/fse_typographic_20260926/external/SCAM/images.zip,images/train/NoSCAM_img_0691.jpg,NoSCAM,img_0691,0.21166828274726868,0.10411597788333893,0.10755230486392975,True,True
NoSCAM_img_0692.jpg,NoSCAM,pair,knife,14.695,NoSCAM_img_0692,/external-cache/fse_typographic_20260926/external/SCAM/images.zip,images/train/NoSCAM_img_0692.jpg,NoSCAM,img_0692,0.12628237903118134,0.13004520535469055,-0.0037628263235092163,False,False
NoSCAM_img_0693.jpg,NoSCAM,orange,ladder,11.994,NoSCAM_img_0693,/external-cache/fse_typographic_20260926/external/SCAM/images.zip,images/train/NoSCAM_img_0693.jpg,NoSCAM,img_0693,0.2146710455417633,0.14413994550704956,0.07053110003471375,True,False
NoSCAM_img_0694.jpg,NoSCAM,salad,lamp,8.271,NoSCAM_img_0694,/external-cache/fse_typographic_20260926/external/SCAM/images.zip,images/train/NoSCAM_img_0694.jpg,NoSCAM,img_0694,0.21672724187374115,0.07389462739229202,0.14283260703086853,True,True
NoSCAM_img_0695.jpg,NoSCAM,avocado,leaf,5.197,NoSCAM_img_0695,/external-cache/fse_typographic_20260926/external/SCAM/images.zip,images/train/NoSCAM_img_0695.jpg,NoSCAM,img_0695,0.21273678541183472,0.11668197810649872,0.096054807305336,True,True
NoSCAM_img_0696.jpg,NoSCAM,paprika,lemon,4.186,NoSCAM_img_0696,/external-cache/fse_typographic_20260926/external/SCAM/images.zip,images/train/NoSCAM_img_0696.jpg,NoSCAM,img_0696,0.21785007417201996,0.1413854956626892,0.07646457850933075,True,False
NoSCAM_img_0697.jpg,NoSCAM,corn,lightbulb,19.298,NoSCAM_img_0697,/external-cache/fse_typographic_20260926/external/SCAM/images.zip,images/train/NoSCAM_img_0697.jpg,NoSCAM,img_0697,0.21123644709587097,0.11400997638702393,0.09722647070884705,True,True
NoSCAM_img_0698.jpg,NoSCAM,fennel,lion,6.4,NoSCAM_img_0698,/external-cache/fse_typographic_20260926/external/SCAM/images.zip,images/train/NoSCAM_img_0698.jpg,NoSCAM,img_0698,0.24310603737831116,0.09465710818767548,0.14844892919063568,True,True
NoSCAM_img_0699.jpg,NoSCAM,mushroom,lipstick,7.879,NoSCAM_img_0699,/external-cache/fse_typographic_20260926/external/SCAM/images.zip,images/train/NoSCAM_img_0699.jpg,NoSCAM,img_0699,0.15890249609947205,0.06163973733782768,0.09726275503635406,True,False
NoSCAM_img_0700.jpg,NoSCAM,mushroom,lock,11.017,NoSCAM_img_0700,/external-cache/fse_typographic_20260926/external/SCAM/images.zip,images/train/NoSCAM_img_0700.jpg,NoSCAM,img_0700,0.15823349356651306,0.0820697695016861,0.07616372406482697,True,False
NoSCAM_img_0701.jpg,NoSCAM,shrimp,screw,16.033,NoSCAM_img_0701,/external-cache/fse_typographic_20260926/external/SCAM/images.zip,images/train/NoSCAM_img_0701.jpg,NoSCAM,img_0701,0.217848539352417,0.08262194693088531,0.13522659242153168,True,True
NoSCAM_img_0702.jpg,NoSCAM,seafood salad,screwdriver,7.784,NoSCAM_img_0702,/external-cache/fse_typographic_20260926/external/SCAM/images.zip,images/train/NoSCAM_img_0702.jpg,NoSCAM,img_0702,0.19565589725971222,0.07107941061258316,0.12457648664712906,True,True
NoSCAM_img_0703.jpg,NoSCAM,fish,transistor,4.265,NoSCAM_img_0703,/external-cache/fse_typographic_20260926/external/SCAM/images.zip,images/train/NoSCAM_img_0703.jpg,NoSCAM,img_0703,0.1317145824432373,0.05577225238084793,0.07594233006238937,True,False
NoSCAM_img_0704.jpg,NoSCAM,sausage,mirror,13.9,NoSCAM_img_0704,/external-cache/fse_typographic_20260926/external/SCAM/images.zip,images/train/NoSCAM_img_0704.jpg,NoSCAM,img_0704,0.19347774982452393,0.0990544855594635,0.09442326426506042,True,False
NoSCAM_img_0705.jpg,NoSCAM,ham,hat,1.556,NoSCAM_img_0705,/external-cache/fse_typographic_20260926/external/SCAM/images.zip,images/train/NoSCAM_img_0705.jpg,NoSCAM,img_0705,0.2337380051612854,0.10188984870910645,0.13184815645217896,True,True
NoSCAM_img_0706.jpg,NoSCAM,sausage,helmet,4.109,NoSCAM_img_0706,/external-cache/fse_typographic_20260926/external/SCAM/images.zip,images/train/NoSCAM_img_0706.jpg,NoSCAM,img_0706,0.20030058920383453,0.06212381273508072,0.13817676901817322,True,False
NoSCAM_img_0707.jpg,NoSCAM,sausage,honey,4.052,NoSCAM_img_0707,/external-cache/fse_typographic_20260926/external/SCAM/images.zip,images/train/NoSCAM_img_0707.jpg,NoSCAM,img_0707,0.23872321844100952,0.13145741820335388,0.10726580023765564,True,False
NoSCAM_img_0708.jpg,NoSCAM,meatball,horn,7.592,NoSCAM_img_0708,/external-cache/fse_typographic_20260926/external/SCAM/images.zip,images/train/NoSCAM_img_0708.jpg,NoSCAM,img_0708,0.16421307623386383,0.09072496742010117,0.07348810881376266,True,False
NoSCAM_img_0709.jpg,NoSCAM,meatball,house,7.177,NoSCAM_img_0709,/external-cache/fse_typographic_20260926/external/SCAM/images.zip,images/train/NoSCAM_img_0709.jpg,NoSCAM,img_0709,0.16624870896339417,0.0963146984577179,0.06993401050567627,True,False
NoSCAM_img_0710.jpg,NoSCAM,bacon bits,ice,7.767,NoSCAM_img_0710,/external-cache/fse_typographic_20260926/external/SCAM/images.zip,images/train/NoSCAM_img_0710.jpg,NoSCAM,img_0710,0.16088485717773438,0.12304054200649261,0.03784431517124176,True,False
NoSCAM_img_0711.jpg,NoSCAM,sausage,iron,6.913,NoSCAM_img_0711,/external-cache/fse_typographic_20260926/external/SCAM/images.zip,images/train/NoSCAM_img_0711.jpg,NoSCAM,img_0711,0.210891455411911,0.12251707166433334,0.08837438374757767,True,False
NoSCAM_img_0712.jpg,NoSCAM,sausage,jar,7.431,NoSCAM_img_0712,/external-cache/fse_typographic_20260926/external/SCAM/images.zip,images/train/NoSCAM_img_0712.jpg,NoSCAM,img_0712,0.19496160745620728,0.10491341352462769,0.09004819393157959,True,False
NoSCAM_img_0713.jpg,NoSCAM,bucket,jeep,10.423,NoSCAM_img_0713,/external-cache/fse_typographic_20260926/external/SCAM/images.zip,images/train/NoSCAM_img_0713.jpg,NoSCAM,img_0713,0.20080150663852692,0.08819735050201416,0.11260415613651276,True,True
NoSCAM_img_0714.jpg,NoSCAM,potato,key,3.168,NoSCAM_img_0714,/external-cache/fse_typographic_20260926/external/SCAM/images.zip,images/train/NoSCAM_img_0714.jpg,NoSCAM,img_0714,0.1478400081396103,0.11857005953788757,0.029269948601722717,True,False
NoSCAM_img_0715.jpg,NoSCAM,cup,pen,6.504,NoSCAM_img_0715,/external-cache/fse_typographic_20260926/external/SCAM/images.zip,images/train/NoSCAM_img_0715.jpg,NoSCAM,img_0715,0.21890278160572052,0.17832975089550018,0.04057303071022034,True,True
NoSCAM_img_0716.jpg,NoSCAM,spoon,bicycle,12.243,NoSCAM_img_0716,/external-cache/fse_typographic_20260926/external/SCAM/images.zip,images/train/NoSCAM_img_0716.jpg,NoSCAM,img_0716,0.22883246839046478,0.13284336030483246,0.09598910808563232,True,False
NoSCAM_img_0717.jpg,NoSCAM,pen,person,14.563,NoSCAM_img_0717,/external-cache/fse_typographic_20260926/external/SCAM/images.zip,images/train/NoSCAM_img_0717.jpg,NoSCAM,img_0717,0.23375371098518372,0.1594027578830719,0.07435095310211182,True,False
NoSCAM_img_0718.jpg,NoSCAM,cup,knife,6.895,NoSCAM_img_0718,/external-cache/fse_typographic_20260926/external/SCAM/images.zip,images/train/NoSCAM_img_0718.jpg,NoSCAM,img_0718,0.21302585303783417,0.16048994660377502,0.05253590643405914,True,False
NoSCAM_img_0719.jpg,NoSCAM,knife,bicycle,4.699,NoSCAM_img_0719,/external-cache/fse_typographic_20260926/external/SCAM/images.zip,images/train/NoSCAM_img_0719.jpg,NoSCAM,img_0719,0.24471992254257202,0.1506502777338028,0.09406964480876923,True,True
NoSCAM_img_0720.jpg,NoSCAM,brush,stop,6.072,NoSCAM_img_0720,/external-cache/fse_typographic_20260926/external/SCAM/images.zip,images/train/NoSCAM_img_0720.jpg,NoSCAM,img_0720,0.2183978259563446,0.15087324380874634,0.06752458214759827,True,False
NoSCAM_img_0721.jpg,NoSCAM,kettle,child,8.181,NoSCAM_img_0721,/external-cache/fse_typographic_20260926/external/SCAM/images.zip,images/train/NoSCAM_img_0721.jpg,NoSCAM,img_0721,0.20383045077323914,0.14803138375282288,0.05579906702041626,True,False
NoSCAM_img_0722.jpg,NoSCAM,tea pot,child,8.335,NoSCAM_img_0722,/external-cache/fse_typographic_20260926/external/SCAM/images.zip,images/train/NoSCAM_img_0722.jpg,NoSCAM,img_0722,0.22510552406311035,0.14045029878616333,0.08465522527694702,True,False
NoSCAM_img_0723.jpg,NoSCAM,carrot,bottle,13.189,NoSCAM_img_0723,/external-cache/fse_typographic_20260926/external/SCAM/images.zip,images/train/NoSCAM_img_0723.jpg,NoSCAM,img_0723,0.26531875133514404,0.15706923604011536,0.10824951529502869,True,True
NoSCAM_img_0724.jpg,NoSCAM,sponge,spoon,10.42,NoSCAM_img_0724,/external-cache/fse_typographic_20260926/external/SCAM/images.zip,images/train/NoSCAM_img_0724.jpg,NoSCAM,img_0724,0.2398470640182495,0.17595919966697693,0.06388786435127258,True,True
NoSCAM_img_0725.jpg,NoSCAM,skillet,street sign,1.983,NoSCAM_img_0725,/external-cache/fse_typographic_20260926/external/SCAM/images.zip,images/train/NoSCAM_img_0725.jpg,NoSCAM,img_0725,0.23674727976322174,0.1058606430888176,0.13088664412498474,True,True
NoSCAM_img_0726.jpg,NoSCAM,watering can,street sign,1.707,NoSCAM_img_0726,/external-cache/fse_typographic_20260926/external/SCAM/images.zip,images/train/NoSCAM_img_0726.jpg,NoSCAM,img_0726,0.18922419846057892,0.0777590423822403,0.11146515607833862,True,False
NoSCAM_img_0727.jpg,NoSCAM,glass bottle,person,5.928,NoSCAM_img_0727,/external-cache/fse_typographic_20260926/external/SCAM/images.zip,images/train/NoSCAM_img_0727.jpg,NoSCAM,img_0727,0.18933340907096863,0.12993060052394867,0.05940280854701996,True,False
NoSCAM_img_0728.jpg,NoSCAM,hat,bicycle,3.727,NoSCAM_img_0728,/external-cache/fse_typographic_20260926/external/SCAM/images.zip,images/train/NoSCAM_img_0728.jpg,NoSCAM,img_0728,0.23726171255111694,0.172686368227005,0.06457534432411194,True,False
NoSCAM_img_0729.jpg,NoSCAM,rubik's cube,cable,12.986,NoSCAM_img_0729,/external-cache/fse_typographic_20260926/external/SCAM/images.zip,images/train/NoSCAM_img_0729.jpg,NoSCAM,img_0729,0.21753625571727753,0.1113162487745285,0.10622000694274902,True,True
NoSCAM_img_0730.jpg,NoSCAM,guitar,truck,2.545,NoSCAM_img_0730,/external-cache/fse_typographic_20260926/external/SCAM/images.zip,images/train/NoSCAM_img_0730.jpg,NoSCAM,img_0730,0.21929064393043518,0.09663845598697662,0.12265218794345856,True,False
NoSCAM_img_0731.jpg,NoSCAM,record player,pedestrian,1.161,NoSCAM_img_0731,/external-cache/fse_typographic_20260926/external/SCAM/images.zip,images/train/NoSCAM_img_0731.jpg,NoSCAM,img_0731,0.23208311200141907,0.12121298909187317,0.1108701229095459,True,True
NoSCAM_img_0732.jpg,NoSCAM,toy car,house,8.193,NoSCAM_img_0732,/external-cache/fse_typographic_20260926/external/SCAM/images.zip,images/train/NoSCAM_img_0732.jpg,NoSCAM,img_0732,0.2245972752571106,0.1429465264081955,0.0816507488489151,True,True
NoSCAM_img_0733.jpg,NoSCAM,candle,dog,5.711,NoSCAM_img_0733,/external-cache/fse_typographic_20260926/external/SCAM/images.zip,images/train/NoSCAM_img_0733.jpg,NoSCAM,img_0733,0.215003103017807,0.11731013655662537,0.09769296646118164,True,True
NoSCAM_img_0734.jpg,NoSCAM,headphones,cat,3.449,NoSCAM_img_0734,/external-cache/fse_typographic_20260926/external/SCAM/images.zip,images/train/NoSCAM_img_0734.jpg,NoSCAM,img_0734,0.2599196434020996,0.14839400351047516,0.11152563989162445,True,True
NoSCAM_img_0735.jpg,NoSCAM,keyboard,cat,2.614,NoSCAM_img_0735,/external-cache/fse_typographic_20260926/external/SCAM/images.zip,images/train/NoSCAM_img_0735.jpg,NoSCAM,img_0735,0.2628290355205536,0.13058479130268097,0.13224424421787262,True,True
NoSCAM_img_0736.jpg,NoSCAM,mouse,bus,8.052,NoSCAM_img_0736,/external-cache/fse_typographic_20260926/external/SCAM/images.zip,images/train/NoSCAM_img_0736.jpg,NoSCAM,img_0736,0.20416127145290375,0.08147647231817245,0.12268479913473129,True,True
NoSCAM_img_0737.jpg,NoSCAM,cup,pedestrian,6.211,NoSCAM_img_0737,/external-cache/fse_typographic_20260926/external/SCAM/images.zip,images/train/NoSCAM_img_0737.jpg,NoSCAM,img_0737,0.1706860065460205,0.10665597021579742,0.06403003633022308,True,False
NoSCAM_img_0738.jpg,NoSCAM,weight,truck,1.924,NoSCAM_img_0738,/external-cache/fse_typographic_20260926/external/SCAM/images.zip,images/train/NoSCAM_img_0738.jpg,NoSCAM,img_0738,0.19759829342365265,0.12774913012981415,0.0698491632938385,True,False
NoSCAM_img_0739.jpg,NoSCAM,horn,dog,3.572,NoSCAM_img_0739,/external-cache/fse_typographic_20260926/external/SCAM/images.zip,images/train/NoSCAM_img_0739.jpg,NoSCAM,img_0739,0.1577240377664566,0.11758220195770264,0.04014183580875397,True,False
NoSCAM_img_0740.jpg,NoSCAM,roller,cloud,4.781,NoSCAM_img_0740,/external-cache/fse_typographic_20260926/external/SCAM/images.zip,images/train/NoSCAM_img_0740.jpg,NoSCAM,img_0740,0.18354111909866333,0.1247122585773468,0.05882886052131653,True,False
NoSCAM_img_0741.jpg,NoSCAM,glue stick,truck,15.832,NoSCAM_img_0741,/external-cache/fse_typographic_20260926/external/SCAM/images.zip,images/train/NoSCAM_img_0741.jpg,NoSCAM,img_0741,0.2241787612438202,0.09711304306983948,0.1270657181739807,True,True
NoSCAM_img_0742.jpg,NoSCAM,matryoshka doll,cat,7.591,NoSCAM_img_0742,/external-cache/fse_typographic_20260926/external/SCAM/images.zip,images/train/NoSCAM_img_0742.jpg,NoSCAM,img_0742,0.23057806491851807,0.15635794401168823,0.07422012090682983,True,True
NoSCAM_img_0743.jpg,NoSCAM,Mercedes-Benz,bus,9.687,NoSCAM_img_0743,/external-cache/fse_typographic_20260926/external/SCAM/images.zip,images/train/NoSCAM_img_0743.jpg,NoSCAM,img_0743,0.2141396403312683,0.1394084095954895,0.07473123073577881,True,True
NoSCAM_img_0744.jpg,NoSCAM,bike,fence,2.235,NoSCAM_img_0744,/external-cache/fse_typographic_20260926/external/SCAM/images.zip,images/train/NoSCAM_img_0744.jpg,NoSCAM,img_0744,0.2106032371520996,0.11341573297977448,0.09718750417232513,True,False
NoSCAM_img_0745.jpg,NoSCAM,chess piece,dog,14.464,NoSCAM_img_0745,/external-cache/fse_typographic_20260926/external/SCAM/images.zip,images/train/NoSCAM_img_0745.jpg,NoSCAM,img_0745,0.27841314673423767,0.17463277280330658,0.10378037393093109,True,True
NoSCAM_img_0746.jpg,NoSCAM,chess piece,cat,15.157,NoSCAM_img_0746,/external-cache/fse_typographic_20260926/external/SCAM/images.zip,images/train/NoSCAM_img_0746.jpg,NoSCAM,img_0746,0.26049765944480896,0.13786035776138306,0.1226373016834259,True,False
NoSCAM_img_0747.jpg,NoSCAM,boot,knife,2.848,NoSCAM_img_0747,/external-cache/fse_typographic_20260926/external/SCAM/images.zip,images/train/NoSCAM_img_0747.jpg,NoSCAM,img_0747,0.19931021332740784,0.1403321623802185,0.05897805094718933,True,True
NoSCAM_img_0748.jpg,NoSCAM,bike,lion,3.258,NoSCAM_img_0748,/external-cache/fse_typographic_20260926/external/SCAM/images.zip,images/train/NoSCAM_img_0748.jpg,NoSCAM,img_0748,0.22139884531497955,0.14106257259845734,0.08033627271652222,True,False
NoSCAM_img_0749.jpg,NoSCAM,door,grape,2.325,NoSCAM_img_0749,/external-cache/fse_typographic_20260926/external/SCAM/images.zip,images/train/NoSCAM_img_0749.jpg,NoSCAM,img_0749,0.2080743908882141,0.09334208071231842,0.11473231017589569,True,True
NoSCAM_img_0750.jpg,NoSCAM,cabinet,pig,2.048,NoSCAM_img_0750,/external-cache/fse_typographic_20260926/external/SCAM/images.zip,images/train/NoSCAM_img_0750.jpg,NoSCAM,img_0750,0.19374586641788483,0.1429613083600998,0.050784558057785034,True,False
NoSCAM_img_0751.jpg,NoSCAM,bench,bridge,1.244,NoSCAM_img_0751,/external-cache/fse_typographic_20260926/external/SCAM/images.zip,images/train/NoSCAM_img_0751.jpg,NoSCAM,img_0751,0.2064775675535202,0.14057645201683044,0.06590111553668976,True,True
NoSCAM_img_0752.jpg,NoSCAM,boulder,duck,2.305,NoSCAM_img_0752,/external-cache/fse_typographic_20260926/external/SCAM/images.zip,images/train/NoSCAM_img_0752.jpg,NoSCAM,img_0752,0.2091938853263855,0.15015578269958496,0.05903810262680054,True,False
NoSCAM_img_0753.jpg,NoSCAM,bird feeder,lock,2.262,NoSCAM_img_0753,/external-cache/fse_typographic_20260926/external/SCAM/images.zip,images/train/NoSCAM_img_0753.jpg,NoSCAM,img_0753,0.2518320083618164,0.11041092127561569,0.14142107963562012,True,True
NoSCAM_img_0754.jpg,NoSCAM,trash bin,fan,1.772,NoSCAM_img_0754,/external-cache/fse_typographic_20260926/external/SCAM/images.zip,images/train/NoSCAM_img_0754.jpg,NoSCAM,img_0754,0.22784191370010376,0.14498929679393768,0.08285261690616608,True,True
NoSCAM_img_0755.jpg,NoSCAM,chalk bag,ball,3.445,NoSCAM_img_0755,/external-cache/fse_typographic_20260926/external/SCAM/images.zip,images/train/NoSCAM_img_0755.jpg,NoSCAM,img_0755,0.26638659834861755,0.16198088228702545,0.1044057160615921,True,True
NoSCAM_img_0756.jpg,NoSCAM,bucket,yield,2.613,NoSCAM_img_0756,/external-cache/fse_typographic_20260926/external/SCAM/images.zip,images/train/NoSCAM_img_0756.jpg,NoSCAM,img_0756,0.2524310350418091,0.16418913006782532,0.08824190497398376,True,True
NoSCAM_img_0757.jpg,NoSCAM,paint roller,taxi,5.082,NoSCAM_img_0757,/external-cache/fse_typographic_20260926/external/SCAM/images.zip,images/train/NoSCAM_img_0757.jpg,NoSCAM,img_0757,0.2071298360824585,0.11379148811101913,0.09333834797143936,True,False
NoSCAM_img_0758.jpg,NoSCAM,paint brush,ocean,7.505,NoSCAM_img_0758,/external-cache/fse_typographic_20260926/external/SCAM/images.zip,images/train/NoSCAM_img_0758.jpg,NoSCAM,img_0758,0.1874612271785736,0.10669565200805664,0.08076557517051697,True,False
NoSCAM_img_0759.jpg,NoSCAM,grill,sloth,2.575,NoSCAM_img_0759,/external-cache/fse_typographic_20260926/external/SCAM/images.zip,images/train/NoSCAM_img_0759.jpg,NoSCAM,img_0759,0.20753827691078186,0.08842116594314575,0.11911711096763611,True,False
NoSCAM_img_0760.jpg,NoSCAM,ice pack,stop,5.079,NoSCAM_img_0760,/external-cache/fse_typographic_20260926/external/SCAM/images.zip,images/train/NoSCAM_img_0760.jpg,NoSCAM,img_0760,0.19084616005420685,0.13918137550354004,0.05166478455066681,True,False
NoSCAM_img_0761.jpg,NoSCAM,grill,truck,3.656,NoSCAM_img_0761,/external-cache/fse_typographic_20260926/external/SCAM/images.zip,images/train/NoSCAM_img_0761.jpg,NoSCAM,img_0761,0.22261863946914673,0.11994536966085434,0.10267326980829239,True,False
NoSCAM_img_0762.jpg,NoSCAM,pillow,lake,2.235,NoSCAM_img_0762,/external-cache/fse_typographic_20260926/external/SCAM/images.zip,images/train/NoSCAM_img_0762.jpg,NoSCAM,img_0762,0.23389779031276703,0.1317962110042572,0.10210157930850983,True,False
NoSCAM_img_0763.jpg,NoSCAM,lawn chair,merge,2.346,NoSCAM_img_0763,/external-cache/fse_typographic_20260926/external/SCAM/images.zip,images/train/NoSCAM_img_0763.jpg,NoSCAM,img_0763,0.2753101885318756,0.19190141558647156,0.08340877294540405,True,True
NoSCAM_img_0764.jpg,NoSCAM,lawn chair,van,0.75,NoSCAM_img_0764,/external-cache/fse_typographic_20260926/external/SCAM/images.zip,images/train/NoSCAM_img_0764.jpg,NoSCAM,img_0764,0.2755644917488098,0.15930268168449402,0.1162618100643158,True,True
NoSCAM_img_0765.jpg,NoSCAM,hare,river,3.933,NoSCAM_img_0765,/external-cache/fse_typographic_20260926/external/SCAM/images.zip,images/train/NoSCAM_img_0765.jpg,NoSCAM,img_0765,0.2196584939956665,0.11167408525943756,0.10798440873622894,True,False
NoSCAM_img_0766.jpg,NoSCAM,wood,pig,7.282,NoSCAM_img_0766,/external-cache/fse_typographic_20260926/external/SCAM/images.zip,images/train/NoSCAM_img_0766.jpg,NoSCAM,img_0766,0.1730802059173584,0.12059468030929565,0.052485525608062744,True,False
NoSCAM_img_0767.jpg,NoSCAM,boot,beach,2.88,NoSCAM_img_0767,/external-cache/fse_typographic_20260926/external/SCAM/images.zip,images/train/NoSCAM_img_0767.jpg,NoSCAM,img_0767,0.22962409257888794,0.16111886501312256,0.06850522756576538,True,False
NoSCAM_img_0768.jpg,NoSCAM,hare,pen,4.565,NoSCAM_img_0768,/external-cache/fse_typographic_20260926/external/SCAM/images.zip,images/train/NoSCAM_img_0768.jpg,NoSCAM,img_0768,0.2233884632587433,0.15655182301998138,0.0668366402387619,True,True
NoSCAM_img_0769.jpg,NoSCAM,plant,scooter,2.628,NoSCAM_img_0769,/external-cache/fse_typographic_20260926/external/SCAM/images.zip,images/train/NoSCAM_img_0769.jpg,NoSCAM,img_0769,0.18142616748809814,0.09165646135807037,0.08976970613002777,True,False
NoSCAM_img_0770.jpg,NoSCAM,flower,forest,5.638,NoSCAM_img_0770,/external-cache/fse_typographic_20260926/external/SCAM/images.zip,images/train/NoSCAM_img_0770.jpg,NoSCAM,img_0770,0.16758322715759277,0.1363070011138916,0.03127622604370117,True,False
NoSCAM_img_0771.jpg,NoSCAM,candle,traffic light,3.971,NoSCAM_img_0771,/external-cache/fse_typographic_20260926/external/SCAM/images.zip,images/train/NoSCAM_img_0771.jpg,NoSCAM,img_0771,0.21634574234485626,0.13318392634391785,0.08316181600093842,True,False
NoSCAM_img_0772.jpg,NoSCAM,plant,signal,3.874,NoSCAM_img_0772,/external-cache/fse_typographic_20260926/external/SCAM/images.zip,images/train/NoSCAM_img_0772.jpg,NoSCAM,img_0772,0.1594896763563156,0.08450843393802643,0.07498124241828918,True,False
NoSCAM_img_0773.jpg,NoSCAM,watering can,desert,3.018,NoSCAM_img_0773,/external-cache/fse_typographic_20260926/external/SCAM/images.zip,images/train/NoSCAM_img_0773.jpg,NoSCAM,img_0773,0.20022621750831604,0.13418641686439514,0.0660398006439209,True,False
NoSCAM_img_0774.jpg,NoSCAM,glove,flower,7.244,NoSCAM_img_0774,/external-cache/fse_typographic_20260926/external/SCAM/images.zip,images/train/NoSCAM_img_0774.jpg,NoSCAM,img_0774,0.12451193481683731,0.04497600719332695,0.07953593134880066,True,False
NoSCAM_img_0775.jpg,NoSCAM,plant,curve,2.506,NoSCAM_img_0775,/external-cache/fse_typographic_20260926/external/SCAM/images.zip,images/train/NoSCAM_img_0775.jpg,NoSCAM,img_0775,0.19131453335285187,0.15320074558258057,0.0381137877702713,True,False
NoSCAM_img_0776.jpg,NoSCAM,plant,train,5.977,NoSCAM_img_0776,/external-cache/fse_typographic_20260926/external/SCAM/images.zip,images/train/NoSCAM_img_0776.jpg,NoSCAM,img_0776,0.1887049674987793,0.1263677179813385,0.062337249517440796,True,False
NoSCAM_img_0777.jpg,NoSCAM,pot,grass,5.724,NoSCAM_img_0777,/external-cache/fse_typographic_20260926/external/SCAM/images.zip,images/train/NoSCAM_img_0777.jpg,NoSCAM,img_0777,0.18474487960338593,0.08690664172172546,0.09783823788166046,True,False
NoSCAM_img_0778.jpg,NoSCAM,fish,bike,7.924,NoSCAM_img_0778,/external-cache/fse_typographic_20260926/external/SCAM/images.zip,images/train/NoSCAM_img_0778.jpg,NoSCAM,img_0778,0.1802242547273636,0.07397454977035522,0.10624970495700836,True,True
NoSCAM_img_0779.jpg,NoSCAM,cage,tree,7.159,NoSCAM_img_0779,/external-cache/fse_typographic_20260926/external/SCAM/images.zip,images/train/NoSCAM_img_0779.jpg,NoSCAM,img_0779,0.1977507472038269,0.09796803444623947,0.09978271275758743,True,False
NoSCAM_img_0780.jpg,NoSCAM,feeder,seed,8.025,NoSCAM_img_0780,/external-cache/fse_typographic_20260926/external/SCAM/images.zip,images/train/NoSCAM_img_0780.jpg,NoSCAM,img_0780,0.16326481103897095,0.11424742639064789,0.04901738464832306,True,False
NoSCAM_img_0781.jpg,NoSCAM,shovel,lane,1.77,NoSCAM_img_0781,/external-cache/fse_typographic_20260926/external/SCAM/images.zip,images/train/NoSCAM_img_0781.jpg,NoSCAM,img_0781,0.1872539222240448,0.09641315042972565,0.09084077179431915,True,False
NoSCAM_img_0782.jpg,NoSCAM,glove,boulder,4.308,NoSCAM_img_0782,/external-cache/fse_typographic_20260926/external/SCAM/images.zip,images/train/NoSCAM_img_0782.jpg,NoSCAM,img_0782,0.21449747681617737,0.11549170315265656,0.09900577366352081,True,False
NoSCAM_img_0783.jpg,NoSCAM,spade,bed,3.632,NoSCAM_img_0783,/external-cache/fse_typographic_20260926/external/SCAM/images.zip,images/train/NoSCAM_img_0783.jpg,NoSCAM,img_0783,0.20155683159828186,0.10713560879230499,0.09442122280597687,True,False
NoSCAM_img_0784.jpg,NoSCAM,lightbulb,median,8.921,NoSCAM_img_0784,/external-cache/fse_typographic_20260926/external/SCAM/images.zip,images/train/NoSCAM_img_0784.jpg,NoSCAM,img_0784,0.2280701994895935,0.15370891988277435,0.07436127960681915,True,True
NoSCAM_img_0785.jpg,NoSCAM,rubber duck,hair,7.826,NoSCAM_img_0785,/external-cache/fse_typographic_20260926/external/SCAM/images.zip,images/train/NoSCAM_img_0785.jpg,NoSCAM,img_0785,0.2868175506591797,0.14580780267715454,0.14100974798202515,True,True
NoSCAM_img_0786.jpg,NoSCAM,brush,mad,4.404,NoSCAM_img_0786,/external-cache/fse_typographic_20260926/external/SCAM/images.zip,images/train/NoSCAM_img_0786.jpg,NoSCAM,img_0786,0.17331840097904205,0.11063091456890106,0.06268748641014099,True,False
NoSCAM_img_0787.jpg,NoSCAM,faucet,exit,3.329,NoSCAM_img_0787,/external-cache/fse_typographic_20260926/external/SCAM/images.zip,images/train/NoSCAM_img_0787.jpg,NoSCAM,img_0787,0.2357054054737091,0.13970449566841125,0.09600090980529785,True,True
NoSCAM_img_0788.jpg,NoSCAM,safe,hole,4.64,NoSCAM_img_0788,/external-cache/fse_typographic_20260926/external/SCAM/images.zip,images/train/NoSCAM_img_0788.jpg,NoSCAM,img_0788,0.23680618405342102,0.1661609411239624,0.07064524292945862,True,False
NoSCAM_img_0789.jpg,NoSCAM,safe,slow,4.139,NoSCAM_img_0789,/external-cache/fse_typographic_20260926/external/SCAM/images.zip,images/train/NoSCAM_img_0789.jpg,NoSCAM,img_0789,0.24770399928092957,0.16936084628105164,0.07834315299987793,True,False
NoSCAM_img_0790.jpg,NoSCAM,tire,rock,5.226,NoSCAM_img_0790,/external-cache/fse_typographic_20260926/external/SCAM/images.zip,images/train/NoSCAM_img_0790.jpg,NoSCAM,img_0790,0.21050098538398743,0.10200678557157516,0.10849419981241226,True,True
NoSCAM_img_0791.jpg,NoSCAM,exit sign,crystal,6.336,NoSCAM_img_0791,/external-cache/fse_typographic_20260926/external/SCAM/images.zip,images/train/NoSCAM_img_0791.jpg,NoSCAM,img_0791,0.24090470373630524,0.15044255554676056,0.09046214818954468,True,False
NoSCAM_img_0792.jpg,NoSCAM,sign,zebra,4.657,NoSCAM_img_0792,/external-cache/fse_typographic_20260926/external/SCAM/images.zip,images/train/NoSCAM_img_0792.jpg,NoSCAM,img_0792,0.1669616848230362,0.11768102645874023,0.04928065836429596,True,False
NoSCAM_img_0793.jpg,NoSCAM,saw,honey,3.808,NoSCAM_img_0793,/external-cache/fse_typographic_20260926/external/SCAM/images.zip,images/train/NoSCAM_img_0793.jpg,NoSCAM,img_0793,0.21912133693695068,0.11978693306446075,0.09933440387248993,True,False
NoSCAM_img_0794.jpg,NoSCAM,canister,horn,4.814,NoSCAM_img_0794,/external-cache/fse_typographic_20260926/external/SCAM/images.zip,images/train/NoSCAM_img_0794.jpg,NoSCAM,img_0794,0.14102911949157715,0.06942601501941681,0.07160310447216034,True,False
NoSCAM_img_0795.jpg,NoSCAM,canister,horse,5.362,NoSCAM_img_0795,/external-cache/fse_typographic_20260926/external/SCAM/images.zip,images/train/NoSCAM_img_0795.jpg,NoSCAM,img_0795,0.15550291538238525,0.08711107075214386,0.0683918446302414,True,False
NoSCAM_img_0796.jpg,NoSCAM,helmet,horse,6.82,NoSCAM_img_0796,/external-cache/fse_typographic_20260926/external/SCAM/images.zip,images/train/NoSCAM_img_0796.jpg,NoSCAM,img_0796,0.22089546918869019,0.15905602276325226,0.06183944642543793,True,False
NoSCAM_img_0797.jpg,NoSCAM,cross wrench,ice,2.272,NoSCAM_img_0797,/external-cache/fse_typographic_20260926/external/SCAM/images.zip,images/train/NoSCAM_img_0797.jpg,NoSCAM,img_0797,0.23169304430484772,0.10884985327720642,0.1228431910276413,True,False
NoSCAM_img_0798.jpg,NoSCAM,hammer,iron,3.462,NoSCAM_img_0798,/external-cache/fse_typographic_20260926/external/SCAM/images.zip,images/train/NoSCAM_img_0798.jpg,NoSCAM,img_0798,0.21673887968063354,0.15726342797279358,0.059475451707839966,True,False
NoSCAM_img_0799.jpg,NoSCAM,flipper,jar,10.169,NoSCAM_img_0799,/external-cache/fse_typographic_20260926/external/SCAM/images.zip,images/train/NoSCAM_img_0799.jpg,NoSCAM,img_0799,0.18936705589294434,0.12058302015066147,0.06878403574228287,True,False
NoSCAM_img_0800.jpg,NoSCAM,boot,jeep,4.229,NoSCAM_img_0800,/external-cache/fse_typographic_20260926/external/SCAM/images.zip,images/train/NoSCAM_img_0800.jpg,NoSCAM,img_0800,0.2148074507713318,0.11132852733135223,0.10347892343997955,True,False
NoSCAM_img_0801.jpg,NoSCAM,helmet,key,3.811,NoSCAM_img_0801,/external-cache/fse_typographic_20260926/external/SCAM/images.zip,images/train/NoSCAM_img_0801.jpg,NoSCAM,img_0801,0.18817250430583954,0.14981965720653534,0.0383528470993042,True,False
NoSCAM_img_0802.jpg,NoSCAM,figurine,knife,3.67,NoSCAM_img_0802,/external-cache/fse_typographic_20260926/external/SCAM/images.zip,images/train/NoSCAM_img_0802.jpg,NoSCAM,img_0802,0.2255079299211502,0.16050748527050018,0.06500044465065002,True,False
NoSCAM_img_0803.jpg,NoSCAM,wrench,ladder,3.891,NoSCAM_img_0803,/external-cache/fse_typographic_20260926/external/SCAM/images.zip,images/train/NoSCAM_img_0803.jpg,NoSCAM,img_0803,0.28153592348098755,0.16994914412498474,0.11158677935600281,True,True
NoSCAM_img_0804.jpg,NoSCAM,screwdriver,lamp,4.874,NoSCAM_img_0804,/external-cache/fse_typographic_20260926/external/SCAM/images.zip,images/train/NoSCAM_img_0804.jpg,NoSCAM,img_0804,0.27206170558929443,0.11272542178630829,0.15933628380298615,True,False
NoSCAM_img_0805.jpg,NoSCAM,electric screwdriver,leaf,5.273,NoSCAM_img_0805,/external-cache/fse_typographic_20260926/external/SCAM/images.zip,images/train/NoSCAM_img_0805.jpg,NoSCAM,img_0805,0.25030291080474854,0.10198873281478882,0.14831417798995972,True,True
NoSCAM_img_0806.jpg,NoSCAM,lighter,lemon,2.96,NoSCAM_img_0806,/external-cache/fse_typographic_20260926/external/SCAM/images.zip,images/train/NoSCAM_img_0806.jpg,NoSCAM,img_0806,0.17071464657783508,0.14957384765148163,0.021140798926353455,True,False
NoSCAM_img_0807.jpg,NoSCAM,basket,lion,5.026,NoSCAM_img_0807,/external-cache/fse_typographic_20260926/external/SCAM/images.zip,images/train/NoSCAM_img_0807.jpg,NoSCAM,img_0807,0.24446237087249756,0.12123508751392365,0.12322728335857391,True,True
NoSCAM_img_0808.jpg,NoSCAM,jar,lock,7.599,NoSCAM_img_0808,/external-cache/fse_typographic_20260926/external/SCAM/images.zip,images/train/NoSCAM_img_0808.jpg,NoSCAM,img_0808,0.2349194884300232,0.13770419359207153,0.09721529483795166,True,True
NoSCAM_img_0809.jpg,NoSCAM,grater,screw,7.877,NoSCAM_img_0809,/external-cache/fse_typographic_20260926/external/SCAM/images.zip,images/train/NoSCAM_img_0809.jpg,NoSCAM,img_0809,0.236807718873024,0.15389849245548248,0.0829092264175415,True,True
NoSCAM_img_0810.jpg,NoSCAM,shaker,mirror,9.206,NoSCAM_img_0810,/external-cache/fse_typographic_20260926/external/SCAM/images.zip,images/train/NoSCAM_img_0810.jpg,NoSCAM,img_0810,0.2135448455810547,0.16778619587421417,0.045758649706840515,True,False
NoSCAM_img_0811.jpg,NoSCAM,broom,grape,2.193,NoSCAM_img_0811,/external-cache/fse_typographic_20260926/external/SCAM/images.zip,images/train/NoSCAM_img_0811.jpg,NoSCAM,img_0811,0.24916338920593262,0.12155915796756744,0.12760423123836517,True,True
NoSCAM_img_0812.jpg,NoSCAM,hand brush and dustpan,frog,3.86,NoSCAM_img_0812,/external-cache/fse_typographic_20260926/external/SCAM/images.zip,images/train/NoSCAM_img_0812.jpg,NoSCAM,img_0812,0.3108106851577759,0.14662538468837738,0.1641853004693985,True,True
NoSCAM_img_0813.jpg,NoSCAM,coat hanger,flag,2.541,NoSCAM_img_0813,/external-cache/fse_typographic_20260926/external/SCAM/images.zip,images/train/NoSCAM_img_0813.jpg,NoSCAM,img_0813,0.27077439427375793,0.1735401749610901,0.09723421931266785,True,True
NoSCAM_img_0814.jpg,NoSCAM,pillow,slippery,2.723,NoSCAM_img_0814,/external-cache/fse_typographic_20260926/external/SCAM/images.zip,images/train/NoSCAM_img_0814.jpg,NoSCAM,img_0814,0.24032902717590332,0.13714346289634705,0.10318556427955627,True,True
NoSCAM_img_0815.jpg,NoSCAM,cable drum,slow,3.961,NoSCAM_img_0815,/external-cache/fse_typographic_20260926/external/SCAM/images.zip,images/train/NoSCAM_img_0815.jpg,NoSCAM,img_0815,0.2348785698413849,0.14329081773757935,0.09158775210380554,True,False
NoSCAM_img_0816.jpg,NoSCAM,light switch,speed limit,5.706,NoSCAM_img_0816,/external-cache/fse_typographic_20260926/external/SCAM/images.zip,images/train/NoSCAM_img_0816.jpg,NoSCAM,img_0816,0.23387283086776733,0.10398347675800323,0.1298893541097641,True,False
NoSCAM_img_0817.jpg,NoSCAM,cat tower,bridge out,5.25,NoSCAM_img_0817,/external-cache/fse_typographic_20260926/external/SCAM/images.zip,images/train/NoSCAM_img_0817.jpg,NoSCAM,img_0817,0.2870047092437744,0.15164491534233093,0.13535979390144348,True,True
NoSCAM_img_0818.jpg,NoSCAM,bird feeder,shadow,2.031,NoSCAM_img_0818,/external-cache/fse_typographic_20260926/external/SCAM/images.zip,images/train/NoSCAM_img_0818.jpg,NoSCAM,img_0818,0.19726772606372833,0.1264740228652954,0.07079370319843292,True,False
NoSCAM_img_0819.jpg,NoSCAM,bowl,flower,5.693,NoSCAM_img_0819,/external-cache/fse_typographic_20260926/external/SCAM/images.zip,images/train/NoSCAM_img_0819.jpg,NoSCAM,img_0819,0.19310256838798523,0.09403051435947418,0.09907205402851105,True,False
NoSCAM_img_0820.jpg,NoSCAM,watering can,sloth,1.642,NoSCAM_img_0820,/external-cache/fse_typographic_20260926/external/SCAM/images.zip,images/train/NoSCAM_img_0820.jpg,NoSCAM,img_0820,0.21581387519836426,0.07412026822566986,0.1416936069726944,True,True
NoSCAM_img_0821.jpg,NoSCAM,glas,pen,6.461,NoSCAM_img_0821,/external-cache/fse_typographic_20260926/external/SCAM/images.zip,images/train/NoSCAM_img_0821.jpg,NoSCAM,img_0821,0.18264280259609222,0.15106569230556488,0.031577110290527344,True,False
NoSCAM_img_0822.jpg,NoSCAM,pokemon ball,ladder,9.77,NoSCAM_img_0822,/external-cache/fse_typographic_20260926/external/SCAM/images.zip,images/train/NoSCAM_img_0822.jpg,NoSCAM,img_0822,0.22603939473628998,0.09377425909042358,0.1322651356458664,True,True
NoSCAM_img_0823.jpg,NoSCAM,spice mill,basketball,5.364,NoSCAM_img_0823,/external-cache/fse_typographic_20260926/external/SCAM/images.zip,images/train/NoSCAM_img_0823.jpg,NoSCAM,img_0823,0.21177726984024048,0.11018527299165726,0.10159199684858322,True,False
NoSCAM_img_0824.jpg,NoSCAM,remote,knife,10.526,NoSCAM_img_0824,/external-cache/fse_typographic_20260926/external/SCAM/images.zip,images/train/NoSCAM_img_0824.jpg,NoSCAM,img_0824,0.24978424608707428,0.1905614286661148,0.05922281742095947,True,True
NoSCAM_img_0825.jpg,NoSCAM,figurine,tree,4.706,NoSCAM_img_0825,/external-cache/fse_typographic_20260926/external/SCAM/images.zip,images/train/NoSCAM_img_0825.jpg,NoSCAM,img_0825,0.17773094773292542,0.09994157403707504,0.07778937369585037,True,True
NoSCAM_img_0826.jpg,NoSCAM,puzzle piece,knife,7.35,NoSCAM_img_0826,/external-cache/fse_typographic_20260926/external/SCAM/images.zip,images/train/NoSCAM_img_0826.jpg,NoSCAM,img_0826,0.23030780255794525,0.14663425087928772,0.08367355167865753,True,True
NoSCAM_img_0827.jpg,NoSCAM,jam,garbage bin,6.286,NoSCAM_img_0827,/external-cache/fse_typographic_20260926/external/SCAM/images.zip,images/train/NoSCAM_img_0827.jpg,NoSCAM,img_0827,0.1902565211057663,0.14835414290428162,0.04190237820148468,True,False
NoSCAM_img_0828.jpg,NoSCAM,figurine,garbage bin,11.209,NoSCAM_img_0828,/external-cache/fse_typographic_20260926/external/SCAM/images.zip,images/train/NoSCAM_img_0828.jpg,NoSCAM,img_0828,0.15488605201244354,0.12958624958992004,0.0252998024225235,True,False
NoSCAM_img_0829.jpg,NoSCAM,deodorant,scarf,8.263,NoSCAM_img_0829,/external-cache/fse_typographic_20260926/external/SCAM/images.zip,images/train/NoSCAM_img_0829.jpg,NoSCAM,img_0829,0.22719332575798035,0.1349131464958191,0.09228017926216125,True,False
NoSCAM_img_0830.jpg,NoSCAM,tape,scarf,9.214,NoSCAM_img_0830,/external-cache/fse_typographic_20260926/external/SCAM/images.zip,images/train/NoSCAM_img_0830.jpg,NoSCAM,img_0830,0.1483975201845169,0.07886739820241928,0.06953012198209763,True,False
NoSCAM_img_0831.jpg,NoSCAM,marker,garbage bin,11.76,NoSCAM_img_0831,/external-cache/fse_typographic_20260926/external/SCAM/images.zip,images/train/NoSCAM_img_0831.jpg,NoSCAM,img_0831,0.17598360776901245,0.14996621012687683,0.02601739764213562,True,False
NoSCAM_img_0832.jpg,NoSCAM,dice,cable,17.926,NoSCAM_img_0832,/external-cache/fse_typographic_20260926/external/SCAM/images.zip,images/train/NoSCAM_img_0832.jpg,NoSCAM,img_0832,0.2568148076534271,0.11890542507171631,0.13790938258171082,True,True
NoSCAM_img_0833.jpg,NoSCAM,figurine,cable,11.015,NoSCAM_img_0833,/external-cache/fse_typographic_20260926/external/SCAM/images.zip,images/train/NoSCAM_img_0833.jpg,NoSCAM,img_0833,0.17666323482990265,0.12337196618318558,0.05329126864671707,True,False
NoSCAM_img_0834.jpg,NoSCAM,hat,cable,5.147,NoSCAM_img_0834,/external-cache/fse_typographic_20260926/external/SCAM/images.zip,images/train/NoSCAM_img_0834.jpg,NoSCAM,img_0834,0.2335515320301056,0.158527210354805,0.0750243216753006,True,False
NoSCAM_img_0835.jpg,NoSCAM,glove,knife,5.694,NoSCAM_img_0835,/external-cache/fse_typographic_20260926/external/SCAM/images.zip,images/train/NoSCAM_img_0835.jpg,NoSCAM,img_0835,0.21884918212890625,0.1932554394006729,0.025593742728233337,True,False
NoSCAM_img_0836.jpg,NoSCAM,glasses,cellphone,11.763,NoSCAM_img_0836,/external-cache/fse_typographic_20260926/external/SCAM/images.zip,images/train/NoSCAM_img_0836.jpg,NoSCAM,img_0836,0.22126543521881104,0.1743474304676056,0.046918004751205444,True,True
NoSCAM_img_0837.jpg,NoSCAM,controller,cellphone,9.71,NoSCAM_img_0837,/external-cache/fse_typographic_20260926/external/SCAM/images.zip,images/train/NoSCAM_img_0837.jpg,NoSCAM,img_0837,0.19378463923931122,0.12877249717712402,0.0650121420621872,True,True
NoSCAM_img_0838.jpg,NoSCAM,lamp,cellphone,12.498,NoSCAM_img_0838,/external-cache/fse_typographic_20260926/external/SCAM/images.zip,images/train/NoSCAM_img_0838.jpg,NoSCAM,img_0838,0.1308160424232483,0.16177895665168762,-0.03096291422843933,False,False
NoSCAM_img_0839.jpg,NoSCAM,lamp,pen,11.248,NoSCAM_img_0839,/external-cache/fse_typographic_20260926/external/SCAM/images.zip,images/train/NoSCAM_img_0839.jpg,NoSCAM,img_0839,0.1549111008644104,0.17119759321212769,-0.016286492347717285,False,False
NoSCAM_img_0840.jpg,NoSCAM,boat figurine,pen,1.471,NoSCAM_img_0840,/external-cache/fse_typographic_20260926/external/SCAM/images.zip,images/train/NoSCAM_img_0840.jpg,NoSCAM,img_0840,0.19218292832374573,0.1561068594455719,0.03607606887817383,True,False
NoSCAM_img_0841.jpg,NoSCAM,hot water bottle,pen,5.176,NoSCAM_img_0841,/external-cache/fse_typographic_20260926/external/SCAM/images.zip,images/train/NoSCAM_img_0841.jpg,NoSCAM,img_0841,0.2589913308620453,0.1637016385793686,0.0952896922826767,True,True
NoSCAM_img_0842.jpg,NoSCAM,basket ball,pen,2.215,NoSCAM_img_0842,/external-cache/fse_typographic_20260926/external/SCAM/images.zip,images/train/NoSCAM_img_0842.jpg,NoSCAM,img_0842,0.2414165437221527,0.16034257411956787,0.08107396960258484,True,True
NoSCAM_img_0843.jpg,NoSCAM,plate,pen,4.941,NoSCAM_img_0843,/external-cache/fse_typographic_20260926/external/SCAM/images.zip,images/train/NoSCAM_img_0843.jpg,NoSCAM,img_0843,0.22113847732543945,0.1372215300798416,0.08391694724559784,True,True
NoSCAM_img_0844.jpg,NoSCAM,bowl,tree,6.032,NoSCAM_img_0844,/external-cache/fse_typographic_20260926/external/SCAM/images.zip,images/train/NoSCAM_img_0844.jpg,NoSCAM,img_0844,0.19889742136001587,0.11326220631599426,0.0856352150440216,True,True
NoSCAM_img_0845.jpg,NoSCAM,paper towel,tree,4.57,NoSCAM_img_0845,/external-cache/fse_typographic_20260926/external/SCAM/images.zip,images/train/NoSCAM_img_0845.jpg,NoSCAM,img_0845,0.22368286550045013,0.1374562829732895,0.08622658252716064,True,False
NoSCAM_img_0846.jpg,NoSCAM,champagne,tree,3.974,NoSCAM_img_0846,/external-cache/fse_typographic_20260926/external/SCAM/images.zip,images/train/NoSCAM_img_0846.jpg,NoSCAM,img_0846,0.2470814287662506,0.15358011424541473,0.09350131452083588,True,True
NoSCAM_img_0847.jpg,NoSCAM,glass,tree,6.132,NoSCAM_img_0847,/external-cache/fse_typographic_20260926/external/SCAM/images.zip,images/train/NoSCAM_img_0847.jpg,NoSCAM,img_0847,0.14695173501968384,0.11620154231786728,0.03075019270181656,True,False
NoSCAM_img_0848.jpg,NoSCAM,shoe,tree,4.461,NoSCAM_img_0848,/external-cache/fse_typographic_20260926/external/SCAM/images.zip,images/train/NoSCAM_img_0848.jpg,NoSCAM,img_0848,0.21507641673088074,0.17091983556747437,0.04415658116340637,True,False
NoSCAM_img_0849.jpg,NoSCAM,t-shirt,tree,1.418,NoSCAM_img_0849,/external-cache/fse_typographic_20260926/external/SCAM/images.zip,images/train/NoSCAM_img_0849.jpg,NoSCAM,img_0849,0.20698487758636475,0.15636266767978668,0.050622209906578064,True,False
NoSCAM_img_0850.jpg,NoSCAM,watch,knife,3.887,NoSCAM_img_0850,/external-cache/fse_typographic_20260926/external/SCAM/images.zip,images/train/NoSCAM_img_0850.jpg,NoSCAM,img_0850,0.2328529953956604,0.18850207328796387,0.04435092210769653,True,True
NoSCAM_img_0851.jpg,NoSCAM,juicer,knife,6.738,NoSCAM_img_0851,/external-cache/fse_typographic_20260926/external/SCAM/images.zip,images/train/NoSCAM_img_0851.jpg,NoSCAM,img_0851,0.17001427710056305,0.1658554971218109,0.004158779978752136,True,False
NoSCAM_img_0852.jpg,NoSCAM,rolling pin,cable,3.877,NoSCAM_img_0852,/external-cache/fse_typographic_20260926/external/SCAM/images.zip,images/train/NoSCAM_img_0852.jpg,NoSCAM,img_0852,0.300117164850235,0.12066497653722763,0.17945218086242676,True,True
NoSCAM_img_0853.jpg,NoSCAM,vegetable peeler,cable,6.236,NoSCAM_img_0853,/external-cache/fse_typographic_20260926/external/SCAM/images.zip,images/train/NoSCAM_img_0853.jpg,NoSCAM,img_0853,0.20710739493370056,0.15058818459510803,0.05651921033859253,True,False
NoSCAM_img_0854.jpg,NoSCAM,onion,cellphone,7.502,NoSCAM_img_0854,/external-cache/fse_typographic_20260926/external/SCAM/images.zip,images/train/NoSCAM_img_0854.jpg,NoSCAM,img_0854,0.19954904913902283,0.109093576669693,0.09045547246932983,True,True
NoSCAM_img_0855.jpg,NoSCAM,ball,grenade,5.761,NoSCAM_img_0855,/external-cache/fse_typographic_20260926/external/SCAM/images.zip,images/train/NoSCAM_img_0855.jpg,NoSCAM,img_0855,0.22551026940345764,0.18977001309394836,0.03574025630950928,True,False
NoSCAM_img_0856.jpg,NoSCAM,keys,piano,2.406,NoSCAM_img_0856,/external-cache/fse_typographic_20260926/external/SCAM/images.zip,images/train/NoSCAM_img_0856.jpg,NoSCAM,img_0856,0.2074989378452301,0.2568601369857788,-0.049361199140548706,False,False
NoSCAM_img_0857.jpg,NoSCAM,board,sea,1.847,NoSCAM_img_0857,/external-cache/fse_typographic_20260926/external/SCAM/images.zip,images/train/NoSCAM_img_0857.jpg,NoSCAM,img_0857,0.17810484766960144,0.1421772688627243,0.035927578806877136,True,False
NoSCAM_img_0858.jpg,NoSCAM,drum,mountain,1.906,NoSCAM_img_0858,/external-cache/fse_typographic_20260926/external/SCAM/images.zip,images/train/NoSCAM_img_0858.jpg,NoSCAM,img_0858,0.1986587941646576,0.09175035357475281,0.10690844058990479,True,True
NoSCAM_img_0859.jpg,NoSCAM,glass,hill,6.777,NoSCAM_img_0859,/external-cache/fse_typographic_20260926/external/SCAM/images.zip,images/train/NoSCAM_img_0859.jpg,NoSCAM,img_0859,0.18733754754066467,0.11355032026767731,0.07378722727298737,True,False
NoSCAM_img_0860.jpg,NoSCAM,bottle,wall,4.009,NoSCAM_img_0860,/external-cache/fse_typographic_20260926/external/SCAM/images.zip,images/train/NoSCAM_img_0860.jpg,NoSCAM,img_0860,0.22713634371757507,0.14898675680160522,0.07814958691596985,True,False
NoSCAM_img_0861.jpg,NoSCAM,chair,spok,1.473,NoSCAM_img_0861,/external-cache/fse_typographic_20260926/external/SCAM/images.zip,images/train/NoSCAM_img_0861.jpg,NoSCAM,img_0861,0.2502927780151367,0.20237158238887787,0.04792119562625885,True,True
NoSCAM_img_0862.jpg,NoSCAM,lamp,macbook,0.938,NoSCAM_img_0862,/external-cache/fse_typographic_20260926/external/SCAM/images.zip,images/train/NoSCAM_img_0862.jpg,NoSCAM,img_0862,0.25414198637008667,0.1831381469964981,0.07100383937358856,True,True
NoSCAM_img_0863.jpg,NoSCAM,vacuum,bike,1.461,NoSCAM_img_0863,/external-cache/fse_typographic_20260926/external/SCAM/images.zip,images/train/NoSCAM_img_0863.jpg,NoSCAM,img_0863,0.24968791007995605,0.15612497925758362,0.09356293082237244,True,False
NoSCAM_img_0864.jpg,NoSCAM,cabinet,santa claus,0.755,NoSCAM_img_0864,/external-cache/fse_typographic_20260926/external/SCAM/images.zip,images/train/NoSCAM_img_0864.jpg,NoSCAM,img_0864,0.21473824977874756,0.15262173116207123,0.06211651861667633,True,False
NoSCAM_img_0865.jpg,NoSCAM,radio,car,2.692,NoSCAM_img_0865,/external-cache/fse_typographic_20260926/external/SCAM/images.zip,images/train/NoSCAM_img_0865.jpg,NoSCAM,img_0865,0.2558286488056183,0.15276625752449036,0.10306239128112793,True,False
NoSCAM_img_0866.jpg,NoSCAM,bottle,tree,3.4,NoSCAM_img_0866,/external-cache/fse_typographic_20260926/external/SCAM/images.zip,images/train/NoSCAM_img_0866.jpg,NoSCAM,img_0866,0.22384828329086304,0.12307805567979813,0.10077022761106491,True,True
NoSCAM_img_0867.jpg,NoSCAM,oven,unicorn,2.142,NoSCAM_img_0867,/external-cache/fse_typographic_20260926/external/SCAM/images.zip,images/train/NoSCAM_img_0867.jpg,NoSCAM,img_0867,0.2450684905052185,0.1509622484445572,0.09410624206066132,True,True
NoSCAM_img_0868.jpg,NoSCAM,goal,pen,1.432,NoSCAM_img_0868,/external-cache/fse_typographic_20260926/external/SCAM/images.zip,images/train/NoSCAM_img_0868.jpg,NoSCAM,img_0868,0.24305452406406403,0.15471790730953217,0.08833661675453186,True,True
NoSCAM_img_0869.jpg,NoSCAM,ball,woman,4.56,NoSCAM_img_0869,/external-cache/fse_typographic_20260926/external/SCAM/images.zip,images/train/NoSCAM_img_0869.jpg,NoSCAM,img_0869,0.2199994921684265,0.10917049646377563,0.11082899570465088,True,True
NoSCAM_img_0870.jpg,NoSCAM,globe,phone,3.171,NoSCAM_img_0870,/external-cache/fse_typographic_20260926/external/SCAM/images.zip,images/train/NoSCAM_img_0870.jpg,NoSCAM,img_0870,0.26366251707077026,0.21937546133995056,0.0442870557308197,True,True
NoSCAM_img_0871.jpg,NoSCAM,back,gun,1.997,NoSCAM_img_0871,/external-cache/fse_typographic_20260926/external/SCAM/images.zip,images/train/NoSCAM_img_0871.jpg,NoSCAM,img_0871,0.16910195350646973,0.136590376496315,0.032511577010154724,True,False
NoSCAM_img_0872.jpg,NoSCAM,marker,beatles,8.57,NoSCAM_img_0872,/external-cache/fse_typographic_20260926/external/SCAM/images.zip,images/train/NoSCAM_img_0872.jpg,NoSCAM,img_0872,0.19506381452083588,0.14486142992973328,0.0502023845911026,True,False
NoSCAM_img_0873.jpg,NoSCAM,glove,green,3.669,NoSCAM_img_0873,/external-cache/fse_typographic_20260926/external/SCAM/images.zip,images/train/NoSCAM_img_0873.jpg,NoSCAM,img_0873,0.21836988627910614,0.1625378429889679,0.055832043290138245,True,False
NoSCAM_img_0874.jpg,NoSCAM,board,lion,1.48,NoSCAM_img_0874,/external-cache/fse_typographic_20260926/external/SCAM/images.zip,images/train/NoSCAM_img_0874.jpg,NoSCAM,img_0874,0.19631248712539673,0.12752187252044678,0.06879061460494995,True,False
NoSCAM_img_0875.jpg,NoSCAM,box,raccoon,2.113,NoSCAM_img_0875,/external-cache/fse_typographic_20260926/external/SCAM/images.zip,images/train/NoSCAM_img_0875.jpg,NoSCAM,img_0875,0.18281343579292297,0.12172368168830872,0.06108975410461426,True,False
NoSCAM_img_0876.jpg,NoSCAM,sandal,traffic light,3.887,NoSCAM_img_0876,/external-cache/fse_typographic_20260926/external/SCAM/images.zip,images/train/NoSCAM_img_0876.jpg,NoSCAM,img_0876,0.24903680384159088,0.13111993670463562,0.11791686713695526,True,True
NoSCAM_img_0877.jpg,NoSCAM,magazine,book,5.771,NoSCAM_img_0877,/external-cache/fse_typographic_20260926/external/SCAM/images.zip,images/train/NoSCAM_img_0877.jpg,NoSCAM,img_0877,0.17831435799598694,0.2042129635810852,-0.025898605585098267,False,False
NoSCAM_img_0878.jpg,NoSCAM,plant,pig,2.983,NoSCAM_img_0878,/external-cache/fse_typographic_20260926/external/SCAM/images.zip,images/train/NoSCAM_img_0878.jpg,NoSCAM,img_0878,0.201241135597229,0.12894044816493988,0.07230068743228912,True,False
NoSCAM_img_0879.jpg,NoSCAM,watering can,stop sign,2.43,NoSCAM_img_0879,/external-cache/fse_typographic_20260926/external/SCAM/images.zip,images/train/NoSCAM_img_0879.jpg,NoSCAM,img_0879,0.22447513043880463,0.09794361889362335,0.12653151154518127,True,True
NoSCAM_img_0880.jpg,NoSCAM,figurine,picasso,2.546,NoSCAM_img_0880,/external-cache/fse_typographic_20260926/external/SCAM/images.zip,images/train/NoSCAM_img_0880.jpg,NoSCAM,img_0880,0.17614328861236572,0.15468543767929077,0.02145785093307495,True,False
NoSCAM_img_0881.jpg,NoSCAM,pumpkin,risotto rice,13.033,NoSCAM_img_0881,/external-cache/fse_typographic_20260926/external/SCAM/images.zip,images/train/NoSCAM_img_0881.jpg,NoSCAM,img_0881,0.2227550446987152,0.1694060117006302,0.05334903299808502,True,True
NoSCAM_img_0882.jpg,NoSCAM,sink,lentils,7.755,NoSCAM_img_0882,/external-cache/fse_typographic_20260926/external/SCAM/images.zip,images/train/NoSCAM_img_0882.jpg,NoSCAM,img_0882,0.2440055012702942,0.13675498962402344,0.10725051164627075,True,True
NoSCAM_img_0883.jpg,NoSCAM,fire extinguisher,ship,2.862,NoSCAM_img_0883,/external-cache/fse_typographic_20260926/external/SCAM/images.zip,images/train/NoSCAM_img_0883.jpg,NoSCAM,img_0883,0.2645699381828308,0.12453398108482361,0.1400359570980072,True,True
NoSCAM_img_0884.jpg,NoSCAM,nuts,boy,12.514,NoSCAM_img_0884,/external-cache/fse_typographic_20260926/external/SCAM/images.zip,images/train/NoSCAM_img_0884.jpg,NoSCAM,img_0884,0.19151777029037476,0.12351882457733154,0.06799894571304321,True,False
NoSCAM_img_0885.jpg,NoSCAM,tea,child,8.833,NoSCAM_img_0885,/external-cache/fse_typographic_20260926/external/SCAM/images.zip,images/train/NoSCAM_img_0885.jpg,NoSCAM,img_0885,0.20845550298690796,0.13414472341537476,0.0743107795715332,True,False
NoSCAM_img_0886.jpg,NoSCAM,laptop,red light,3.182,NoSCAM_img_0886,/external-cache/fse_typographic_20260926/external/SCAM/images.zip,images/train/NoSCAM_img_0886.jpg,NoSCAM,img_0886,0.2532402575016022,0.1825655847787857,0.07067467272281647,True,True
NoSCAM_img_0887.jpg,NoSCAM,painting,grandpa,1.777,NoSCAM_img_0887,/external-cache/fse_typographic_20260926/external/SCAM/images.zip,images/train/NoSCAM_img_0887.jpg,NoSCAM,img_0887,0.17613890767097473,0.10588577389717102,0.07025313377380371,True,False
NoSCAM_img_0888.jpg,NoSCAM,remote,dog,6.893,NoSCAM_img_0888,/external-cache/fse_typographic_20260926/external/SCAM/images.zip,images/train/NoSCAM_img_0888.jpg,NoSCAM,img_0888,0.2712879478931427,0.1773163229227066,0.0939716249704361,True,True
NoSCAM_img_0889.jpg,NoSCAM,puzzle,olive oil,3.064,NoSCAM_img_0889,/external-cache/fse_typographic_20260926/external/SCAM/images.zip,images/train/NoSCAM_img_0889.jpg,NoSCAM,img_0889,0.22582346200942993,0.09591856598854065,0.12990489602088928,True,True
NoSCAM_img_0890.jpg,NoSCAM,plant,beer,5.998,NoSCAM_img_0890,/external-cache/fse_typographic_20260926/external/SCAM/images.zip,images/train/NoSCAM_img_0890.jpg,NoSCAM,img_0890,0.21260342001914978,0.13602249324321747,0.07658092677593231,True,False
NoSCAM_img_0891.jpg,NoSCAM,pillow,table,1.842,NoSCAM_img_0891,/external-cache/fse_typographic_20260926/external/SCAM/images.zip,images/train/NoSCAM_img_0891.jpg,NoSCAM,img_0891,0.2503052353858948,0.20693692564964294,0.04336830973625183,True,False
NoSCAM_img_0892.jpg,NoSCAM,clock,cow,5.227,NoSCAM_img_0892,/external-cache/fse_typographic_20260926/external/SCAM/images.zip,images/train/NoSCAM_img_0892.jpg,NoSCAM,img_0892,0.2650790810585022,0.1774415373802185,0.08763754367828369,True,True
NoSCAM_img_0893.jpg,NoSCAM,post,stop,1.278,NoSCAM_img_0893,/external-cache/fse_typographic_20260926/external/SCAM/images.zip,images/train/NoSCAM_img_0893.jpg,NoSCAM,img_0893,0.19028860330581665,0.18552246689796448,0.004766136407852173,True,False
NoSCAM_img_0894.jpg,NoSCAM,letter box,deer,1.581,NoSCAM_img_0894,/external-cache/fse_typographic_20260926/external/SCAM/images.zip,images/train/NoSCAM_img_0894.jpg,NoSCAM,img_0894,0.27804940938949585,0.15782517194747925,0.1202242374420166,True,True
NoSCAM_img_0895.jpg,NoSCAM,shopping cart,suv,1.112,NoSCAM_img_0895,/external-cache/fse_typographic_20260926/external/SCAM/images.zip,images/train/NoSCAM_img_0895.jpg,NoSCAM,img_0895,0.2502855360507965,0.1491582989692688,0.10112723708152771,True,True
NoSCAM_img_0896.jpg,NoSCAM,screwdriver,screw,3.992,NoSCAM_img_0896,/external-cache/fse_typographic_20260926/external/SCAM/images.zip,images/train/NoSCAM_img_0896.jpg,NoSCAM,img_0896,0.20828485488891602,0.15866070985794067,0.04962414503097534,True,False
NoSCAM_img_0897.jpg,NoSCAM,spring,screw,3.345,NoSCAM_img_0897,/external-cache/fse_typographic_20260926/external/SCAM/images.zip,images/train/NoSCAM_img_0897.jpg,NoSCAM,img_0897,0.196746826171875,0.17864646017551422,0.01810036599636078,True,False
NoSCAM_img_0898.jpg,NoSCAM,screw,screwdriver,5.645,NoSCAM_img_0898,/external-cache/fse_typographic_20260926/external/SCAM/images.zip,images/train/NoSCAM_img_0898.jpg,NoSCAM,img_0898,0.20770679414272308,0.15871848165988922,0.04898831248283386,True,False
NoSCAM_img_0899.jpg,NoSCAM,key,screwdriver,3.246,NoSCAM_img_0899,/external-cache/fse_typographic_20260926/external/SCAM/images.zip,images/train/NoSCAM_img_0899.jpg,NoSCAM,img_0899,0.2459445297718048,0.1823999583721161,0.06354457139968872,True,True
NoSCAM_img_0900.jpg,NoSCAM,resistor,transistor,4.257,NoSCAM_img_0900,/external-cache/fse_typographic_20260926/external/SCAM/images.zip,images/train/NoSCAM_img_0900.jpg,NoSCAM,img_0900,0.2513720989227295,0.21152719855308533,0.039844900369644165,True,True
NoSCAM_img_0901.jpg,NoSCAM,capacitor,transistor,3.237,NoSCAM_img_0901,/external-cache/fse_typographic_20260926/external/SCAM/images.zip,images/train/NoSCAM_img_0901.jpg,NoSCAM,img_0901,0.2280886173248291,0.199290469288826,0.028798148036003113,True,False
NoSCAM_img_0902.jpg,NoSCAM,screwdriver,pen,2.853,NoSCAM_img_0902,/external-cache/fse_typographic_20260926/external/SCAM/images.zip,images/train/NoSCAM_img_0902.jpg,NoSCAM,img_0902,0.2193947434425354,0.17185117304325104,0.04754357039928436,True,True
NoSCAM_img_0903.jpg,NoSCAM,spring,pen,3.068,NoSCAM_img_0903,/external-cache/fse_typographic_20260926/external/SCAM/images.zip,images/train/NoSCAM_img_0903.jpg,NoSCAM,img_0903,0.19893045723438263,0.19497227668762207,0.003958180546760559,True,False
NoSCAM_img_0904.jpg,NoSCAM,microphone,cable,3.325,NoSCAM_img_0904,/external-cache/fse_typographic_20260926/external/SCAM/images.zip,images/train/NoSCAM_img_0904.jpg,NoSCAM,img_0904,0.2431059330701828,0.18720299005508423,0.05590294301509857,True,True
NoSCAM_img_0905.jpg,NoSCAM,pen,cable,2.889,NoSCAM_img_0905,/external-cache/fse_typographic_20260926/external/SCAM/images.zip,images/train/NoSCAM_img_0905.jpg,NoSCAM,img_0905,0.2590358853340149,0.16679583489894867,0.09224005043506622,True,True
NoSCAM_img_0906.jpg,NoSCAM,key,finger,12.032,NoSCAM_img_0906,/external-cache/fse_typographic_20260926/external/SCAM/images.zip,images/train/NoSCAM_img_0906.jpg,NoSCAM,img_0906,0.23944272100925446,0.16502077877521515,0.0744219422340393,True,True
NoSCAM_img_0907.jpg,NoSCAM,microcontroller,cable,11.344,NoSCAM_img_0907,/external-cache/fse_typographic_20260926/external/SCAM/images.zip,images/train/NoSCAM_img_0907.jpg,NoSCAM,img_0907,0.2260134220123291,0.13717342913150787,0.08883999288082123,True,True
NoSCAM_img_0908.jpg,NoSCAM,scissors,screwdriver,4.099,NoSCAM_img_0908,/external-cache/fse_typographic_20260926/external/SCAM/images.zip,images/train/NoSCAM_img_0908.jpg,NoSCAM,img_0908,0.23782719671726227,0.16884861886501312,0.06897857785224915,True,True
NoSCAM_img_0909.jpg,NoSCAM,hammer,pen,2.071,NoSCAM_img_0909,/external-cache/fse_typographic_20260926/external/SCAM/images.zip,images/train/NoSCAM_img_0909.jpg,NoSCAM,img_0909,0.22710463404655457,0.1712346076965332,0.05587002635002136,True,False
NoSCAM_img_0910.jpg,NoSCAM,brush,cable,1.862,NoSCAM_img_0910,/external-cache/fse_typographic_20260926/external/SCAM/images.zip,images/train/NoSCAM_img_0910.jpg,NoSCAM,img_0910,0.21094343066215515,0.14751899242401123,0.06342443823814392,True,False
NoSCAM_img_0911.jpg,NoSCAM,pump,transistor,1.179,NoSCAM_img_0911,/external-cache/fse_typographic_20260926/external/SCAM/images.zip,images/train/NoSCAM_img_0911.jpg,NoSCAM,img_0911,0.1459951102733612,0.11876330524682999,0.02723180502653122,True,False
NoSCAM_img_0912.jpg,NoSCAM,toothbrush,screw,3.887,NoSCAM_img_0912,/external-cache/fse_typographic_20260926/external/SCAM/images.zip,images/train/NoSCAM_img_0912.jpg,NoSCAM,img_0912,0.29225459694862366,0.17024476826190948,0.12200982868671417,True,True
NoSCAM_img_0913.jpg,NoSCAM,bin,cable,3.062,NoSCAM_img_0913,/external-cache/fse_typographic_20260926/external/SCAM/images.zip,images/train/NoSCAM_img_0913.jpg,NoSCAM,img_0913,0.19999471306800842,0.09937229752540588,0.10062241554260254,True,False
NoSCAM_img_0914.jpg,NoSCAM,dice,transistor,9.207,NoSCAM_img_0914,/external-cache/fse_typographic_20260926/external/SCAM/images.zip,images/train/NoSCAM_img_0914.jpg,NoSCAM,img_0914,0.257192462682724,0.1297629475593567,0.1274295151233673,True,True
NoSCAM_img_0915.jpg,NoSCAM,sunglasses,screwdriver,6.365,NoSCAM_img_0915,/external-cache/fse_typographic_20260926/external/SCAM/images.zip,images/train/NoSCAM_img_0915.jpg,NoSCAM,img_0915,0.26435786485671997,0.1790584772825241,0.08529938757419586,True,True
NoSCAM_img_0916.jpg,NoSCAM,sunglasses,cable,3.105,NoSCAM_img_0916,/external-cache/fse_typographic_20260926/external/SCAM/images.zip,images/train/NoSCAM_img_0916.jpg,NoSCAM,img_0916,0.23724600672721863,0.1694364845752716,0.06780952215194702,True,True
NoSCAM_img_0917.jpg,NoSCAM,macbook,taxi,2.95,NoSCAM_img_0917,/external-cache/fse_typographic_20260926/external/SCAM/images.zip,images/train/NoSCAM_img_0917.jpg,NoSCAM,img_0917,0.23957064747810364,0.10589970648288727,0.13367094099521637,True,True
NoSCAM_img_0918.jpg,NoSCAM,cabinet,taxi,1.266,NoSCAM_img_0918,/external-cache/fse_typographic_20260926/external/SCAM/images.zip,images/train/NoSCAM_img_0918.jpg,NoSCAM,img_0918,0.22042427957057953,0.12389636039733887,0.09652791917324066,True,False
NoSCAM_img_0919.jpg,NoSCAM,vacuum,taxi,1.397,NoSCAM_img_0919,/external-cache/fse_typographic_20260926/external/SCAM/images.zip,images/train/NoSCAM_img_0919.jpg,NoSCAM,img_0919,0.26745277643203735,0.15298452973365784,0.11446824669837952,True,False
NoSCAM_img_0920.jpg,NoSCAM,lamp,taxi,0.555,NoSCAM_img_0920,/external-cache/fse_typographic_20260926/external/SCAM/images.zip,images/train/NoSCAM_img_0920.jpg,NoSCAM,img_0920,0.22960111498832703,0.12842994928359985,0.10117116570472717,True,True
NoSCAM_img_0921.jpg,NoSCAM,backpack,taxi,1.006,NoSCAM_img_0921,/external-cache/fse_typographic_20260926/external/SCAM/images.zip,images/train/NoSCAM_img_0921.jpg,NoSCAM,img_0921,0.2451467216014862,0.16749349236488342,0.07765322923660278,True,True
NoSCAM_img_0922.jpg,NoSCAM,tv,taxi,0.747,NoSCAM_img_0922,/external-cache/fse_typographic_20260926/external/SCAM/images.zip,images/train/NoSCAM_img_0922.jpg,NoSCAM,img_0922,0.24870195984840393,0.14138320088386536,0.10731875896453857,True,True
NoSCAM_img_0923.jpg,NoSCAM,clock,taxi,1.671,NoSCAM_img_0923,/external-cache/fse_typographic_20260926/external/SCAM/images.zip,images/train/NoSCAM_img_0923.jpg,NoSCAM,img_0923,0.22983166575431824,0.12447397410869598,0.10535769164562225,True,True
NoSCAM_img_0924.jpg,NoSCAM,monitor,truck,1.723,NoSCAM_img_0924,/external-cache/fse_typographic_20260926/external/SCAM/images.zip,images/train/NoSCAM_img_0924.jpg,NoSCAM,img_0924,0.20212692022323608,0.14210201799869537,0.06002490222454071,True,False
NoSCAM_img_0925.jpg,NoSCAM,shelf,truck,0.544,NoSCAM_img_0925,/external-cache/fse_typographic_20260926/external/SCAM/images.zip,images/train/NoSCAM_img_0925.jpg,NoSCAM,img_0925,0.2180633842945099,0.13466235995292664,0.08340102434158325,True,False
NoSCAM_img_0926.jpg,NoSCAM,closet,truck,0.996,NoSCAM_img_0926,/external-cache/fse_typographic_20260926/external/SCAM/images.zip,images/train/NoSCAM_img_0926.jpg,NoSCAM,img_0926,0.21974371373653412,0.14222121238708496,0.07752250134944916,True,True
NoSCAM_img_0927.jpg,NoSCAM,chair,truck,1.441,NoSCAM_img_0927,/external-cache/fse_typographic_20260926/external/SCAM/images.zip,images/train/NoSCAM_img_0927.jpg,NoSCAM,img_0927,0.23655951023101807,0.15546923875808716,0.08109027147293091,True,False
NoSCAM_img_0928.jpg,NoSCAM,bottle,truck,4.975,NoSCAM_img_0928,/external-cache/fse_typographic_20260926/external/SCAM/images.zip,images/train/NoSCAM_img_0928.jpg,NoSCAM,img_0928,0.2005731612443924,0.09626832604408264,0.10430483520030975,True,False
NoSCAM_img_0929.jpg,NoSCAM,kettle,truck,4.802,NoSCAM_img_0929,/external-cache/fse_typographic_20260926/external/SCAM/images.zip,images/train/NoSCAM_img_0929.jpg,NoSCAM,img_0929,0.23372557759284973,0.13887318968772888,0.09485238790512085,True,False
NoSCAM_img_0930.jpg,NoSCAM,toaster,no parking,2.946,NoSCAM_img_0930,/external-cache/fse_typographic_20260926/external/SCAM/images.zip,images/train/NoSCAM_img_0930.jpg,NoSCAM,img_0930,0.28593558073043823,0.18099087476730347,0.10494470596313477,True,True
NoSCAM_img_0931.jpg,NoSCAM,knife,no parking,3.659,NoSCAM_img_0931,/external-cache/fse_typographic_20260926/external/SCAM/images.zip,images/train/NoSCAM_img_0931.jpg,NoSCAM,img_0931,0.24312683939933777,0.16853727400302887,0.0745895653963089,True,True
NoSCAM_img_0932.jpg,NoSCAM,scissors,van,6.826,NoSCAM_img_0932,/external-cache/fse_typographic_20260926/external/SCAM/images.zip,images/train/NoSCAM_img_0932.jpg,NoSCAM,img_0932,0.2183961570262909,0.13084115087985992,0.08755500614643097,True,False
NoSCAM_img_0933.jpg,NoSCAM,chair,van,0.501,NoSCAM_img_0933,/external-cache/fse_typographic_20260926/external/SCAM/images.zip,images/train/NoSCAM_img_0933.jpg,NoSCAM,img_0933,0.24596306681632996,0.1276153177022934,0.11834774911403656,True,True
NoSCAM_img_0934.jpg,NoSCAM,sink,van,1.043,NoSCAM_img_0934,/external-cache/fse_typographic_20260926/external/SCAM/images.zip,images/train/NoSCAM_img_0934.jpg,NoSCAM,img_0934,0.2315426766872406,0.14020907878875732,0.09133359789848328,True,True
NoSCAM_img_0935.jpg,NoSCAM,trash bag,no parking,2.181,NoSCAM_img_0935,/external-cache/fse_typographic_20260926/external/SCAM/images.zip,images/train/NoSCAM_img_0935.jpg,NoSCAM,img_0935,0.21221688389778137,0.18334946036338806,0.02886742353439331,True,False
NoSCAM_img_0936.jpg,NoSCAM,window,no parking,1.201,NoSCAM_img_0936,/external-cache/fse_typographic_20260926/external/SCAM/images.zip,images/train/NoSCAM_img_0936.jpg,NoSCAM,img_0936,0.22960299253463745,0.18474876880645752,0.04485422372817993,True,False
NoSCAM_img_0937.jpg,NoSCAM,painting,no parking,1.537,NoSCAM_img_0937,/external-cache/fse_typographic_20260926/external/SCAM/images.zip,images/train/NoSCAM_img_0937.jpg,NoSCAM,img_0937,0.23811602592468262,0.17268282175064087,0.06543320417404175,True,False
NoSCAM_img_0938.jpg,NoSCAM,boot,no parking,2.222,NoSCAM_img_0938,/external-cache/fse_typographic_20260926/external/SCAM/images.zip,images/train/NoSCAM_img_0938.jpg,NoSCAM,img_0938,0.23327794671058655,0.17757835984230042,0.05569958686828613,True,True
NoSCAM_img_0939.jpg,NoSCAM,plant,toll,1.769,NoSCAM_img_0939,/external-cache/fse_typographic_20260926/external/SCAM/images.zip,images/train/NoSCAM_img_0939.jpg,NoSCAM,img_0939,0.200735941529274,0.1544140726327896,0.046321868896484375,True,False
NoSCAM_img_0940.jpg,NoSCAM,candle,toll,5.306,NoSCAM_img_0940,/external-cache/fse_typographic_20260926/external/SCAM/images.zip,images/train/NoSCAM_img_0940.jpg,NoSCAM,img_0940,0.1720377504825592,0.10430705547332764,0.06773069500923157,True,False
NoSCAM_img_0941.jpg,NoSCAM,toilet,toll,0.859,NoSCAM_img_0941,/external-cache/fse_typographic_20260926/external/SCAM/images.zip,images/train/NoSCAM_img_0941.jpg,NoSCAM,img_0941,0.2333306074142456,0.14747731387615204,0.08585329353809357,True,True
NoSCAM_img_0942.jpg,NoSCAM,toilet paper,signal,4.372,NoSCAM_img_0942,/external-cache/fse_typographic_20260926/external/SCAM/images.zip,images/train/NoSCAM_img_0942.jpg,NoSCAM,img_0942,0.2040347456932068,0.1450112760066986,0.05902346968650818,True,False
NoSCAM_img_0943.jpg,NoSCAM,tap,signal,6.899,NoSCAM_img_0943,/external-cache/fse_typographic_20260926/external/SCAM/images.zip,images/train/NoSCAM_img_0943.jpg,NoSCAM,img_0943,0.24185538291931152,0.16467472910881042,0.0771806538105011,True,True
NoSCAM_img_0944.jpg,NoSCAM,shower,signal,0.788,NoSCAM_img_0944,/external-cache/fse_typographic_20260926/external/SCAM/images.zip,images/train/NoSCAM_img_0944.jpg,NoSCAM,img_0944,0.23437738418579102,0.17182648181915283,0.06255090236663818,True,True
NoSCAM_img_0945.jpg,NoSCAM,bathtub,toll,0.693,NoSCAM_img_0945,/external-cache/fse_typographic_20260926/external/SCAM/images.zip,images/train/NoSCAM_img_0945.jpg,NoSCAM,img_0945,0.2239353507757187,0.15912392735481262,0.06481142342090607,True,False
NoSCAM_img_0946.jpg,NoSCAM,door,curb,0.509,NoSCAM_img_0946,/external-cache/fse_typographic_20260926/external/SCAM/images.zip,images/train/NoSCAM_img_0946.jpg,NoSCAM,img_0946,0.22004619240760803,0.0842910185456276,0.13575518131256104,True,True
NoSCAM_img_0947.jpg,NoSCAM,bed,curb,0.481,NoSCAM_img_0947,/external-cache/fse_typographic_20260926/external/SCAM/images.zip,images/train/NoSCAM_img_0947.jpg,NoSCAM,img_0947,0.2275104522705078,0.11763796210289001,0.1098724901676178,True,False
NoSCAM_img_0948.jpg,NoSCAM,bin,curb,1.735,NoSCAM_img_0948,/external-cache/fse_typographic_20260926/external/SCAM/images.zip,images/train/NoSCAM_img_0948.jpg,NoSCAM,img_0948,0.22657936811447144,0.09936171770095825,0.12721765041351318,True,True
NoSCAM_img_0949.jpg,NoSCAM,jacket,signal,1.253,NoSCAM_img_0949,/external-cache/fse_typographic_20260926/external/SCAM/images.zip,images/train/NoSCAM_img_0949.jpg,NoSCAM,img_0949,0.2397175133228302,0.21442735195159912,0.02529016137123108,True,False
NoSCAM_img_0950.jpg,NoSCAM,intercom,signal,2.565,NoSCAM_img_0950,/external-cache/fse_typographic_20260926/external/SCAM/images.zip,images/train/NoSCAM_img_0950.jpg,NoSCAM,img_0950,0.24264800548553467,0.18698763847351074,0.055660367012023926,True,True
NoSCAM_img_0951.jpg,NoSCAM,table,curb,0.491,NoSCAM_img_0951,/external-cache/fse_typographic_20260926/external/SCAM/images.zip,images/train/NoSCAM_img_0951.jpg,NoSCAM,img_0951,0.21320822834968567,0.10040754079818726,0.11280068755149841,True,True
NoSCAM_img_0952.jpg,NoSCAM,wooden panels,toll,1.088,NoSCAM_img_0952,/external-cache/fse_typographic_20260926/external/SCAM/images.zip,images/train/NoSCAM_img_0952.jpg,NoSCAM,img_0952,0.18128299713134766,0.13338984549045563,0.04789315164089203,True,True
NoSCAM_img_0953.jpg,NoSCAM,dishwasher,curb,0.743,NoSCAM_img_0953,/external-cache/fse_typographic_20260926/external/SCAM/images.zip,images/train/NoSCAM_img_0953.jpg,NoSCAM,img_0953,0.2562868595123291,0.11165982484817505,0.14462703466415405,True,True
NoSCAM_img_0954.jpg,NoSCAM,washing machine,signal,1.908,NoSCAM_img_0954,/external-cache/fse_typographic_20260926/external/SCAM/images.zip,images/train/NoSCAM_img_0954.jpg,NoSCAM,img_0954,0.23181357979774475,0.16826950013637543,0.06354407966136932,True,True
NoSCAM_img_0955.jpg,NoSCAM,pan,curb,2.553,NoSCAM_img_0955,/external-cache/fse_typographic_20260926/external/SCAM/images.zip,images/train/NoSCAM_img_0955.jpg,NoSCAM,img_0955,0.1863771677017212,0.10940662026405334,0.07697054743766785,True,False
NoSCAM_img_0956.jpg,NoSCAM,electrical panel,no left turn,1.096,NoSCAM_img_0956,/external-cache/fse_typographic_20260926/external/SCAM/images.zip,images/train/NoSCAM_img_0956.jpg,NoSCAM,img_0956,0.2194945365190506,0.13698653876781464,0.08250799775123596,True,True
NoSCAM_img_0957.jpg,NoSCAM,no parking sign,no left turn,0.963,NoSCAM_img_0957,/external-cache/fse_typographic_20260926/external/SCAM/images.zip,images/train/NoSCAM_img_0957.jpg,NoSCAM,img_0957,0.21242205798625946,0.19276778399944305,0.019654273986816406,True,False
NoSCAM_img_0958.jpg,NoSCAM,trash can,no left turn,0.608,NoSCAM_img_0958,/external-cache/fse_typographic_20260926/external/SCAM/images.zip,images/train/NoSCAM_img_0958.jpg,NoSCAM,img_0958,0.20598086714744568,0.16842927038669586,0.03755159676074982,True,False
NoSCAM_img_0959.jpg,NoSCAM,barricade,no left turn,0.496,NoSCAM_img_0959,/external-cache/fse_typographic_20260926/external/SCAM/images.zip,images/train/NoSCAM_img_0959.jpg,NoSCAM,img_0959,0.2222791463136673,0.15940652787685394,0.06287261843681335,True,False
NoSCAM_img_0960.jpg,NoSCAM,e-scooter,no left turn,0.391,NoSCAM_img_0960,/external-cache/fse_typographic_20260926/external/SCAM/images.zip,images/train/NoSCAM_img_0960.jpg,NoSCAM,img_0960,0.26600170135498047,0.167831152677536,0.09817054867744446,True,False
NoSCAM_img_0961.jpg,NoSCAM,ticket machine,no left turn,0.666,NoSCAM_img_0961,/external-cache/fse_typographic_20260926/external/SCAM/images.zip,images/train/NoSCAM_img_0961.jpg,NoSCAM,img_0961,0.25747740268707275,0.12042791396379471,0.13704949617385864,True,True
NoSCAM_img_0962.jpg,NoSCAM,trash can,no left turn,1.248,NoSCAM_img_0962,/external-cache/fse_typographic_20260926/external/SCAM/images.zip,images/train/NoSCAM_img_0962.jpg,NoSCAM,img_0962,0.25217458605766296,0.16164515912532806,0.0905294269323349,True,True
NoSCAM_img_0963.jpg,NoSCAM,bench,seed,1.303,NoSCAM_img_0963,/external-cache/fse_typographic_20260926/external/SCAM/images.zip,images/train/NoSCAM_img_0963.jpg,NoSCAM,img_0963,0.21929579973220825,0.14936840534210205,0.0699273943901062,True,False
NoSCAM_img_0964.jpg,NoSCAM,plant,seed,3.114,NoSCAM_img_0964,/external-cache/fse_typographic_20260926/external/SCAM/images.zip,images/train/NoSCAM_img_0964.jpg,NoSCAM,img_0964,0.20747768878936768,0.15145429968833923,0.05602338910102844,True,False
NoSCAM_img_0965.jpg,NoSCAM,chair,seed,0.712,NoSCAM_img_0965,/external-cache/fse_typographic_20260926/external/SCAM/images.zip,images/train/NoSCAM_img_0965.jpg,NoSCAM,img_0965,0.22824738919734955,0.1142580658197403,0.11398932337760925,True,False
NoSCAM_img_0966.jpg,NoSCAM,safety sign,seed,1.103,NoSCAM_img_0966,/external-cache/fse_typographic_20260926/external/SCAM/images.zip,images/train/NoSCAM_img_0966.jpg,NoSCAM,img_0966,0.2304944396018982,0.08276382088661194,0.14773061871528625,True,True
NoSCAM_img_0967.jpg,NoSCAM,no pedestrian crossing sign,zebra,2.37,NoSCAM_img_0967,/external-cache/fse_typographic_20260926/external/SCAM/images.zip,images/train/NoSCAM_img_0967.jpg,NoSCAM,img_0967,0.23530219495296478,0.11739899218082428,0.1179032027721405,True,False
NoSCAM_img_0968.jpg,NoSCAM,wall,zebra,1.611,NoSCAM_img_0968,/external-cache/fse_typographic_20260926/external/SCAM/images.zip,images/train/NoSCAM_img_0968.jpg,NoSCAM,img_0968,0.19566090404987335,0.1470341682434082,0.04862673580646515,True,False
NoSCAM_img_0969.jpg,NoSCAM,lantern,zebra,1.123,NoSCAM_img_0969,/external-cache/fse_typographic_20260926/external/SCAM/images.zip,images/train/NoSCAM_img_0969.jpg,NoSCAM,img_0969,0.16158682107925415,0.12822186946868896,0.033364951610565186,True,False
NoSCAM_img_0970.jpg,NoSCAM,traffic signs,zebra,1.578,NoSCAM_img_0970,/external-cache/fse_typographic_20260926/external/SCAM/images.zip,images/train/NoSCAM_img_0970.jpg,NoSCAM,img_0970,0.2487245500087738,0.13778476417064667,0.11093978583812714,True,False
NoSCAM_img_0971.jpg,NoSCAM,30kmh traffic zone sign,zebra,2.479,NoSCAM_img_0971,/external-cache/fse_typographic_20260926/external/SCAM/images.zip,images/train/NoSCAM_img_0971.jpg,NoSCAM,img_0971,0.27941080927848816,0.12137338519096375,0.15803742408752441,True,True
NoSCAM_img_0972.jpg,NoSCAM,tree,zebra,1.935,NoSCAM_img_0972,/external-cache/fse_typographic_20260926/external/SCAM/images.zip,images/train/NoSCAM_img_0972.jpg,NoSCAM,img_0972,0.21195875108242035,0.14720380306243896,0.06475494801998138,True,False
NoSCAM_img_0973.jpg,NoSCAM,parking ticket machine,zebra,1.279,NoSCAM_img_0973,/external-cache/fse_typographic_20260926/external/SCAM/images.zip,images/train/NoSCAM_img_0973.jpg,NoSCAM,img_0973,0.195083886384964,0.11731180548667908,0.07777208089828491,True,False
NoSCAM_img_0974.jpg,NoSCAM,scooter,zebra,0.953,NoSCAM_img_0974,/external-cache/fse_typographic_20260926/external/SCAM/images.zip,images/train/NoSCAM_img_0974.jpg,NoSCAM,img_0974,0.22968459129333496,0.11018528044223785,0.1194993108510971,True,True
NoSCAM_img_0975.jpg,NoSCAM,no parking sign,zebra,0.963,NoSCAM_img_0975,/external-cache/fse_typographic_20260926/external/SCAM/images.zip,images/train/NoSCAM_img_0975.jpg,NoSCAM,img_0975,0.26320403814315796,0.15238042175769806,0.1108236163854599,True,False
NoSCAM_img_0976.jpg,NoSCAM,sign,car,1.502,NoSCAM_img_0976,/external-cache/fse_typographic_20260926/external/SCAM/images.zip,images/train/NoSCAM_img_0976.jpg,NoSCAM,img_0976,0.18050990998744965,0.14357012510299683,0.03693978488445282,True,False
NoSCAM_img_0977.jpg,NoSCAM,sign,car,1.182,NoSCAM_img_0977,/external-cache/fse_typographic_20260926/external/SCAM/images.zip,images/train/NoSCAM_img_0977.jpg,NoSCAM,img_0977,0.17202839255332947,0.1203373372554779,0.05169105529785156,True,False
NoSCAM_img_0978.jpg,NoSCAM,fence,car,0.556,NoSCAM_img_0978,/external-cache/fse_typographic_20260926/external/SCAM/images.zip,images/train/NoSCAM_img_0978.jpg,NoSCAM,img_0978,0.2539428472518921,0.1767994612455368,0.07714338600635529,True,True
NoSCAM_img_0979.jpg,NoSCAM,trailer,car,1.03,NoSCAM_img_0979,/external-cache/fse_typographic_20260926/external/SCAM/images.zip,images/train/NoSCAM_img_0979.jpg,NoSCAM,img_0979,0.2541005611419678,0.2195214331150055,0.03457912802696228,True,True
NoSCAM_img_0980.jpg,NoSCAM,end of parking zone sign,car,0.845,NoSCAM_img_0980,/external-cache/fse_typographic_20260926/external/SCAM/images.zip,images/train/NoSCAM_img_0980.jpg,NoSCAM,img_0980,0.2611473500728607,0.1783198118209839,0.08282753825187683,True,False
NoSCAM_img_0981.jpg,NoSCAM,printer,merge,2.162,NoSCAM_img_0981,/external-cache/fse_typographic_20260926/external/SCAM/images.zip,images/train/NoSCAM_img_0981.jpg,NoSCAM,img_0981,0.23892182111740112,0.16472342610359192,0.0741983950138092,True,False
NoSCAM_img_0982.jpg,NoSCAM,lamp,merge,1.683,NoSCAM_img_0982,/external-cache/fse_typographic_20260926/external/SCAM/images.zip,images/train/NoSCAM_img_0982.jpg,NoSCAM,img_0982,0.24266868829727173,0.18159836530685425,0.06107032299041748,True,True
NoSCAM_img_0983.jpg,NoSCAM,vacuum cleaner,merge,1.064,NoSCAM_img_0983,/external-cache/fse_typographic_20260926/external/SCAM/images.zip,images/train/NoSCAM_img_0983.jpg,NoSCAM,img_0983,0.24093502759933472,0.15915697813034058,0.08177804946899414,True,False
NoSCAM_img_0984.jpg,NoSCAM,toaster,merge,4.305,NoSCAM_img_0984,/external-cache/fse_typographic_20260926/external/SCAM/images.zip,images/train/NoSCAM_img_0984.jpg,NoSCAM,img_0984,0.26743364334106445,0.19070875644683838,0.07672488689422607,True,True
NoSCAM_img_0985.jpg,NoSCAM,panini press,merge,5.935,NoSCAM_img_0985,/external-cache/fse_typographic_20260926/external/SCAM/images.zip,images/train/NoSCAM_img_0985.jpg,NoSCAM,img_0985,0.2533957064151764,0.17178875207901,0.08160695433616638,True,False
NoSCAM_img_0986.jpg,NoSCAM,dishwasher,merge,0.607,NoSCAM_img_0986,/external-cache/fse_typographic_20260926/external/SCAM/images.zip,images/train/NoSCAM_img_0986.jpg,NoSCAM,img_0986,0.2687338590621948,0.16100722551345825,0.10772663354873657,True,True
NoSCAM_img_0987.jpg,NoSCAM,pan,merge,1.668,NoSCAM_img_0987,/external-cache/fse_typographic_20260926/external/SCAM/images.zip,images/train/NoSCAM_img_0987.jpg,NoSCAM,img_0987,0.2297806739807129,0.1563376784324646,0.07344299554824829,True,False
NoSCAM_img_0988.jpg,NoSCAM,kettle,merge,2.439,NoSCAM_img_0988,/external-cache/fse_typographic_20260926/external/SCAM/images.zip,images/train/NoSCAM_img_0988.jpg,NoSCAM,img_0988,0.24838320910930634,0.17398428916931152,0.07439891993999481,True,False
NoSCAM_img_0989.jpg,NoSCAM,washing machine,road closed,1.442,NoSCAM_img_0989,/external-cache/fse_typographic_20260926/external/SCAM/images.zip,images/train/NoSCAM_img_0989.jpg,NoSCAM,img_0989,0.24687284231185913,0.14840394258499146,0.09846889972686768,True,True
NoSCAM_img_0990.jpg,NoSCAM,toilet,road closed,1.162,NoSCAM_img_0990,/external-cache/fse_typographic_20260926/external/SCAM/images.zip,images/train/NoSCAM_img_0990.jpg,NoSCAM,img_0990,0.25372743606567383,0.14048954844474792,0.1132378876209259,True,True
NoSCAM_img_0991.jpg,NoSCAM,sink,road closed,1.631,NoSCAM_img_0991,/external-cache/fse_typographic_20260926/external/SCAM/images.zip,images/train/NoSCAM_img_0991.jpg,NoSCAM,img_0991,0.2377491444349289,0.1578623354434967,0.07988680899143219,True,False
NoSCAM_img_0992.jpg,NoSCAM,mirror,road closed,0.801,NoSCAM_img_0992,/external-cache/fse_typographic_20260926/external/SCAM/images.zip,images/train/NoSCAM_img_0992.jpg,NoSCAM,img_0992,0.22083927690982819,0.12070973962545395,0.10012953728437424,True,True
NoSCAM_img_0993.jpg,NoSCAM,barricade,slippery,0.834,NoSCAM_img_0993,/external-cache/fse_typographic_20260926/external/SCAM/images.zip,images/train/NoSCAM_img_0993.jpg,NoSCAM,img_0993,0.2007860690355301,0.14877185225486755,0.05201421678066254,True,False
NoSCAM_img_0994.jpg,NoSCAM,pole,slippery,0.451,NoSCAM_img_0994,/external-cache/fse_typographic_20260926/external/SCAM/images.zip,images/train/NoSCAM_img_0994.jpg,NoSCAM,img_0994,0.2646137475967407,0.15077267587184906,0.11384107172489166,True,False
NoSCAM_img_0995.jpg,NoSCAM,door,slippery,0.566,NoSCAM_img_0995,/external-cache/fse_typographic_20260926/external/SCAM/images.zip,images/train/NoSCAM_img_0995.jpg,NoSCAM,img_0995,0.2391972690820694,0.12587609887123108,0.11332117021083832,True,True
NoSCAM_img_0996.jpg,NoSCAM,cup,bike,2.946,NoSCAM_img_0996,/external-cache/fse_typographic_20260926/external/SCAM/images.zip,images/train/NoSCAM_img_0996.jpg,NoSCAM,img_0996,0.2194470763206482,0.14356961846351624,0.07587745785713196,True,False
NoSCAM_img_0997.jpg,NoSCAM,candle,bag,2.817,NoSCAM_img_0997,/external-cache/fse_typographic_20260926/external/SCAM/images.zip,images/train/NoSCAM_img_0997.jpg,NoSCAM,img_0997,0.24106784164905548,0.13472971320152283,0.10633812844753265,True,True
NoSCAM_img_0998.jpg,NoSCAM,hat,car,1.881,NoSCAM_img_0998,/external-cache/fse_typographic_20260926/external/SCAM/images.zip,images/train/NoSCAM_img_0998.jpg,NoSCAM,img_0998,0.2234012484550476,0.16034071147441864,0.06306053698062897,True,False
NoSCAM_img_0999.jpg,NoSCAM,apple,ice,2.901,NoSCAM_img_0999,/external-cache/fse_typographic_20260926/external/SCAM/images.zip,images/train/NoSCAM_img_0999.jpg,NoSCAM,img_0999,0.23610511422157288,0.1493445336818695,0.08676058053970337,True,True
NoSCAM_img_1000.jpg,NoSCAM,glasses,train,3.919,NoSCAM_img_1000,/external-cache/fse_typographic_20260926/external/SCAM/images.zip,images/train/NoSCAM_img_1000.jpg,NoSCAM,img_1000,0.2356397807598114,0.1405300796031952,0.09510970115661621,True,False
NoSCAM_img_1001.jpg,NoSCAM,keys,ball,3.328,NoSCAM_img_1001,/external-cache/fse_typographic_20260926/external/SCAM/images.zip,images/train/NoSCAM_img_1001.jpg,NoSCAM,img_1001,0.19865936040878296,0.11935310065746307,0.07930625975131989,True,False
NoSCAM_img_1002.jpg,NoSCAM,glass,lake,2.222,NoSCAM_img_1002,/external-cache/fse_typographic_20260926/external/SCAM/images.zip,images/train/NoSCAM_img_1002.jpg,NoSCAM,img_1002,0.19731684029102325,0.14106149971485138,0.056255340576171875,True,False
NoSCAM_img_1003.jpg,NoSCAM,racket,cow,1.491,NoSCAM_img_1003,/external-cache/fse_typographic_20260926/external/SCAM/images.zip,images/train/NoSCAM_img_1003.jpg,NoSCAM,img_1003,0.2546796500682831,0.10442299395799637,0.1502566635608673,True,True
NoSCAM_img_1004.jpg,NoSCAM,tomato,bell,2.614,NoSCAM_img_1004,/external-cache/fse_typographic_20260926/external/SCAM/images.zip,images/train/NoSCAM_img_1004.jpg,NoSCAM,img_1004,0.2439241260290146,0.1320224553346634,0.1119016706943512,True,False
NoSCAM_img_1005.jpg,NoSCAM,sock,desk,2.335,NoSCAM_img_1005,/external-cache/fse_typographic_20260926/external/SCAM/images.zip,images/train/NoSCAM_img_1005.jpg,NoSCAM,img_1005,0.2702465355396271,0.21291692554950714,0.057329609990119934,True,True
NoSCAM_img_1006.jpg,NoSCAM,helmet,coin,1.149,NoSCAM_img_1006,/external-cache/fse_typographic_20260926/external/SCAM/images.zip,images/train/NoSCAM_img_1006.jpg,NoSCAM,img_1006,0.21283605694770813,0.15911510586738586,0.053720951080322266,True,False
NoSCAM_img_1007.jpg,NoSCAM,playing card,van,2.643,NoSCAM_img_1007,/external-cache/fse_typographic_20260926/external/SCAM/images.zip,images/train/NoSCAM_img_1007.jpg,NoSCAM,img_1007,0.25413841009140015,0.10773864388465881,0.14639976620674133,True,True
NoSCAM_img_1008.jpg,NoSCAM,plant,taxi,2.139,NoSCAM_img_1008,/external-cache/fse_typographic_20260926/external/SCAM/images.zip,images/train/NoSCAM_img_1008.jpg,NoSCAM,img_1008,0.15165020525455475,0.0962633490562439,0.05538685619831085,True,False
NoSCAM_img_1009.jpg,NoSCAM,speaker,tree,3.181,NoSCAM_img_1009,/external-cache/fse_typographic_20260926/external/SCAM/images.zip,images/train/NoSCAM_img_1009.jpg,NoSCAM,img_1009,0.2497616410255432,0.14371536672115326,0.10604627430438995,True,True
NoSCAM_img_1010.jpg,NoSCAM,pen,lake,2.849,NoSCAM_img_1010,/external-cache/fse_typographic_20260926/external/SCAM/images.zip,images/train/NoSCAM_img_1010.jpg,NoSCAM,img_1010,0.23884877562522888,0.1503288745880127,0.08851990103721619,True,False
NoSCAM_img_1011.jpg,NoSCAM,lamp,slippery,7.548,NoSCAM_img_1011,/external-cache/fse_typographic_20260926/external/SCAM/images.zip,images/train/NoSCAM_img_1011.jpg,NoSCAM,img_1011,0.14127513766288757,0.11516712605953217,0.026108011603355408,True,False
NoSCAM_img_1012.jpg,NoSCAM,candle,apple,4.338,NoSCAM_img_1012,/external-cache/fse_typographic_20260926/external/SCAM/images.zip,images/train/NoSCAM_img_1012.jpg,NoSCAM,img_1012,0.2509836256504059,0.15252748131752014,0.09845614433288574,True,True
NoSCAM_img_1013.jpg,NoSCAM,flipper,apple,1.249,NoSCAM_img_1013,/external-cache/fse_typographic_20260926/external/SCAM/images.zip,images/train/NoSCAM_img_1013.jpg,NoSCAM,img_1013,0.12275341898202896,0.07122448086738586,0.0515289381146431,True,False
NoSCAM_img_1014.jpg,NoSCAM,flipper,apple,1.094,NoSCAM_img_1014,/external-cache/fse_typographic_20260926/external/SCAM/images.zip,images/train/NoSCAM_img_1014.jpg,NoSCAM,img_1014,0.16477656364440918,0.09184685349464417,0.07292971014976501,True,False
NoSCAM_img_1015.jpg,NoSCAM,plant,apple,1.623,NoSCAM_img_1015,/external-cache/fse_typographic_20260926/external/SCAM/images.zip,images/train/NoSCAM_img_1015.jpg,NoSCAM,img_1015,0.18226659297943115,0.1179858073592186,0.06428078562021255,True,False
NoSCAM_img_1016.jpg,NoSCAM,speaker,apple,4.942,NoSCAM_img_1016,/external-cache/fse_typographic_20260926/external/SCAM/images.zip,images/train/NoSCAM_img_1016.jpg,NoSCAM,img_1016,0.24136626720428467,0.1488591879606247,0.09250707924365997,True,True
NoSCAM_img_1017.jpg,NoSCAM,guitar,apple,1.822,NoSCAM_img_1017,/external-cache/fse_typographic_20260926/external/SCAM/images.zip,images/train/NoSCAM_img_1017.jpg,NoSCAM,img_1017,0.2183775007724762,0.11544615030288696,0.10293135046958923,True,True
NoSCAM_img_1018.jpg,NoSCAM,suitcase,bus,2.412,NoSCAM_img_1018,/external-cache/fse_typographic_20260926/external/SCAM/images.zip,images/train/NoSCAM_img_1018.jpg,NoSCAM,img_1018,0.25853607058525085,0.14767934381961823,0.11085672676563263,True,True
NoSCAM_img_1019.jpg,NoSCAM,screen,bus,2.034,NoSCAM_img_1019,/external-cache/fse_typographic_20260926/external/SCAM/images.zip,images/train/NoSCAM_img_1019.jpg,NoSCAM,img_1019,0.19493745267391205,0.13022948801517487,0.06470796465873718,True,False
NoSCAM_img_1020.jpg,NoSCAM,cup,knife,7.118,NoSCAM_img_1020,/external-cache/fse_typographic_20260926/external/SCAM/images.zip,images/train/NoSCAM_img_1020.jpg,NoSCAM,img_1020,0.22251781821250916,0.1729101538658142,0.049607664346694946,True,False
NoSCAM_img_1021.jpg,NoSCAM,diving goggles,knife,6.953,NoSCAM_img_1021,/external-cache/fse_typographic_20260926/external/SCAM/images.zip,images/train/NoSCAM_img_1021.jpg,NoSCAM,img_1021,0.2225828617811203,0.13602814078330994,0.08655472099781036,True,True
NoSCAM_img_1022.jpg,NoSCAM,paper towel,knife,8.375,NoSCAM_img_1022,/external-cache/fse_typographic_20260926/external/SCAM/images.zip,images/train/NoSCAM_img_1022.jpg,NoSCAM,img_1022,0.23395785689353943,0.18262718617916107,0.05133067071437836,True,False
NoSCAM_img_1023.jpg,NoSCAM,avocado,knife,9.012,NoSCAM_img_1023,/external-cache/fse_typographic_20260926/external/SCAM/images.zip,images/train/NoSCAM_img_1023.jpg,NoSCAM,img_1023,0.27028119564056396,0.19434115290641785,0.07594004273414612,True,True
NoSCAM_img_1024.jpg,NoSCAM,banana,knife,7.773,NoSCAM_img_1024,/external-cache/fse_typographic_20260926/external/SCAM/images.zip,images/train/NoSCAM_img_1024.jpg,NoSCAM,img_1024,0.2417716532945633,0.17798736691474915,0.06378428637981415,True,False
NoSCAM_img_1025.jpg,NoSCAM,wheel,knife,2.192,NoSCAM_img_1025,/external-cache/fse_typographic_20260926/external/SCAM/images.zip,images/train/NoSCAM_img_1025.jpg,NoSCAM,img_1025,0.19260245561599731,0.1529577523469925,0.03964470326900482,True,False
NoSCAM_img_1026.jpg,NoSCAM,pump,knife,1.645,NoSCAM_img_1026,/external-cache/fse_typographic_20260926/external/SCAM/images.zip,images/train/NoSCAM_img_1026.jpg,NoSCAM,img_1026,0.19262433052062988,0.16112881898880005,0.031495511531829834,True,False
NoSCAM_img_1027.jpg,NoSCAM,monitor,truck,0.518,NoSCAM_img_1027,/external-cache/fse_typographic_20260926/external/SCAM/images.zip,images/train/NoSCAM_img_1027.jpg,NoSCAM,img_1027,0.24954275786876678,0.17189452052116394,0.07764823734760284,True,False
NoSCAM_img_1028.jpg,NoSCAM,santa figurine,hole,2.394,NoSCAM_img_1028,/external-cache/fse_typographic_20260926/external/SCAM/images.zip,images/train/NoSCAM_img_1028.jpg,NoSCAM,img_1028,0.25157430768013,0.11728933453559875,0.13428497314453125,True,False
NoSCAM_img_1029.jpg,NoSCAM,office chair,lane,0.413,NoSCAM_img_1029,/external-cache/fse_typographic_20260926/external/SCAM/images.zip,images/train/NoSCAM_img_1029.jpg,NoSCAM,img_1029,0.25105342268943787,0.12104341387748718,0.13001000881195068,True,True
NoSCAM_img_1030.jpg,NoSCAM,keyboard,lane,2.315,NoSCAM_img_1030,/external-cache/fse_typographic_20260926/external/SCAM/images.zip,images/train/NoSCAM_img_1030.jpg,NoSCAM,img_1030,0.2671721875667572,0.14137312769889832,0.1257990598678589,True,True
NoSCAM_img_1031.jpg,NoSCAM,mouse,slow,5.487,NoSCAM_img_1031,/external-cache/fse_typographic_20260926/external/SCAM/images.zip,images/train/NoSCAM_img_1031.jpg,NoSCAM,img_1031,0.22183442115783691,0.17081165313720703,0.05102276802062988,True,False
NoSCAM_img_1032.jpg,NoSCAM,door,slow,1.21,NoSCAM_img_1032,/external-cache/fse_typographic_20260926/external/SCAM/images.zip,images/train/NoSCAM_img_1032.jpg,NoSCAM,img_1032,0.21545782685279846,0.13149842619895935,0.08395940065383911,True,False
NoSCAM_img_1033.jpg,NoSCAM,salt,slow,4.518,NoSCAM_img_1033,/external-cache/fse_typographic_20260926/external/SCAM/images.zip,images/train/NoSCAM_img_1033.jpg,NoSCAM,img_1033,0.18663498759269714,0.12761811912059784,0.059016868472099304,True,False
NoSCAM_img_1034.jpg,NoSCAM,mug,slow,4.131,NoSCAM_img_1034,/external-cache/fse_typographic_20260926/external/SCAM/images.zip,images/train/NoSCAM_img_1034.jpg,NoSCAM,img_1034,0.20562982559204102,0.1690860390663147,0.03654378652572632,True,False
NoSCAM_img_1035.jpg,NoSCAM,pepper caster,slow,6.384,NoSCAM_img_1035,/external-cache/fse_typographic_20260926/external/SCAM/images.zip,images/train/NoSCAM_img_1035.jpg,NoSCAM,img_1035,0.19972507655620575,0.13561783730983734,0.06410723924636841,True,False
NoSCAM_img_1036.jpg,NoSCAM,sunscreen,car,2.48,NoSCAM_img_1036,/external-cache/fse_typographic_20260926/external/SCAM/images.zip,images/train/NoSCAM_img_1036.jpg,NoSCAM,img_1036,0.2822129726409912,0.1508519947528839,0.1313609778881073,True,True
NoSCAM_img_1037.jpg,NoSCAM,cashew nuts,cheese,1.977,NoSCAM_img_1037,/external-cache/fse_typographic_20260926/external/SCAM/images.zip,images/train/NoSCAM_img_1037.jpg,NoSCAM,img_1037,0.21258781850337982,0.13987313210964203,0.07271468639373779,True,True
NoSCAM_img_1038.jpg,NoSCAM,coin,horn,2.104,NoSCAM_img_1038,/external-cache/fse_typographic_20260926/external/SCAM/images.zip,images/train/NoSCAM_img_1038.jpg,NoSCAM,img_1038,0.1941874772310257,0.10743455588817596,0.08675292134284973,True,False
NoSCAM_img_1039.jpg,NoSCAM,bottle,elevator,2.207,NoSCAM_img_1039,/external-cache/fse_typographic_20260926/external/SCAM/images.zip,images/train/NoSCAM_img_1039.jpg,NoSCAM,img_1039,0.20162412524223328,0.11137581616640091,0.09024830907583237,True,False
NoSCAM_img_1040.jpg,NoSCAM,sunscreen,broom,4.022,NoSCAM_img_1040,/external-cache/fse_typographic_20260926/external/SCAM/images.zip,images/train/NoSCAM_img_1040.jpg,NoSCAM,img_1040,0.2849877178668976,0.18266057968139648,0.1023271381855011,True,True
NoSCAM_img_1041.jpg,NoSCAM,bag,fan,4.159,NoSCAM_img_1041,/external-cache/fse_typographic_20260926/external/SCAM/images.zip,images/train/NoSCAM_img_1041.jpg,NoSCAM,img_1041,0.18566273152828217,0.15088823437690735,0.03477449715137482,True,False
NoSCAM_img_1042.jpg,NoSCAM,coin,bottle,4.164,NoSCAM_img_1042,/external-cache/fse_typographic_20260926/external/SCAM/images.zip,images/train/NoSCAM_img_1042.jpg,NoSCAM,img_1042,0.19008924067020416,0.13200883567333221,0.05808040499687195,True,False
NoSCAM_img_1043.jpg,NoSCAM,bottle,transistor,1.043,NoSCAM_img_1043,/external-cache/fse_typographic_20260926/external/SCAM/images.zip,images/train/NoSCAM_img_1043.jpg,NoSCAM,img_1043,0.18117427825927734,0.0991675928235054,0.08200668543577194,True,False
NoSCAM_img_1044.jpg,NoSCAM,scissors,cart,4.253,NoSCAM_img_1044,/external-cache/fse_typographic_20260926/external/SCAM/images.zip,images/train/NoSCAM_img_1044.jpg,NoSCAM,img_1044,0.25152674317359924,0.17271806299686432,0.07880868017673492,True,True
NoSCAM_img_1045.jpg,NoSCAM,hairbrush,apple,2.711,NoSCAM_img_1045,/external-cache/fse_typographic_20260926/external/SCAM/images.zip,images/train/NoSCAM_img_1045.jpg,NoSCAM,img_1045,0.27081891894340515,0.13486024737358093,0.13595867156982422,True,True
NoSCAM_img_1046.jpg,NoSCAM,bananas,chest,3.559,NoSCAM_img_1046,/external-cache/fse_typographic_20260926/external/SCAM/images.zip,images/train/NoSCAM_img_1046.jpg,NoSCAM,img_1046,0.2548776865005493,0.13814228773117065,0.11673539876937866,True,True
NoSCAM_img_1047.jpg,NoSCAM,apple,horse,3.611,NoSCAM_img_1047,/external-cache/fse_typographic_20260926/external/SCAM/images.zip,images/train/NoSCAM_img_1047.jpg,NoSCAM,img_1047,0.24354243278503418,0.13435575366020203,0.10918667912483215,True,True
NoSCAM_img_1048.jpg,NoSCAM,scissors,door,4.692,NoSCAM_img_1048,/external-cache/fse_typographic_20260926/external/SCAM/images.zip,images/train/NoSCAM_img_1048.jpg,NoSCAM,img_1048,0.2631435990333557,0.18768784403800964,0.07545575499534607,True,True
NoSCAM_img_1049.jpg,NoSCAM,brush,bracelet,2.031,NoSCAM_img_1049,/external-cache/fse_typographic_20260926/external/SCAM/images.zip,images/train/NoSCAM_img_1049.jpg,NoSCAM,img_1049,0.23475012183189392,0.12038280069828033,0.11436732113361359,True,False
NoSCAM_img_1050.jpg,NoSCAM,banana,egg,4.018,NoSCAM_img_1050,/external-cache/fse_typographic_20260926/external/SCAM/images.zip,images/train/NoSCAM_img_1050.jpg,NoSCAM,img_1050,0.23514080047607422,0.13903044164180756,0.09611035883426666,True,True
NoSCAM_img_1051.jpg,NoSCAM,apple,screwdriver,2.19,NoSCAM_img_1051,/external-cache/fse_typographic_20260926/external/SCAM/images.zip,images/train/NoSCAM_img_1051.jpg,NoSCAM,img_1051,0.24748319387435913,0.1467536836862564,0.10072951018810272,True,True
NoSCAM_img_1052.jpg,NoSCAM,wallet,zebra,4.203,NoSCAM_img_1052,/external-cache/fse_typographic_20260926/external/SCAM/images.zip,images/train/NoSCAM_img_1052.jpg,NoSCAM,img_1052,0.2790808081626892,0.15491163730621338,0.12416917085647583,True,True
NoSCAM_img_1053.jpg,NoSCAM,icecream,cat,1.289,NoSCAM_img_1053,/external-cache/fse_typographic_20260926/external/SCAM/images.zip,images/train/NoSCAM_img_1053.jpg,NoSCAM,img_1053,0.16606709361076355,0.11711852252483368,0.04894857108592987,True,False
NoSCAM_img_1054.jpg,NoSCAM,slider,helmet,3.066,NoSCAM_img_1054,/external-cache/fse_typographic_20260926/external/SCAM/images.zip,images/train/NoSCAM_img_1054.jpg,NoSCAM,img_1054,0.13242456316947937,0.12195953726768494,0.010465025901794434,True,False
NoSCAM_img_1055.jpg,NoSCAM,chewing gums,crystal,2.755,NoSCAM_img_1055,/external-cache/fse_typographic_20260926/external/SCAM/images.zip,images/train/NoSCAM_img_1055.jpg,NoSCAM,img_1055,0.23484311997890472,0.1572343111038208,0.07760880887508392,True,False
NoSCAM_img_1056.jpg,NoSCAM,wallet,box,2.549,NoSCAM_img_1056,/external-cache/fse_typographic_20260926/external/SCAM/images.zip,images/train/NoSCAM_img_1056.jpg,NoSCAM,img_1056,0.2932034134864807,0.18564938008785248,0.10755403339862823,True,True
NoSCAM_img_1057.jpg,NoSCAM,cup,eagle,1.931,NoSCAM_img_1057,/external-cache/fse_typographic_20260926/external/SCAM/images.zip,images/train/NoSCAM_img_1057.jpg,NoSCAM,img_1057,0.20773446559906006,0.10638929903507233,0.10134516656398773,True,False
NoSCAM_img_1058.jpg,NoSCAM,shoe,helmet,4.579,NoSCAM_img_1058,/external-cache/fse_typographic_20260926/external/SCAM/images.zip,images/train/NoSCAM_img_1058.jpg,NoSCAM,img_1058,0.21865808963775635,0.1486247032880783,0.07003338634967804,True,False
NoSCAM_img_1059.jpg,NoSCAM,chewing gums,bowl,6.144,NoSCAM_img_1059,/external-cache/fse_typographic_20260926/external/SCAM/images.zip,images/train/NoSCAM_img_1059.jpg,NoSCAM,img_1059,0.2382993847131729,0.19703856110572815,0.04126082360744476,True,False
NoSCAM_img_1060.jpg,NoSCAM,sock,chair,1.806,NoSCAM_img_1060,/external-cache/fse_typographic_20260926/external/SCAM/images.zip,images/train/NoSCAM_img_1060.jpg,NoSCAM,img_1060,0.2571723163127899,0.15815575420856476,0.09901656210422516,True,True
NoSCAM_img_1061.jpg,NoSCAM,orange,honey,6.031,NoSCAM_img_1061,/external-cache/fse_typographic_20260926/external/SCAM/images.zip,images/train/NoSCAM_img_1061.jpg,NoSCAM,img_1061,0.24284999072551727,0.17236045002937317,0.0704895406961441,True,True
NoSCAM_img_1062.jpg,NoSCAM,remote,pedestrian,3.058,NoSCAM_img_1062,/external-cache/fse_typographic_20260926/external/SCAM/images.zip,images/train/NoSCAM_img_1062.jpg,NoSCAM,img_1062,0.2558276057243347,0.14170300960540771,0.114124596118927,True,True
NoSCAM_img_1063.jpg,NoSCAM,sock,duck,3.995,NoSCAM_img_1063,/external-cache/fse_typographic_20260926/external/SCAM/images.zip,images/train/NoSCAM_img_1063.jpg,NoSCAM,img_1063,0.27218782901763916,0.17542758584022522,0.09676024317741394,True,True
NoSCAM_img_1064.jpg,NoSCAM,phone,lipstick,3.677,NoSCAM_img_1064,/external-cache/fse_typographic_20260926/external/SCAM/images.zip,images/train/NoSCAM_img_1064.jpg,NoSCAM,img_1064,0.19470976293087006,0.1468733847141266,0.04783637821674347,True,False
NoSCAM_img_1065.jpg,NoSCAM,remote,boot,1.826,NoSCAM_img_1065,/external-cache/fse_typographic_20260926/external/SCAM/images.zip,images/train/NoSCAM_img_1065.jpg,NoSCAM,img_1065,0.2707909345626831,0.15656118094921112,0.11422975361347198,True,True
NoSCAM_img_1066.jpg,NoSCAM,mosquito repellent,carpet,5.066,NoSCAM_img_1066,/external-cache/fse_typographic_20260926/external/SCAM/images.zip,images/train/NoSCAM_img_1066.jpg,NoSCAM,img_1066,0.1951369345188141,0.12992210686206818,0.06521482765674591,True,False
NoSCAM_img_1067.jpg,NoSCAM,money,hat,4.869,NoSCAM_img_1067,/external-cache/fse_typographic_20260926/external/SCAM/images.zip,images/train/NoSCAM_img_1067.jpg,NoSCAM,img_1067,0.2130582332611084,0.08534924685955048,0.12770898640155792,True,True
NoSCAM_img_1068.jpg,NoSCAM,watermelon,bed,2.787,NoSCAM_img_1068,/external-cache/fse_typographic_20260926/external/SCAM/images.zip,images/train/NoSCAM_img_1068.jpg,NoSCAM,img_1068,0.2406107783317566,0.0850188210606575,0.1555919647216797,True,False
NoSCAM_img_1069.jpg,NoSCAM,potato chips,cap,2.78,NoSCAM_img_1069,/external-cache/fse_typographic_20260926/external/SCAM/images.zip,images/train/NoSCAM_img_1069.jpg,NoSCAM,img_1069,0.25536882877349854,0.15383058786392212,0.10153824090957642,True,True
NoSCAM_img_1070.jpg,NoSCAM,mosquito spray,dog,5.28,NoSCAM_img_1070,/external-cache/fse_typographic_20260926/external/SCAM/images.zip,images/train/NoSCAM_img_1070.jpg,NoSCAM,img_1070,0.23506253957748413,0.1377091407775879,0.09735339879989624,True,False
NoSCAM_img_1071.jpg,NoSCAM,money,lion,4.223,NoSCAM_img_1071,/external-cache/fse_typographic_20260926/external/SCAM/images.zip,images/train/NoSCAM_img_1071.jpg,NoSCAM,img_1071,0.23233214020729065,0.1279088854789734,0.10442325472831726,True,True
NoSCAM_img_1072.jpg,NoSCAM,watermelon,book,4.787,NoSCAM_img_1072,/external-cache/fse_typographic_20260926/external/SCAM/images.zip,images/train/NoSCAM_img_1072.jpg,NoSCAM,img_1072,0.25090962648391724,0.10772216320037842,0.14318746328353882,True,True
NoSCAM_img_1073.jpg,NoSCAM,chips,dish,2.983,NoSCAM_img_1073,/external-cache/fse_typographic_20260926/external/SCAM/images.zip,images/train/NoSCAM_img_1073.jpg,NoSCAM,img_1073,0.2192564308643341,0.1193770170211792,0.09987941384315491,True,False
NoSCAM_img_1074.jpg,NoSCAM,ear phones,grape,5.439,NoSCAM_img_1074,/external-cache/fse_typographic_20260926/external/SCAM/images.zip,images/train/NoSCAM_img_1074.jpg,NoSCAM,img_1074,0.15380477905273438,0.1500394344329834,0.0037653446197509766,True,False
NoSCAM_img_1075.jpg,NoSCAM,takeaway bag,hair,1.24,NoSCAM_img_1075,/external-cache/fse_typographic_20260926/external/SCAM/images.zip,images/train/NoSCAM_img_1075.jpg,NoSCAM,img_1075,0.2633626461029053,0.12682203948497772,0.13654060661792755,True,True
NoSCAM_img_1076.jpg,NoSCAM,bell pepper,carrot,4.833,NoSCAM_img_1076,/external-cache/fse_typographic_20260926/external/SCAM/images.zip,images/train/NoSCAM_img_1076.jpg,NoSCAM,img_1076,0.25459128618240356,0.20187878608703613,0.05271250009536743,True,False
NoSCAM_img_1077.jpg,NoSCAM,cucumber,grass,3.4,NoSCAM_img_1077,/external-cache/fse_typographic_20260926/external/SCAM/images.zip,images/train/NoSCAM_img_1077.jpg,NoSCAM,img_1077,0.20511826872825623,0.11194142699241638,0.09317684173583984,True,False
NoSCAM_img_1078.jpg,NoSCAM,ear phones,lightbulb,4.814,NoSCAM_img_1078,/external-cache/fse_typographic_20260926/external/SCAM/images.zip,images/train/NoSCAM_img_1078.jpg,NoSCAM,img_1078,0.1500452160835266,0.12750914692878723,0.02253606915473938,True,False
NoSCAM_img_1079.jpg,NoSCAM,takeaway bag,boat,3.327,NoSCAM_img_1079,/external-cache/fse_typographic_20260926/external/SCAM/images.zip,images/train/NoSCAM_img_1079.jpg,NoSCAM,img_1079,0.22458027303218842,0.09562133252620697,0.12895894050598145,True,True
NoSCAM_img_1080.jpg,NoSCAM,bell pepper,desk,3.698,NoSCAM_img_1080,/external-cache/fse_typographic_20260926/external/SCAM/images.zip,images/train/NoSCAM_img_1080.jpg,NoSCAM,img_1080,0.25753748416900635,0.11911801993846893,0.13841946423053741,True,False
NoSCAM_img_1081.jpg,NoSCAM,cucumber,lemon,2.958,NoSCAM_img_1081,/external-cache/fse_typographic_20260926/external/SCAM/images.zip,images/train/NoSCAM_img_1081.jpg,NoSCAM,img_1081,0.23602136969566345,0.16135960817337036,0.07466176152229309,True,True
NoSCAM_img_1082.jpg,NoSCAM,floss,bike,5.589,NoSCAM_img_1082,/external-cache/fse_typographic_20260926/external/SCAM/images.zip,images/train/NoSCAM_img_1082.jpg,NoSCAM,img_1082,0.20000508427619934,0.10637813806533813,0.0936269462108612,True,False
NoSCAM_img_1083.jpg,NoSCAM,handwash,frog,2.178,NoSCAM_img_1083,/external-cache/fse_typographic_20260926/external/SCAM/images.zip,images/train/NoSCAM_img_1083.jpg,NoSCAM,img_1083,0.20538729429244995,0.114762082695961,0.09062521159648895,True,False
NoSCAM_img_1084.jpg,NoSCAM,cable,candle,4.44,NoSCAM_img_1084,/external-cache/fse_typographic_20260926/external/SCAM/images.zip,images/train/NoSCAM_img_1084.jpg,NoSCAM,img_1084,0.24943780899047852,0.13346272706985474,0.11597508192062378,True,False
NoSCAM_img_1085.jpg,NoSCAM,powerbank,seed,3.239,NoSCAM_img_1085,/external-cache/fse_typographic_20260926/external/SCAM/images.zip,images/train/NoSCAM_img_1085.jpg,NoSCAM,img_1085,0.23421674966812134,0.12453460693359375,0.10968214273452759,True,False
NoSCAM_img_1086.jpg,NoSCAM,floss,blanket,4.719,NoSCAM_img_1086,/external-cache/fse_typographic_20260926/external/SCAM/images.zip,images/train/NoSCAM_img_1086.jpg,NoSCAM,img_1086,0.167669415473938,0.11158788204193115,0.056081533432006836,True,False
NoSCAM_img_1087.jpg,NoSCAM,handwash,leaf,1.749,NoSCAM_img_1087,/external-cache/fse_typographic_20260926/external/SCAM/images.zip,images/train/NoSCAM_img_1087.jpg,NoSCAM,img_1087,0.2114805430173874,0.13136109709739685,0.08011944591999054,True,False
NoSCAM_img_1088.jpg,NoSCAM,usb-c cable,curtain,2.933,NoSCAM_img_1088,/external-cache/fse_typographic_20260926/external/SCAM/images.zip,images/train/NoSCAM_img_1088.jpg,NoSCAM,img_1088,0.2891991138458252,0.11835803091526031,0.17084108293056488,True,True
NoSCAM_img_1089.jpg,NoSCAM,adapter,bicycle,2.583,NoSCAM_img_1089,/external-cache/fse_typographic_20260926/external/SCAM/images.zip,images/train/NoSCAM_img_1089.jpg,NoSCAM,img_1089,0.19393344223499298,0.09008069336414337,0.10385274887084961,True,False
NoSCAM_img_1090.jpg,NoSCAM,grapes,cannon,2.38,NoSCAM_img_1090,/external-cache/fse_typographic_20260926/external/SCAM/images.zip,images/train/NoSCAM_img_1090.jpg,NoSCAM,img_1090,0.21715699136257172,0.08003775775432587,0.13711923360824585,True,True
NoSCAM_img_1091.jpg,NoSCAM,notebook,fruit,2.761,NoSCAM_img_1091,/external-cache/fse_typographic_20260926/external/SCAM/images.zip,images/train/NoSCAM_img_1091.jpg,NoSCAM,img_1091,0.30086132884025574,0.18012085556983948,0.12074047327041626,True,True
NoSCAM_img_1092.jpg,NoSCAM,pocket knife,flower,3.458,NoSCAM_img_1092,/external-cache/fse_typographic_20260926/external/SCAM/images.zip,images/train/NoSCAM_img_1092.jpg,NoSCAM,img_1092,0.23775935173034668,0.12837736308574677,0.10938198864459991,True,False
NoSCAM_img_1093.jpg,NoSCAM,thermometer,cake,3.562,NoSCAM_img_1093,/external-cache/fse_typographic_20260926/external/SCAM/images.zip,images/train/NoSCAM_img_1093.jpg,NoSCAM,img_1093,0.1730051338672638,0.13356266915798187,0.03944246470928192,True,False
NoSCAM_img_1094.jpg,NoSCAM,notebook,lamp,2.201,NoSCAM_img_1094,/external-cache/fse_typographic_20260926/external/SCAM/images.zip,images/train/NoSCAM_img_1094.jpg,NoSCAM,img_1094,0.2809557318687439,0.1341468244791031,0.1468089073896408,True,True
NoSCAM_img_1095.jpg,NoSCAM,pocket knife,bench,4.586,NoSCAM_img_1095,/external-cache/fse_typographic_20260926/external/SCAM/images.zip,images/train/NoSCAM_img_1095.jpg,NoSCAM,img_1095,0.2083062082529068,0.12598396837711334,0.08232223987579346,True,False
NoSCAM_img_1096.jpg,NoSCAM,fever thermometer,crab,2.765,NoSCAM_img_1096,/external-cache/fse_typographic_20260926/external/SCAM/images.zip,images/train/NoSCAM_img_1096.jpg,NoSCAM,img_1096,0.26431888341903687,0.12425575405359268,0.14006313681602478,True,True
NoSCAM_img_1097.jpg,NoSCAM,candle,slow,10.606,NoSCAM_img_1097,/external-cache/fse_typographic_20260926/external/SCAM/images.zip,images/train/NoSCAM_img_1097.jpg,NoSCAM,img_1097,0.1915554255247116,0.12133026123046875,0.07022516429424286,True,False
NoSCAM_img_1098.jpg,NoSCAM,dispenser,lane,6.583,NoSCAM_img_1098,/external-cache/fse_typographic_20260926/external/SCAM/images.zip,images/train/NoSCAM_img_1098.jpg,NoSCAM,img_1098,0.21258695423603058,0.14331397414207458,0.069272980093956,True,False
NoSCAM_img_1099.jpg,NoSCAM,brush,lane,3.838,NoSCAM_img_1099,/external-cache/fse_typographic_20260926/external/SCAM/images.zip,images/train/NoSCAM_img_1099.jpg,NoSCAM,img_1099,0.2505105435848236,0.14155584573745728,0.10895469784736633,True,False
NoSCAM_img_1100.jpg,NoSCAM,glass,lane,5.48,NoSCAM_img_1100,/external-cache/fse_typographic_20260926/external/SCAM/images.zip,images/train/NoSCAM_img_1100.jpg,NoSCAM,img_1100,0.18804284930229187,0.1073555052280426,0.08068734407424927,True,False
NoSCAM_img_1101.jpg,NoSCAM,glass,lane,4.674,NoSCAM_img_1101,/external-cache/fse_typographic_20260926/external/SCAM/images.zip,images/train/NoSCAM_img_1101.jpg,NoSCAM,img_1101,0.19515018165111542,0.11949597299098969,0.07565420866012573,True,False
NoSCAM_img_1102.jpg,NoSCAM,cup,lane,7.977,NoSCAM_img_1102,/external-cache/fse_typographic_20260926/external/SCAM/images.zip,images/train/NoSCAM_img_1102.jpg,NoSCAM,img_1102,0.22746914625167847,0.13822966814041138,0.08923947811126709,True,False
NoSCAM_img_1103.jpg,NoSCAM,plate,lane,5.0,NoSCAM_img_1103,/external-cache/fse_typographic_20260926/external/SCAM/images.zip,images/train/NoSCAM_img_1103.jpg,NoSCAM,img_1103,0.1923309564590454,0.0885174572467804,0.10381349921226501,True,False
NoSCAM_img_1104.jpg,NoSCAM,candle,slow,4.212,NoSCAM_img_1104,/external-cache/fse_typographic_20260926/external/SCAM/images.zip,images/train/NoSCAM_img_1104.jpg,NoSCAM,img_1104,0.25080859661102295,0.1366838663816452,0.11412473022937775,True,True
NoSCAM_img_1105.jpg,NoSCAM,flowers,slow,2.505,NoSCAM_img_1105,/external-cache/fse_typographic_20260926/external/SCAM/images.zip,images/train/NoSCAM_img_1105.jpg,NoSCAM,img_1105,0.18531839549541473,0.14496192336082458,0.04035647213459015,True,False
NoSCAM_img_1106.jpg,NoSCAM,coffee machine,slow,5.431,NoSCAM_img_1106,/external-cache/fse_typographic_20260926/external/SCAM/images.zip,images/train/NoSCAM_img_1106.jpg,NoSCAM,img_1106,0.25011321902275085,0.19748377799987793,0.052629441022872925,True,False
NoSCAM_img_1107.jpg,NoSCAM,kettle,slow,2.692,NoSCAM_img_1107,/external-cache/fse_typographic_20260926/external/SCAM/images.zip,images/train/NoSCAM_img_1107.jpg,NoSCAM,img_1107,0.2581281065940857,0.1808074414730072,0.07732066512107849,True,False
NoSCAM_img_1108.jpg,NoSCAM,pasta,slow,3.445,NoSCAM_img_1108,/external-cache/fse_typographic_20260926/external/SCAM/images.zip,images/train/NoSCAM_img_1108.jpg,NoSCAM,img_1108,0.2153068482875824,0.1524994969367981,0.0628073513507843,True,False
NoSCAM_img_1109.jpg,NoSCAM,pan,slow,5.007,NoSCAM_img_1109,/external-cache/fse_typographic_20260926/external/SCAM/images.zip,images/train/NoSCAM_img_1109.jpg,NoSCAM,img_1109,0.23758262395858765,0.16425959765911102,0.07332302629947662,True,False
NoSCAM_img_1110.jpg,NoSCAM,pot,lion,7.499,NoSCAM_img_1110,/external-cache/fse_typographic_20260926/external/SCAM/images.zip,images/train/NoSCAM_img_1110.jpg,NoSCAM,img_1110,0.2602459788322449,0.12677128612995148,0.1334746927022934,True,True
NoSCAM_img_1111.jpg,NoSCAM,skimmers,hole,0.813,NoSCAM_img_1111,/external-cache/fse_typographic_20260926/external/SCAM/images.zip,images/train/NoSCAM_img_1111.jpg,NoSCAM,img_1111,0.14529481530189514,0.14971141517162323,-0.004416599869728088,False,False
NoSCAM_img_1112.jpg,NoSCAM,masher,lion,6.025,NoSCAM_img_1112,/external-cache/fse_typographic_20260926/external/SCAM/images.zip,images/train/NoSCAM_img_1112.jpg,NoSCAM,img_1112,0.17574051022529602,0.10464142262935638,0.07109908759593964,True,False
NoSCAM_img_1113.jpg,NoSCAM,whisk,hole,3.101,NoSCAM_img_1113,/external-cache/fse_typographic_20260926/external/SCAM/images.zip,images/train/NoSCAM_img_1113.jpg,NoSCAM,img_1113,0.3285094201564789,0.15267029404640198,0.1758391261100769,True,True
NoSCAM_img_1114.jpg,NoSCAM,pizza cutter,lion,5.618,NoSCAM_img_1114,/external-cache/fse_typographic_20260926/external/SCAM/images.zip,images/train/NoSCAM_img_1114.jpg,NoSCAM,img_1114,0.20706510543823242,0.11130186915397644,0.09576323628425598,True,False
NoSCAM_img_1115.jpg,NoSCAM,toaster,hole,3.246,NoSCAM_img_1115,/external-cache/fse_typographic_20260926/external/SCAM/images.zip,images/train/NoSCAM_img_1115.jpg,NoSCAM,img_1115,0.2557116448879242,0.17685121297836304,0.07886043190956116,True,True
NoSCAM_img_1116.jpg,NoSCAM,printer,exit,1.431,NoSCAM_img_1116,/external-cache/fse_typographic_20260926/external/SCAM/images.zip,images/train/NoSCAM_img_1116.jpg,NoSCAM,img_1116,0.22449088096618652,0.11989844590425491,0.10459243506193161,True,True
NoSCAM_img_1117.jpg,NoSCAM,monitor,exit,1.371,NoSCAM_img_1117,/external-cache/fse_typographic_20260926/external/SCAM/images.zip,images/train/NoSCAM_img_1117.jpg,NoSCAM,img_1117,0.22703731060028076,0.14509955048561096,0.0819377601146698,True,True
NoSCAM_img_1118.jpg,NoSCAM,mouse,exit,9.462,NoSCAM_img_1118,/external-cache/fse_typographic_20260926/external/SCAM/images.zip,images/train/NoSCAM_img_1118.jpg,NoSCAM,img_1118,0.20711416006088257,0.12438377737998962,0.08273038268089294,True,True
NoSCAM_img_1119.jpg,NoSCAM,ernie,stop,3.716,NoSCAM_img_1119,/external-cache/fse_typographic_20260926/external/SCAM/images.zip,images/train/NoSCAM_img_1119.jpg,NoSCAM,img_1119,0.24148942530155182,0.14765942096710205,0.09383000433444977,True,True
NoSCAM_img_1120.jpg,NoSCAM,pillow,slow,5.047,NoSCAM_img_1120,/external-cache/fse_typographic_20260926/external/SCAM/images.zip,images/train/NoSCAM_img_1120.jpg,NoSCAM,img_1120,0.1995505690574646,0.20575183629989624,-0.006201267242431641,False,False
NoSCAM_img_1121.jpg,NoSCAM,dvd,slow,7.389,NoSCAM_img_1121,/external-cache/fse_typographic_20260926/external/SCAM/images.zip,images/train/NoSCAM_img_1121.jpg,NoSCAM,img_1121,0.24392250180244446,0.13828667998313904,0.10563582181930542,True,True
NoSCAM_img_1122.jpg,NoSCAM,headphones,highway,4.854,NoSCAM_img_1122,/external-cache/fse_typographic_20260926/external/SCAM/images.zip,images/train/NoSCAM_img_1122.jpg,NoSCAM,img_1122,0.2533712387084961,0.10554897785186768,0.14782226085662842,True,True
NoSCAM_img_1123.jpg,NoSCAM,radio,highway,3.793,NoSCAM_img_1123,/external-cache/fse_typographic_20260926/external/SCAM/images.zip,images/train/NoSCAM_img_1123.jpg,NoSCAM,img_1123,0.2698264718055725,0.12388971447944641,0.1459367573261261,True,True
NoSCAM_img_1124.jpg,NoSCAM,cable,highway,7.241,NoSCAM_img_1124,/external-cache/fse_typographic_20260926/external/SCAM/images.zip,images/train/NoSCAM_img_1124.jpg,NoSCAM,img_1124,0.26242512464523315,0.12570051848888397,0.13672460615634918,True,False
NoSCAM_img_1125.jpg,NoSCAM,vacuum cleaner,highway,2.353,NoSCAM_img_1125,/external-cache/fse_typographic_20260926/external/SCAM/images.zip,images/train/NoSCAM_img_1125.jpg,NoSCAM,img_1125,0.2530209422111511,0.10589964687824249,0.14712129533290863,True,True
NoSCAM_img_1126.jpg,NoSCAM,vacuum cleaner,exit,2.307,NoSCAM_img_1126,/external-cache/fse_typographic_20260926/external/SCAM/images.zip,images/train/NoSCAM_img_1126.jpg,NoSCAM,img_1126,0.27625444531440735,0.1707814335823059,0.10547301173210144,True,True
NoSCAM_img_1127.jpg,NoSCAM,washing machine,stop,1.159,NoSCAM_img_1127,/external-cache/fse_typographic_20260926/external/SCAM/images.zip,images/train/NoSCAM_img_1127.jpg,NoSCAM,img_1127,0.23893257975578308,0.17016014456748962,0.06877243518829346,True,True
NoSCAM_img_1128.jpg,NoSCAM,fridge,stop,1.097,NoSCAM_img_1128,/external-cache/fse_typographic_20260926/external/SCAM/images.zip,images/train/NoSCAM_img_1128.jpg,NoSCAM,img_1128,0.18817657232284546,0.13834331929683685,0.049833253026008606,True,False
NoSCAM_img_1129.jpg,NoSCAM,microwave,exit,4.458,NoSCAM_img_1129,/external-cache/fse_typographic_20260926/external/SCAM/images.zip,images/train/NoSCAM_img_1129.jpg,NoSCAM,img_1129,0.22495481371879578,0.15185028314590454,0.07310453057289124,True,False
NoSCAM_img_1130.jpg,NoSCAM,toaster,hole,5.325,NoSCAM_img_1130,/external-cache/fse_typographic_20260926/external/SCAM/images.zip,images/train/NoSCAM_img_1130.jpg,NoSCAM,img_1130,0.2642657160758972,0.16709765791893005,0.09716805815696716,True,True
NoSCAM_img_1131.jpg,NoSCAM,coffee maker,hole,3.275,NoSCAM_img_1131,/external-cache/fse_typographic_20260926/external/SCAM/images.zip,images/train/NoSCAM_img_1131.jpg,NoSCAM,img_1131,0.24229609966278076,0.15806283056735992,0.08423326909542084,True,False
NoSCAM_img_1132.jpg,NoSCAM,contact grill,lion,5.416,NoSCAM_img_1132,/external-cache/fse_typographic_20260926/external/SCAM/images.zip,images/train/NoSCAM_img_1132.jpg,NoSCAM,img_1132,0.21702376008033752,0.13626255095005035,0.08076120913028717,True,False
NoSCAM_img_1133.jpg,NoSCAM,crepe pan,curve,1.878,NoSCAM_img_1133,/external-cache/fse_typographic_20260926/external/SCAM/images.zip,images/train/NoSCAM_img_1133.jpg,NoSCAM,img_1133,0.2282184213399887,0.1614815592765808,0.0667368620634079,True,False
NoSCAM_img_1134.jpg,NoSCAM,iron,merge,6.972,NoSCAM_img_1134,/external-cache/fse_typographic_20260926/external/SCAM/images.zip,images/train/NoSCAM_img_1134.jpg,NoSCAM,img_1134,0.1391899585723877,0.13201093673706055,0.0071790218353271484,True,False
NoSCAM_img_1135.jpg,NoSCAM,blender,sloth,3.715,NoSCAM_img_1135,/external-cache/fse_typographic_20260926/external/SCAM/images.zip,images/train/NoSCAM_img_1135.jpg,NoSCAM,img_1135,0.20462168753147125,0.11945340037345886,0.08516828715801239,True,False
NoSCAM_img_1136.jpg,NoSCAM,clothes iron,ice,7.557,NoSCAM_img_1136,/external-cache/fse_typographic_20260926/external/SCAM/images.zip,images/train/NoSCAM_img_1136.jpg,NoSCAM,img_1136,0.2412969172000885,0.1343076229095459,0.1069892942905426,True,False
NoSCAM_img_1137.jpg,NoSCAM,electric toothbrush,wet,4.199,NoSCAM_img_1137,/external-cache/fse_typographic_20260926/external/SCAM/images.zip,images/train/NoSCAM_img_1137.jpg,NoSCAM,img_1137,0.2832149863243103,0.14351806044578552,0.13969692587852478,True,True
NoSCAM_img_1138.jpg,NoSCAM,hair dryer,pig,2.745,NoSCAM_img_1138,/external-cache/fse_typographic_20260926/external/SCAM/images.zip,images/train/NoSCAM_img_1138.jpg,NoSCAM,img_1138,0.24230173230171204,0.14552560448646545,0.09677612781524658,True,True
NoSCAM_img_1139.jpg,NoSCAM,electric shaver,seed,6.482,NoSCAM_img_1139,/external-cache/fse_typographic_20260926/external/SCAM/images.zip,images/train/NoSCAM_img_1139.jpg,NoSCAM,img_1139,0.24565435945987701,0.10524065792560577,0.14041370153427124,True,True
NoSCAM_img_1140.jpg,NoSCAM,hair iron,toll,3.488,NoSCAM_img_1140,/external-cache/fse_typographic_20260926/external/SCAM/images.zip,images/train/NoSCAM_img_1140.jpg,NoSCAM,img_1140,0.23011142015457153,0.14564302563667297,0.08446839451789856,True,False
NoSCAM_img_1141.jpg,NoSCAM,watch,yield,3.141,NoSCAM_img_1141,/external-cache/fse_typographic_20260926/external/SCAM/images.zip,images/train/NoSCAM_img_1141.jpg,NoSCAM,img_1141,0.21933148801326752,0.17438216507434845,0.04494932293891907,True,False
NoSCAM_img_1142.jpg,NoSCAM,drone,dead end,4.324,NoSCAM_img_1142,/external-cache/fse_typographic_20260926/external/SCAM/images.zip,images/train/NoSCAM_img_1142.jpg,NoSCAM,img_1142,0.24883317947387695,0.14650006592273712,0.10233311355113983,True,True
NoSCAM_img_1143.jpg,NoSCAM,drone,fog,3.747,NoSCAM_img_1143,/external-cache/fse_typographic_20260926/external/SCAM/images.zip,images/train/NoSCAM_img_1143.jpg,NoSCAM,img_1143,0.24092434346675873,0.135721817612648,0.10520252585411072,True,True
NoSCAM_img_1144.jpg,NoSCAM,clock,train,7.62,NoSCAM_img_1144,/external-cache/fse_typographic_20260926/external/SCAM/images.zip,images/train/NoSCAM_img_1144.jpg,NoSCAM,img_1144,0.2451142966747284,0.15071755647659302,0.09439674019813538,True,True
NoSCAM_img_1145.jpg,NoSCAM,chair,arrow,0.42,NoSCAM_img_1145,/external-cache/fse_typographic_20260926/external/SCAM/images.zip,images/train/NoSCAM_img_1145.jpg,NoSCAM,img_1145,0.21860533952713013,0.17001652717590332,0.04858881235122681,True,True
NoSCAM_img_1146.jpg,NoSCAM,hat,cannon,2.815,NoSCAM_img_1146,/external-cache/fse_typographic_20260926/external/SCAM/images.zip,images/train/NoSCAM_img_1146.jpg,NoSCAM,img_1146,0.2344668060541153,0.17454998195171356,0.05991682410240173,True,False
NoSCAM_img_1147.jpg,NoSCAM,pouch,bell,6.378,NoSCAM_img_1147,/external-cache/fse_typographic_20260926/external/SCAM/images.zip,images/train/NoSCAM_img_1147.jpg,NoSCAM,img_1147,0.23172542452812195,0.16760720312595367,0.06411822140216827,True,False
NoSCAM_img_1148.jpg,NoSCAM,sneaker,fish,4.37,NoSCAM_img_1148,/external-cache/fse_typographic_20260926/external/SCAM/images.zip,images/train/NoSCAM_img_1148.jpg,NoSCAM,img_1148,0.23055265843868256,0.1243562400341034,0.10619641840457916,True,True
NoSCAM_img_1149.jpg,NoSCAM,bench,cart,6.443,NoSCAM_img_1149,/external-cache/fse_typographic_20260926/external/SCAM/images.zip,images/train/NoSCAM_img_1149.jpg,NoSCAM,img_1149,0.27555760741233826,0.21057415008544922,0.06498345732688904,True,True
NoSCAM_img_1150.jpg,NoSCAM,yarn,iron,6.461,NoSCAM_img_1150,/external-cache/fse_typographic_20260926/external/SCAM/images.zip,images/train/NoSCAM_img_1150.jpg,NoSCAM,img_1150,0.2515796422958374,0.18475019931793213,0.06682944297790527,True,True
NoSCAM_img_1151.jpg,NoSCAM,easel,hole,6.064,NoSCAM_img_1151,/external-cache/fse_typographic_20260926/external/SCAM/images.zip,images/train/NoSCAM_img_1151.jpg,NoSCAM,img_1151,0.2210102677345276,0.14715979993343353,0.07385046780109406,True,False
NoSCAM_img_1152.jpg,NoSCAM,calculator,lion,8.419,NoSCAM_img_1152,/external-cache/fse_typographic_20260926/external/SCAM/images.zip,images/train/NoSCAM_img_1152.jpg,NoSCAM,img_1152,0.26943862438201904,0.1042524054646492,0.16518622636795044,True,True
NoSCAM_img_1153.jpg,NoSCAM,tape dispenser,curve,3.146,NoSCAM_img_1153,/external-cache/fse_typographic_20260926/external/SCAM/images.zip,images/train/NoSCAM_img_1153.jpg,NoSCAM,img_1153,0.22952696681022644,0.14748737215995789,0.08203959465026855,True,True
NoSCAM_img_1154.jpg,NoSCAM,paint,merge,11.012,NoSCAM_img_1154,/external-cache/fse_typographic_20260926/external/SCAM/images.zip,images/train/NoSCAM_img_1154.jpg,NoSCAM,img_1154,0.13873231410980225,0.13163700699806213,0.007095307111740112,True,False
NoSCAM_img_1155.jpg,NoSCAM,pallet,sloth,9.006,NoSCAM_img_1155,/external-cache/fse_typographic_20260926/external/SCAM/images.zip,images/train/NoSCAM_img_1155.jpg,NoSCAM,img_1155,0.26889568567276,0.08639317005872726,0.18250250816345215,True,True
NoSCAM_img_1156.jpg,NoSCAM,flowers,ice,5.307,NoSCAM_img_1156,/external-cache/fse_typographic_20260926/external/SCAM/images.zip,images/train/NoSCAM_img_1156.jpg,NoSCAM,img_1156,0.21673554182052612,0.14272332191467285,0.07401221990585327,True,False
NoSCAM_img_1157.jpg,NoSCAM,flowers,wet,7.376,NoSCAM_img_1157,/external-cache/fse_typographic_20260926/external/SCAM/images.zip,images/train/NoSCAM_img_1157.jpg,NoSCAM,img_1157,0.17550590634346008,0.12343985587358475,0.052066050469875336,True,False
NoSCAM_img_1158.jpg,NoSCAM,webcam,van,10.022,NoSCAM_img_1158,/external-cache/fse_typographic_20260926/external/SCAM/images.zip,images/train/NoSCAM_img_1158.jpg,NoSCAM,img_1158,0.20561917126178741,0.12824007868766785,0.07737909257411957,True,False
NoSCAM_img_1159.jpg,NoSCAM,orange,lock,3.405,NoSCAM_img_1159,/external-cache/fse_typographic_20260926/external/SCAM/images.zip,images/train/NoSCAM_img_1159.jpg,NoSCAM,img_1159,0.2247016727924347,0.13263311982154846,0.09206855297088623,True,False
NoSCAM_img_1160.jpg,NoSCAM,phone,hammer,3.234,NoSCAM_img_1160,/external-cache/fse_typographic_20260926/external/SCAM/images.zip,images/train/NoSCAM_img_1160.jpg,NoSCAM,img_1160,0.2186872363090515,0.1587173342704773,0.05996990203857422,True,True
NoSCAM_img_1161.jpg,NoSCAM,grapes,cup,2.807,NoSCAM_img_1161,/external-cache/fse_typographic_20260926/external/SCAM/images.zip,images/train/NoSCAM_img_1161.jpg,NoSCAM,img_1161,0.19721174240112305,0.05622449144721031,0.14098724722862244,True,True
NoSCAM_img_1162.jpg,NoSCAM,radio,zebra,5.726,NoSCAM_img_1162,/external-cache/fse_typographic_20260926/external/SCAM/images.zip,images/train/NoSCAM_img_1162.jpg,NoSCAM,img_1162,0.2862463593482971,0.14812013506889343,0.1381262242794037,True,True
