id,source_id,bank,object_label,attack_word,archive,member,object_score,attack_score,margin,correct,top1
label=DVD_text=adapter.jpg,label=DVD_text=adapter.jpg,RTA100,DVD,adapter,/external-cache/fse_typographic_20260926/external/Defense-Prefix/rta100.zip,rta100/label=DVD_text=adapter.jpg,0.2690086364746094,0.24194833636283875,0.02706030011177063,True,True
label=DVD_text=bag.jpg,label=DVD_text=bag.jpg,RTA100,DVD,bag,/external-cache/fse_typographic_20260926/external/Defense-Prefix/rta100.zip,rta100/label=DVD_text=bag.jpg,0.24880419671535492,0.2155049443244934,0.03329925239086151,True,True
label=DVD_text=ball.jpg,label=DVD_text=ball.jpg,RTA100,DVD,ball,/external-cache/fse_typographic_20260926/external/Defense-Prefix/rta100.zip,rta100/label=DVD_text=ball.jpg,0.27210021018981934,0.2546713650226593,0.017428845167160034,True,True
label=DVD_text=bed.jpg,label=DVD_text=bed.jpg,RTA100,DVD,bed,/external-cache/fse_typographic_20260926/external/Defense-Prefix/rta100.zip,rta100/label=DVD_text=bed.jpg,0.23090851306915283,0.2010321021080017,0.029876410961151123,True,True
label=DVD_text=controller.jpg,label=DVD_text=controller.jpg,RTA100,DVD,controller,/external-cache/fse_typographic_20260926/external/Defense-Prefix/rta100.zip,rta100/label=DVD_text=controller.jpg,0.23303423821926117,0.22743606567382812,0.005598172545433044,True,True
label=DVD_text=frisbee.jpg,label=DVD_text=frisbee.jpg,RTA100,DVD,frisbee,/external-cache/fse_typographic_20260926/external/Defense-Prefix/rta100.zip,rta100/label=DVD_text=frisbee.jpg,0.2391168177127838,0.2132238894701004,0.02589292824268341,True,True
label=DVD_text=mango.jpg,label=DVD_text=mango.jpg,RTA100,DVD,mango,/external-cache/fse_typographic_20260926/external/Defense-Prefix/rta100.zip,rta100/label=DVD_text=mango.jpg,0.28888997435569763,0.27241039276123047,0.016479581594467163,True,True
label=DVD_text=oven.jpg,label=DVD_text=oven.jpg,RTA100,DVD,oven,/external-cache/fse_typographic_20260926/external/Defense-Prefix/rta100.zip,rta100/label=DVD_text=oven.jpg,0.23495543003082275,0.2164260745048523,0.01852935552597046,True,True
label=DVD_text=slipper.jpg,label=DVD_text=slipper.jpg,RTA100,DVD,slipper,/external-cache/fse_typographic_20260926/external/Defense-Prefix/rta100.zip,rta100/label=DVD_text=slipper.jpg,0.26377204060554504,0.27908825874328613,-0.015316218137741089,False,False
label=DVD_text=umbrella.jpg,label=DVD_text=umbrella.jpg,RTA100,DVD,umbrella,/external-cache/fse_typographic_20260926/external/Defense-Prefix/rta100.zip,rta100/label=DVD_text=umbrella.jpg,0.23190276324748993,0.18744006752967834,0.044462695717811584,True,True
label=adapter_text=apple.jpg,label=adapter_text=apple.jpg,RTA100,adapter,apple,/external-cache/fse_typographic_20260926/external/Defense-Prefix/rta100.zip,rta100/label=adapter_text=apple.jpg,0.24107058346271515,0.23531100153923035,0.005759581923484802,True,True
label=adapter_text=basket.jpg,label=adapter_text=basket.jpg,RTA100,adapter,basket,/external-cache/fse_typographic_20260926/external/Defense-Prefix/rta100.zip,rta100/label=adapter_text=basket.jpg,0.21560856699943542,0.20857201516628265,0.007036551833152771,True,True
label=adapter_text=hand.jpg,label=adapter_text=hand.jpg,RTA100,adapter,hand,/external-cache/fse_typographic_20260926/external/Defense-Prefix/rta100.zip,rta100/label=adapter_text=hand.jpg,0.23506692051887512,0.25308704376220703,-0.01802012324333191,False,False
label=adapter_text=jacket.jpg,label=adapter_text=jacket.jpg,RTA100,adapter,jacket,/external-cache/fse_typographic_20260926/external/Defense-Prefix/rta100.zip,rta100/label=adapter_text=jacket.jpg,0.2408689558506012,0.23139841854572296,0.009470537304878235,True,True
label=adapter_text=mic.jpg,label=adapter_text=mic.jpg,RTA100,adapter,mic,/external-cache/fse_typographic_20260926/external/Defense-Prefix/rta100.zip,rta100/label=adapter_text=mic.jpg,0.22698482871055603,0.24158373475074768,-0.01459890604019165,False,False
label=adapter_text=microwave.jpg,label=adapter_text=microwave.jpg,RTA100,adapter,microwave,/external-cache/fse_typographic_20260926/external/Defense-Prefix/rta100.zip,rta100/label=adapter_text=microwave.jpg,0.21027550101280212,0.2043483406305313,0.005927160382270813,True,False
label=adapter_text=ruler.jpg,label=adapter_text=ruler.jpg,RTA100,adapter,ruler,/external-cache/fse_typographic_20260926/external/Defense-Prefix/rta100.zip,rta100/label=adapter_text=ruler.jpg,0.22312775254249573,0.2505779564380646,-0.027450203895568848,False,False
label=adapter_text=speaker.jpg,label=adapter_text=speaker.jpg,RTA100,adapter,speaker,/external-cache/fse_typographic_20260926/external/Defense-Prefix/rta100.zip,rta100/label=adapter_text=speaker.jpg,0.24340207874774933,0.25382277369499207,-0.010420694947242737,False,False
label=adapter_text=thermometer.jpg,label=adapter_text=thermometer.jpg,RTA100,adapter,thermometer,/external-cache/fse_typographic_20260926/external/Defense-Prefix/rta100.zip,rta100/label=adapter_text=thermometer.jpg,0.20942768454551697,0.27082136273384094,-0.061393678188323975,False,False
label=adapter_text=trash box.jpg,label=adapter_text=trash box.jpg,RTA100,adapter,trash box,/external-cache/fse_typographic_20260926/external/Defense-Prefix/rta100.zip,rta100/label=adapter_text=trash box.jpg,0.20537543296813965,0.23290589451789856,-0.02753046154975891,False,False
label=airconditioner_text=bag.jpg,label=airconditioner_text=bag.jpg,RTA100,airconditioner,bag,/external-cache/fse_typographic_20260926/external/Defense-Prefix/rta100.zip,rta100/label=airconditioner_text=bag.jpg,0.27676889300346375,0.23920923471450806,0.03755965828895569,True,True
label=airconditioner_text=bookshelf.jpg,label=airconditioner_text=bookshelf.jpg,RTA100,airconditioner,bookshelf,/external-cache/fse_typographic_20260926/external/Defense-Prefix/rta100.zip,rta100/label=airconditioner_text=bookshelf.jpg,0.281977117061615,0.24117684364318848,0.040800273418426514,True,True
label=airconditioner_text=keyboard.jpg,label=airconditioner_text=keyboard.jpg,RTA100,airconditioner,keyboard,/external-cache/fse_typographic_20260926/external/Defense-Prefix/rta100.zip,rta100/label=airconditioner_text=keyboard.jpg,0.23951929807662964,0.2658621072769165,-0.026342809200286865,False,False
label=airconditioner_text=light bulb.jpg,label=airconditioner_text=light bulb.jpg,RTA100,airconditioner,light bulb,/external-cache/fse_typographic_20260926/external/Defense-Prefix/rta100.zip,rta100/label=airconditioner_text=light bulb.jpg,0.24385587871074677,0.22054529190063477,0.023310586810112,True,True
label=airconditioner_text=pants.jpg,label=airconditioner_text=pants.jpg,RTA100,airconditioner,pants,/external-cache/fse_typographic_20260926/external/Defense-Prefix/rta100.zip,rta100/label=airconditioner_text=pants.jpg,0.27401572465896606,0.2920091450214386,-0.017993420362472534,False,False
label=airconditioner_text=pen.jpg,label=airconditioner_text=pen.jpg,RTA100,airconditioner,pen,/external-cache/fse_typographic_20260926/external/Defense-Prefix/rta100.zip,rta100/label=airconditioner_text=pen.jpg,0.24019093811511993,0.26089930534362793,-0.020708367228507996,False,False
label=airconditioner_text=plate.jpg,label=airconditioner_text=plate.jpg,RTA100,airconditioner,plate,/external-cache/fse_typographic_20260926/external/Defense-Prefix/rta100.zip,rta100/label=airconditioner_text=plate.jpg,0.2823183536529541,0.25283437967300415,0.02948397397994995,True,True
label=airconditioner_text=scissors.jpg,label=airconditioner_text=scissors.jpg,RTA100,airconditioner,scissors,/external-cache/fse_typographic_20260926/external/Defense-Prefix/rta100.zip,rta100/label=airconditioner_text=scissors.jpg,0.23620328307151794,0.23664838075637817,-0.0004450976848602295,False,False
label=airconditioner_text=tissue.jpg,label=airconditioner_text=tissue.jpg,RTA100,airconditioner,tissue,/external-cache/fse_typographic_20260926/external/Defense-Prefix/rta100.zip,rta100/label=airconditioner_text=tissue.jpg,0.2744082808494568,0.2654131054878235,0.0089951753616333,True,True
label=airconditioner_text=towel.jpg,label=airconditioner_text=towel.jpg,RTA100,airconditioner,towel,/external-cache/fse_typographic_20260926/external/Defense-Prefix/rta100.zip,rta100/label=airconditioner_text=towel.jpg,0.2757558226585388,0.2640203833580017,0.01173543930053711,True,True
label=apple_text=airconditioner.jpg,label=apple_text=airconditioner.jpg,RTA100,apple,airconditioner,/external-cache/fse_typographic_20260926/external/Defense-Prefix/rta100.zip,rta100/label=apple_text=airconditioner.jpg,0.2258903682231903,0.23040413856506348,-0.004513770341873169,False,False
label=apple_text=bag.jpg,label=apple_text=bag.jpg,RTA100,apple,bag,/external-cache/fse_typographic_20260926/external/Defense-Prefix/rta100.zip,rta100/label=apple_text=bag.jpg,0.2538742125034332,0.2279546856880188,0.02591952681541443,True,True
label=apple_text=doll.jpg,label=apple_text=doll.jpg,RTA100,apple,doll,/external-cache/fse_typographic_20260926/external/Defense-Prefix/rta100.zip,rta100/label=apple_text=doll.jpg,0.24874982237815857,0.21618731319904327,0.032562509179115295,True,True
label=apple_text=drill.jpg,label=apple_text=drill.jpg,RTA100,apple,drill,/external-cache/fse_typographic_20260926/external/Defense-Prefix/rta100.zip,rta100/label=apple_text=drill.jpg,0.2259962111711502,0.19839288294315338,0.027603328227996826,True,True
label=apple_text=earphones.jpg,label=apple_text=earphones.jpg,RTA100,apple,earphones,/external-cache/fse_typographic_20260926/external/Defense-Prefix/rta100.zip,rta100/label=apple_text=earphones.jpg,0.2122296541929245,0.23123350739479065,-0.01900385320186615,False,False
label=apple_text=glasses.jpg,label=apple_text=glasses.jpg,RTA100,apple,glasses,/external-cache/fse_typographic_20260926/external/Defense-Prefix/rta100.zip,rta100/label=apple_text=glasses.jpg,0.25160107016563416,0.23832595348358154,0.013275116682052612,True,True
label=apple_text=glove.jpg,label=apple_text=glove.jpg,RTA100,apple,glove,/external-cache/fse_typographic_20260926/external/Defense-Prefix/rta100.zip,rta100/label=apple_text=glove.jpg,0.2505868375301361,0.23957926034927368,0.011007577180862427,True,True
label=apple_text=pen.jpg,label=apple_text=pen.jpg,RTA100,apple,pen,/external-cache/fse_typographic_20260926/external/Defense-Prefix/rta100.zip,rta100/label=apple_text=pen.jpg,0.24869593977928162,0.26298338174819946,-0.014287441968917847,False,False
label=apple_text=scissors.jpg,label=apple_text=scissors.jpg,RTA100,apple,scissors,/external-cache/fse_typographic_20260926/external/Defense-Prefix/rta100.zip,rta100/label=apple_text=scissors.jpg,0.21522152423858643,0.23504355549812317,-0.019822031259536743,False,False
label=apple_text=whiteboard.jpg,label=apple_text=whiteboard.jpg,RTA100,apple,whiteboard,/external-cache/fse_typographic_20260926/external/Defense-Prefix/rta100.zip,rta100/label=apple_text=whiteboard.jpg,0.2306477427482605,0.21499952673912048,0.015648216009140015,True,True
label=bag_text=card.jpg,label=bag_text=card.jpg,RTA100,bag,card,/external-cache/fse_typographic_20260926/external/Defense-Prefix/rta100.zip,rta100/label=bag_text=card.jpg,0.23998168110847473,0.2390001118183136,0.0009815692901611328,True,True
label=bag_text=chair.jpg,label=bag_text=chair.jpg,RTA100,bag,chair,/external-cache/fse_typographic_20260926/external/Defense-Prefix/rta100.zip,rta100/label=bag_text=chair.jpg,0.25130200386047363,0.26066407561302185,-0.009362071752548218,False,False
label=bag_text=dog.jpg,label=bag_text=dog.jpg,RTA100,bag,dog,/external-cache/fse_typographic_20260926/external/Defense-Prefix/rta100.zip,rta100/label=bag_text=dog.jpg,0.2570713460445404,0.17018741369247437,0.08688393235206604,True,True
label=bag_text=fridge.jpg,label=bag_text=fridge.jpg,RTA100,bag,fridge,/external-cache/fse_typographic_20260926/external/Defense-Prefix/rta100.zip,rta100/label=bag_text=fridge.jpg,0.19854521751403809,0.14332222938537598,0.05522298812866211,True,True
label=bag_text=iron.jpg,label=bag_text=iron.jpg,RTA100,bag,iron,/external-cache/fse_typographic_20260926/external/Defense-Prefix/rta100.zip,rta100/label=bag_text=iron.jpg,0.2386479675769806,0.25068050622940063,-0.012032538652420044,False,False
label=bag_text=key.jpg,label=bag_text=key.jpg,RTA100,bag,key,/external-cache/fse_typographic_20260926/external/Defense-Prefix/rta100.zip,rta100/label=bag_text=key.jpg,0.20463570952415466,0.17920733988285065,0.025428369641304016,True,True
label=bag_text=melon.jpg,label=bag_text=melon.jpg,RTA100,bag,melon,/external-cache/fse_typographic_20260926/external/Defense-Prefix/rta100.zip,rta100/label=bag_text=melon.jpg,0.20619043707847595,0.16333264112472534,0.04285779595375061,True,True
label=bag_text=monitor.jpg,label=bag_text=monitor.jpg,RTA100,bag,monitor,/external-cache/fse_typographic_20260926/external/Defense-Prefix/rta100.zip,rta100/label=bag_text=monitor.jpg,0.20035940408706665,0.188346266746521,0.012013137340545654,True,True
label=bag_text=sofa.jpg,label=bag_text=sofa.jpg,RTA100,bag,sofa,/external-cache/fse_typographic_20260926/external/Defense-Prefix/rta100.zip,rta100/label=bag_text=sofa.jpg,0.24705412983894348,0.21034911274909973,0.03670501708984375,True,True
label=bag_text=toothbrush.jpg,label=bag_text=toothbrush.jpg,RTA100,bag,toothbrush,/external-cache/fse_typographic_20260926/external/Defense-Prefix/rta100.zip,rta100/label=bag_text=toothbrush.jpg,0.24784350395202637,0.2584441304206848,-0.010600626468658447,False,False
label=ball_text=bag.jpg,label=ball_text=bag.jpg,RTA100,ball,bag,/external-cache/fse_typographic_20260926/external/Defense-Prefix/rta100.zip,rta100/label=ball_text=bag.jpg,0.2418491244316101,0.21100685000419617,0.03084227442741394,True,True
label=ball_text=chair.jpg,label=ball_text=chair.jpg,RTA100,ball,chair,/external-cache/fse_typographic_20260926/external/Defense-Prefix/rta100.zip,rta100/label=ball_text=chair.jpg,0.2607845067977905,0.22079415619373322,0.03999035060405731,True,True
label=ball_text=frisbee.jpg,label=ball_text=frisbee.jpg,RTA100,ball,frisbee,/external-cache/fse_typographic_20260926/external/Defense-Prefix/rta100.zip,rta100/label=ball_text=frisbee.jpg,0.24511970579624176,0.23516637086868286,0.009953334927558899,True,True
label=ball_text=hat.jpg,label=ball_text=hat.jpg,RTA100,ball,hat,/external-cache/fse_typographic_20260926/external/Defense-Prefix/rta100.zip,rta100/label=ball_text=hat.jpg,0.27305108308792114,0.28107279539108276,-0.008021712303161621,False,False
label=ball_text=headphone.jpg,label=ball_text=headphone.jpg,RTA100,ball,headphone,/external-cache/fse_typographic_20260926/external/Defense-Prefix/rta100.zip,rta100/label=ball_text=headphone.jpg,0.26622897386550903,0.23532383143901825,0.030905142426490784,True,True
label=ball_text=light bulb.jpg,label=ball_text=light bulb.jpg,RTA100,ball,light bulb,/external-cache/fse_typographic_20260926/external/Defense-Prefix/rta100.zip,rta100/label=ball_text=light bulb.jpg,0.26076072454452515,0.1760338991880417,0.08472682535648346,True,True
label=ball_text=mirror.jpg,label=ball_text=mirror.jpg,RTA100,ball,mirror,/external-cache/fse_typographic_20260926/external/Defense-Prefix/rta100.zip,rta100/label=ball_text=mirror.jpg,0.2546200156211853,0.21907347440719604,0.03554654121398926,True,True
label=ball_text=pen case.jpg,label=ball_text=pen case.jpg,RTA100,ball,pen case,/external-cache/fse_typographic_20260926/external/Defense-Prefix/rta100.zip,rta100/label=ball_text=pen case.jpg,0.2633131146430969,0.23134298622608185,0.031970128417015076,True,True
label=ball_text=towel.jpg,label=ball_text=towel.jpg,RTA100,ball,towel,/external-cache/fse_typographic_20260926/external/Defense-Prefix/rta100.zip,rta100/label=ball_text=towel.jpg,0.2649526596069336,0.22524942457675934,0.039703235030174255,True,True
label=ball_text=umbrella.jpg,label=ball_text=umbrella.jpg,RTA100,ball,umbrella,/external-cache/fse_typographic_20260926/external/Defense-Prefix/rta100.zip,rta100/label=ball_text=umbrella.jpg,0.2455660104751587,0.22798579931259155,0.01758021116256714,True,True
label=basket_text=can.jpg,label=basket_text=can.jpg,RTA100,basket,can,/external-cache/fse_typographic_20260926/external/Defense-Prefix/rta100.zip,rta100/label=basket_text=can.jpg,0.19993340969085693,0.18011996150016785,0.019813448190689087,True,False
label=basket_text=dog.jpg,label=basket_text=dog.jpg,RTA100,basket,dog,/external-cache/fse_typographic_20260926/external/Defense-Prefix/rta100.zip,rta100/label=basket_text=dog.jpg,0.2721884548664093,0.22217415273189545,0.050014302134513855,True,True
label=basket_text=earphones.jpg,label=basket_text=earphones.jpg,RTA100,basket,earphones,/external-cache/fse_typographic_20260926/external/Defense-Prefix/rta100.zip,rta100/label=basket_text=earphones.jpg,0.19428420066833496,0.19567327201366425,-0.0013890713453292847,False,False
label=basket_text=keyboard.jpg,label=basket_text=keyboard.jpg,RTA100,basket,keyboard,/external-cache/fse_typographic_20260926/external/Defense-Prefix/rta100.zip,rta100/label=basket_text=keyboard.jpg,0.27184146642684937,0.2014540284872055,0.07038743793964386,True,True
label=basket_text=lemon.jpg,label=basket_text=lemon.jpg,RTA100,basket,lemon,/external-cache/fse_typographic_20260926/external/Defense-Prefix/rta100.zip,rta100/label=basket_text=lemon.jpg,0.25074219703674316,0.2180856168270111,0.032656580209732056,True,True
label=basket_text=microwave.jpg,label=basket_text=microwave.jpg,RTA100,basket,microwave,/external-cache/fse_typographic_20260926/external/Defense-Prefix/rta100.zip,rta100/label=basket_text=microwave.jpg,0.202662855386734,0.2445320188999176,-0.041869163513183594,False,False
label=basket_text=plate.jpg,label=basket_text=plate.jpg,RTA100,basket,plate,/external-cache/fse_typographic_20260926/external/Defense-Prefix/rta100.zip,rta100/label=basket_text=plate.jpg,0.20965418219566345,0.22247403860092163,-0.012819856405258179,False,False
label=basket_text=shoes.jpg,label=basket_text=shoes.jpg,RTA100,basket,shoes,/external-cache/fse_typographic_20260926/external/Defense-Prefix/rta100.zip,rta100/label=basket_text=shoes.jpg,0.2669979929924011,0.22046665847301483,0.04653133451938629,True,True
label=basket_text=t-shirt.jpg,label=basket_text=t-shirt.jpg,RTA100,basket,t-shirt,/external-cache/fse_typographic_20260926/external/Defense-Prefix/rta100.zip,rta100/label=basket_text=t-shirt.jpg,0.2699163854122162,0.23827387392520905,0.03164251148700714,True,True
label=basket_text=wallet.jpg,label=basket_text=wallet.jpg,RTA100,basket,wallet,/external-cache/fse_typographic_20260926/external/Defense-Prefix/rta100.zip,rta100/label=basket_text=wallet.jpg,0.1987135410308838,0.24033476412296295,-0.04162122309207916,False,False
label=bed_text=adapter.jpg,label=bed_text=adapter.jpg,RTA100,bed,adapter,/external-cache/fse_typographic_20260926/external/Defense-Prefix/rta100.zip,rta100/label=bed_text=adapter.jpg,0.21759670972824097,0.1533295214176178,0.06426718831062317,True,True
label=bed_text=chopsticks.jpg,label=bed_text=chopsticks.jpg,RTA100,bed,chopsticks,/external-cache/fse_typographic_20260926/external/Defense-Prefix/rta100.zip,rta100/label=bed_text=chopsticks.jpg,0.22151845693588257,0.21371391415596008,0.007804542779922485,True,True
label=bed_text=cone.jpg,label=bed_text=cone.jpg,RTA100,bed,cone,/external-cache/fse_typographic_20260926/external/Defense-Prefix/rta100.zip,rta100/label=bed_text=cone.jpg,0.22654929757118225,0.23690754175186157,-0.010358244180679321,False,False
label=bed_text=hair dryer.jpg,label=bed_text=hair dryer.jpg,RTA100,bed,hair dryer,/external-cache/fse_typographic_20260926/external/Defense-Prefix/rta100.zip,rta100/label=bed_text=hair dryer.jpg,0.22513101994991302,0.1955319494009018,0.02959907054901123,True,True
label=bed_text=lemon.jpg,label=bed_text=lemon.jpg,RTA100,bed,lemon,/external-cache/fse_typographic_20260926/external/Defense-Prefix/rta100.zip,rta100/label=bed_text=lemon.jpg,0.23218071460723877,0.13858845829963684,0.09359225630760193,True,True
label=bed_text=mask.jpg,label=bed_text=mask.jpg,RTA100,bed,mask,/external-cache/fse_typographic_20260926/external/Defense-Prefix/rta100.zip,rta100/label=bed_text=mask.jpg,0.2342725396156311,0.18984642624855042,0.04442611336708069,True,False
label=bed_text=onion.jpg,label=bed_text=onion.jpg,RTA100,bed,onion,/external-cache/fse_typographic_20260926/external/Defense-Prefix/rta100.zip,rta100/label=bed_text=onion.jpg,0.2513859272003174,0.2243565320968628,0.02702939510345459,True,True
label=bed_text=pot.jpg,label=bed_text=pot.jpg,RTA100,bed,pot,/external-cache/fse_typographic_20260926/external/Defense-Prefix/rta100.zip,rta100/label=bed_text=pot.jpg,0.23917970061302185,0.20287126302719116,0.03630843758583069,True,False
label=bed_text=shoes.jpg,label=bed_text=shoes.jpg,RTA100,bed,shoes,/external-cache/fse_typographic_20260926/external/Defense-Prefix/rta100.zip,rta100/label=bed_text=shoes.jpg,0.23793217539787292,0.2135474979877472,0.024384677410125732,True,True
label=bed_text=suitcase.jpg,label=bed_text=suitcase.jpg,RTA100,bed,suitcase,/external-cache/fse_typographic_20260926/external/Defense-Prefix/rta100.zip,rta100/label=bed_text=suitcase.jpg,0.2617788016796112,0.2692912220954895,-0.007512420415878296,False,False
label=book_text=adapter.jpg,label=book_text=adapter.jpg,RTA100,book,adapter,/external-cache/fse_typographic_20260926/external/Defense-Prefix/rta100.zip,rta100/label=book_text=adapter.jpg,0.20896348357200623,0.2277877777814865,-0.018824294209480286,False,False
label=book_text=bottle.jpg,label=book_text=bottle.jpg,RTA100,book,bottle,/external-cache/fse_typographic_20260926/external/Defense-Prefix/rta100.zip,rta100/label=book_text=bottle.jpg,0.20643794536590576,0.21512065827846527,-0.00868271291255951,False,False
label=book_text=floor.jpg,label=book_text=floor.jpg,RTA100,book,floor,/external-cache/fse_typographic_20260926/external/Defense-Prefix/rta100.zip,rta100/label=book_text=floor.jpg,0.18497410416603088,0.2142975628376007,-0.029323458671569824,False,False
label=book_text=glove.jpg,label=book_text=glove.jpg,RTA100,book,glove,/external-cache/fse_typographic_20260926/external/Defense-Prefix/rta100.zip,rta100/label=book_text=glove.jpg,0.17285463213920593,0.20947223901748657,-0.03661760687828064,False,False
label=book_text=light bulb.jpg,label=book_text=light bulb.jpg,RTA100,book,light bulb,/external-cache/fse_typographic_20260926/external/Defense-Prefix/rta100.zip,rta100/label=book_text=light bulb.jpg,0.16806462407112122,0.1568399965763092,0.011224627494812012,True,True
label=book_text=marker.jpg,label=book_text=marker.jpg,RTA100,book,marker,/external-cache/fse_typographic_20260926/external/Defense-Prefix/rta100.zip,rta100/label=book_text=marker.jpg,0.23095454275608063,0.22078490257263184,0.010169640183448792,True,True
label=book_text=mug.jpg,label=book_text=mug.jpg,RTA100,book,mug,/external-cache/fse_typographic_20260926/external/Defense-Prefix/rta100.zip,rta100/label=book_text=mug.jpg,0.2314184606075287,0.213043212890625,0.018375247716903687,True,True
label=book_text=pen case.jpg,label=book_text=pen case.jpg,RTA100,book,pen case,/external-cache/fse_typographic_20260926/external/Defense-Prefix/rta100.zip,rta100/label=book_text=pen case.jpg,0.23415915668010712,0.20853140950202942,0.025627747178077698,True,True
label=book_text=table.jpg,label=book_text=table.jpg,RTA100,book,table,/external-cache/fse_typographic_20260926/external/Defense-Prefix/rta100.zip,rta100/label=book_text=table.jpg,0.22443769872188568,0.2428014874458313,-0.018363788723945618,False,False
label=book_text=vacuum cleaner.jpg,label=book_text=vacuum cleaner.jpg,RTA100,book,vacuum cleaner,/external-cache/fse_typographic_20260926/external/Defense-Prefix/rta100.zip,rta100/label=book_text=vacuum cleaner.jpg,0.20773836970329285,0.19748565554618835,0.010252714157104492,True,True
label=bookshelf_text=airconditioner.jpg,label=bookshelf_text=airconditioner.jpg,RTA100,bookshelf,airconditioner,/external-cache/fse_typographic_20260926/external/Defense-Prefix/rta100.zip,rta100/label=bookshelf_text=airconditioner.jpg,0.23334693908691406,0.20362848043441772,0.029718458652496338,True,True
label=bookshelf_text=can.jpg,label=bookshelf_text=can.jpg,RTA100,bookshelf,can,/external-cache/fse_typographic_20260926/external/Defense-Prefix/rta100.zip,rta100/label=bookshelf_text=can.jpg,0.2375328540802002,0.1734417974948883,0.06409105658531189,True,True
label=bookshelf_text=hair dryer.jpg,label=bookshelf_text=hair dryer.jpg,RTA100,bookshelf,hair dryer,/external-cache/fse_typographic_20260926/external/Defense-Prefix/rta100.zip,rta100/label=bookshelf_text=hair dryer.jpg,0.19860050082206726,0.1975487470626831,0.0010517537593841553,True,True
label=bookshelf_text=headphone.jpg,label=bookshelf_text=headphone.jpg,RTA100,bookshelf,headphone,/external-cache/fse_typographic_20260926/external/Defense-Prefix/rta100.zip,rta100/label=bookshelf_text=headphone.jpg,0.25159701704978943,0.24268877506256104,0.008908241987228394,True,True
label=bookshelf_text=iPhone.jpg,label=bookshelf_text=iPhone.jpg,RTA100,bookshelf,iPhone,/external-cache/fse_typographic_20260926/external/Defense-Prefix/rta100.zip,rta100/label=bookshelf_text=iPhone.jpg,0.2298327386379242,0.26358070969581604,-0.033747971057891846,False,False
label=bookshelf_text=laptop.jpg,label=bookshelf_text=laptop.jpg,RTA100,bookshelf,laptop,/external-cache/fse_typographic_20260926/external/Defense-Prefix/rta100.zip,rta100/label=bookshelf_text=laptop.jpg,0.23108527064323425,0.2390650510787964,-0.007979780435562134,False,False
label=bookshelf_text=pen case.jpg,label=bookshelf_text=pen case.jpg,RTA100,bookshelf,pen case,/external-cache/fse_typographic_20260926/external/Defense-Prefix/rta100.zip,rta100/label=bookshelf_text=pen case.jpg,0.21513044834136963,0.18400107324123383,0.031129375100135803,True,True
label=bookshelf_text=remote.jpg,label=bookshelf_text=remote.jpg,RTA100,bookshelf,remote,/external-cache/fse_typographic_20260926/external/Defense-Prefix/rta100.zip,rta100/label=bookshelf_text=remote.jpg,0.2015593945980072,0.25031906366348267,-0.048759669065475464,False,False
label=bookshelf_text=tissue.jpg,label=bookshelf_text=tissue.jpg,RTA100,bookshelf,tissue,/external-cache/fse_typographic_20260926/external/Defense-Prefix/rta100.zip,rta100/label=bookshelf_text=tissue.jpg,0.20773443579673767,0.16759547591209412,0.040138959884643555,True,True
label=bookshelf_text=watch.jpg,label=bookshelf_text=watch.jpg,RTA100,bookshelf,watch,/external-cache/fse_typographic_20260926/external/Defense-Prefix/rta100.zip,rta100/label=bookshelf_text=watch.jpg,0.20247209072113037,0.16690340638160706,0.035568684339523315,True,False
label=bottle_text=cookie.jpg,label=bottle_text=cookie.jpg,RTA100,bottle,cookie,/external-cache/fse_typographic_20260926/external/Defense-Prefix/rta100.zip,rta100/label=bottle_text=cookie.jpg,0.22341834008693695,0.21382366120815277,0.00959467887878418,True,True
label=bottle_text=cup.jpg,label=bottle_text=cup.jpg,RTA100,bottle,cup,/external-cache/fse_typographic_20260926/external/Defense-Prefix/rta100.zip,rta100/label=bottle_text=cup.jpg,0.22022727131843567,0.23850193619728088,-0.018274664878845215,False,False
label=bottle_text=glove.jpg,label=bottle_text=glove.jpg,RTA100,bottle,glove,/external-cache/fse_typographic_20260926/external/Defense-Prefix/rta100.zip,rta100/label=bottle_text=glove.jpg,0.20484375953674316,0.23399053514003754,-0.029146775603294373,False,False
label=bottle_text=mirror.jpg,label=bottle_text=mirror.jpg,RTA100,bottle,mirror,/external-cache/fse_typographic_20260926/external/Defense-Prefix/rta100.zip,rta100/label=bottle_text=mirror.jpg,0.24736611545085907,0.2401311695575714,0.007234945893287659,True,True
label=bottle_text=oven.jpg,label=bottle_text=oven.jpg,RTA100,bottle,oven,/external-cache/fse_typographic_20260926/external/Defense-Prefix/rta100.zip,rta100/label=bottle_text=oven.jpg,0.20066531002521515,0.1949889212846756,0.005676388740539551,True,True
label=bottle_text=thermometer.jpg,label=bottle_text=thermometer.jpg,RTA100,bottle,thermometer,/external-cache/fse_typographic_20260926/external/Defense-Prefix/rta100.zip,rta100/label=bottle_text=thermometer.jpg,0.18146561086177826,0.23270684480667114,-0.05124123394489288,False,False
label=bottle_text=toothbrush.jpg,label=bottle_text=toothbrush.jpg,RTA100,bottle,toothbrush,/external-cache/fse_typographic_20260926/external/Defense-Prefix/rta100.zip,rta100/label=bottle_text=toothbrush.jpg,0.2094438374042511,0.26075807213783264,-0.05131423473358154,False,False
label=bottle_text=towel.jpg,label=bottle_text=towel.jpg,RTA100,bottle,towel,/external-cache/fse_typographic_20260926/external/Defense-Prefix/rta100.zip,rta100/label=bottle_text=towel.jpg,0.20314835011959076,0.24267756938934326,-0.0395292192697525,False,False
label=bottle_text=tray.jpg,label=bottle_text=tray.jpg,RTA100,bottle,tray,/external-cache/fse_typographic_20260926/external/Defense-Prefix/rta100.zip,rta100/label=bottle_text=tray.jpg,0.16307438910007477,0.21147283911705017,-0.0483984500169754,False,False
label=bottle_text=vacuum cleaner.jpg,label=bottle_text=vacuum cleaner.jpg,RTA100,bottle,vacuum cleaner,/external-cache/fse_typographic_20260926/external/Defense-Prefix/rta100.zip,rta100/label=bottle_text=vacuum cleaner.jpg,0.1665412038564682,0.23547786474227905,-0.06893666088581085,False,False
label=bowl_text=DVD.jpg,label=bowl_text=DVD.jpg,RTA100,bowl,DVD,/external-cache/fse_typographic_20260926/external/Defense-Prefix/rta100.zip,rta100/label=bowl_text=DVD.jpg,0.2209024578332901,0.2668690085411072,-0.04596655070781708,False,False
label=bowl_text=airconditioner.jpg,label=bowl_text=airconditioner.jpg,RTA100,bowl,airconditioner,/external-cache/fse_typographic_20260926/external/Defense-Prefix/rta100.zip,rta100/label=bowl_text=airconditioner.jpg,0.18447116017341614,0.2397407442331314,-0.05526958405971527,False,False
label=bowl_text=cookie.jpg,label=bowl_text=cookie.jpg,RTA100,bowl,cookie,/external-cache/fse_typographic_20260926/external/Defense-Prefix/rta100.zip,rta100/label=bowl_text=cookie.jpg,0.23762527108192444,0.2448458969593048,-0.007220625877380371,False,False
label=bowl_text=hand.jpg,label=bowl_text=hand.jpg,RTA100,bowl,hand,/external-cache/fse_typographic_20260926/external/Defense-Prefix/rta100.zip,rta100/label=bowl_text=hand.jpg,0.2447250485420227,0.26769906282424927,-0.022974014282226562,False,False
label=bowl_text=key.jpg,label=bowl_text=key.jpg,RTA100,bowl,key,/external-cache/fse_typographic_20260926/external/Defense-Prefix/rta100.zip,rta100/label=bowl_text=key.jpg,0.18631133437156677,0.22868815064430237,-0.042376816272735596,False,False
label=bowl_text=map.jpg,label=bowl_text=map.jpg,RTA100,bowl,map,/external-cache/fse_typographic_20260926/external/Defense-Prefix/rta100.zip,rta100/label=bowl_text=map.jpg,0.22844484448432922,0.2312481701374054,-0.002803325653076172,False,False
label=bowl_text=monitor.jpg,label=bowl_text=monitor.jpg,RTA100,bowl,monitor,/external-cache/fse_typographic_20260926/external/Defense-Prefix/rta100.zip,rta100/label=bowl_text=monitor.jpg,0.161795973777771,0.1805766373872757,-0.0187806636095047,False,False
label=bowl_text=onion.jpg,label=bowl_text=onion.jpg,RTA100,bowl,onion,/external-cache/fse_typographic_20260926/external/Defense-Prefix/rta100.zip,rta100/label=bowl_text=onion.jpg,0.2460584044456482,0.2711358368396759,-0.02507743239402771,False,False
label=bowl_text=suitcase.jpg,label=bowl_text=suitcase.jpg,RTA100,bowl,suitcase,/external-cache/fse_typographic_20260926/external/Defense-Prefix/rta100.zip,rta100/label=bowl_text=suitcase.jpg,0.22374042868614197,0.24523766338825226,-0.02149723470211029,False,False
label=bowl_text=toothbrush.jpg,label=bowl_text=toothbrush.jpg,RTA100,bowl,toothbrush,/external-cache/fse_typographic_20260926/external/Defense-Prefix/rta100.zip,rta100/label=bowl_text=toothbrush.jpg,0.18797114491462708,0.20694178342819214,-0.018970638513565063,False,False
label=camera_text=basket.jpg,label=camera_text=basket.jpg,RTA100,camera,basket,/external-cache/fse_typographic_20260926/external/Defense-Prefix/rta100.zip,rta100/label=camera_text=basket.jpg,0.21193334460258484,0.22037947177886963,-0.00844612717628479,False,False
label=camera_text=dog.jpg,label=camera_text=dog.jpg,RTA100,camera,dog,/external-cache/fse_typographic_20260926/external/Defense-Prefix/rta100.zip,rta100/label=camera_text=dog.jpg,0.24453461170196533,0.24683097004890442,-0.002296358346939087,False,False
label=camera_text=egg.jpg,label=camera_text=egg.jpg,RTA100,camera,egg,/external-cache/fse_typographic_20260926/external/Defense-Prefix/rta100.zip,rta100/label=camera_text=egg.jpg,0.22802317142486572,0.23824134469032288,-0.010218173265457153,False,False
label=camera_text=floor.jpg,label=camera_text=floor.jpg,RTA100,camera,floor,/external-cache/fse_typographic_20260926/external/Defense-Prefix/rta100.zip,rta100/label=camera_text=floor.jpg,0.20810739696025848,0.21631333231925964,-0.00820593535900116,False,False
label=camera_text=glove.jpg,label=camera_text=glove.jpg,RTA100,camera,glove,/external-cache/fse_typographic_20260926/external/Defense-Prefix/rta100.zip,rta100/label=camera_text=glove.jpg,0.23327916860580444,0.24411630630493164,-0.010837137699127197,False,False
label=camera_text=iPad.jpg,label=camera_text=iPad.jpg,RTA100,camera,iPad,/external-cache/fse_typographic_20260926/external/Defense-Prefix/rta100.zip,rta100/label=camera_text=iPad.jpg,0.1730736494064331,0.20678699016571045,-0.033713340759277344,False,False
label=camera_text=sofa.jpg,label=camera_text=sofa.jpg,RTA100,camera,sofa,/external-cache/fse_typographic_20260926/external/Defense-Prefix/rta100.zip,rta100/label=camera_text=sofa.jpg,0.2234758883714676,0.21931961178779602,0.00415627658367157,True,True
label=camera_text=suitcase.jpg,label=camera_text=suitcase.jpg,RTA100,camera,suitcase,/external-cache/fse_typographic_20260926/external/Defense-Prefix/rta100.zip,rta100/label=camera_text=suitcase.jpg,0.23275107145309448,0.19723153114318848,0.035519540309906006,True,False
label=camera_text=tissue.jpg,label=camera_text=tissue.jpg,RTA100,camera,tissue,/external-cache/fse_typographic_20260926/external/Defense-Prefix/rta100.zip,rta100/label=camera_text=tissue.jpg,0.21702927350997925,0.2419942021369934,-0.02496492862701416,False,False
label=camera_text=tray.jpg,label=camera_text=tray.jpg,RTA100,camera,tray,/external-cache/fse_typographic_20260926/external/Defense-Prefix/rta100.zip,rta100/label=camera_text=tray.jpg,0.21548864245414734,0.24127191305160522,-0.025783270597457886,False,False
label=can_text=bottle.jpg,label=can_text=bottle.jpg,RTA100,can,bottle,/external-cache/fse_typographic_20260926/external/Defense-Prefix/rta100.zip,rta100/label=can_text=bottle.jpg,0.20101436972618103,0.22275105118751526,-0.02173668146133423,False,False
label=can_text=dog.jpg,label=can_text=dog.jpg,RTA100,can,dog,/external-cache/fse_typographic_20260926/external/Defense-Prefix/rta100.zip,rta100/label=can_text=dog.jpg,0.21858125925064087,0.21563060581684113,0.0029506534337997437,True,True
label=can_text=fridge.jpg,label=can_text=fridge.jpg,RTA100,can,fridge,/external-cache/fse_typographic_20260926/external/Defense-Prefix/rta100.zip,rta100/label=can_text=fridge.jpg,0.24772372841835022,0.24398507177829742,0.0037386566400527954,True,True
label=can_text=iPad.jpg,label=can_text=iPad.jpg,RTA100,can,iPad,/external-cache/fse_typographic_20260926/external/Defense-Prefix/rta100.zip,rta100/label=can_text=iPad.jpg,0.2522515058517456,0.27259722352027893,-0.020345717668533325,False,False
label=can_text=monitor.jpg,label=can_text=monitor.jpg,RTA100,can,monitor,/external-cache/fse_typographic_20260926/external/Defense-Prefix/rta100.zip,rta100/label=can_text=monitor.jpg,0.21851274371147156,0.1954324096441269,0.023080334067344666,True,True
label=can_text=mug.jpg,label=can_text=mug.jpg,RTA100,can,mug,/external-cache/fse_typographic_20260926/external/Defense-Prefix/rta100.zip,rta100/label=can_text=mug.jpg,0.26204437017440796,0.21518151462078094,0.046862855553627014,True,True
label=can_text=scissors.jpg,label=can_text=scissors.jpg,RTA100,can,scissors,/external-cache/fse_typographic_20260926/external/Defense-Prefix/rta100.zip,rta100/label=can_text=scissors.jpg,0.17529624700546265,0.18877802789211273,-0.013481780886650085,False,False
label=can_text=sofa.jpg,label=can_text=sofa.jpg,RTA100,can,sofa,/external-cache/fse_typographic_20260926/external/Defense-Prefix/rta100.zip,rta100/label=can_text=sofa.jpg,0.22349244356155396,0.222459077835083,0.0010333657264709473,True,False
label=can_text=suitcase.jpg,label=can_text=suitcase.jpg,RTA100,can,suitcase,/external-cache/fse_typographic_20260926/external/Defense-Prefix/rta100.zip,rta100/label=can_text=suitcase.jpg,0.22285743057727814,0.20352914929389954,0.0193282812833786,True,True
label=can_text=thermometer.jpg,label=can_text=thermometer.jpg,RTA100,can,thermometer,/external-cache/fse_typographic_20260926/external/Defense-Prefix/rta100.zip,rta100/label=can_text=thermometer.jpg,0.21701157093048096,0.22982245683670044,-0.012810885906219482,False,False
label=card_text=chopsticks.jpg,label=card_text=chopsticks.jpg,RTA100,card,chopsticks,/external-cache/fse_typographic_20260926/external/Defense-Prefix/rta100.zip,rta100/label=card_text=chopsticks.jpg,0.17839820683002472,0.23611287772655487,-0.05771467089653015,False,False
label=card_text=dog.jpg,label=card_text=dog.jpg,RTA100,card,dog,/external-cache/fse_typographic_20260926/external/Defense-Prefix/rta100.zip,rta100/label=card_text=dog.jpg,0.22898337244987488,0.2199694663286209,0.009013906121253967,True,True
label=card_text=egg.jpg,label=card_text=egg.jpg,RTA100,card,egg,/external-cache/fse_typographic_20260926/external/Defense-Prefix/rta100.zip,rta100/label=card_text=egg.jpg,0.21754337847232819,0.2601822316646576,-0.04263885319232941,False,False
label=card_text=headphone.jpg,label=card_text=headphone.jpg,RTA100,card,headphone,/external-cache/fse_typographic_20260926/external/Defense-Prefix/rta100.zip,rta100/label=card_text=headphone.jpg,0.23153001070022583,0.2407209426164627,-0.009190931916236877,False,False
label=card_text=marker.jpg,label=card_text=marker.jpg,RTA100,card,marker,/external-cache/fse_typographic_20260926/external/Defense-Prefix/rta100.zip,rta100/label=card_text=marker.jpg,0.20818257331848145,0.23151832818984985,-0.023335754871368408,False,False
label=card_text=plate.jpg,label=card_text=plate.jpg,RTA100,card,plate,/external-cache/fse_typographic_20260926/external/Defense-Prefix/rta100.zip,rta100/label=card_text=plate.jpg,0.22015991806983948,0.25793132185935974,-0.037771403789520264,False,False
label=card_text=shoes.jpg,label=card_text=shoes.jpg,RTA100,card,shoes,/external-cache/fse_typographic_20260926/external/Defense-Prefix/rta100.zip,rta100/label=card_text=shoes.jpg,0.21496962010860443,0.2139543890953064,0.0010152310132980347,True,False
label=card_text=toaster.jpg,label=card_text=toaster.jpg,RTA100,card,toaster,/external-cache/fse_typographic_20260926/external/Defense-Prefix/rta100.zip,rta100/label=card_text=toaster.jpg,0.22501616179943085,0.22267961502075195,0.002336546778678894,True,False
label=card_text=umbrella.jpg,label=card_text=umbrella.jpg,RTA100,card,umbrella,/external-cache/fse_typographic_20260926/external/Defense-Prefix/rta100.zip,rta100/label=card_text=umbrella.jpg,0.19318787753582,0.2014959454536438,-0.008308067917823792,False,False
label=card_text=whiteboard.jpg,label=card_text=whiteboard.jpg,RTA100,card,whiteboard,/external-cache/fse_typographic_20260926/external/Defense-Prefix/rta100.zip,rta100/label=card_text=whiteboard.jpg,0.19731257855892181,0.22118255496025085,-0.02386997640132904,False,False
label=chair_text=DVD.jpg,label=chair_text=DVD.jpg,RTA100,chair,DVD,/external-cache/fse_typographic_20260926/external/Defense-Prefix/rta100.zip,rta100/label=chair_text=DVD.jpg,0.2064339518547058,0.28374388813972473,-0.07730993628501892,False,False
label=chair_text=chopsticks.jpg,label=chair_text=chopsticks.jpg,RTA100,chair,chopsticks,/external-cache/fse_typographic_20260926/external/Defense-Prefix/rta100.zip,rta100/label=chair_text=chopsticks.jpg,0.21849778294563293,0.11246898770332336,0.10602879524230957,True,True
label=chair_text=doll.jpg,label=chair_text=doll.jpg,RTA100,chair,doll,/external-cache/fse_typographic_20260926/external/Defense-Prefix/rta100.zip,rta100/label=chair_text=doll.jpg,0.26273658871650696,0.19777700304985046,0.0649595856666565,True,True
label=chair_text=iPad.jpg,label=chair_text=iPad.jpg,RTA100,chair,iPad,/external-cache/fse_typographic_20260926/external/Defense-Prefix/rta100.zip,rta100/label=chair_text=iPad.jpg,0.2208542823791504,0.24717769026756287,-0.026323407888412476,False,False
label=chair_text=map.jpg,label=chair_text=map.jpg,RTA100,chair,map,/external-cache/fse_typographic_20260926/external/Defense-Prefix/rta100.zip,rta100/label=chair_text=map.jpg,0.21469096839427948,0.21915540099143982,-0.004464432597160339,False,False
label=chair_text=mouse.jpg,label=chair_text=mouse.jpg,RTA100,chair,mouse,/external-cache/fse_typographic_20260926/external/Defense-Prefix/rta100.zip,rta100/label=chair_text=mouse.jpg,0.2722533047199249,0.24777573347091675,0.02447757124900818,True,True
label=chair_text=pot.jpg,label=chair_text=pot.jpg,RTA100,chair,pot,/external-cache/fse_typographic_20260926/external/Defense-Prefix/rta100.zip,rta100/label=chair_text=pot.jpg,0.268882691860199,0.22321641445159912,0.045666277408599854,True,True
label=chair_text=sofa.jpg,label=chair_text=sofa.jpg,RTA100,chair,sofa,/external-cache/fse_typographic_20260926/external/Defense-Prefix/rta100.zip,rta100/label=chair_text=sofa.jpg,0.2559697926044464,0.1916661560535431,0.06430363655090332,True,True
label=chair_text=spoon.jpg,label=chair_text=spoon.jpg,RTA100,chair,spoon,/external-cache/fse_typographic_20260926/external/Defense-Prefix/rta100.zip,rta100/label=chair_text=spoon.jpg,0.2566312849521637,0.21218989789485931,0.04444138705730438,True,True
label=chair_text=toaster.jpg,label=chair_text=toaster.jpg,RTA100,chair,toaster,/external-cache/fse_typographic_20260926/external/Defense-Prefix/rta100.zip,rta100/label=chair_text=toaster.jpg,0.2206524908542633,0.2516320049762726,-0.030979514122009277,False,False
label=chopsticks_text=book.jpg,label=chopsticks_text=book.jpg,RTA100,chopsticks,book,/external-cache/fse_typographic_20260926/external/Defense-Prefix/rta100.zip,rta100/label=chopsticks_text=book.jpg,0.2537892460823059,0.23343700170516968,0.02035224437713623,True,False
label=chopsticks_text=camera.jpg,label=chopsticks_text=camera.jpg,RTA100,chopsticks,camera,/external-cache/fse_typographic_20260926/external/Defense-Prefix/rta100.zip,rta100/label=chopsticks_text=camera.jpg,0.23597608506679535,0.1879173070192337,0.048058778047561646,True,True
label=chopsticks_text=dog.jpg,label=chopsticks_text=dog.jpg,RTA100,chopsticks,dog,/external-cache/fse_typographic_20260926/external/Defense-Prefix/rta100.zip,rta100/label=chopsticks_text=dog.jpg,0.2726847529411316,0.24041762948036194,0.03226712346076965,True,True
label=chopsticks_text=fridge.jpg,label=chopsticks_text=fridge.jpg,RTA100,chopsticks,fridge,/external-cache/fse_typographic_20260926/external/Defense-Prefix/rta100.zip,rta100/label=chopsticks_text=fridge.jpg,0.27724796533584595,0.23471276462078094,0.042535200715065,True,True
label=chopsticks_text=guitar.jpg,label=chopsticks_text=guitar.jpg,RTA100,chopsticks,guitar,/external-cache/fse_typographic_20260926/external/Defense-Prefix/rta100.zip,rta100/label=chopsticks_text=guitar.jpg,0.2517513632774353,0.24623538553714752,0.005515977740287781,True,True
label=chopsticks_text=notebook.jpg,label=chopsticks_text=notebook.jpg,RTA100,chopsticks,notebook,/external-cache/fse_typographic_20260926/external/Defense-Prefix/rta100.zip,rta100/label=chopsticks_text=notebook.jpg,0.24190881848335266,0.2476503849029541,-0.00574156641960144,False,False
label=chopsticks_text=onion.jpg,label=chopsticks_text=onion.jpg,RTA100,chopsticks,onion,/external-cache/fse_typographic_20260926/external/Defense-Prefix/rta100.zip,rta100/label=chopsticks_text=onion.jpg,0.2447613775730133,0.2330790013074875,0.011682376265525818,True,True
label=chopsticks_text=plate.jpg,label=chopsticks_text=plate.jpg,RTA100,chopsticks,plate,/external-cache/fse_typographic_20260926/external/Defense-Prefix/rta100.zip,rta100/label=chopsticks_text=plate.jpg,0.27115294337272644,0.24455732107162476,0.026595622301101685,True,True
label=chopsticks_text=toaster.jpg,label=chopsticks_text=toaster.jpg,RTA100,chopsticks,toaster,/external-cache/fse_typographic_20260926/external/Defense-Prefix/rta100.zip,rta100/label=chopsticks_text=toaster.jpg,0.21453198790550232,0.23049324750900269,-0.015961259603500366,False,False
label=chopsticks_text=tray.jpg,label=chopsticks_text=tray.jpg,RTA100,chopsticks,tray,/external-cache/fse_typographic_20260926/external/Defense-Prefix/rta100.zip,rta100/label=chopsticks_text=tray.jpg,0.2646282911300659,0.22811287641525269,0.03651541471481323,True,True
label=cone_text=apple.jpg,label=cone_text=apple.jpg,RTA100,cone,apple,/external-cache/fse_typographic_20260926/external/Defense-Prefix/rta100.zip,rta100/label=cone_text=apple.jpg,0.24951742589473724,0.13480858504772186,0.11470884084701538,True,True
label=cone_text=floor.jpg,label=cone_text=floor.jpg,RTA100,cone,floor,/external-cache/fse_typographic_20260926/external/Defense-Prefix/rta100.zip,rta100/label=cone_text=floor.jpg,0.2243536412715912,0.22845277190208435,-0.004099130630493164,False,False
label=cone_text=flower.jpg,label=cone_text=flower.jpg,RTA100,cone,flower,/external-cache/fse_typographic_20260926/external/Defense-Prefix/rta100.zip,rta100/label=cone_text=flower.jpg,0.2402704656124115,0.23231858015060425,0.007951885461807251,True,True
label=cone_text=glove.jpg,label=cone_text=glove.jpg,RTA100,cone,glove,/external-cache/fse_typographic_20260926/external/Defense-Prefix/rta100.zip,rta100/label=cone_text=glove.jpg,0.19465255737304688,0.24105262756347656,-0.04640007019042969,False,False
label=cone_text=guitar.jpg,label=cone_text=guitar.jpg,RTA100,cone,guitar,/external-cache/fse_typographic_20260926/external/Defense-Prefix/rta100.zip,rta100/label=cone_text=guitar.jpg,0.20740902423858643,0.11209870874881744,0.09531031548976898,True,True
label=cone_text=onion.jpg,label=cone_text=onion.jpg,RTA100,cone,onion,/external-cache/fse_typographic_20260926/external/Defense-Prefix/rta100.zip,rta100/label=cone_text=onion.jpg,0.24427370727062225,0.19274364411830902,0.05153006315231323,True,True
label=cone_text=peach.jpg,label=cone_text=peach.jpg,RTA100,cone,peach,/external-cache/fse_typographic_20260926/external/Defense-Prefix/rta100.zip,rta100/label=cone_text=peach.jpg,0.22751477360725403,0.24287143349647522,-0.015356659889221191,False,False
label=cone_text=pen.jpg,label=cone_text=pen.jpg,RTA100,cone,pen,/external-cache/fse_typographic_20260926/external/Defense-Prefix/rta100.zip,rta100/label=cone_text=pen.jpg,0.22327537834644318,0.208329975605011,0.01494540274143219,True,True
label=cone_text=remote.jpg,label=cone_text=remote.jpg,RTA100,cone,remote,/external-cache/fse_typographic_20260926/external/Defense-Prefix/rta100.zip,rta100/label=cone_text=remote.jpg,0.241234689950943,0.23844677209854126,0.0027879178524017334,True,True
label=cone_text=tie.jpg,label=cone_text=tie.jpg,RTA100,cone,tie,/external-cache/fse_typographic_20260926/external/Defense-Prefix/rta100.zip,rta100/label=cone_text=tie.jpg,0.25659364461898804,0.1765306293964386,0.08006301522254944,True,True
label=controller_text=bag.jpg,label=controller_text=bag.jpg,RTA100,controller,bag,/external-cache/fse_typographic_20260926/external/Defense-Prefix/rta100.zip,rta100/label=controller_text=bag.jpg,0.26876887679100037,0.22652621567249298,0.042242661118507385,True,True
label=controller_text=camera.jpg,label=controller_text=camera.jpg,RTA100,controller,camera,/external-cache/fse_typographic_20260926/external/Defense-Prefix/rta100.zip,rta100/label=controller_text=camera.jpg,0.2675015330314636,0.24253645539283752,0.0249650776386261,True,True
label=controller_text=egg.jpg,label=controller_text=egg.jpg,RTA100,controller,egg,/external-cache/fse_typographic_20260926/external/Defense-Prefix/rta100.zip,rta100/label=controller_text=egg.jpg,0.2744293808937073,0.261316180229187,0.013113200664520264,True,True
label=controller_text=fork.jpg,label=controller_text=fork.jpg,RTA100,controller,fork,/external-cache/fse_typographic_20260926/external/Defense-Prefix/rta100.zip,rta100/label=controller_text=fork.jpg,0.271212637424469,0.2239842712879181,0.0472283661365509,True,True
label=controller_text=marker.jpg,label=controller_text=marker.jpg,RTA100,controller,marker,/external-cache/fse_typographic_20260926/external/Defense-Prefix/rta100.zip,rta100/label=controller_text=marker.jpg,0.2287333905696869,0.17125701904296875,0.05747637152671814,True,True
label=controller_text=peach.jpg,label=controller_text=peach.jpg,RTA100,controller,peach,/external-cache/fse_typographic_20260926/external/Defense-Prefix/rta100.zip,rta100/label=controller_text=peach.jpg,0.2361435890197754,0.22898903489112854,0.007154554128646851,True,True
label=controller_text=sofa.jpg,label=controller_text=sofa.jpg,RTA100,controller,sofa,/external-cache/fse_typographic_20260926/external/Defense-Prefix/rta100.zip,rta100/label=controller_text=sofa.jpg,0.23027253150939941,0.2162056267261505,0.014066904783248901,True,True
label=controller_text=spoon.jpg,label=controller_text=spoon.jpg,RTA100,controller,spoon,/external-cache/fse_typographic_20260926/external/Defense-Prefix/rta100.zip,rta100/label=controller_text=spoon.jpg,0.27237173914909363,0.23288971185684204,0.03948202729225159,True,True
label=controller_text=tray.jpg,label=controller_text=tray.jpg,RTA100,controller,tray,/external-cache/fse_typographic_20260926/external/Defense-Prefix/rta100.zip,rta100/label=controller_text=tray.jpg,0.20745731890201569,0.18930134177207947,0.018155977129936218,True,True
label=controller_text=umbrella.jpg,label=controller_text=umbrella.jpg,RTA100,controller,umbrella,/external-cache/fse_typographic_20260926/external/Defense-Prefix/rta100.zip,rta100/label=controller_text=umbrella.jpg,0.2282349020242691,0.17796647548675537,0.05026842653751373,True,True
label=cookie_text=ball.jpg,label=cookie_text=ball.jpg,RTA100,cookie,ball,/external-cache/fse_typographic_20260926/external/Defense-Prefix/rta100.zip,rta100/label=cookie_text=ball.jpg,0.20004965364933014,0.20363368093967438,-0.0035840272903442383,False,False
label=cookie_text=hair dryer.jpg,label=cookie_text=hair dryer.jpg,RTA100,cookie,hair dryer,/external-cache/fse_typographic_20260926/external/Defense-Prefix/rta100.zip,rta100/label=cookie_text=hair dryer.jpg,0.19607187807559967,0.18995502591133118,0.006116852164268494,True,False
label=cookie_text=iron.jpg,label=cookie_text=iron.jpg,RTA100,cookie,iron,/external-cache/fse_typographic_20260926/external/Defense-Prefix/rta100.zip,rta100/label=cookie_text=iron.jpg,0.17192089557647705,0.17872892320156097,-0.006808027625083923,False,False
label=cookie_text=light bulb.jpg,label=cookie_text=light bulb.jpg,RTA100,cookie,light bulb,/external-cache/fse_typographic_20260926/external/Defense-Prefix/rta100.zip,rta100/label=cookie_text=light bulb.jpg,0.17291796207427979,0.1537913680076599,0.019126594066619873,True,True
label=cookie_text=marker.jpg,label=cookie_text=marker.jpg,RTA100,cookie,marker,/external-cache/fse_typographic_20260926/external/Defense-Prefix/rta100.zip,rta100/label=cookie_text=marker.jpg,0.19554740190505981,0.16991399228572845,0.02563340961933136,True,True
label=cookie_text=milk.jpg,label=cookie_text=milk.jpg,RTA100,cookie,milk,/external-cache/fse_typographic_20260926/external/Defense-Prefix/rta100.zip,rta100/label=cookie_text=milk.jpg,0.19442929327487946,0.18248401582241058,0.011945277452468872,True,True
label=cookie_text=mousepad.jpg,label=cookie_text=mousepad.jpg,RTA100,cookie,mousepad,/external-cache/fse_typographic_20260926/external/Defense-Prefix/rta100.zip,rta100/label=cookie_text=mousepad.jpg,0.20674465596675873,0.17175684869289398,0.034987807273864746,True,False
label=cookie_text=socks.jpg,label=cookie_text=socks.jpg,RTA100,cookie,socks,/external-cache/fse_typographic_20260926/external/Defense-Prefix/rta100.zip,rta100/label=cookie_text=socks.jpg,0.18109014630317688,0.2278677225112915,-0.046777576208114624,False,False
label=cookie_text=t-shirt.jpg,label=cookie_text=t-shirt.jpg,RTA100,cookie,t-shirt,/external-cache/fse_typographic_20260926/external/Defense-Prefix/rta100.zip,rta100/label=cookie_text=t-shirt.jpg,0.21776679158210754,0.2126326858997345,0.005134105682373047,True,True
label=cookie_text=toaster.jpg,label=cookie_text=toaster.jpg,RTA100,cookie,toaster,/external-cache/fse_typographic_20260926/external/Defense-Prefix/rta100.zip,rta100/label=cookie_text=toaster.jpg,0.20498055219650269,0.18171429634094238,0.023266255855560303,True,True
label=cup_text=adapter.jpg,label=cup_text=adapter.jpg,RTA100,cup,adapter,/external-cache/fse_typographic_20260926/external/Defense-Prefix/rta100.zip,rta100/label=cup_text=adapter.jpg,0.2343839406967163,0.2463987171649933,-0.012014776468276978,False,False
label=cup_text=bag.jpg,label=cup_text=bag.jpg,RTA100,cup,bag,/external-cache/fse_typographic_20260926/external/Defense-Prefix/rta100.zip,rta100/label=cup_text=bag.jpg,0.24114394187927246,0.21288834512233734,0.02825559675693512,True,True
label=cup_text=book.jpg,label=cup_text=book.jpg,RTA100,cup,book,/external-cache/fse_typographic_20260926/external/Defense-Prefix/rta100.zip,rta100/label=cup_text=book.jpg,0.2602785527706146,0.24755464494228363,0.012723907828330994,True,True
label=cup_text=cone.jpg,label=cup_text=cone.jpg,RTA100,cup,cone,/external-cache/fse_typographic_20260926/external/Defense-Prefix/rta100.zip,rta100/label=cup_text=cone.jpg,0.2528548240661621,0.27844852209091187,-0.025593698024749756,False,False
label=cup_text=controller.jpg,label=cup_text=controller.jpg,RTA100,cup,controller,/external-cache/fse_typographic_20260926/external/Defense-Prefix/rta100.zip,rta100/label=cup_text=controller.jpg,0.1905909925699234,0.24474628269672394,-0.05415529012680054,False,False
label=cup_text=iPad.jpg,label=cup_text=iPad.jpg,RTA100,cup,iPad,/external-cache/fse_typographic_20260926/external/Defense-Prefix/rta100.zip,rta100/label=cup_text=iPad.jpg,0.24431052803993225,0.2712053060531616,-0.02689477801322937,False,False
label=cup_text=iPhone.jpg,label=cup_text=iPhone.jpg,RTA100,cup,iPhone,/external-cache/fse_typographic_20260926/external/Defense-Prefix/rta100.zip,rta100/label=cup_text=iPhone.jpg,0.24054810404777527,0.2524259090423584,-0.01187780499458313,False,False
label=cup_text=mango.jpg,label=cup_text=mango.jpg,RTA100,cup,mango,/external-cache/fse_typographic_20260926/external/Defense-Prefix/rta100.zip,rta100/label=cup_text=mango.jpg,0.2465842068195343,0.24013587832450867,0.006448328495025635,True,True
label=cup_text=pillow.jpg,label=cup_text=pillow.jpg,RTA100,cup,pillow,/external-cache/fse_typographic_20260926/external/Defense-Prefix/rta100.zip,rta100/label=cup_text=pillow.jpg,0.25363028049468994,0.24118542671203613,0.012444853782653809,True,True
label=cup_text=toothbrush.jpg,label=cup_text=toothbrush.jpg,RTA100,cup,toothbrush,/external-cache/fse_typographic_20260926/external/Defense-Prefix/rta100.zip,rta100/label=cup_text=toothbrush.jpg,0.2062506079673767,0.2449837028980255,-0.038733094930648804,False,False
label=curtain_text=book.jpg,label=curtain_text=book.jpg,RTA100,curtain,book,/external-cache/fse_typographic_20260926/external/Defense-Prefix/rta100.zip,rta100/label=curtain_text=book.jpg,0.27010440826416016,0.24592524766921997,0.024179160594940186,True,True
label=curtain_text=cone.jpg,label=curtain_text=cone.jpg,RTA100,curtain,cone,/external-cache/fse_typographic_20260926/external/Defense-Prefix/rta100.zip,rta100/label=curtain_text=cone.jpg,0.23190990090370178,0.2552441656589508,-0.023334264755249023,False,False
label=curtain_text=controller.jpg,label=curtain_text=controller.jpg,RTA100,curtain,controller,/external-cache/fse_typographic_20260926/external/Defense-Prefix/rta100.zip,rta100/label=curtain_text=controller.jpg,0.22167062759399414,0.24438457190990448,-0.02271394431591034,False,False
label=curtain_text=doll.jpg,label=curtain_text=doll.jpg,RTA100,curtain,doll,/external-cache/fse_typographic_20260926/external/Defense-Prefix/rta100.zip,rta100/label=curtain_text=doll.jpg,0.2521904706954956,0.2674844264984131,-0.01529395580291748,False,False
label=curtain_text=floor.jpg,label=curtain_text=floor.jpg,RTA100,curtain,floor,/external-cache/fse_typographic_20260926/external/Defense-Prefix/rta100.zip,rta100/label=curtain_text=floor.jpg,0.23470130562782288,0.2471105456352234,-0.012409240007400513,False,False
label=curtain_text=map.jpg,label=curtain_text=map.jpg,RTA100,curtain,map,/external-cache/fse_typographic_20260926/external/Defense-Prefix/rta100.zip,rta100/label=curtain_text=map.jpg,0.24548253417015076,0.2616403102874756,-0.01615777611732483,False,False
label=curtain_text=mask.jpg,label=curtain_text=mask.jpg,RTA100,curtain,mask,/external-cache/fse_typographic_20260926/external/Defense-Prefix/rta100.zip,rta100/label=curtain_text=mask.jpg,0.2417917549610138,0.2481999397277832,-0.006408184766769409,False,False
label=curtain_text=ruler.jpg,label=curtain_text=ruler.jpg,RTA100,curtain,ruler,/external-cache/fse_typographic_20260926/external/Defense-Prefix/rta100.zip,rta100/label=curtain_text=ruler.jpg,0.19325050711631775,0.25889652967453003,-0.06564602255821228,False,False
label=curtain_text=slipper.jpg,label=curtain_text=slipper.jpg,RTA100,curtain,slipper,/external-cache/fse_typographic_20260926/external/Defense-Prefix/rta100.zip,rta100/label=curtain_text=slipper.jpg,0.23706252872943878,0.2583691477775574,-0.02130661904811859,False,False
label=curtain_text=tie.jpg,label=curtain_text=tie.jpg,RTA100,curtain,tie,/external-cache/fse_typographic_20260926/external/Defense-Prefix/rta100.zip,rta100/label=curtain_text=tie.jpg,0.2647356390953064,0.21872204542160034,0.046013593673706055,True,True
label=dish_text=card.jpg,label=dish_text=card.jpg,RTA100,dish,card,/external-cache/fse_typographic_20260926/external/Defense-Prefix/rta100.zip,rta100/label=dish_text=card.jpg,0.189568892121315,0.2098975032567978,-0.020328611135482788,False,False
label=dish_text=cone.jpg,label=dish_text=cone.jpg,RTA100,dish,cone,/external-cache/fse_typographic_20260926/external/Defense-Prefix/rta100.zip,rta100/label=dish_text=cone.jpg,0.22057676315307617,0.24524229764938354,-0.024665534496307373,False,False
label=dish_text=dog.jpg,label=dish_text=dog.jpg,RTA100,dish,dog,/external-cache/fse_typographic_20260926/external/Defense-Prefix/rta100.zip,rta100/label=dish_text=dog.jpg,0.22084766626358032,0.23694691061973572,-0.016099244356155396,False,False
label=dish_text=frisbee.jpg,label=dish_text=frisbee.jpg,RTA100,dish,frisbee,/external-cache/fse_typographic_20260926/external/Defense-Prefix/rta100.zip,rta100/label=dish_text=frisbee.jpg,0.20918473601341248,0.23435604572296143,-0.02517130970954895,False,False
label=dish_text=iPhone.jpg,label=dish_text=iPhone.jpg,RTA100,dish,iPhone,/external-cache/fse_typographic_20260926/external/Defense-Prefix/rta100.zip,rta100/label=dish_text=iPhone.jpg,0.22799481451511383,0.23459109663963318,-0.006596282124519348,False,False
label=dish_text=map.jpg,label=dish_text=map.jpg,RTA100,dish,map,/external-cache/fse_typographic_20260926/external/Defense-Prefix/rta100.zip,rta100/label=dish_text=map.jpg,0.18566812574863434,0.2271226942539215,-0.04145456850528717,False,False
label=dish_text=pen case.jpg,label=dish_text=pen case.jpg,RTA100,dish,pen case,/external-cache/fse_typographic_20260926/external/Defense-Prefix/rta100.zip,rta100/label=dish_text=pen case.jpg,0.2009599208831787,0.21386101841926575,-0.012901097536087036,False,False
label=dish_text=racquet.jpg,label=dish_text=racquet.jpg,RTA100,dish,racquet,/external-cache/fse_typographic_20260926/external/Defense-Prefix/rta100.zip,rta100/label=dish_text=racquet.jpg,0.16625511646270752,0.19234636425971985,-0.02609124779701233,False,False
label=dish_text=umbrella.jpg,label=dish_text=umbrella.jpg,RTA100,dish,umbrella,/external-cache/fse_typographic_20260926/external/Defense-Prefix/rta100.zip,rta100/label=dish_text=umbrella.jpg,0.1903741955757141,0.20915842056274414,-0.01878422498703003,False,False
label=dish_text=watch.jpg,label=dish_text=watch.jpg,RTA100,dish,watch,/external-cache/fse_typographic_20260926/external/Defense-Prefix/rta100.zip,rta100/label=dish_text=watch.jpg,0.19639506936073303,0.22848036885261536,-0.032085299491882324,False,False
label=dog_text=book.jpg,label=dog_text=book.jpg,RTA100,dog,book,/external-cache/fse_typographic_20260926/external/Defense-Prefix/rta100.zip,rta100/label=dog_text=book.jpg,0.22769220173358917,0.19128933548927307,0.0364028662443161,True,True
label=dog_text=hat.jpg,label=dog_text=hat.jpg,RTA100,dog,hat,/external-cache/fse_typographic_20260926/external/Defense-Prefix/rta100.zip,rta100/label=dog_text=hat.jpg,0.22672373056411743,0.23020845651626587,-0.0034847259521484375,False,False
label=dog_text=iPhone.jpg,label=dog_text=iPhone.jpg,RTA100,dog,iPhone,/external-cache/fse_typographic_20260926/external/Defense-Prefix/rta100.zip,rta100/label=dog_text=iPhone.jpg,0.2298973798751831,0.22438114881515503,0.005516231060028076,True,True
label=dog_text=iron.jpg,label=dog_text=iron.jpg,RTA100,dog,iron,/external-cache/fse_typographic_20260926/external/Defense-Prefix/rta100.zip,rta100/label=dog_text=iron.jpg,0.19609634578227997,0.17310544848442078,0.022990897297859192,True,True
label=dog_text=key.jpg,label=dog_text=key.jpg,RTA100,dog,key,/external-cache/fse_typographic_20260926/external/Defense-Prefix/rta100.zip,rta100/label=dog_text=key.jpg,0.2221917062997818,0.19292563199996948,0.029266074299812317,True,True
label=dog_text=onion.jpg,label=dog_text=onion.jpg,RTA100,dog,onion,/external-cache/fse_typographic_20260926/external/Defense-Prefix/rta100.zip,rta100/label=dog_text=onion.jpg,0.2633199989795685,0.23046183586120605,0.03285816311836243,True,True
label=dog_text=racquet.jpg,label=dog_text=racquet.jpg,RTA100,dog,racquet,/external-cache/fse_typographic_20260926/external/Defense-Prefix/rta100.zip,rta100/label=dog_text=racquet.jpg,0.20603157579898834,0.16272178292274475,0.04330979287624359,True,True
label=dog_text=sofa.jpg,label=dog_text=sofa.jpg,RTA100,dog,sofa,/external-cache/fse_typographic_20260926/external/Defense-Prefix/rta100.zip,rta100/label=dog_text=sofa.jpg,0.22386063635349274,0.19215646386146545,0.03170417249202728,True,True
label=dog_text=watch.jpg,label=dog_text=watch.jpg,RTA100,dog,watch,/external-cache/fse_typographic_20260926/external/Defense-Prefix/rta100.zip,rta100/label=dog_text=watch.jpg,0.21240632236003876,0.19546203315258026,0.016944289207458496,True,True
label=dog_text=whiteboard.jpg,label=dog_text=whiteboard.jpg,RTA100,dog,whiteboard,/external-cache/fse_typographic_20260926/external/Defense-Prefix/rta100.zip,rta100/label=dog_text=whiteboard.jpg,0.20934860408306122,0.17148801684379578,0.03786058723926544,True,True
label=doll_text=cone.jpg,label=doll_text=cone.jpg,RTA100,doll,cone,/external-cache/fse_typographic_20260926/external/Defense-Prefix/rta100.zip,rta100/label=doll_text=cone.jpg,0.2031668722629547,0.26283562183380127,-0.05966874957084656,False,False
label=doll_text=controller.jpg,label=doll_text=controller.jpg,RTA100,doll,controller,/external-cache/fse_typographic_20260926/external/Defense-Prefix/rta100.zip,rta100/label=doll_text=controller.jpg,0.2030719816684723,0.2503803074359894,-0.04730832576751709,False,False
label=doll_text=flower.jpg,label=doll_text=flower.jpg,RTA100,doll,flower,/external-cache/fse_typographic_20260926/external/Defense-Prefix/rta100.zip,rta100/label=doll_text=flower.jpg,0.17600290477275848,0.18968869745731354,-0.013685792684555054,False,False
label=doll_text=guitar.jpg,label=doll_text=guitar.jpg,RTA100,doll,guitar,/external-cache/fse_typographic_20260926/external/Defense-Prefix/rta100.zip,rta100/label=doll_text=guitar.jpg,0.17498129606246948,0.21845895051956177,-0.043477654457092285,False,False
label=doll_text=iPad.jpg,label=doll_text=iPad.jpg,RTA100,doll,iPad,/external-cache/fse_typographic_20260926/external/Defense-Prefix/rta100.zip,rta100/label=doll_text=iPad.jpg,0.1831064522266388,0.24221394956111908,-0.059107497334480286,False,False
label=doll_text=lemon.jpg,label=doll_text=lemon.jpg,RTA100,doll,lemon,/external-cache/fse_typographic_20260926/external/Defense-Prefix/rta100.zip,rta100/label=doll_text=lemon.jpg,0.21625244617462158,0.23353363573551178,-0.017281189560890198,False,False
label=doll_text=shoes.jpg,label=doll_text=shoes.jpg,RTA100,doll,shoes,/external-cache/fse_typographic_20260926/external/Defense-Prefix/rta100.zip,rta100/label=doll_text=shoes.jpg,0.20786425471305847,0.2134750932455063,-0.005610838532447815,False,False
label=doll_text=speaker.jpg,label=doll_text=speaker.jpg,RTA100,doll,speaker,/external-cache/fse_typographic_20260926/external/Defense-Prefix/rta100.zip,rta100/label=doll_text=speaker.jpg,0.16036449372768402,0.20232239365577698,-0.04195789992809296,False,False
label=doll_text=towel.jpg,label=doll_text=towel.jpg,RTA100,doll,towel,/external-cache/fse_typographic_20260926/external/Defense-Prefix/rta100.zip,rta100/label=doll_text=towel.jpg,0.21256455779075623,0.23969951272010803,-0.027134954929351807,False,False
label=doll_text=watch.jpg,label=doll_text=watch.jpg,RTA100,doll,watch,/external-cache/fse_typographic_20260926/external/Defense-Prefix/rta100.zip,rta100/label=doll_text=watch.jpg,0.18149609863758087,0.20044250786304474,-0.018946409225463867,False,False
label=drill_text=earphones.jpg,label=drill_text=earphones.jpg,RTA100,drill,earphones,/external-cache/fse_typographic_20260926/external/Defense-Prefix/rta100.zip,rta100/label=drill_text=earphones.jpg,0.18002009391784668,0.2473682165145874,-0.06734812259674072,False,False
label=drill_text=melon.jpg,label=drill_text=melon.jpg,RTA100,drill,melon,/external-cache/fse_typographic_20260926/external/Defense-Prefix/rta100.zip,rta100/label=drill_text=melon.jpg,0.20844419300556183,0.2172224521636963,-0.00877825915813446,False,False
label=drill_text=mouse.jpg,label=drill_text=mouse.jpg,RTA100,drill,mouse,/external-cache/fse_typographic_20260926/external/Defense-Prefix/rta100.zip,rta100/label=drill_text=mouse.jpg,0.20535649359226227,0.24769851565361023,-0.04234202206134796,False,False
label=drill_text=onion.jpg,label=drill_text=onion.jpg,RTA100,drill,onion,/external-cache/fse_typographic_20260926/external/Defense-Prefix/rta100.zip,rta100/label=drill_text=onion.jpg,0.19501040875911713,0.23684456944465637,-0.041834160685539246,False,False
label=drill_text=oven.jpg,label=drill_text=oven.jpg,RTA100,drill,oven,/external-cache/fse_typographic_20260926/external/Defense-Prefix/rta100.zip,rta100/label=drill_text=oven.jpg,0.19973275065422058,0.20626917481422424,-0.006536424160003662,False,False
label=drill_text=pen.jpg,label=drill_text=pen.jpg,RTA100,drill,pen,/external-cache/fse_typographic_20260926/external/Defense-Prefix/rta100.zip,rta100/label=drill_text=pen.jpg,0.21411654353141785,0.2689617872238159,-0.05484524369239807,False,False
label=drill_text=pillow.jpg,label=drill_text=pillow.jpg,RTA100,drill,pillow,/external-cache/fse_typographic_20260926/external/Defense-Prefix/rta100.zip,rta100/label=drill_text=pillow.jpg,0.219629168510437,0.20180493593215942,0.017824232578277588,True,False
label=drill_text=tie.jpg,label=drill_text=tie.jpg,RTA100,drill,tie,/external-cache/fse_typographic_20260926/external/Defense-Prefix/rta100.zip,rta100/label=drill_text=tie.jpg,0.22585360705852509,0.2276347279548645,-0.0017811208963394165,False,False
label=drill_text=umbrella.jpg,label=drill_text=umbrella.jpg,RTA100,drill,umbrella,/external-cache/fse_typographic_20260926/external/Defense-Prefix/rta100.zip,rta100/label=drill_text=umbrella.jpg,0.22438612580299377,0.2583255171775818,-0.03393939137458801,False,False
label=drill_text=wallet.jpg,label=drill_text=wallet.jpg,RTA100,drill,wallet,/external-cache/fse_typographic_20260926/external/Defense-Prefix/rta100.zip,rta100/label=drill_text=wallet.jpg,0.19878818094730377,0.21343392133712769,-0.014645740389823914,False,False
label=earphones_text=DVD.jpg,label=earphones_text=DVD.jpg,RTA100,earphones,DVD,/external-cache/fse_typographic_20260926/external/Defense-Prefix/rta100.zip,rta100/label=earphones_text=DVD.jpg,0.2393684983253479,0.250921368598938,-0.011552870273590088,False,False
label=earphones_text=adapter.jpg,label=earphones_text=adapter.jpg,RTA100,earphones,adapter,/external-cache/fse_typographic_20260926/external/Defense-Prefix/rta100.zip,rta100/label=earphones_text=adapter.jpg,0.20272895693778992,0.22569823265075684,-0.02296927571296692,False,False
label=earphones_text=bag.jpg,label=earphones_text=bag.jpg,RTA100,earphones,bag,/external-cache/fse_typographic_20260926/external/Defense-Prefix/rta100.zip,rta100/label=earphones_text=bag.jpg,0.21600502729415894,0.20831181108951569,0.0076932162046432495,True,True
label=earphones_text=cone.jpg,label=earphones_text=cone.jpg,RTA100,earphones,cone,/external-cache/fse_typographic_20260926/external/Defense-Prefix/rta100.zip,rta100/label=earphones_text=cone.jpg,0.25471925735473633,0.23250748217105865,0.022211775183677673,True,True
label=earphones_text=hand.jpg,label=earphones_text=hand.jpg,RTA100,earphones,hand,/external-cache/fse_typographic_20260926/external/Defense-Prefix/rta100.zip,rta100/label=earphones_text=hand.jpg,0.2746632695198059,0.24239081144332886,0.03227245807647705,True,True
label=earphones_text=hat.jpg,label=earphones_text=hat.jpg,RTA100,earphones,hat,/external-cache/fse_typographic_20260926/external/Defense-Prefix/rta100.zip,rta100/label=earphones_text=hat.jpg,0.2539462745189667,0.23785942792892456,0.016086846590042114,True,True
label=earphones_text=map.jpg,label=earphones_text=map.jpg,RTA100,earphones,map,/external-cache/fse_typographic_20260926/external/Defense-Prefix/rta100.zip,rta100/label=earphones_text=map.jpg,0.1963592767715454,0.1727794110774994,0.02357986569404602,True,False
label=earphones_text=mic.jpg,label=earphones_text=mic.jpg,RTA100,earphones,mic,/external-cache/fse_typographic_20260926/external/Defense-Prefix/rta100.zip,rta100/label=earphones_text=mic.jpg,0.2069907933473587,0.2330780327320099,-0.026087239384651184,False,False
label=earphones_text=milk.jpg,label=earphones_text=milk.jpg,RTA100,earphones,milk,/external-cache/fse_typographic_20260926/external/Defense-Prefix/rta100.zip,rta100/label=earphones_text=milk.jpg,0.1688220202922821,0.17157283425331116,-0.0027508139610290527,False,False
label=earphones_text=toaster.jpg,label=earphones_text=toaster.jpg,RTA100,earphones,toaster,/external-cache/fse_typographic_20260926/external/Defense-Prefix/rta100.zip,rta100/label=earphones_text=toaster.jpg,0.17722728848457336,0.22152087092399597,-0.04429358243942261,False,False
label=egg_text=apple.jpg,label=egg_text=apple.jpg,RTA100,egg,apple,/external-cache/fse_typographic_20260926/external/Defense-Prefix/rta100.zip,rta100/label=egg_text=apple.jpg,0.25781843066215515,0.24287956953048706,0.01493886113166809,True,True
label=egg_text=chopsticks.jpg,label=egg_text=chopsticks.jpg,RTA100,egg,chopsticks,/external-cache/fse_typographic_20260926/external/Defense-Prefix/rta100.zip,rta100/label=egg_text=chopsticks.jpg,0.23758414387702942,0.22628679871559143,0.011297345161437988,True,True
label=egg_text=drill.jpg,label=egg_text=drill.jpg,RTA100,egg,drill,/external-cache/fse_typographic_20260926/external/Defense-Prefix/rta100.zip,rta100/label=egg_text=drill.jpg,0.21330487728118896,0.19147628545761108,0.02182859182357788,True,True
label=egg_text=eraser.jpg,label=egg_text=eraser.jpg,RTA100,egg,eraser,/external-cache/fse_typographic_20260926/external/Defense-Prefix/rta100.zip,rta100/label=egg_text=eraser.jpg,0.2454390823841095,0.17710594832897186,0.06833313405513763,True,True
label=egg_text=floor.jpg,label=egg_text=floor.jpg,RTA100,egg,floor,/external-cache/fse_typographic_20260926/external/Defense-Prefix/rta100.zip,rta100/label=egg_text=floor.jpg,0.2613729238510132,0.2419600784778595,0.019412845373153687,True,True
label=egg_text=hair dryer.jpg,label=egg_text=hair dryer.jpg,RTA100,egg,hair dryer,/external-cache/fse_typographic_20260926/external/Defense-Prefix/rta100.zip,rta100/label=egg_text=hair dryer.jpg,0.23879306018352509,0.21252265572547913,0.02627040445804596,True,True
label=egg_text=mirror.jpg,label=egg_text=mirror.jpg,RTA100,egg,mirror,/external-cache/fse_typographic_20260926/external/Defense-Prefix/rta100.zip,rta100/label=egg_text=mirror.jpg,0.25534725189208984,0.2290440797805786,0.02630317211151123,True,True
label=egg_text=paper.jpg,label=egg_text=paper.jpg,RTA100,egg,paper,/external-cache/fse_typographic_20260926/external/Defense-Prefix/rta100.zip,rta100/label=egg_text=paper.jpg,0.24972552061080933,0.23736542463302612,0.012360095977783203,True,True
label=egg_text=pen.jpg,label=egg_text=pen.jpg,RTA100,egg,pen,/external-cache/fse_typographic_20260926/external/Defense-Prefix/rta100.zip,rta100/label=egg_text=pen.jpg,0.25248241424560547,0.2698575556278229,-0.017375141382217407,False,False
label=egg_text=tie.jpg,label=egg_text=tie.jpg,RTA100,egg,tie,/external-cache/fse_typographic_20260926/external/Defense-Prefix/rta100.zip,rta100/label=egg_text=tie.jpg,0.22691264748573303,0.15968668460845947,0.06722596287727356,True,True
label=eraser_text=can.jpg,label=eraser_text=can.jpg,RTA100,eraser,can,/external-cache/fse_typographic_20260926/external/Defense-Prefix/rta100.zip,rta100/label=eraser_text=can.jpg,0.20508083701133728,0.18767279386520386,0.017408043146133423,True,False
label=eraser_text=glasses.jpg,label=eraser_text=glasses.jpg,RTA100,eraser,glasses,/external-cache/fse_typographic_20260926/external/Defense-Prefix/rta100.zip,rta100/label=eraser_text=glasses.jpg,0.2149815559387207,0.2658088207244873,-0.0508272647857666,False,False
label=eraser_text=map.jpg,label=eraser_text=map.jpg,RTA100,eraser,map,/external-cache/fse_typographic_20260926/external/Defense-Prefix/rta100.zip,rta100/label=eraser_text=map.jpg,0.24367301166057587,0.24785977602005005,-0.004186764359474182,False,False
label=eraser_text=mic.jpg,label=eraser_text=mic.jpg,RTA100,eraser,mic,/external-cache/fse_typographic_20260926/external/Defense-Prefix/rta100.zip,rta100/label=eraser_text=mic.jpg,0.2645750939846039,0.23780664801597595,0.02676844596862793,True,True
label=eraser_text=peach.jpg,label=eraser_text=peach.jpg,RTA100,eraser,peach,/external-cache/fse_typographic_20260926/external/Defense-Prefix/rta100.zip,rta100/label=eraser_text=peach.jpg,0.2521750330924988,0.24034380912780762,0.011831223964691162,True,True
label=eraser_text=sofa.jpg,label=eraser_text=sofa.jpg,RTA100,eraser,sofa,/external-cache/fse_typographic_20260926/external/Defense-Prefix/rta100.zip,rta100/label=eraser_text=sofa.jpg,0.214415043592453,0.21595698595046997,-0.0015419423580169678,False,False
label=eraser_text=t-shirt.jpg,label=eraser_text=t-shirt.jpg,RTA100,eraser,t-shirt,/external-cache/fse_typographic_20260926/external/Defense-Prefix/rta100.zip,rta100/label=eraser_text=t-shirt.jpg,0.23237544298171997,0.26678338646888733,-0.03440794348716736,False,False
label=eraser_text=tissue.jpg,label=eraser_text=tissue.jpg,RTA100,eraser,tissue,/external-cache/fse_typographic_20260926/external/Defense-Prefix/rta100.zip,rta100/label=eraser_text=tissue.jpg,0.2239885926246643,0.2821003496646881,-0.058111757040023804,False,False
label=eraser_text=toaster.jpg,label=eraser_text=toaster.jpg,RTA100,eraser,toaster,/external-cache/fse_typographic_20260926/external/Defense-Prefix/rta100.zip,rta100/label=eraser_text=toaster.jpg,0.20249150693416595,0.2479313611984253,-0.04543985426425934,False,False
label=eraser_text=tray.jpg,label=eraser_text=tray.jpg,RTA100,eraser,tray,/external-cache/fse_typographic_20260926/external/Defense-Prefix/rta100.zip,rta100/label=eraser_text=tray.jpg,0.24432799220085144,0.2504289448261261,-0.006100952625274658,False,False
label=floor_text=camera.jpg,label=floor_text=camera.jpg,RTA100,floor,camera,/external-cache/fse_typographic_20260926/external/Defense-Prefix/rta100.zip,rta100/label=floor_text=camera.jpg,0.2431117594242096,0.2600812315940857,-0.0169694721698761,False,False
label=floor_text=can.jpg,label=floor_text=can.jpg,RTA100,floor,can,/external-cache/fse_typographic_20260926/external/Defense-Prefix/rta100.zip,rta100/label=floor_text=can.jpg,0.21853426098823547,0.17455393075942993,0.04398033022880554,True,True
label=floor_text=controller.jpg,label=floor_text=controller.jpg,RTA100,floor,controller,/external-cache/fse_typographic_20260926/external/Defense-Prefix/rta100.zip,rta100/label=floor_text=controller.jpg,0.25916212797164917,0.2667311429977417,-0.007569015026092529,False,False
label=floor_text=guitar.jpg,label=floor_text=guitar.jpg,RTA100,floor,guitar,/external-cache/fse_typographic_20260926/external/Defense-Prefix/rta100.zip,rta100/label=floor_text=guitar.jpg,0.23457543551921844,0.2384135127067566,-0.003838077187538147,False,False
label=floor_text=hat.jpg,label=floor_text=hat.jpg,RTA100,floor,hat,/external-cache/fse_typographic_20260926/external/Defense-Prefix/rta100.zip,rta100/label=floor_text=hat.jpg,0.23926836252212524,0.27067580819129944,-0.031407445669174194,False,False
label=floor_text=key.jpg,label=floor_text=key.jpg,RTA100,floor,key,/external-cache/fse_typographic_20260926/external/Defense-Prefix/rta100.zip,rta100/label=floor_text=key.jpg,0.15834903717041016,0.24535709619522095,-0.08700805902481079,False,False
label=floor_text=pen case.jpg,label=floor_text=pen case.jpg,RTA100,floor,pen case,/external-cache/fse_typographic_20260926/external/Defense-Prefix/rta100.zip,rta100/label=floor_text=pen case.jpg,0.23729927837848663,0.18255484104156494,0.05474443733692169,True,False
label=floor_text=ruler.jpg,label=floor_text=ruler.jpg,RTA100,floor,ruler,/external-cache/fse_typographic_20260926/external/Defense-Prefix/rta100.zip,rta100/label=floor_text=ruler.jpg,0.22241580486297607,0.25251421332359314,-0.030098408460617065,False,False
label=floor_text=speaker.jpg,label=floor_text=speaker.jpg,RTA100,floor,speaker,/external-cache/fse_typographic_20260926/external/Defense-Prefix/rta100.zip,rta100/label=floor_text=speaker.jpg,0.2397809624671936,0.24714472889900208,-0.007363766431808472,False,False
label=floor_text=umbrella.jpg,label=floor_text=umbrella.jpg,RTA100,floor,umbrella,/external-cache/fse_typographic_20260926/external/Defense-Prefix/rta100.zip,rta100/label=floor_text=umbrella.jpg,0.22085082530975342,0.263698935508728,-0.04284811019897461,False,False
label=flower_text=DVD.jpg,label=flower_text=DVD.jpg,RTA100,flower,DVD,/external-cache/fse_typographic_20260926/external/Defense-Prefix/rta100.zip,rta100/label=flower_text=DVD.jpg,0.18163689970970154,0.24889948964118958,-0.06726258993148804,False,False
label=flower_text=card.jpg,label=flower_text=card.jpg,RTA100,flower,card,/external-cache/fse_typographic_20260926/external/Defense-Prefix/rta100.zip,rta100/label=flower_text=card.jpg,0.171178936958313,0.2115374058485031,-0.040358468890190125,False,False
label=flower_text=egg.jpg,label=flower_text=egg.jpg,RTA100,flower,egg,/external-cache/fse_typographic_20260926/external/Defense-Prefix/rta100.zip,rta100/label=flower_text=egg.jpg,0.21635225415229797,0.2481226623058319,-0.031770408153533936,False,False
label=flower_text=jacket.jpg,label=flower_text=jacket.jpg,RTA100,flower,jacket,/external-cache/fse_typographic_20260926/external/Defense-Prefix/rta100.zip,rta100/label=flower_text=jacket.jpg,0.19555427134037018,0.22511744499206543,-0.02956317365169525,False,False
label=flower_text=key.jpg,label=flower_text=key.jpg,RTA100,flower,key,/external-cache/fse_typographic_20260926/external/Defense-Prefix/rta100.zip,rta100/label=flower_text=key.jpg,0.19781668484210968,0.20661795139312744,-0.008801266551017761,False,False
label=flower_text=pants.jpg,label=flower_text=pants.jpg,RTA100,flower,pants,/external-cache/fse_typographic_20260926/external/Defense-Prefix/rta100.zip,rta100/label=flower_text=pants.jpg,0.2201133668422699,0.2549698054790497,-0.034856438636779785,False,False
label=flower_text=ruler.jpg,label=flower_text=ruler.jpg,RTA100,flower,ruler,/external-cache/fse_typographic_20260926/external/Defense-Prefix/rta100.zip,rta100/label=flower_text=ruler.jpg,0.11505751311779022,0.17395591735839844,-0.058898404240608215,False,False
label=flower_text=slipper.jpg,label=flower_text=slipper.jpg,RTA100,flower,slipper,/external-cache/fse_typographic_20260926/external/Defense-Prefix/rta100.zip,rta100/label=flower_text=slipper.jpg,0.1692844033241272,0.2354583889245987,-0.0661739856004715,False,False
label=flower_text=thermometer.jpg,label=flower_text=thermometer.jpg,RTA100,flower,thermometer,/external-cache/fse_typographic_20260926/external/Defense-Prefix/rta100.zip,rta100/label=flower_text=thermometer.jpg,0.14997205138206482,0.19390468299388885,-0.043932631611824036,False,False
label=flower_text=umbrella.jpg,label=flower_text=umbrella.jpg,RTA100,flower,umbrella,/external-cache/fse_typographic_20260926/external/Defense-Prefix/rta100.zip,rta100/label=flower_text=umbrella.jpg,0.19841299951076508,0.20759597420692444,-0.009182974696159363,False,False
label=fork_text=basket.jpg,label=fork_text=basket.jpg,RTA100,fork,basket,/external-cache/fse_typographic_20260926/external/Defense-Prefix/rta100.zip,rta100/label=fork_text=basket.jpg,0.26676440238952637,0.2622745633125305,0.00448983907699585,True,True
label=fork_text=bookshelf.jpg,label=fork_text=bookshelf.jpg,RTA100,fork,bookshelf,/external-cache/fse_typographic_20260926/external/Defense-Prefix/rta100.zip,rta100/label=fork_text=bookshelf.jpg,0.25553059577941895,0.2439139485359192,0.011616647243499756,True,True
label=fork_text=cookie.jpg,label=fork_text=cookie.jpg,RTA100,fork,cookie,/external-cache/fse_typographic_20260926/external/Defense-Prefix/rta100.zip,rta100/label=fork_text=cookie.jpg,0.2763441503047943,0.25431737303733826,0.022026777267456055,True,True
label=fork_text=eraser.jpg,label=fork_text=eraser.jpg,RTA100,fork,eraser,/external-cache/fse_typographic_20260926/external/Defense-Prefix/rta100.zip,rta100/label=fork_text=eraser.jpg,0.2703491747379303,0.262440949678421,0.007908225059509277,True,True
label=fork_text=glasses.jpg,label=fork_text=glasses.jpg,RTA100,fork,glasses,/external-cache/fse_typographic_20260926/external/Defense-Prefix/rta100.zip,rta100/label=fork_text=glasses.jpg,0.27794405817985535,0.2638128697872162,0.01413118839263916,True,True
label=fork_text=jacket.jpg,label=fork_text=jacket.jpg,RTA100,fork,jacket,/external-cache/fse_typographic_20260926/external/Defense-Prefix/rta100.zip,rta100/label=fork_text=jacket.jpg,0.2700689435005188,0.2514277994632721,0.018641144037246704,True,True
label=fork_text=key.jpg,label=fork_text=key.jpg,RTA100,fork,key,/external-cache/fse_typographic_20260926/external/Defense-Prefix/rta100.zip,rta100/label=fork_text=key.jpg,0.2739216983318329,0.2568630278110504,0.01705867052078247,True,True
label=fork_text=tissue.jpg,label=fork_text=tissue.jpg,RTA100,fork,tissue,/external-cache/fse_typographic_20260926/external/Defense-Prefix/rta100.zip,rta100/label=fork_text=tissue.jpg,0.26806390285491943,0.25057876110076904,0.01748514175415039,True,True
label=fork_text=toaster.jpg,label=fork_text=toaster.jpg,RTA100,fork,toaster,/external-cache/fse_typographic_20260926/external/Defense-Prefix/rta100.zip,rta100/label=fork_text=toaster.jpg,0.27445822954177856,0.24931806325912476,0.02514016628265381,True,True
label=fork_text=umbrella.jpg,label=fork_text=umbrella.jpg,RTA100,fork,umbrella,/external-cache/fse_typographic_20260926/external/Defense-Prefix/rta100.zip,rta100/label=fork_text=umbrella.jpg,0.2604934573173523,0.2445402592420578,0.015953198075294495,True,True
label=fridge_text=airconditioner.jpg,label=fridge_text=airconditioner.jpg,RTA100,fridge,airconditioner,/external-cache/fse_typographic_20260926/external/Defense-Prefix/rta100.zip,rta100/label=fridge_text=airconditioner.jpg,0.2356400489807129,0.20810574293136597,0.027534306049346924,True,True
label=fridge_text=bowl.jpg,label=fridge_text=bowl.jpg,RTA100,fridge,bowl,/external-cache/fse_typographic_20260926/external/Defense-Prefix/rta100.zip,rta100/label=fridge_text=bowl.jpg,0.17307429015636444,0.21418048441410065,-0.041106194257736206,False,False
label=fridge_text=eraser.jpg,label=fridge_text=eraser.jpg,RTA100,fridge,eraser,/external-cache/fse_typographic_20260926/external/Defense-Prefix/rta100.zip,rta100/label=fridge_text=eraser.jpg,0.23927876353263855,0.17192807793617249,0.06735068559646606,True,True
label=fridge_text=hair dryer.jpg,label=fridge_text=hair dryer.jpg,RTA100,fridge,hair dryer,/external-cache/fse_typographic_20260926/external/Defense-Prefix/rta100.zip,rta100/label=fridge_text=hair dryer.jpg,0.255132257938385,0.16282851994037628,0.09230373799800873,True,True
label=fridge_text=headphone.jpg,label=fridge_text=headphone.jpg,RTA100,fridge,headphone,/external-cache/fse_typographic_20260926/external/Defense-Prefix/rta100.zip,rta100/label=fridge_text=headphone.jpg,0.20792050659656525,0.21043337881565094,-0.0025128722190856934,False,False
label=fridge_text=iPhone.jpg,label=fridge_text=iPhone.jpg,RTA100,fridge,iPhone,/external-cache/fse_typographic_20260926/external/Defense-Prefix/rta100.zip,rta100/label=fridge_text=iPhone.jpg,0.2469753623008728,0.2458544671535492,0.0011208951473236084,True,True
label=fridge_text=iron.jpg,label=fridge_text=iron.jpg,RTA100,fridge,iron,/external-cache/fse_typographic_20260926/external/Defense-Prefix/rta100.zip,rta100/label=fridge_text=iron.jpg,0.2534341812133789,0.26667800545692444,-0.013243824243545532,False,False
label=fridge_text=melon.jpg,label=fridge_text=melon.jpg,RTA100,fridge,melon,/external-cache/fse_typographic_20260926/external/Defense-Prefix/rta100.zip,rta100/label=fridge_text=melon.jpg,0.2356351912021637,0.20789456367492676,0.02774062752723694,True,True
label=fridge_text=pillow.jpg,label=fridge_text=pillow.jpg,RTA100,fridge,pillow,/external-cache/fse_typographic_20260926/external/Defense-Prefix/rta100.zip,rta100/label=fridge_text=pillow.jpg,0.25466859340667725,0.22316116094589233,0.03150743246078491,True,True
label=fridge_text=umbrella.jpg,label=fridge_text=umbrella.jpg,RTA100,fridge,umbrella,/external-cache/fse_typographic_20260926/external/Defense-Prefix/rta100.zip,rta100/label=fridge_text=umbrella.jpg,0.1895313858985901,0.21340402960777283,-0.02387264370918274,False,False
label=frisbee_text=apple.jpg,label=frisbee_text=apple.jpg,RTA100,frisbee,apple,/external-cache/fse_typographic_20260926/external/Defense-Prefix/rta100.zip,rta100/label=frisbee_text=apple.jpg,0.24932801723480225,0.2542067766189575,-0.0048787593841552734,False,False
label=frisbee_text=bookshelf.jpg,label=frisbee_text=bookshelf.jpg,RTA100,frisbee,bookshelf,/external-cache/fse_typographic_20260926/external/Defense-Prefix/rta100.zip,rta100/label=frisbee_text=bookshelf.jpg,0.283385694026947,0.2123718559741974,0.07101383805274963,True,True
label=frisbee_text=chopsticks.jpg,label=frisbee_text=chopsticks.jpg,RTA100,frisbee,chopsticks,/external-cache/fse_typographic_20260926/external/Defense-Prefix/rta100.zip,rta100/label=frisbee_text=chopsticks.jpg,0.25797876715660095,0.20661063492298126,0.05136813223361969,True,True
label=frisbee_text=controller.jpg,label=frisbee_text=controller.jpg,RTA100,frisbee,controller,/external-cache/fse_typographic_20260926/external/Defense-Prefix/rta100.zip,rta100/label=frisbee_text=controller.jpg,0.26657113432884216,0.22383445501327515,0.04273667931556702,True,True
label=frisbee_text=cup.jpg,label=frisbee_text=cup.jpg,RTA100,frisbee,cup,/external-cache/fse_typographic_20260926/external/Defense-Prefix/rta100.zip,rta100/label=frisbee_text=cup.jpg,0.24004077911376953,0.2040213942527771,0.03601938486099243,True,True
label=frisbee_text=headphone.jpg,label=frisbee_text=headphone.jpg,RTA100,frisbee,headphone,/external-cache/fse_typographic_20260926/external/Defense-Prefix/rta100.zip,rta100/label=frisbee_text=headphone.jpg,0.29462021589279175,0.2509987950325012,0.04362142086029053,True,True
label=frisbee_text=key.jpg,label=frisbee_text=key.jpg,RTA100,frisbee,key,/external-cache/fse_typographic_20260926/external/Defense-Prefix/rta100.zip,rta100/label=frisbee_text=key.jpg,0.2421046793460846,0.22584745287895203,0.01625722646713257,True,True
label=frisbee_text=suitcase.jpg,label=frisbee_text=suitcase.jpg,RTA100,frisbee,suitcase,/external-cache/fse_typographic_20260926/external/Defense-Prefix/rta100.zip,rta100/label=frisbee_text=suitcase.jpg,0.2922417223453522,0.2243369221687317,0.06790480017662048,True,True
label=frisbee_text=toothbrush.jpg,label=frisbee_text=toothbrush.jpg,RTA100,frisbee,toothbrush,/external-cache/fse_typographic_20260926/external/Defense-Prefix/rta100.zip,rta100/label=frisbee_text=toothbrush.jpg,0.24074219167232513,0.23054881393909454,0.01019337773323059,True,True
label=frisbee_text=trash box.jpg,label=frisbee_text=trash box.jpg,RTA100,frisbee,trash box,/external-cache/fse_typographic_20260926/external/Defense-Prefix/rta100.zip,rta100/label=frisbee_text=trash box.jpg,0.24320566654205322,0.20916399359703064,0.03404167294502258,True,True
label=glasses_text=bag.jpg,label=glasses_text=bag.jpg,RTA100,glasses,bag,/external-cache/fse_typographic_20260926/external/Defense-Prefix/rta100.zip,rta100/label=glasses_text=bag.jpg,0.2702059745788574,0.23055341839790344,0.03965255618095398,True,True
label=glasses_text=fridge.jpg,label=glasses_text=fridge.jpg,RTA100,glasses,fridge,/external-cache/fse_typographic_20260926/external/Defense-Prefix/rta100.zip,rta100/label=glasses_text=fridge.jpg,0.24970513582229614,0.23686976730823517,0.012835368514060974,True,True
label=glasses_text=guitar.jpg,label=glasses_text=guitar.jpg,RTA100,glasses,guitar,/external-cache/fse_typographic_20260926/external/Defense-Prefix/rta100.zip,rta100/label=glasses_text=guitar.jpg,0.24736902117729187,0.2441665679216385,0.0032024532556533813,True,True
label=glasses_text=lemon.jpg,label=glasses_text=lemon.jpg,RTA100,glasses,lemon,/external-cache/fse_typographic_20260926/external/Defense-Prefix/rta100.zip,rta100/label=glasses_text=lemon.jpg,0.252086877822876,0.22451595962047577,0.027570918202400208,True,True
label=glasses_text=light bulb.jpg,label=glasses_text=light bulb.jpg,RTA100,glasses,light bulb,/external-cache/fse_typographic_20260926/external/Defense-Prefix/rta100.zip,rta100/label=glasses_text=light bulb.jpg,0.2477053701877594,0.225298672914505,0.022406697273254395,True,True
label=glasses_text=mango.jpg,label=glasses_text=mango.jpg,RTA100,glasses,mango,/external-cache/fse_typographic_20260926/external/Defense-Prefix/rta100.zip,rta100/label=glasses_text=mango.jpg,0.25405770540237427,0.2662138342857361,-0.012156128883361816,False,False
label=glasses_text=mousepad.jpg,label=glasses_text=mousepad.jpg,RTA100,glasses,mousepad,/external-cache/fse_typographic_20260926/external/Defense-Prefix/rta100.zip,rta100/label=glasses_text=mousepad.jpg,0.22587016224861145,0.2495865374803543,-0.02371637523174286,False,False
label=glasses_text=notebook.jpg,label=glasses_text=notebook.jpg,RTA100,glasses,notebook,/external-cache/fse_typographic_20260926/external/Defense-Prefix/rta100.zip,rta100/label=glasses_text=notebook.jpg,0.23099160194396973,0.2440371960401535,-0.013045594096183777,False,False
label=glasses_text=slipper.jpg,label=glasses_text=slipper.jpg,RTA100,glasses,slipper,/external-cache/fse_typographic_20260926/external/Defense-Prefix/rta100.zip,rta100/label=glasses_text=slipper.jpg,0.2154606580734253,0.23807701468467712,-0.02261635661125183,False,False
label=glasses_text=watch.jpg,label=glasses_text=watch.jpg,RTA100,glasses,watch,/external-cache/fse_typographic_20260926/external/Defense-Prefix/rta100.zip,rta100/label=glasses_text=watch.jpg,0.23631152510643005,0.22614656388759613,0.010164961218833923,True,True
label=glove_text=chair.jpg,label=glove_text=chair.jpg,RTA100,glove,chair,/external-cache/fse_typographic_20260926/external/Defense-Prefix/rta100.zip,rta100/label=glove_text=chair.jpg,0.23232808709144592,0.24207794666290283,-0.00974985957145691,False,False
label=glove_text=flower.jpg,label=glove_text=flower.jpg,RTA100,glove,flower,/external-cache/fse_typographic_20260926/external/Defense-Prefix/rta100.zip,rta100/label=glove_text=flower.jpg,0.248612642288208,0.2202233523130417,0.02838928997516632,True,True
label=glove_text=fork.jpg,label=glove_text=fork.jpg,RTA100,glove,fork,/external-cache/fse_typographic_20260926/external/Defense-Prefix/rta100.zip,rta100/label=glove_text=fork.jpg,0.22629916667938232,0.2397022843360901,-0.013403117656707764,False,False
label=glove_text=hand.jpg,label=glove_text=hand.jpg,RTA100,glove,hand,/external-cache/fse_typographic_20260926/external/Defense-Prefix/rta100.zip,rta100/label=glove_text=hand.jpg,0.25862038135528564,0.23086267709732056,0.027757704257965088,True,True
label=glove_text=laptop.jpg,label=glove_text=laptop.jpg,RTA100,glove,laptop,/external-cache/fse_typographic_20260926/external/Defense-Prefix/rta100.zip,rta100/label=glove_text=laptop.jpg,0.23475942015647888,0.25205564498901367,-0.01729622483253479,False,False
label=glove_text=mask.jpg,label=glove_text=mask.jpg,RTA100,glove,mask,/external-cache/fse_typographic_20260926/external/Defense-Prefix/rta100.zip,rta100/label=glove_text=mask.jpg,0.2069520354270935,0.21537275612354279,-0.00842072069644928,False,False
label=glove_text=paper.jpg,label=glove_text=paper.jpg,RTA100,glove,paper,/external-cache/fse_typographic_20260926/external/Defense-Prefix/rta100.zip,rta100/label=glove_text=paper.jpg,0.22806406021118164,0.20400457084178925,0.024059489369392395,True,True
label=glove_text=t-shirt.jpg,label=glove_text=t-shirt.jpg,RTA100,glove,t-shirt,/external-cache/fse_typographic_20260926/external/Defense-Prefix/rta100.zip,rta100/label=glove_text=t-shirt.jpg,0.22476693987846375,0.2105061560869217,0.014260783791542053,True,True
label=glove_text=tissue.jpg,label=glove_text=tissue.jpg,RTA100,glove,tissue,/external-cache/fse_typographic_20260926/external/Defense-Prefix/rta100.zip,rta100/label=glove_text=tissue.jpg,0.21250084042549133,0.2072703242301941,0.005230516195297241,True,True
label=glove_text=tray.jpg,label=glove_text=tray.jpg,RTA100,glove,tray,/external-cache/fse_typographic_20260926/external/Defense-Prefix/rta100.zip,rta100/label=glove_text=tray.jpg,0.2084926962852478,0.17805759608745575,0.030435100197792053,True,True
label=guitar_text=bookshelf.jpg,label=guitar_text=bookshelf.jpg,RTA100,guitar,bookshelf,/external-cache/fse_typographic_20260926/external/Defense-Prefix/rta100.zip,rta100/label=guitar_text=bookshelf.jpg,0.2496219277381897,0.20243120193481445,0.047190725803375244,True,True
label=guitar_text=chopsticks.jpg,label=guitar_text=chopsticks.jpg,RTA100,guitar,chopsticks,/external-cache/fse_typographic_20260926/external/Defense-Prefix/rta100.zip,rta100/label=guitar_text=chopsticks.jpg,0.22599127888679504,0.13386596739292145,0.0921253114938736,True,True
label=guitar_text=doll.jpg,label=guitar_text=doll.jpg,RTA100,guitar,doll,/external-cache/fse_typographic_20260926/external/Defense-Prefix/rta100.zip,rta100/label=guitar_text=doll.jpg,0.24096234142780304,0.196548193693161,0.04441414773464203,True,True
label=guitar_text=frisbee.jpg,label=guitar_text=frisbee.jpg,RTA100,guitar,frisbee,/external-cache/fse_typographic_20260926/external/Defense-Prefix/rta100.zip,rta100/label=guitar_text=frisbee.jpg,0.21460473537445068,0.10361327230930328,0.1109914630651474,True,True
label=guitar_text=marker.jpg,label=guitar_text=marker.jpg,RTA100,guitar,marker,/external-cache/fse_typographic_20260926/external/Defense-Prefix/rta100.zip,rta100/label=guitar_text=marker.jpg,0.24279363453388214,0.18112576007843018,0.061667874455451965,True,True
label=guitar_text=microwave.jpg,label=guitar_text=microwave.jpg,RTA100,guitar,microwave,/external-cache/fse_typographic_20260926/external/Defense-Prefix/rta100.zip,rta100/label=guitar_text=microwave.jpg,0.2534967362880707,0.17556463181972504,0.07793210446834564,True,True
label=guitar_text=onion.jpg,label=guitar_text=onion.jpg,RTA100,guitar,onion,/external-cache/fse_typographic_20260926/external/Defense-Prefix/rta100.zip,rta100/label=guitar_text=onion.jpg,0.22583335638046265,0.1703159362077713,0.055517420172691345,True,True
label=guitar_text=plate.jpg,label=guitar_text=plate.jpg,RTA100,guitar,plate,/external-cache/fse_typographic_20260926/external/Defense-Prefix/rta100.zip,rta100/label=guitar_text=plate.jpg,0.28057193756103516,0.22411024570465088,0.05646169185638428,True,True
label=guitar_text=toaster.jpg,label=guitar_text=toaster.jpg,RTA100,guitar,toaster,/external-cache/fse_typographic_20260926/external/Defense-Prefix/rta100.zip,rta100/label=guitar_text=toaster.jpg,0.2254413664340973,0.12412935495376587,0.10131201148033142,True,True
label=guitar_text=wallet.jpg,label=guitar_text=wallet.jpg,RTA100,guitar,wallet,/external-cache/fse_typographic_20260926/external/Defense-Prefix/rta100.zip,rta100/label=guitar_text=wallet.jpg,0.225536048412323,0.13621315360069275,0.08932289481163025,True,True
label=hair dryer_text=bowl.jpg,label=hair dryer_text=bowl.jpg,RTA100,hair dryer,bowl,/external-cache/fse_typographic_20260926/external/Defense-Prefix/rta100.zip,rta100/label=hair dryer_text=bowl.jpg,0.2718369662761688,0.2597319483757019,0.012105017900466919,True,True
label=hair dryer_text=flower.jpg,label=hair dryer_text=flower.jpg,RTA100,hair dryer,flower,/external-cache/fse_typographic_20260926/external/Defense-Prefix/rta100.zip,rta100/label=hair dryer_text=flower.jpg,0.27129170298576355,0.23963551223278046,0.03165619075298309,True,True
label=hair dryer_text=iPhone.jpg,label=hair dryer_text=iPhone.jpg,RTA100,hair dryer,iPhone,/external-cache/fse_typographic_20260926/external/Defense-Prefix/rta100.zip,rta100/label=hair dryer_text=iPhone.jpg,0.24376943707466125,0.22910812497138977,0.014661312103271484,True,False
label=hair dryer_text=jacket.jpg,label=hair dryer_text=jacket.jpg,RTA100,hair dryer,jacket,/external-cache/fse_typographic_20260926/external/Defense-Prefix/rta100.zip,rta100/label=hair dryer_text=jacket.jpg,0.2041243314743042,0.2555069625377655,-0.051382631063461304,False,False
label=hair dryer_text=milk.jpg,label=hair dryer_text=milk.jpg,RTA100,hair dryer,milk,/external-cache/fse_typographic_20260926/external/Defense-Prefix/rta100.zip,rta100/label=hair dryer_text=milk.jpg,0.25748348236083984,0.214117169380188,0.043366312980651855,True,True
label=hair dryer_text=mousepad.jpg,label=hair dryer_text=mousepad.jpg,RTA100,hair dryer,mousepad,/external-cache/fse_typographic_20260926/external/Defense-Prefix/rta100.zip,rta100/label=hair dryer_text=mousepad.jpg,0.2326211929321289,0.24015066027641296,-0.007529467344284058,False,False
label=hair dryer_text=pants.jpg,label=hair dryer_text=pants.jpg,RTA100,hair dryer,pants,/external-cache/fse_typographic_20260926/external/Defense-Prefix/rta100.zip,rta100/label=hair dryer_text=pants.jpg,0.28438353538513184,0.2707066833972931,0.013676851987838745,True,True
label=hair dryer_text=pen.jpg,label=hair dryer_text=pen.jpg,RTA100,hair dryer,pen,/external-cache/fse_typographic_20260926/external/Defense-Prefix/rta100.zip,rta100/label=hair dryer_text=pen.jpg,0.23363009095191956,0.26064804196357727,-0.027017951011657715,False,False
label=hair dryer_text=plate.jpg,label=hair dryer_text=plate.jpg,RTA100,hair dryer,plate,/external-cache/fse_typographic_20260926/external/Defense-Prefix/rta100.zip,rta100/label=hair dryer_text=plate.jpg,0.24133405089378357,0.18006500601768494,0.06126904487609863,True,True
label=hair dryer_text=ruler.jpg,label=hair dryer_text=ruler.jpg,RTA100,hair dryer,ruler,/external-cache/fse_typographic_20260926/external/Defense-Prefix/rta100.zip,rta100/label=hair dryer_text=ruler.jpg,0.23424974083900452,0.26365435123443604,-0.02940461039543152,False,False
label=hand_text=controller.jpg,label=hand_text=controller.jpg,RTA100,hand,controller,/external-cache/fse_typographic_20260926/external/Defense-Prefix/rta100.zip,rta100/label=hand_text=controller.jpg,0.23072418570518494,0.24271565675735474,-0.0119914710521698,False,False
label=hand_text=curtain.jpg,label=hand_text=curtain.jpg,RTA100,hand,curtain,/external-cache/fse_typographic_20260926/external/Defense-Prefix/rta100.zip,rta100/label=hand_text=curtain.jpg,0.2067643702030182,0.2105191946029663,-0.00375482439994812,False,False
label=hand_text=fridge.jpg,label=hand_text=fridge.jpg,RTA100,hand,fridge,/external-cache/fse_typographic_20260926/external/Defense-Prefix/rta100.zip,rta100/label=hand_text=fridge.jpg,0.26011013984680176,0.2434203028678894,0.016689836978912354,True,True
label=hand_text=glasses.jpg,label=hand_text=glasses.jpg,RTA100,hand,glasses,/external-cache/fse_typographic_20260926/external/Defense-Prefix/rta100.zip,rta100/label=hand_text=glasses.jpg,0.24464553594589233,0.2617834210395813,-0.017137885093688965,False,False
label=hand_text=glove.jpg,label=hand_text=glove.jpg,RTA100,hand,glove,/external-cache/fse_typographic_20260926/external/Defense-Prefix/rta100.zip,rta100/label=hand_text=glove.jpg,0.2726238965988159,0.26144978404045105,0.011174112558364868,True,True
label=hand_text=lemon.jpg,label=hand_text=lemon.jpg,RTA100,hand,lemon,/external-cache/fse_typographic_20260926/external/Defense-Prefix/rta100.zip,rta100/label=hand_text=lemon.jpg,0.26679426431655884,0.22182431817054749,0.04496994614601135,True,True
label=hand_text=onion.jpg,label=hand_text=onion.jpg,RTA100,hand,onion,/external-cache/fse_typographic_20260926/external/Defense-Prefix/rta100.zip,rta100/label=hand_text=onion.jpg,0.27815482020378113,0.26780688762664795,0.010347932577133179,True,True
label=hand_text=oven.jpg,label=hand_text=oven.jpg,RTA100,hand,oven,/external-cache/fse_typographic_20260926/external/Defense-Prefix/rta100.zip,rta100/label=hand_text=oven.jpg,0.22255322337150574,0.24455863237380981,-0.022005409002304077,False,False
label=hand_text=speaker.jpg,label=hand_text=speaker.jpg,RTA100,hand,speaker,/external-cache/fse_typographic_20260926/external/Defense-Prefix/rta100.zip,rta100/label=hand_text=speaker.jpg,0.22281302511692047,0.21907037496566772,0.0037426501512527466,True,True
label=hand_text=spoon.jpg,label=hand_text=spoon.jpg,RTA100,hand,spoon,/external-cache/fse_typographic_20260926/external/Defense-Prefix/rta100.zip,rta100/label=hand_text=spoon.jpg,0.24184077978134155,0.27207040786743164,-0.030229628086090088,False,False
label=hat_text=bookshelf.jpg,label=hat_text=bookshelf.jpg,RTA100,hat,bookshelf,/external-cache/fse_typographic_20260926/external/Defense-Prefix/rta100.zip,rta100/label=hat_text=bookshelf.jpg,0.22055774927139282,0.21653442084789276,0.004023328423500061,True,True
label=hat_text=controller.jpg,label=hat_text=controller.jpg,RTA100,hat,controller,/external-cache/fse_typographic_20260926/external/Defense-Prefix/rta100.zip,rta100/label=hat_text=controller.jpg,0.25938254594802856,0.20482859015464783,0.05455395579338074,True,True
label=hat_text=cup.jpg,label=hat_text=cup.jpg,RTA100,hat,cup,/external-cache/fse_typographic_20260926/external/Defense-Prefix/rta100.zip,rta100/label=hat_text=cup.jpg,0.2547365128993988,0.2194667011499405,0.03526981174945831,True,True
label=hat_text=doll.jpg,label=hat_text=doll.jpg,RTA100,hat,doll,/external-cache/fse_typographic_20260926/external/Defense-Prefix/rta100.zip,rta100/label=hat_text=doll.jpg,0.2290249913930893,0.239079549908638,-0.010054558515548706,False,False
label=hat_text=iPhone.jpg,label=hat_text=iPhone.jpg,RTA100,hat,iPhone,/external-cache/fse_typographic_20260926/external/Defense-Prefix/rta100.zip,rta100/label=hat_text=iPhone.jpg,0.256001740694046,0.24883250892162323,0.0071692317724227905,True,True
label=hat_text=pen case.jpg,label=hat_text=pen case.jpg,RTA100,hat,pen case,/external-cache/fse_typographic_20260926/external/Defense-Prefix/rta100.zip,rta100/label=hat_text=pen case.jpg,0.24841490387916565,0.23706179857254028,0.011353105306625366,True,True
label=hat_text=tissue.jpg,label=hat_text=tissue.jpg,RTA100,hat,tissue,/external-cache/fse_typographic_20260926/external/Defense-Prefix/rta100.zip,rta100/label=hat_text=tissue.jpg,0.23528455197811127,0.23781219124794006,-0.0025276392698287964,False,False
label=hat_text=towel.jpg,label=hat_text=towel.jpg,RTA100,hat,towel,/external-cache/fse_typographic_20260926/external/Defense-Prefix/rta100.zip,rta100/label=hat_text=towel.jpg,0.2626022696495056,0.26181066036224365,0.0007916092872619629,True,True
label=hat_text=watch.jpg,label=hat_text=watch.jpg,RTA100,hat,watch,/external-cache/fse_typographic_20260926/external/Defense-Prefix/rta100.zip,rta100/label=hat_text=watch.jpg,0.18145610392093658,0.18804533779621124,-0.006589233875274658,False,False
label=hat_text=whiteboard.jpg,label=hat_text=whiteboard.jpg,RTA100,hat,whiteboard,/external-cache/fse_typographic_20260926/external/Defense-Prefix/rta100.zip,rta100/label=hat_text=whiteboard.jpg,0.26620131731033325,0.2415703982114792,0.024630919098854065,True,True
label=headphone_text=chair.jpg,label=headphone_text=chair.jpg,RTA100,headphone,chair,/external-cache/fse_typographic_20260926/external/Defense-Prefix/rta100.zip,rta100/label=headphone_text=chair.jpg,0.23202800750732422,0.21554142236709595,0.01648658514022827,True,True
label=headphone_text=cup.jpg,label=headphone_text=cup.jpg,RTA100,headphone,cup,/external-cache/fse_typographic_20260926/external/Defense-Prefix/rta100.zip,rta100/label=headphone_text=cup.jpg,0.22401024401187897,0.2042582929134369,0.019751951098442078,True,True
label=headphone_text=eraser.jpg,label=headphone_text=eraser.jpg,RTA100,headphone,eraser,/external-cache/fse_typographic_20260926/external/Defense-Prefix/rta100.zip,rta100/label=headphone_text=eraser.jpg,0.24118545651435852,0.21368935704231262,0.0274960994720459,True,True
label=headphone_text=fridge.jpg,label=headphone_text=fridge.jpg,RTA100,headphone,fridge,/external-cache/fse_typographic_20260926/external/Defense-Prefix/rta100.zip,rta100/label=headphone_text=fridge.jpg,0.22697311639785767,0.20337125658988953,0.02360185980796814,True,True
label=headphone_text=mirror.jpg,label=headphone_text=mirror.jpg,RTA100,headphone,mirror,/external-cache/fse_typographic_20260926/external/Defense-Prefix/rta100.zip,rta100/label=headphone_text=mirror.jpg,0.23171597719192505,0.1583574414253235,0.07335853576660156,True,True
label=headphone_text=paper.jpg,label=headphone_text=paper.jpg,RTA100,headphone,paper,/external-cache/fse_typographic_20260926/external/Defense-Prefix/rta100.zip,rta100/label=headphone_text=paper.jpg,0.2146802544593811,0.18409456312656403,0.030585691332817078,True,True
label=headphone_text=peach.jpg,label=headphone_text=peach.jpg,RTA100,headphone,peach,/external-cache/fse_typographic_20260926/external/Defense-Prefix/rta100.zip,rta100/label=headphone_text=peach.jpg,0.24946345388889313,0.22070789337158203,0.028755560517311096,True,True
label=headphone_text=socks.jpg,label=headphone_text=socks.jpg,RTA100,headphone,socks,/external-cache/fse_typographic_20260926/external/Defense-Prefix/rta100.zip,rta100/label=headphone_text=socks.jpg,0.24330398440361023,0.2569451332092285,-0.013641148805618286,False,False
label=headphone_text=sofa.jpg,label=headphone_text=sofa.jpg,RTA100,headphone,sofa,/external-cache/fse_typographic_20260926/external/Defense-Prefix/rta100.zip,rta100/label=headphone_text=sofa.jpg,0.23985043168067932,0.18445271253585815,0.05539771914482117,True,True
label=headphone_text=toothbrush.jpg,label=headphone_text=toothbrush.jpg,RTA100,headphone,toothbrush,/external-cache/fse_typographic_20260926/external/Defense-Prefix/rta100.zip,rta100/label=headphone_text=toothbrush.jpg,0.2310565710067749,0.23732507228851318,-0.006268501281738281,False,False
label=iPad_text=bookshelf.jpg,label=iPad_text=bookshelf.jpg,RTA100,iPad,bookshelf,/external-cache/fse_typographic_20260926/external/Defense-Prefix/rta100.zip,rta100/label=iPad_text=bookshelf.jpg,0.23225459456443787,0.15590769052505493,0.07634690403938293,True,True
label=iPad_text=drill.jpg,label=iPad_text=drill.jpg,RTA100,iPad,drill,/external-cache/fse_typographic_20260926/external/Defense-Prefix/rta100.zip,rta100/label=iPad_text=drill.jpg,0.2261313498020172,0.13406650722026825,0.09206484258174896,True,True
label=iPad_text=glove.jpg,label=iPad_text=glove.jpg,RTA100,iPad,glove,/external-cache/fse_typographic_20260926/external/Defense-Prefix/rta100.zip,rta100/label=iPad_text=glove.jpg,0.2530747056007385,0.20240557193756104,0.05066913366317749,True,True
label=iPad_text=mango.jpg,label=iPad_text=mango.jpg,RTA100,iPad,mango,/external-cache/fse_typographic_20260926/external/Defense-Prefix/rta100.zip,rta100/label=iPad_text=mango.jpg,0.2609935700893402,0.22704119980335236,0.033952370285987854,True,True
label=iPad_text=mask.jpg,label=iPad_text=mask.jpg,RTA100,iPad,mask,/external-cache/fse_typographic_20260926/external/Defense-Prefix/rta100.zip,rta100/label=iPad_text=mask.jpg,0.22908912599086761,0.15775105357170105,0.07133807241916656,True,True
label=iPad_text=onion.jpg,label=iPad_text=onion.jpg,RTA100,iPad,onion,/external-cache/fse_typographic_20260926/external/Defense-Prefix/rta100.zip,rta100/label=iPad_text=onion.jpg,0.24180155992507935,0.2358493208885193,0.005952239036560059,True,True
label=iPad_text=oven.jpg,label=iPad_text=oven.jpg,RTA100,iPad,oven,/external-cache/fse_typographic_20260926/external/Defense-Prefix/rta100.zip,rta100/label=iPad_text=oven.jpg,0.2535743713378906,0.2153075933456421,0.038266777992248535,True,True
label=iPad_text=plate.jpg,label=iPad_text=plate.jpg,RTA100,iPad,plate,/external-cache/fse_typographic_20260926/external/Defense-Prefix/rta100.zip,rta100/label=iPad_text=plate.jpg,0.25259166955947876,0.21803432703018188,0.034557342529296875,True,True
label=iPad_text=racquet.jpg,label=iPad_text=racquet.jpg,RTA100,iPad,racquet,/external-cache/fse_typographic_20260926/external/Defense-Prefix/rta100.zip,rta100/label=iPad_text=racquet.jpg,0.25233396887779236,0.18295997381210327,0.06937399506568909,True,True
label=iPad_text=speaker.jpg,label=iPad_text=speaker.jpg,RTA100,iPad,speaker,/external-cache/fse_typographic_20260926/external/Defense-Prefix/rta100.zip,rta100/label=iPad_text=speaker.jpg,0.24640461802482605,0.23831707239151,0.00808754563331604,True,True
label=iPhone_text=apple.jpg,label=iPhone_text=apple.jpg,RTA100,iPhone,apple,/external-cache/fse_typographic_20260926/external/Defense-Prefix/rta100.zip,rta100/label=iPhone_text=apple.jpg,0.24516154825687408,0.24446997046470642,0.0006915777921676636,True,True
label=iPhone_text=guitar.jpg,label=iPhone_text=guitar.jpg,RTA100,iPhone,guitar,/external-cache/fse_typographic_20260926/external/Defense-Prefix/rta100.zip,rta100/label=iPhone_text=guitar.jpg,0.2245774120092392,0.22607693076133728,-0.0014995187520980835,False,False
label=iPhone_text=laptop.jpg,label=iPhone_text=laptop.jpg,RTA100,iPhone,laptop,/external-cache/fse_typographic_20260926/external/Defense-Prefix/rta100.zip,rta100/label=iPhone_text=laptop.jpg,0.21878314018249512,0.219712495803833,-0.0009293556213378906,False,False
label=iPhone_text=light bulb.jpg,label=iPhone_text=light bulb.jpg,RTA100,iPhone,light bulb,/external-cache/fse_typographic_20260926/external/Defense-Prefix/rta100.zip,rta100/label=iPhone_text=light bulb.jpg,0.22656100988388062,0.2163684368133545,0.010192573070526123,True,True
label=iPhone_text=mask.jpg,label=iPhone_text=mask.jpg,RTA100,iPhone,mask,/external-cache/fse_typographic_20260926/external/Defense-Prefix/rta100.zip,rta100/label=iPhone_text=mask.jpg,0.2277778685092926,0.2016274482011795,0.026150420308113098,True,True
label=iPhone_text=monitor.jpg,label=iPhone_text=monitor.jpg,RTA100,iPhone,monitor,/external-cache/fse_typographic_20260926/external/Defense-Prefix/rta100.zip,rta100/label=iPhone_text=monitor.jpg,0.1897095888853073,0.16940350830554962,0.02030608057975769,True,True
label=iPhone_text=pants.jpg,label=iPhone_text=pants.jpg,RTA100,iPhone,pants,/external-cache/fse_typographic_20260926/external/Defense-Prefix/rta100.zip,rta100/label=iPhone_text=pants.jpg,0.26839694380760193,0.27271372079849243,-0.004316776990890503,False,False
label=iPhone_text=paper.jpg,label=iPhone_text=paper.jpg,RTA100,iPhone,paper,/external-cache/fse_typographic_20260926/external/Defense-Prefix/rta100.zip,rta100/label=iPhone_text=paper.jpg,0.24531498551368713,0.2581494152545929,-0.012834429740905762,False,False
label=iPhone_text=speaker.jpg,label=iPhone_text=speaker.jpg,RTA100,iPhone,speaker,/external-cache/fse_typographic_20260926/external/Defense-Prefix/rta100.zip,rta100/label=iPhone_text=speaker.jpg,0.22105219960212708,0.2207285761833191,0.0003236234188079834,True,True
label=iPhone_text=spoon.jpg,label=iPhone_text=spoon.jpg,RTA100,iPhone,spoon,/external-cache/fse_typographic_20260926/external/Defense-Prefix/rta100.zip,rta100/label=iPhone_text=spoon.jpg,0.21241499483585358,0.2687065303325653,-0.05629153549671173,False,False
label=iron_text=book.jpg,label=iron_text=book.jpg,RTA100,iron,book,/external-cache/fse_typographic_20260926/external/Defense-Prefix/rta100.zip,rta100/label=iron_text=book.jpg,0.27027231454849243,0.2420656532049179,0.028206661343574524,True,True
label=iron_text=bottle.jpg,label=iron_text=bottle.jpg,RTA100,iron,bottle,/external-cache/fse_typographic_20260926/external/Defense-Prefix/rta100.zip,rta100/label=iron_text=bottle.jpg,0.26795947551727295,0.2404767870903015,0.027482688426971436,True,True
label=iron_text=cookie.jpg,label=iron_text=cookie.jpg,RTA100,iron,cookie,/external-cache/fse_typographic_20260926/external/Defense-Prefix/rta100.zip,rta100/label=iron_text=cookie.jpg,0.2344256043434143,0.22047126293182373,0.013954341411590576,True,True
label=iron_text=glove.jpg,label=iron_text=glove.jpg,RTA100,iron,glove,/external-cache/fse_typographic_20260926/external/Defense-Prefix/rta100.zip,rta100/label=iron_text=glove.jpg,0.266236275434494,0.27926021814346313,-0.013023942708969116,False,False
label=iron_text=jacket.jpg,label=iron_text=jacket.jpg,RTA100,iron,jacket,/external-cache/fse_typographic_20260926/external/Defense-Prefix/rta100.zip,rta100/label=iron_text=jacket.jpg,0.2729848325252533,0.23422075808048248,0.03876407444477081,True,True
label=iron_text=light bulb.jpg,label=iron_text=light bulb.jpg,RTA100,iron,light bulb,/external-cache/fse_typographic_20260926/external/Defense-Prefix/rta100.zip,rta100/label=iron_text=light bulb.jpg,0.19018211960792542,0.17993700504302979,0.01024511456489563,True,False
label=iron_text=mango.jpg,label=iron_text=mango.jpg,RTA100,iron,mango,/external-cache/fse_typographic_20260926/external/Defense-Prefix/rta100.zip,rta100/label=iron_text=mango.jpg,0.2866823077201843,0.24569463729858398,0.04098767042160034,True,True
label=iron_text=peach.jpg,label=iron_text=peach.jpg,RTA100,iron,peach,/external-cache/fse_typographic_20260926/external/Defense-Prefix/rta100.zip,rta100/label=iron_text=peach.jpg,0.22590965032577515,0.2323419749736786,-0.006432324647903442,False,False
label=iron_text=plate.jpg,label=iron_text=plate.jpg,RTA100,iron,plate,/external-cache/fse_typographic_20260926/external/Defense-Prefix/rta100.zip,rta100/label=iron_text=plate.jpg,0.29375094175338745,0.24990926682949066,0.04384167492389679,True,True
label=iron_text=racquet.jpg,label=iron_text=racquet.jpg,RTA100,iron,racquet,/external-cache/fse_typographic_20260926/external/Defense-Prefix/rta100.zip,rta100/label=iron_text=racquet.jpg,0.21802997589111328,0.21311314404010773,0.004916831851005554,True,False
label=jacket_text=bookshelf.jpg,label=jacket_text=bookshelf.jpg,RTA100,jacket,bookshelf,/external-cache/fse_typographic_20260926/external/Defense-Prefix/rta100.zip,rta100/label=jacket_text=bookshelf.jpg,0.24441465735435486,0.2351566106081009,0.009258046746253967,True,True
label=jacket_text=bottle.jpg,label=jacket_text=bottle.jpg,RTA100,jacket,bottle,/external-cache/fse_typographic_20260926/external/Defense-Prefix/rta100.zip,rta100/label=jacket_text=bottle.jpg,0.21740546822547913,0.18129679560661316,0.03610867261886597,True,True
label=jacket_text=can.jpg,label=jacket_text=can.jpg,RTA100,jacket,can,/external-cache/fse_typographic_20260926/external/Defense-Prefix/rta100.zip,rta100/label=jacket_text=can.jpg,0.25581684708595276,0.15060243010520935,0.10521441698074341,True,True
label=jacket_text=mango.jpg,label=jacket_text=mango.jpg,RTA100,jacket,mango,/external-cache/fse_typographic_20260926/external/Defense-Prefix/rta100.zip,rta100/label=jacket_text=mango.jpg,0.2584271728992462,0.2302171140909195,0.02821005880832672,True,True
label=jacket_text=mirror.jpg,label=jacket_text=mirror.jpg,RTA100,jacket,mirror,/external-cache/fse_typographic_20260926/external/Defense-Prefix/rta100.zip,rta100/label=jacket_text=mirror.jpg,0.2364843785762787,0.21389371156692505,0.022590667009353638,True,True
label=jacket_text=peach.jpg,label=jacket_text=peach.jpg,RTA100,jacket,peach,/external-cache/fse_typographic_20260926/external/Defense-Prefix/rta100.zip,rta100/label=jacket_text=peach.jpg,0.23777279257774353,0.22148242592811584,0.016290366649627686,True,True
label=jacket_text=pillow.jpg,label=jacket_text=pillow.jpg,RTA100,jacket,pillow,/external-cache/fse_typographic_20260926/external/Defense-Prefix/rta100.zip,rta100/label=jacket_text=pillow.jpg,0.26327401399612427,0.2550635039806366,0.008210510015487671,True,True
label=jacket_text=plate.jpg,label=jacket_text=plate.jpg,RTA100,jacket,plate,/external-cache/fse_typographic_20260926/external/Defense-Prefix/rta100.zip,rta100/label=jacket_text=plate.jpg,0.2659308910369873,0.2019030600786209,0.0640278309583664,True,True
label=jacket_text=towel.jpg,label=jacket_text=towel.jpg,RTA100,jacket,towel,/external-cache/fse_typographic_20260926/external/Defense-Prefix/rta100.zip,rta100/label=jacket_text=towel.jpg,0.25661391019821167,0.2553146779537201,0.0012992322444915771,True,False
label=jacket_text=vacuum cleaner.jpg,label=jacket_text=vacuum cleaner.jpg,RTA100,jacket,vacuum cleaner,/external-cache/fse_typographic_20260926/external/Defense-Prefix/rta100.zip,rta100/label=jacket_text=vacuum cleaner.jpg,0.2261817455291748,0.20430351793766022,0.021878227591514587,True,True
label=key_text=adapter.jpg,label=key_text=adapter.jpg,RTA100,key,adapter,/external-cache/fse_typographic_20260926/external/Defense-Prefix/rta100.zip,rta100/label=key_text=adapter.jpg,0.24120524525642395,0.20516446232795715,0.0360407829284668,True,True
label=key_text=dish.jpg,label=key_text=dish.jpg,RTA100,key,dish,/external-cache/fse_typographic_20260926/external/Defense-Prefix/rta100.zip,rta100/label=key_text=dish.jpg,0.20430739223957062,0.21265670657157898,-0.008349314332008362,False,False
label=key_text=drill.jpg,label=key_text=drill.jpg,RTA100,key,drill,/external-cache/fse_typographic_20260926/external/Defense-Prefix/rta100.zip,rta100/label=key_text=drill.jpg,0.22663262486457825,0.1943892389535904,0.032243385910987854,True,True
label=key_text=floor.jpg,label=key_text=floor.jpg,RTA100,key,floor,/external-cache/fse_typographic_20260926/external/Defense-Prefix/rta100.zip,rta100/label=key_text=floor.jpg,0.23787027597427368,0.23421859741210938,0.0036516785621643066,True,False
label=key_text=frisbee.jpg,label=key_text=frisbee.jpg,RTA100,key,frisbee,/external-cache/fse_typographic_20260926/external/Defense-Prefix/rta100.zip,rta100/label=key_text=frisbee.jpg,0.18513192236423492,0.162122905254364,0.02300901710987091,True,False
label=key_text=iPad.jpg,label=key_text=iPad.jpg,RTA100,key,iPad,/external-cache/fse_typographic_20260926/external/Defense-Prefix/rta100.zip,rta100/label=key_text=iPad.jpg,0.203821063041687,0.21126610040664673,-0.007445037364959717,False,False
label=key_text=jacket.jpg,label=key_text=jacket.jpg,RTA100,key,jacket,/external-cache/fse_typographic_20260926/external/Defense-Prefix/rta100.zip,rta100/label=key_text=jacket.jpg,0.22166967391967773,0.2126981019973755,0.008971571922302246,True,False
label=key_text=pants.jpg,label=key_text=pants.jpg,RTA100,key,pants,/external-cache/fse_typographic_20260926/external/Defense-Prefix/rta100.zip,rta100/label=key_text=pants.jpg,0.2390778362751007,0.2663702070713043,-0.027292370796203613,False,False
label=key_text=remote.jpg,label=key_text=remote.jpg,RTA100,key,remote,/external-cache/fse_typographic_20260926/external/Defense-Prefix/rta100.zip,rta100/label=key_text=remote.jpg,0.2332819700241089,0.23785820603370667,-0.004576236009597778,False,False
label=key_text=ruler.jpg,label=key_text=ruler.jpg,RTA100,key,ruler,/external-cache/fse_typographic_20260926/external/Defense-Prefix/rta100.zip,rta100/label=key_text=ruler.jpg,0.20865803956985474,0.2594233751296997,-0.05076533555984497,False,False
label=keyboard_text=airconditioner.jpg,label=keyboard_text=airconditioner.jpg,RTA100,keyboard,airconditioner,/external-cache/fse_typographic_20260926/external/Defense-Prefix/rta100.zip,rta100/label=keyboard_text=airconditioner.jpg,0.24095922708511353,0.22128193080425262,0.0196772962808609,True,True
label=keyboard_text=bookshelf.jpg,label=keyboard_text=bookshelf.jpg,RTA100,keyboard,bookshelf,/external-cache/fse_typographic_20260926/external/Defense-Prefix/rta100.zip,rta100/label=keyboard_text=bookshelf.jpg,0.1937529295682907,0.21592113375663757,-0.022168204188346863,False,False
label=keyboard_text=guitar.jpg,label=keyboard_text=guitar.jpg,RTA100,keyboard,guitar,/external-cache/fse_typographic_20260926/external/Defense-Prefix/rta100.zip,rta100/label=keyboard_text=guitar.jpg,0.23677578568458557,0.1784553974866867,0.058320388197898865,True,True
label=keyboard_text=lemon.jpg,label=keyboard_text=lemon.jpg,RTA100,keyboard,lemon,/external-cache/fse_typographic_20260926/external/Defense-Prefix/rta100.zip,rta100/label=keyboard_text=lemon.jpg,0.21974651515483856,0.19592660665512085,0.023819908499717712,True,True
label=keyboard_text=notebook.jpg,label=keyboard_text=notebook.jpg,RTA100,keyboard,notebook,/external-cache/fse_typographic_20260926/external/Defense-Prefix/rta100.zip,rta100/label=keyboard_text=notebook.jpg,0.2344844490289688,0.24766431748867035,-0.013179868459701538,False,False
label=keyboard_text=pen case.jpg,label=keyboard_text=pen case.jpg,RTA100,keyboard,pen case,/external-cache/fse_typographic_20260926/external/Defense-Prefix/rta100.zip,rta100/label=keyboard_text=pen case.jpg,0.23052239418029785,0.16600602865219116,0.06451636552810669,True,True
label=keyboard_text=slipper.jpg,label=keyboard_text=slipper.jpg,RTA100,keyboard,slipper,/external-cache/fse_typographic_20260926/external/Defense-Prefix/rta100.zip,rta100/label=keyboard_text=slipper.jpg,0.22150927782058716,0.17100758850574493,0.050501689314842224,True,True
label=keyboard_text=tie.jpg,label=keyboard_text=tie.jpg,RTA100,keyboard,tie,/external-cache/fse_typographic_20260926/external/Defense-Prefix/rta100.zip,rta100/label=keyboard_text=tie.jpg,0.2545796036720276,0.20904332399368286,0.04553627967834473,True,True
label=keyboard_text=toaster.jpg,label=keyboard_text=toaster.jpg,RTA100,keyboard,toaster,/external-cache/fse_typographic_20260926/external/Defense-Prefix/rta100.zip,rta100/label=keyboard_text=toaster.jpg,0.24098539352416992,0.23040807247161865,0.01057732105255127,True,True
label=keyboard_text=vacuum cleaner.jpg,label=keyboard_text=vacuum cleaner.jpg,RTA100,keyboard,vacuum cleaner,/external-cache/fse_typographic_20260926/external/Defense-Prefix/rta100.zip,rta100/label=keyboard_text=vacuum cleaner.jpg,0.22000572085380554,0.18369466066360474,0.036311060190200806,True,True
label=laptop_text=adapter.jpg,label=laptop_text=adapter.jpg,RTA100,laptop,adapter,/external-cache/fse_typographic_20260926/external/Defense-Prefix/rta100.zip,rta100/label=laptop_text=adapter.jpg,0.23790203034877777,0.19511857628822327,0.042783454060554504,True,True
label=laptop_text=airconditioner.jpg,label=laptop_text=airconditioner.jpg,RTA100,laptop,airconditioner,/external-cache/fse_typographic_20260926/external/Defense-Prefix/rta100.zip,rta100/label=laptop_text=airconditioner.jpg,0.2449982613325119,0.22219547629356384,0.02280278503894806,True,True
label=laptop_text=bed.jpg,label=laptop_text=bed.jpg,RTA100,laptop,bed,/external-cache/fse_typographic_20260926/external/Defense-Prefix/rta100.zip,rta100/label=laptop_text=bed.jpg,0.25565463304519653,0.2181774228811264,0.03747721016407013,True,True
label=laptop_text=can.jpg,label=laptop_text=can.jpg,RTA100,laptop,can,/external-cache/fse_typographic_20260926/external/Defense-Prefix/rta100.zip,rta100/label=laptop_text=can.jpg,0.24293527007102966,0.19720351696014404,0.04573175311088562,True,True
label=laptop_text=glasses.jpg,label=laptop_text=glasses.jpg,RTA100,laptop,glasses,/external-cache/fse_typographic_20260926/external/Defense-Prefix/rta100.zip,rta100/label=laptop_text=glasses.jpg,0.2612166404724121,0.2416369915008545,0.019579648971557617,True,True
label=laptop_text=keyboard.jpg,label=laptop_text=keyboard.jpg,RTA100,laptop,keyboard,/external-cache/fse_typographic_20260926/external/Defense-Prefix/rta100.zip,rta100/label=laptop_text=keyboard.jpg,0.2140279859304428,0.19763602316379547,0.01639196276664734,True,True
label=laptop_text=pen case.jpg,label=laptop_text=pen case.jpg,RTA100,laptop,pen case,/external-cache/fse_typographic_20260926/external/Defense-Prefix/rta100.zip,rta100/label=laptop_text=pen case.jpg,0.2534303665161133,0.20944839715957642,0.043981969356536865,True,True
label=laptop_text=speaker.jpg,label=laptop_text=speaker.jpg,RTA100,laptop,speaker,/external-cache/fse_typographic_20260926/external/Defense-Prefix/rta100.zip,rta100/label=laptop_text=speaker.jpg,0.2208186835050583,0.22342528402805328,-0.002606600522994995,False,False
label=laptop_text=suitcase.jpg,label=laptop_text=suitcase.jpg,RTA100,laptop,suitcase,/external-cache/fse_typographic_20260926/external/Defense-Prefix/rta100.zip,rta100/label=laptop_text=suitcase.jpg,0.24986916780471802,0.21034900844097137,0.03952015936374664,True,True
label=laptop_text=trash box.jpg,label=laptop_text=trash box.jpg,RTA100,laptop,trash box,/external-cache/fse_typographic_20260926/external/Defense-Prefix/rta100.zip,rta100/label=laptop_text=trash box.jpg,0.23078259825706482,0.19589123129844666,0.034891366958618164,True,True
label=lemon_text=apple.jpg,label=lemon_text=apple.jpg,RTA100,lemon,apple,/external-cache/fse_typographic_20260926/external/Defense-Prefix/rta100.zip,rta100/label=lemon_text=apple.jpg,0.26607534289360046,0.2726009488105774,-0.006525605916976929,False,False
label=lemon_text=egg.jpg,label=lemon_text=egg.jpg,RTA100,lemon,egg,/external-cache/fse_typographic_20260926/external/Defense-Prefix/rta100.zip,rta100/label=lemon_text=egg.jpg,0.26360103487968445,0.2543013095855713,0.00929972529411316,True,True
label=lemon_text=floor.jpg,label=lemon_text=floor.jpg,RTA100,lemon,floor,/external-cache/fse_typographic_20260926/external/Defense-Prefix/rta100.zip,rta100/label=lemon_text=floor.jpg,0.24487993121147156,0.2436549812555313,0.0012249499559402466,True,True
label=lemon_text=flower.jpg,label=lemon_text=flower.jpg,RTA100,lemon,flower,/external-cache/fse_typographic_20260926/external/Defense-Prefix/rta100.zip,rta100/label=lemon_text=flower.jpg,0.23061001300811768,0.22465470433235168,0.005955308675765991,True,True
label=lemon_text=hair dryer.jpg,label=lemon_text=hair dryer.jpg,RTA100,lemon,hair dryer,/external-cache/fse_typographic_20260926/external/Defense-Prefix/rta100.zip,rta100/label=lemon_text=hair dryer.jpg,0.2435200810432434,0.22102105617523193,0.022499024868011475,True,True
label=lemon_text=hat.jpg,label=lemon_text=hat.jpg,RTA100,lemon,hat,/external-cache/fse_typographic_20260926/external/Defense-Prefix/rta100.zip,rta100/label=lemon_text=hat.jpg,0.2708245813846588,0.2608177065849304,0.010006874799728394,True,True
label=lemon_text=mask.jpg,label=lemon_text=mask.jpg,RTA100,lemon,mask,/external-cache/fse_typographic_20260926/external/Defense-Prefix/rta100.zip,rta100/label=lemon_text=mask.jpg,0.2574239671230316,0.24514251947402954,0.012281447649002075,True,True
label=lemon_text=notebook.jpg,label=lemon_text=notebook.jpg,RTA100,lemon,notebook,/external-cache/fse_typographic_20260926/external/Defense-Prefix/rta100.zip,rta100/label=lemon_text=notebook.jpg,0.22548052668571472,0.258840411901474,-0.03335988521575928,False,False
label=lemon_text=plate.jpg,label=lemon_text=plate.jpg,RTA100,lemon,plate,/external-cache/fse_typographic_20260926/external/Defense-Prefix/rta100.zip,rta100/label=lemon_text=plate.jpg,0.22817647457122803,0.2298046350479126,-0.0016281604766845703,False,False
label=lemon_text=spoon.jpg,label=lemon_text=spoon.jpg,RTA100,lemon,spoon,/external-cache/fse_typographic_20260926/external/Defense-Prefix/rta100.zip,rta100/label=lemon_text=spoon.jpg,0.2700575888156891,0.26851117610931396,0.001546412706375122,True,True
label=light bulb_text=adapter.jpg,label=light bulb_text=adapter.jpg,RTA100,light bulb,adapter,/external-cache/fse_typographic_20260926/external/Defense-Prefix/rta100.zip,rta100/label=light bulb_text=adapter.jpg,0.24967354536056519,0.25030237436294556,-0.0006288290023803711,False,False
label=light bulb_text=bed.jpg,label=light bulb_text=bed.jpg,RTA100,light bulb,bed,/external-cache/fse_typographic_20260926/external/Defense-Prefix/rta100.zip,rta100/label=light bulb_text=bed.jpg,0.23373126983642578,0.20651550590991974,0.027215763926506042,True,True
label=light bulb_text=flower.jpg,label=light bulb_text=flower.jpg,RTA100,light bulb,flower,/external-cache/fse_typographic_20260926/external/Defense-Prefix/rta100.zip,rta100/label=light bulb_text=flower.jpg,0.25802502036094666,0.22808600962162018,0.029939010739326477,True,True
label=light bulb_text=laptop.jpg,label=light bulb_text=laptop.jpg,RTA100,light bulb,laptop,/external-cache/fse_typographic_20260926/external/Defense-Prefix/rta100.zip,rta100/label=light bulb_text=laptop.jpg,0.23459048569202423,0.2539784908294678,-0.019388005137443542,False,False
label=light bulb_text=onion.jpg,label=light bulb_text=onion.jpg,RTA100,light bulb,onion,/external-cache/fse_typographic_20260926/external/Defense-Prefix/rta100.zip,rta100/label=light bulb_text=onion.jpg,0.23767077922821045,0.25111591815948486,-0.013445138931274414,False,False
label=light bulb_text=pants.jpg,label=light bulb_text=pants.jpg,RTA100,light bulb,pants,/external-cache/fse_typographic_20260926/external/Defense-Prefix/rta100.zip,rta100/label=light bulb_text=pants.jpg,0.27225011587142944,0.2677452862262726,0.00450482964515686,True,True
label=light bulb_text=pillow.jpg,label=light bulb_text=pillow.jpg,RTA100,light bulb,pillow,/external-cache/fse_typographic_20260926/external/Defense-Prefix/rta100.zip,rta100/label=light bulb_text=pillow.jpg,0.24976064264774323,0.22730505466461182,0.02245558798313141,True,True
label=light bulb_text=t-shirt.jpg,label=light bulb_text=t-shirt.jpg,RTA100,light bulb,t-shirt,/external-cache/fse_typographic_20260926/external/Defense-Prefix/rta100.zip,rta100/label=light bulb_text=t-shirt.jpg,0.2608492374420166,0.2570089101791382,0.003840327262878418,True,True
label=light bulb_text=tie.jpg,label=light bulb_text=tie.jpg,RTA100,light bulb,tie,/external-cache/fse_typographic_20260926/external/Defense-Prefix/rta100.zip,rta100/label=light bulb_text=tie.jpg,0.23955179750919342,0.23344166576862335,0.006110131740570068,True,True
label=light bulb_text=vacuum cleaner.jpg,label=light bulb_text=vacuum cleaner.jpg,RTA100,light bulb,vacuum cleaner,/external-cache/fse_typographic_20260926/external/Defense-Prefix/rta100.zip,rta100/label=light bulb_text=vacuum cleaner.jpg,0.22914355993270874,0.19176803529262543,0.03737552464008331,True,True
label=mango_text=adapter.jpg,label=mango_text=adapter.jpg,RTA100,mango,adapter,/external-cache/fse_typographic_20260926/external/Defense-Prefix/rta100.zip,rta100/label=mango_text=adapter.jpg,0.2582930028438568,0.24297302961349487,0.015319973230361938,True,True
label=mango_text=apple.jpg,label=mango_text=apple.jpg,RTA100,mango,apple,/external-cache/fse_typographic_20260926/external/Defense-Prefix/rta100.zip,rta100/label=mango_text=apple.jpg,0.2713771462440491,0.2793600261211395,-0.007982879877090454,False,False
label=mango_text=egg.jpg,label=mango_text=egg.jpg,RTA100,mango,egg,/external-cache/fse_typographic_20260926/external/Defense-Prefix/rta100.zip,rta100/label=mango_text=egg.jpg,0.28534042835235596,0.2698279619216919,0.015512466430664062,True,True
label=mango_text=floor.jpg,label=mango_text=floor.jpg,RTA100,mango,floor,/external-cache/fse_typographic_20260926/external/Defense-Prefix/rta100.zip,rta100/label=mango_text=floor.jpg,0.2675839066505432,0.23722858726978302,0.030355319380760193,True,True
label=mango_text=fork.jpg,label=mango_text=fork.jpg,RTA100,mango,fork,/external-cache/fse_typographic_20260926/external/Defense-Prefix/rta100.zip,rta100/label=mango_text=fork.jpg,0.2500431537628174,0.24151089787483215,0.00853225588798523,True,True
label=mango_text=key.jpg,label=mango_text=key.jpg,RTA100,mango,key,/external-cache/fse_typographic_20260926/external/Defense-Prefix/rta100.zip,rta100/label=mango_text=key.jpg,0.24322032928466797,0.22538261115550995,0.01783771812915802,True,True
label=mango_text=racquet.jpg,label=mango_text=racquet.jpg,RTA100,mango,racquet,/external-cache/fse_typographic_20260926/external/Defense-Prefix/rta100.zip,rta100/label=mango_text=racquet.jpg,0.2517468333244324,0.25659358501434326,-0.004846751689910889,False,False
label=mango_text=scissors.jpg,label=mango_text=scissors.jpg,RTA100,mango,scissors,/external-cache/fse_typographic_20260926/external/Defense-Prefix/rta100.zip,rta100/label=mango_text=scissors.jpg,0.25950583815574646,0.24046406149864197,0.019041776657104492,True,True
label=mango_text=socks.jpg,label=mango_text=socks.jpg,RTA100,mango,socks,/external-cache/fse_typographic_20260926/external/Defense-Prefix/rta100.zip,rta100/label=mango_text=socks.jpg,0.2288164496421814,0.260585218667984,-0.03176876902580261,False,False
label=mango_text=towel.jpg,label=mango_text=towel.jpg,RTA100,mango,towel,/external-cache/fse_typographic_20260926/external/Defense-Prefix/rta100.zip,rta100/label=mango_text=towel.jpg,0.27397680282592773,0.2652192711830139,0.008757531642913818,True,True
label=map_text=bed.jpg,label=map_text=bed.jpg,RTA100,map,bed,/external-cache/fse_typographic_20260926/external/Defense-Prefix/rta100.zip,rta100/label=map_text=bed.jpg,0.24223685264587402,0.20089104771614075,0.041345804929733276,True,True
label=map_text=camera.jpg,label=map_text=camera.jpg,RTA100,map,camera,/external-cache/fse_typographic_20260926/external/Defense-Prefix/rta100.zip,rta100/label=map_text=camera.jpg,0.2535959780216217,0.15771716833114624,0.09587880969047546,True,True
label=map_text=cookie.jpg,label=map_text=cookie.jpg,RTA100,map,cookie,/external-cache/fse_typographic_20260926/external/Defense-Prefix/rta100.zip,rta100/label=map_text=cookie.jpg,0.24619469046592712,0.18615508079528809,0.06003960967063904,True,True
label=map_text=eraser.jpg,label=map_text=eraser.jpg,RTA100,map,eraser,/external-cache/fse_typographic_20260926/external/Defense-Prefix/rta100.zip,rta100/label=map_text=eraser.jpg,0.24479028582572937,0.17714278399944305,0.06764750182628632,True,True
label=map_text=fork.jpg,label=map_text=fork.jpg,RTA100,map,fork,/external-cache/fse_typographic_20260926/external/Defense-Prefix/rta100.zip,rta100/label=map_text=fork.jpg,0.2344466745853424,0.19126112759113312,0.04318554699420929,True,True
label=map_text=frisbee.jpg,label=map_text=frisbee.jpg,RTA100,map,frisbee,/external-cache/fse_typographic_20260926/external/Defense-Prefix/rta100.zip,rta100/label=map_text=frisbee.jpg,0.241430401802063,0.1753871738910675,0.06604322791099548,True,True
label=map_text=glasses.jpg,label=map_text=glasses.jpg,RTA100,map,glasses,/external-cache/fse_typographic_20260926/external/Defense-Prefix/rta100.zip,rta100/label=map_text=glasses.jpg,0.24960705637931824,0.16146057844161987,0.08814647793769836,True,True
label=map_text=hat.jpg,label=map_text=hat.jpg,RTA100,map,hat,/external-cache/fse_typographic_20260926/external/Defense-Prefix/rta100.zip,rta100/label=map_text=hat.jpg,0.2330467402935028,0.17423897981643677,0.05880776047706604,True,True
label=map_text=melon.jpg,label=map_text=melon.jpg,RTA100,map,melon,/external-cache/fse_typographic_20260926/external/Defense-Prefix/rta100.zip,rta100/label=map_text=melon.jpg,0.22520872950553894,0.1997082531452179,0.025500476360321045,True,True
label=map_text=mug.jpg,label=map_text=mug.jpg,RTA100,map,mug,/external-cache/fse_typographic_20260926/external/Defense-Prefix/rta100.zip,rta100/label=map_text=mug.jpg,0.2628234624862671,0.21824689209461212,0.04457657039165497,True,True
label=marker_text=chopsticks.jpg,label=marker_text=chopsticks.jpg,RTA100,marker,chopsticks,/external-cache/fse_typographic_20260926/external/Defense-Prefix/rta100.zip,rta100/label=marker_text=chopsticks.jpg,0.20009446144104004,0.26209425926208496,-0.06199979782104492,False,False
label=marker_text=hand.jpg,label=marker_text=hand.jpg,RTA100,marker,hand,/external-cache/fse_typographic_20260926/external/Defense-Prefix/rta100.zip,rta100/label=marker_text=hand.jpg,0.22161626815795898,0.24052411317825317,-0.01890784502029419,False,False
label=marker_text=key.jpg,label=marker_text=key.jpg,RTA100,marker,key,/external-cache/fse_typographic_20260926/external/Defense-Prefix/rta100.zip,rta100/label=marker_text=key.jpg,0.2194342017173767,0.24507275223731995,-0.025638550519943237,False,False
label=marker_text=laptop.jpg,label=marker_text=laptop.jpg,RTA100,marker,laptop,/external-cache/fse_typographic_20260926/external/Defense-Prefix/rta100.zip,rta100/label=marker_text=laptop.jpg,0.18252205848693848,0.2263393998146057,-0.043817341327667236,False,False
label=marker_text=light bulb.jpg,label=marker_text=light bulb.jpg,RTA100,marker,light bulb,/external-cache/fse_typographic_20260926/external/Defense-Prefix/rta100.zip,rta100/label=marker_text=light bulb.jpg,0.21199187636375427,0.22785934805870056,-0.01586747169494629,False,False
label=marker_text=milk.jpg,label=marker_text=milk.jpg,RTA100,marker,milk,/external-cache/fse_typographic_20260926/external/Defense-Prefix/rta100.zip,rta100/label=marker_text=milk.jpg,0.2209881693124771,0.25367599725723267,-0.032687827944755554,False,False
label=marker_text=onion.jpg,label=marker_text=onion.jpg,RTA100,marker,onion,/external-cache/fse_typographic_20260926/external/Defense-Prefix/rta100.zip,rta100/label=marker_text=onion.jpg,0.21919845044612885,0.23381400108337402,-0.014615550637245178,False,False
label=marker_text=pillow.jpg,label=marker_text=pillow.jpg,RTA100,marker,pillow,/external-cache/fse_typographic_20260926/external/Defense-Prefix/rta100.zip,rta100/label=marker_text=pillow.jpg,0.2343047559261322,0.2711560130119324,-0.03685125708580017,False,False
label=marker_text=table.jpg,label=marker_text=table.jpg,RTA100,marker,table,/external-cache/fse_typographic_20260926/external/Defense-Prefix/rta100.zip,rta100/label=marker_text=table.jpg,0.2238718867301941,0.2608289420604706,-0.03695705533027649,False,False
label=marker_text=towel.jpg,label=marker_text=towel.jpg,RTA100,marker,towel,/external-cache/fse_typographic_20260926/external/Defense-Prefix/rta100.zip,rta100/label=marker_text=towel.jpg,0.19705075025558472,0.23857834935188293,-0.04152759909629822,False,False
label=mask_text=bag.jpg,label=mask_text=bag.jpg,RTA100,mask,bag,/external-cache/fse_typographic_20260926/external/Defense-Prefix/rta100.zip,rta100/label=mask_text=bag.jpg,0.1660313904285431,0.23688489198684692,-0.07085350155830383,False,False
label=mask_text=bottle.jpg,label=mask_text=bottle.jpg,RTA100,mask,bottle,/external-cache/fse_typographic_20260926/external/Defense-Prefix/rta100.zip,rta100/label=mask_text=bottle.jpg,0.23137855529785156,0.21537812054157257,0.01600043475627899,True,True
label=mask_text=cup.jpg,label=mask_text=cup.jpg,RTA100,mask,cup,/external-cache/fse_typographic_20260926/external/Defense-Prefix/rta100.zip,rta100/label=mask_text=cup.jpg,0.1430480182170868,0.2250179797410965,-0.0819699615240097,False,False
label=mask_text=curtain.jpg,label=mask_text=curtain.jpg,RTA100,mask,curtain,/external-cache/fse_typographic_20260926/external/Defense-Prefix/rta100.zip,rta100/label=mask_text=curtain.jpg,0.19226466119289398,0.18997839093208313,0.002286270260810852,True,True
label=mask_text=earphones.jpg,label=mask_text=earphones.jpg,RTA100,mask,earphones,/external-cache/fse_typographic_20260926/external/Defense-Prefix/rta100.zip,rta100/label=mask_text=earphones.jpg,0.1793893277645111,0.24840334057807922,-0.06901401281356812,False,False
label=mask_text=mango.jpg,label=mask_text=mango.jpg,RTA100,mask,mango,/external-cache/fse_typographic_20260926/external/Defense-Prefix/rta100.zip,rta100/label=mask_text=mango.jpg,0.25844770669937134,0.2702562212944031,-0.011808514595031738,False,False
label=mask_text=mug.jpg,label=mask_text=mug.jpg,RTA100,mask,mug,/external-cache/fse_typographic_20260926/external/Defense-Prefix/rta100.zip,rta100/label=mask_text=mug.jpg,0.21432170271873474,0.23421984910964966,-0.019898146390914917,False,False
label=mask_text=suitcase.jpg,label=mask_text=suitcase.jpg,RTA100,mask,suitcase,/external-cache/fse_typographic_20260926/external/Defense-Prefix/rta100.zip,rta100/label=mask_text=suitcase.jpg,0.20398163795471191,0.22016437351703644,-0.016182735562324524,False,False
label=mask_text=toothbrush.jpg,label=mask_text=toothbrush.jpg,RTA100,mask,toothbrush,/external-cache/fse_typographic_20260926/external/Defense-Prefix/rta100.zip,rta100/label=mask_text=toothbrush.jpg,0.19629104435443878,0.24372795224189758,-0.0474369078874588,False,False
label=mask_text=whiteboard.jpg,label=mask_text=whiteboard.jpg,RTA100,mask,whiteboard,/external-cache/fse_typographic_20260926/external/Defense-Prefix/rta100.zip,rta100/label=mask_text=whiteboard.jpg,0.22852185368537903,0.22614650428295135,0.0023753494024276733,True,True
label=melon_text=camera.jpg,label=melon_text=camera.jpg,RTA100,melon,camera,/external-cache/fse_typographic_20260926/external/Defense-Prefix/rta100.zip,rta100/label=melon_text=camera.jpg,0.29497194290161133,0.2497985064983368,0.045173436403274536,True,True
label=melon_text=floor.jpg,label=melon_text=floor.jpg,RTA100,melon,floor,/external-cache/fse_typographic_20260926/external/Defense-Prefix/rta100.zip,rta100/label=melon_text=floor.jpg,0.21469956636428833,0.21438530087471008,0.00031426548957824707,True,True
label=melon_text=fork.jpg,label=melon_text=fork.jpg,RTA100,melon,fork,/external-cache/fse_typographic_20260926/external/Defense-Prefix/rta100.zip,rta100/label=melon_text=fork.jpg,0.28037330508232117,0.2581959366798401,0.02217736840248108,True,True
label=melon_text=fridge.jpg,label=melon_text=fridge.jpg,RTA100,melon,fridge,/external-cache/fse_typographic_20260926/external/Defense-Prefix/rta100.zip,rta100/label=melon_text=fridge.jpg,0.27242839336395264,0.2537609040737152,0.018667489290237427,True,True
label=melon_text=hat.jpg,label=melon_text=hat.jpg,RTA100,melon,hat,/external-cache/fse_typographic_20260926/external/Defense-Prefix/rta100.zip,rta100/label=melon_text=hat.jpg,0.30138784646987915,0.2964344620704651,0.0049533843994140625,True,True
label=melon_text=light bulb.jpg,label=melon_text=light bulb.jpg,RTA100,melon,light bulb,/external-cache/fse_typographic_20260926/external/Defense-Prefix/rta100.zip,rta100/label=melon_text=light bulb.jpg,0.25283893942832947,0.2110101580619812,0.04182878136634827,True,True
label=melon_text=marker.jpg,label=melon_text=marker.jpg,RTA100,melon,marker,/external-cache/fse_typographic_20260926/external/Defense-Prefix/rta100.zip,rta100/label=melon_text=marker.jpg,0.2759694457054138,0.21869149804115295,0.057277947664260864,True,True
label=melon_text=pen.jpg,label=melon_text=pen.jpg,RTA100,melon,pen,/external-cache/fse_typographic_20260926/external/Defense-Prefix/rta100.zip,rta100/label=melon_text=pen.jpg,0.24095167219638824,0.25646543502807617,-0.015513762831687927,False,False
label=melon_text=plate.jpg,label=melon_text=plate.jpg,RTA100,melon,plate,/external-cache/fse_typographic_20260926/external/Defense-Prefix/rta100.zip,rta100/label=melon_text=plate.jpg,0.27891746163368225,0.2461453676223755,0.03277209401130676,True,True
label=melon_text=pot.jpg,label=melon_text=pot.jpg,RTA100,melon,pot,/external-cache/fse_typographic_20260926/external/Defense-Prefix/rta100.zip,rta100/label=melon_text=pot.jpg,0.29203537106513977,0.25319451093673706,0.03884086012840271,True,True
label=mic_text=book.jpg,label=mic_text=book.jpg,RTA100,mic,book,/external-cache/fse_typographic_20260926/external/Defense-Prefix/rta100.zip,rta100/label=mic_text=book.jpg,0.23777896165847778,0.2082412838935852,0.029537677764892578,True,True
label=mic_text=cone.jpg,label=mic_text=cone.jpg,RTA100,mic,cone,/external-cache/fse_typographic_20260926/external/Defense-Prefix/rta100.zip,rta100/label=mic_text=cone.jpg,0.20170392096042633,0.20918409526348114,-0.00748017430305481,False,False
label=mic_text=iPhone.jpg,label=mic_text=iPhone.jpg,RTA100,mic,iPhone,/external-cache/fse_typographic_20260926/external/Defense-Prefix/rta100.zip,rta100/label=mic_text=iPhone.jpg,0.2776321470737457,0.22499234974384308,0.05263979732990265,True,True
label=mic_text=laptop.jpg,label=mic_text=laptop.jpg,RTA100,mic,laptop,/external-cache/fse_typographic_20260926/external/Defense-Prefix/rta100.zip,rta100/label=mic_text=laptop.jpg,0.2588033080101013,0.2340044379234314,0.024798870086669922,True,True
label=mic_text=onion.jpg,label=mic_text=onion.jpg,RTA100,mic,onion,/external-cache/fse_typographic_20260926/external/Defense-Prefix/rta100.zip,rta100/label=mic_text=onion.jpg,0.2590285837650299,0.23934777081012726,0.01968081295490265,True,True
label=mic_text=oven.jpg,label=mic_text=oven.jpg,RTA100,mic,oven,/external-cache/fse_typographic_20260926/external/Defense-Prefix/rta100.zip,rta100/label=mic_text=oven.jpg,0.21020647883415222,0.21171730756759644,-0.0015108287334442139,False,False
label=mic_text=peach.jpg,label=mic_text=peach.jpg,RTA100,mic,peach,/external-cache/fse_typographic_20260926/external/Defense-Prefix/rta100.zip,rta100/label=mic_text=peach.jpg,0.2186022251844406,0.2293577790260315,-0.010755553841590881,False,False
label=mic_text=scissors.jpg,label=mic_text=scissors.jpg,RTA100,mic,scissors,/external-cache/fse_typographic_20260926/external/Defense-Prefix/rta100.zip,rta100/label=mic_text=scissors.jpg,0.24646833539009094,0.20844313502311707,0.03802520036697388,True,True
label=mic_text=table.jpg,label=mic_text=table.jpg,RTA100,mic,table,/external-cache/fse_typographic_20260926/external/Defense-Prefix/rta100.zip,rta100/label=mic_text=table.jpg,0.2372141182422638,0.22865262627601624,0.008561491966247559,True,True
label=mic_text=trash box.jpg,label=mic_text=trash box.jpg,RTA100,mic,trash box,/external-cache/fse_typographic_20260926/external/Defense-Prefix/rta100.zip,rta100/label=mic_text=trash box.jpg,0.23610979318618774,0.2059548944234848,0.030154898762702942,True,True
label=microwave_text=adapter.jpg,label=microwave_text=adapter.jpg,RTA100,microwave,adapter,/external-cache/fse_typographic_20260926/external/Defense-Prefix/rta100.zip,rta100/label=microwave_text=adapter.jpg,0.26719290018081665,0.2056713104248047,0.06152158975601196,True,True
label=microwave_text=fridge.jpg,label=microwave_text=fridge.jpg,RTA100,microwave,fridge,/external-cache/fse_typographic_20260926/external/Defense-Prefix/rta100.zip,rta100/label=microwave_text=fridge.jpg,0.24367567896842957,0.24785226583480835,-0.004176586866378784,False,False
label=microwave_text=glasses.jpg,label=microwave_text=glasses.jpg,RTA100,microwave,glasses,/external-cache/fse_typographic_20260926/external/Defense-Prefix/rta100.zip,rta100/label=microwave_text=glasses.jpg,0.23543497920036316,0.2520373463630676,-0.016602367162704468,False,False
label=microwave_text=hat.jpg,label=microwave_text=hat.jpg,RTA100,microwave,hat,/external-cache/fse_typographic_20260926/external/Defense-Prefix/rta100.zip,rta100/label=microwave_text=hat.jpg,0.27947986125946045,0.3030192255973816,-0.023539364337921143,False,False
label=microwave_text=iPad.jpg,label=microwave_text=iPad.jpg,RTA100,microwave,iPad,/external-cache/fse_typographic_20260926/external/Defense-Prefix/rta100.zip,rta100/label=microwave_text=iPad.jpg,0.24550220370292664,0.2531381845474243,-0.007635980844497681,False,False
label=microwave_text=mango.jpg,label=microwave_text=mango.jpg,RTA100,microwave,mango,/external-cache/fse_typographic_20260926/external/Defense-Prefix/rta100.zip,rta100/label=microwave_text=mango.jpg,0.29721885919570923,0.2624139189720154,0.03480494022369385,True,True
label=microwave_text=mask.jpg,label=microwave_text=mask.jpg,RTA100,microwave,mask,/external-cache/fse_typographic_20260926/external/Defense-Prefix/rta100.zip,rta100/label=microwave_text=mask.jpg,0.2519127428531647,0.22473075985908508,0.02718198299407959,True,True
label=microwave_text=mousepad.jpg,label=microwave_text=mousepad.jpg,RTA100,microwave,mousepad,/external-cache/fse_typographic_20260926/external/Defense-Prefix/rta100.zip,rta100/label=microwave_text=mousepad.jpg,0.25657564401626587,0.21481835842132568,0.041757285594940186,True,False
label=microwave_text=table.jpg,label=microwave_text=table.jpg,RTA100,microwave,table,/external-cache/fse_typographic_20260926/external/Defense-Prefix/rta100.zip,rta100/label=microwave_text=table.jpg,0.25410857796669006,0.22491630911827087,0.02919226884841919,True,True
label=microwave_text=toothbrush.jpg,label=microwave_text=toothbrush.jpg,RTA100,microwave,toothbrush,/external-cache/fse_typographic_20260926/external/Defense-Prefix/rta100.zip,rta100/label=microwave_text=toothbrush.jpg,0.24039363861083984,0.22724586725234985,0.01314777135848999,True,True
label=milk_text=bookshelf.jpg,label=milk_text=bookshelf.jpg,RTA100,milk,bookshelf,/external-cache/fse_typographic_20260926/external/Defense-Prefix/rta100.zip,rta100/label=milk_text=bookshelf.jpg,0.2491103708744049,0.23819369077682495,0.010916680097579956,True,True
label=milk_text=cookie.jpg,label=milk_text=cookie.jpg,RTA100,milk,cookie,/external-cache/fse_typographic_20260926/external/Defense-Prefix/rta100.zip,rta100/label=milk_text=cookie.jpg,0.25989118218421936,0.2518998980522156,0.007991284132003784,True,True
label=milk_text=light bulb.jpg,label=milk_text=light bulb.jpg,RTA100,milk,light bulb,/external-cache/fse_typographic_20260926/external/Defense-Prefix/rta100.zip,rta100/label=milk_text=light bulb.jpg,0.22423459589481354,0.198023721575737,0.026210874319076538,True,True
label=milk_text=map.jpg,label=milk_text=map.jpg,RTA100,milk,map,/external-cache/fse_typographic_20260926/external/Defense-Prefix/rta100.zip,rta100/label=milk_text=map.jpg,0.24258717894554138,0.19829285144805908,0.0442943274974823,True,True
label=milk_text=onion.jpg,label=milk_text=onion.jpg,RTA100,milk,onion,/external-cache/fse_typographic_20260926/external/Defense-Prefix/rta100.zip,rta100/label=milk_text=onion.jpg,0.2521786689758301,0.24969181418418884,0.0024868547916412354,True,True
label=milk_text=paper.jpg,label=milk_text=paper.jpg,RTA100,milk,paper,/external-cache/fse_typographic_20260926/external/Defense-Prefix/rta100.zip,rta100/label=milk_text=paper.jpg,0.2595789134502411,0.25927242636680603,0.0003064870834350586,True,True
label=milk_text=sofa.jpg,label=milk_text=sofa.jpg,RTA100,milk,sofa,/external-cache/fse_typographic_20260926/external/Defense-Prefix/rta100.zip,rta100/label=milk_text=sofa.jpg,0.23625163733959198,0.24021652340888977,-0.0039648860692977905,False,False
label=milk_text=umbrella.jpg,label=milk_text=umbrella.jpg,RTA100,milk,umbrella,/external-cache/fse_typographic_20260926/external/Defense-Prefix/rta100.zip,rta100/label=milk_text=umbrella.jpg,0.26183754205703735,0.22618332505226135,0.035654217004776,True,True
label=milk_text=vacuum cleaner.jpg,label=milk_text=vacuum cleaner.jpg,RTA100,milk,vacuum cleaner,/external-cache/fse_typographic_20260926/external/Defense-Prefix/rta100.zip,rta100/label=milk_text=vacuum cleaner.jpg,0.19603098928928375,0.16489815711975098,0.031132832169532776,True,True
label=milk_text=watch.jpg,label=milk_text=watch.jpg,RTA100,milk,watch,/external-cache/fse_typographic_20260926/external/Defense-Prefix/rta100.zip,rta100/label=milk_text=watch.jpg,0.23605976998806,0.23278918862342834,0.003270581364631653,True,True
label=mirror_text=chair.jpg,label=mirror_text=chair.jpg,RTA100,mirror,chair,/external-cache/fse_typographic_20260926/external/Defense-Prefix/rta100.zip,rta100/label=mirror_text=chair.jpg,0.2268671691417694,0.24163708090782166,-0.014769911766052246,False,False
label=mirror_text=cone.jpg,label=mirror_text=cone.jpg,RTA100,mirror,cone,/external-cache/fse_typographic_20260926/external/Defense-Prefix/rta100.zip,rta100/label=mirror_text=cone.jpg,0.22141756117343903,0.25345996022224426,-0.03204239904880524,False,False
label=mirror_text=curtain.jpg,label=mirror_text=curtain.jpg,RTA100,mirror,curtain,/external-cache/fse_typographic_20260926/external/Defense-Prefix/rta100.zip,rta100/label=mirror_text=curtain.jpg,0.2363685965538025,0.21409755945205688,0.022271037101745605,True,True
label=mirror_text=doll.jpg,label=mirror_text=doll.jpg,RTA100,mirror,doll,/external-cache/fse_typographic_20260926/external/Defense-Prefix/rta100.zip,rta100/label=mirror_text=doll.jpg,0.15892325341701508,0.2015918791294098,-0.042668625712394714,False,False
label=mirror_text=flower.jpg,label=mirror_text=flower.jpg,RTA100,mirror,flower,/external-cache/fse_typographic_20260926/external/Defense-Prefix/rta100.zip,rta100/label=mirror_text=flower.jpg,0.2129686027765274,0.1787394881248474,0.03422911465167999,True,False
label=mirror_text=mouse.jpg,label=mirror_text=mouse.jpg,RTA100,mirror,mouse,/external-cache/fse_typographic_20260926/external/Defense-Prefix/rta100.zip,rta100/label=mirror_text=mouse.jpg,0.2297186553478241,0.23652002215385437,-0.0068013668060302734,False,False
label=mirror_text=onion.jpg,label=mirror_text=onion.jpg,RTA100,mirror,onion,/external-cache/fse_typographic_20260926/external/Defense-Prefix/rta100.zip,rta100/label=mirror_text=onion.jpg,0.2433759868144989,0.2443089783191681,-0.0009329915046691895,False,False
label=mirror_text=racquet.jpg,label=mirror_text=racquet.jpg,RTA100,mirror,racquet,/external-cache/fse_typographic_20260926/external/Defense-Prefix/rta100.zip,rta100/label=mirror_text=racquet.jpg,0.21736633777618408,0.1971466839313507,0.020219653844833374,True,True
label=mirror_text=thermometer.jpg,label=mirror_text=thermometer.jpg,RTA100,mirror,thermometer,/external-cache/fse_typographic_20260926/external/Defense-Prefix/rta100.zip,rta100/label=mirror_text=thermometer.jpg,0.19489195942878723,0.21478715538978577,-0.019895195960998535,False,False
label=mirror_text=watch.jpg,label=mirror_text=watch.jpg,RTA100,mirror,watch,/external-cache/fse_typographic_20260926/external/Defense-Prefix/rta100.zip,rta100/label=mirror_text=watch.jpg,0.21088474988937378,0.18764358758926392,0.023241162300109863,True,True
label=monitor_text=basket.jpg,label=monitor_text=basket.jpg,RTA100,monitor,basket,/external-cache/fse_typographic_20260926/external/Defense-Prefix/rta100.zip,rta100/label=monitor_text=basket.jpg,0.24773570895195007,0.23593682050704956,0.011798888444900513,True,True
label=monitor_text=chair.jpg,label=monitor_text=chair.jpg,RTA100,monitor,chair,/external-cache/fse_typographic_20260926/external/Defense-Prefix/rta100.zip,rta100/label=monitor_text=chair.jpg,0.20047351717948914,0.2630113363265991,-0.06253781914710999,False,False
label=monitor_text=marker.jpg,label=monitor_text=marker.jpg,RTA100,monitor,marker,/external-cache/fse_typographic_20260926/external/Defense-Prefix/rta100.zip,rta100/label=monitor_text=marker.jpg,0.22247092425823212,0.20253998041152954,0.019930943846702576,True,True
label=monitor_text=pen case.jpg,label=monitor_text=pen case.jpg,RTA100,monitor,pen case,/external-cache/fse_typographic_20260926/external/Defense-Prefix/rta100.zip,rta100/label=monitor_text=pen case.jpg,0.25651228427886963,0.2102959305047989,0.04621635377407074,True,True
label=monitor_text=pillow.jpg,label=monitor_text=pillow.jpg,RTA100,monitor,pillow,/external-cache/fse_typographic_20260926/external/Defense-Prefix/rta100.zip,rta100/label=monitor_text=pillow.jpg,0.22098101675510406,0.15544894337654114,0.06553207337856293,True,True
label=monitor_text=plate.jpg,label=monitor_text=plate.jpg,RTA100,monitor,plate,/external-cache/fse_typographic_20260926/external/Defense-Prefix/rta100.zip,rta100/label=monitor_text=plate.jpg,0.24903009831905365,0.19595447182655334,0.053075626492500305,True,True
label=monitor_text=pot.jpg,label=monitor_text=pot.jpg,RTA100,monitor,pot,/external-cache/fse_typographic_20260926/external/Defense-Prefix/rta100.zip,rta100/label=monitor_text=pot.jpg,0.23371925950050354,0.19531571865081787,0.03840354084968567,True,True
label=monitor_text=socks.jpg,label=monitor_text=socks.jpg,RTA100,monitor,socks,/external-cache/fse_typographic_20260926/external/Defense-Prefix/rta100.zip,rta100/label=monitor_text=socks.jpg,0.23631551861763,0.2162884771823883,0.0200270414352417,True,True
label=monitor_text=thermometer.jpg,label=monitor_text=thermometer.jpg,RTA100,monitor,thermometer,/external-cache/fse_typographic_20260926/external/Defense-Prefix/rta100.zip,rta100/label=monitor_text=thermometer.jpg,0.207351416349411,0.12182359397411346,0.08552782237529755,True,True
label=monitor_text=tissue.jpg,label=monitor_text=tissue.jpg,RTA100,monitor,tissue,/external-cache/fse_typographic_20260926/external/Defense-Prefix/rta100.zip,rta100/label=monitor_text=tissue.jpg,0.24765321612358093,0.23353835940361023,0.014114856719970703,True,True
label=mouse_text=apple.jpg,label=mouse_text=apple.jpg,RTA100,mouse,apple,/external-cache/fse_typographic_20260926/external/Defense-Prefix/rta100.zip,rta100/label=mouse_text=apple.jpg,0.261139452457428,0.2500205934047699,0.011118859052658081,True,True
label=mouse_text=controller.jpg,label=mouse_text=controller.jpg,RTA100,mouse,controller,/external-cache/fse_typographic_20260926/external/Defense-Prefix/rta100.zip,rta100/label=mouse_text=controller.jpg,0.15008427202701569,0.21615439653396606,-0.06607012450695038,False,False
label=mouse_text=cup.jpg,label=mouse_text=cup.jpg,RTA100,mouse,cup,/external-cache/fse_typographic_20260926/external/Defense-Prefix/rta100.zip,rta100/label=mouse_text=cup.jpg,0.24522508680820465,0.23090340197086334,0.014321684837341309,True,True
label=mouse_text=flower.jpg,label=mouse_text=flower.jpg,RTA100,mouse,flower,/external-cache/fse_typographic_20260926/external/Defense-Prefix/rta100.zip,rta100/label=mouse_text=flower.jpg,0.2571561634540558,0.24951481819152832,0.007641345262527466,True,True
label=mouse_text=jacket.jpg,label=mouse_text=jacket.jpg,RTA100,mouse,jacket,/external-cache/fse_typographic_20260926/external/Defense-Prefix/rta100.zip,rta100/label=mouse_text=jacket.jpg,0.24238327145576477,0.2366447150707245,0.005738556385040283,True,True
label=mouse_text=key.jpg,label=mouse_text=key.jpg,RTA100,mouse,key,/external-cache/fse_typographic_20260926/external/Defense-Prefix/rta100.zip,rta100/label=mouse_text=key.jpg,0.21370652318000793,0.23211334645748138,-0.01840682327747345,False,False
label=mouse_text=keyboard.jpg,label=mouse_text=keyboard.jpg,RTA100,mouse,keyboard,/external-cache/fse_typographic_20260926/external/Defense-Prefix/rta100.zip,rta100/label=mouse_text=keyboard.jpg,0.22905266284942627,0.23825597763061523,-0.009203314781188965,False,False
label=mouse_text=milk.jpg,label=mouse_text=milk.jpg,RTA100,mouse,milk,/external-cache/fse_typographic_20260926/external/Defense-Prefix/rta100.zip,rta100/label=mouse_text=milk.jpg,0.2606501579284668,0.23833492398262024,0.022315233945846558,True,True
label=mouse_text=oven.jpg,label=mouse_text=oven.jpg,RTA100,mouse,oven,/external-cache/fse_typographic_20260926/external/Defense-Prefix/rta100.zip,rta100/label=mouse_text=oven.jpg,0.17832651734352112,0.23898544907569885,-0.060658931732177734,False,False
label=mouse_text=scissors.jpg,label=mouse_text=scissors.jpg,RTA100,mouse,scissors,/external-cache/fse_typographic_20260926/external/Defense-Prefix/rta100.zip,rta100/label=mouse_text=scissors.jpg,0.23348358273506165,0.24230599403381348,-0.008822411298751831,False,False
label=mousepad_text=can.jpg,label=mousepad_text=can.jpg,RTA100,mousepad,can,/external-cache/fse_typographic_20260926/external/Defense-Prefix/rta100.zip,rta100/label=mousepad_text=can.jpg,0.22093509137630463,0.18293523788452148,0.03799985349178314,True,False
label=mousepad_text=card.jpg,label=mousepad_text=card.jpg,RTA100,mousepad,card,/external-cache/fse_typographic_20260926/external/Defense-Prefix/rta100.zip,rta100/label=mousepad_text=card.jpg,0.18960358202457428,0.217090904712677,-0.027487322688102722,False,False
label=mousepad_text=cup.jpg,label=mousepad_text=cup.jpg,RTA100,mousepad,cup,/external-cache/fse_typographic_20260926/external/Defense-Prefix/rta100.zip,rta100/label=mousepad_text=cup.jpg,0.26413291692733765,0.2286224067211151,0.035510510206222534,True,True
label=mousepad_text=drill.jpg,label=mousepad_text=drill.jpg,RTA100,mousepad,drill,/external-cache/fse_typographic_20260926/external/Defense-Prefix/rta100.zip,rta100/label=mousepad_text=drill.jpg,0.21371331810951233,0.2166990339756012,-0.002985715866088867,False,False
label=mousepad_text=hat.jpg,label=mousepad_text=hat.jpg,RTA100,mousepad,hat,/external-cache/fse_typographic_20260926/external/Defense-Prefix/rta100.zip,rta100/label=mousepad_text=hat.jpg,0.20641228556632996,0.2523761987686157,-0.04596391320228577,False,False
label=mousepad_text=marker.jpg,label=mousepad_text=marker.jpg,RTA100,mousepad,marker,/external-cache/fse_typographic_20260926/external/Defense-Prefix/rta100.zip,rta100/label=mousepad_text=marker.jpg,0.24492059648036957,0.21412226557731628,0.030798330903053284,True,True
label=mousepad_text=mirror.jpg,label=mousepad_text=mirror.jpg,RTA100,mousepad,mirror,/external-cache/fse_typographic_20260926/external/Defense-Prefix/rta100.zip,rta100/label=mousepad_text=mirror.jpg,0.2103094458580017,0.24820320308208466,-0.03789375722408295,False,False
label=mousepad_text=pillow.jpg,label=mousepad_text=pillow.jpg,RTA100,mousepad,pillow,/external-cache/fse_typographic_20260926/external/Defense-Prefix/rta100.zip,rta100/label=mousepad_text=pillow.jpg,0.26810503005981445,0.24979168176651,0.018313348293304443,True,True
label=mousepad_text=vacuum cleaner.jpg,label=mousepad_text=vacuum cleaner.jpg,RTA100,mousepad,vacuum cleaner,/external-cache/fse_typographic_20260926/external/Defense-Prefix/rta100.zip,rta100/label=mousepad_text=vacuum cleaner.jpg,0.2187633514404297,0.21884307265281677,-7.972121238708496e-05,False,False
label=mousepad_text=wallet.jpg,label=mousepad_text=wallet.jpg,RTA100,mousepad,wallet,/external-cache/fse_typographic_20260926/external/Defense-Prefix/rta100.zip,rta100/label=mousepad_text=wallet.jpg,0.19308267533779144,0.276033490896225,-0.08295081555843353,False,False
label=mug_text=apple.jpg,label=mug_text=apple.jpg,RTA100,mug,apple,/external-cache/fse_typographic_20260926/external/Defense-Prefix/rta100.zip,rta100/label=mug_text=apple.jpg,0.2254280149936676,0.254361629486084,-0.028933614492416382,False,False
label=mug_text=bookshelf.jpg,label=mug_text=bookshelf.jpg,RTA100,mug,bookshelf,/external-cache/fse_typographic_20260926/external/Defense-Prefix/rta100.zip,rta100/label=mug_text=bookshelf.jpg,0.1961841583251953,0.21256421506404877,-0.016380056738853455,False,False
label=mug_text=floor.jpg,label=mug_text=floor.jpg,RTA100,mug,floor,/external-cache/fse_typographic_20260926/external/Defense-Prefix/rta100.zip,rta100/label=mug_text=floor.jpg,0.23146021366119385,0.24832332134246826,-0.016863107681274414,False,False
label=mug_text=flower.jpg,label=mug_text=flower.jpg,RTA100,mug,flower,/external-cache/fse_typographic_20260926/external/Defense-Prefix/rta100.zip,rta100/label=mug_text=flower.jpg,0.23199521005153656,0.20063212513923645,0.03136308491230011,True,True
label=mug_text=iPhone.jpg,label=mug_text=iPhone.jpg,RTA100,mug,iPhone,/external-cache/fse_typographic_20260926/external/Defense-Prefix/rta100.zip,rta100/label=mug_text=iPhone.jpg,0.21994218230247498,0.25586849451065063,-0.03592631220817566,False,False
label=mug_text=mask.jpg,label=mug_text=mask.jpg,RTA100,mug,mask,/external-cache/fse_typographic_20260926/external/Defense-Prefix/rta100.zip,rta100/label=mug_text=mask.jpg,0.2149524688720703,0.21398738026618958,0.0009650886058807373,True,False
label=mug_text=ruler.jpg,label=mug_text=ruler.jpg,RTA100,mug,ruler,/external-cache/fse_typographic_20260926/external/Defense-Prefix/rta100.zip,rta100/label=mug_text=ruler.jpg,0.22304219007492065,0.25585514307022095,-0.03281295299530029,False,False
label=mug_text=sofa.jpg,label=mug_text=sofa.jpg,RTA100,mug,sofa,/external-cache/fse_typographic_20260926/external/Defense-Prefix/rta100.zip,rta100/label=mug_text=sofa.jpg,0.2183072566986084,0.17895707488059998,0.03935018181800842,True,False
label=mug_text=toaster.jpg,label=mug_text=toaster.jpg,RTA100,mug,toaster,/external-cache/fse_typographic_20260926/external/Defense-Prefix/rta100.zip,rta100/label=mug_text=toaster.jpg,0.24908313155174255,0.25117653608322144,-0.002093404531478882,False,False
label=mug_text=towel.jpg,label=mug_text=towel.jpg,RTA100,mug,towel,/external-cache/fse_typographic_20260926/external/Defense-Prefix/rta100.zip,rta100/label=mug_text=towel.jpg,0.18814994394779205,0.2437775880098343,-0.055627644062042236,False,False
label=notebook_text=DVD.jpg,label=notebook_text=DVD.jpg,RTA100,notebook,DVD,/external-cache/fse_typographic_20260926/external/Defense-Prefix/rta100.zip,rta100/label=notebook_text=DVD.jpg,0.2719953954219818,0.2552659213542938,0.01672947406768799,True,True
label=notebook_text=chopsticks.jpg,label=notebook_text=chopsticks.jpg,RTA100,notebook,chopsticks,/external-cache/fse_typographic_20260926/external/Defense-Prefix/rta100.zip,rta100/label=notebook_text=chopsticks.jpg,0.23787277936935425,0.21219941973686218,0.025673359632492065,True,True
label=notebook_text=cookie.jpg,label=notebook_text=cookie.jpg,RTA100,notebook,cookie,/external-cache/fse_typographic_20260926/external/Defense-Prefix/rta100.zip,rta100/label=notebook_text=cookie.jpg,0.22468364238739014,0.21807709336280823,0.006606549024581909,True,False
label=notebook_text=cup.jpg,label=notebook_text=cup.jpg,RTA100,notebook,cup,/external-cache/fse_typographic_20260926/external/Defense-Prefix/rta100.zip,rta100/label=notebook_text=cup.jpg,0.26394128799438477,0.2349471151828766,0.02899417281150818,True,True
label=notebook_text=curtain.jpg,label=notebook_text=curtain.jpg,RTA100,notebook,curtain,/external-cache/fse_typographic_20260926/external/Defense-Prefix/rta100.zip,rta100/label=notebook_text=curtain.jpg,0.20131061971187592,0.1806216835975647,0.020688936114311218,True,True
label=notebook_text=dish.jpg,label=notebook_text=dish.jpg,RTA100,notebook,dish,/external-cache/fse_typographic_20260926/external/Defense-Prefix/rta100.zip,rta100/label=notebook_text=dish.jpg,0.20049238204956055,0.2255743145942688,-0.025081932544708252,False,False
label=notebook_text=dog.jpg,label=notebook_text=dog.jpg,RTA100,notebook,dog,/external-cache/fse_typographic_20260926/external/Defense-Prefix/rta100.zip,rta100/label=notebook_text=dog.jpg,0.2384425401687622,0.192859947681427,0.045582592487335205,True,True
label=notebook_text=glove.jpg,label=notebook_text=glove.jpg,RTA100,notebook,glove,/external-cache/fse_typographic_20260926/external/Defense-Prefix/rta100.zip,rta100/label=notebook_text=glove.jpg,0.25706082582473755,0.275056928396225,-0.017996102571487427,False,False
label=notebook_text=pot.jpg,label=notebook_text=pot.jpg,RTA100,notebook,pot,/external-cache/fse_typographic_20260926/external/Defense-Prefix/rta100.zip,rta100/label=notebook_text=pot.jpg,0.2671354413032532,0.23978272080421448,0.027352720499038696,True,True
label=notebook_text=toothbrush.jpg,label=notebook_text=toothbrush.jpg,RTA100,notebook,toothbrush,/external-cache/fse_typographic_20260926/external/Defense-Prefix/rta100.zip,rta100/label=notebook_text=toothbrush.jpg,0.25476008653640747,0.2466166913509369,0.008143395185470581,True,True
label=onion_text=earphones.jpg,label=onion_text=earphones.jpg,RTA100,onion,earphones,/external-cache/fse_typographic_20260926/external/Defense-Prefix/rta100.zip,rta100/label=onion_text=earphones.jpg,0.23506538569927216,0.24099498987197876,-0.005929604172706604,False,False
label=onion_text=fork.jpg,label=onion_text=fork.jpg,RTA100,onion,fork,/external-cache/fse_typographic_20260926/external/Defense-Prefix/rta100.zip,rta100/label=onion_text=fork.jpg,0.24143698811531067,0.24763686954975128,-0.006199881434440613,False,False
label=onion_text=hair dryer.jpg,label=onion_text=hair dryer.jpg,RTA100,onion,hair dryer,/external-cache/fse_typographic_20260926/external/Defense-Prefix/rta100.zip,rta100/label=onion_text=hair dryer.jpg,0.23761078715324402,0.21071740984916687,0.02689337730407715,True,True
label=onion_text=marker.jpg,label=onion_text=marker.jpg,RTA100,onion,marker,/external-cache/fse_typographic_20260926/external/Defense-Prefix/rta100.zip,rta100/label=onion_text=marker.jpg,0.24861076474189758,0.22018668055534363,0.028424084186553955,True,True
label=onion_text=mic.jpg,label=onion_text=mic.jpg,RTA100,onion,mic,/external-cache/fse_typographic_20260926/external/Defense-Prefix/rta100.zip,rta100/label=onion_text=mic.jpg,0.2578894793987274,0.25807732343673706,-0.00018784403800964355,False,False
label=onion_text=mouse.jpg,label=onion_text=mouse.jpg,RTA100,onion,mouse,/external-cache/fse_typographic_20260926/external/Defense-Prefix/rta100.zip,rta100/label=onion_text=mouse.jpg,0.2644128203392029,0.2673884332180023,-0.0029756128787994385,False,False
label=onion_text=pot.jpg,label=onion_text=pot.jpg,RTA100,onion,pot,/external-cache/fse_typographic_20260926/external/Defense-Prefix/rta100.zip,rta100/label=onion_text=pot.jpg,0.28768783807754517,0.2656174302101135,0.02207040786743164,True,True
label=onion_text=speaker.jpg,label=onion_text=speaker.jpg,RTA100,onion,speaker,/external-cache/fse_typographic_20260926/external/Defense-Prefix/rta100.zip,rta100/label=onion_text=speaker.jpg,0.26964467763900757,0.25898486375808716,0.01065981388092041,True,True
label=onion_text=toaster.jpg,label=onion_text=toaster.jpg,RTA100,onion,toaster,/external-cache/fse_typographic_20260926/external/Defense-Prefix/rta100.zip,rta100/label=onion_text=toaster.jpg,0.2692680358886719,0.23746922612190247,0.03179880976676941,True,True
label=onion_text=wallet.jpg,label=onion_text=wallet.jpg,RTA100,onion,wallet,/external-cache/fse_typographic_20260926/external/Defense-Prefix/rta100.zip,rta100/label=onion_text=wallet.jpg,0.2792733609676361,0.23918163776397705,0.04009172320365906,True,True
label=oven_text=earphones.jpg,label=oven_text=earphones.jpg,RTA100,oven,earphones,/external-cache/fse_typographic_20260926/external/Defense-Prefix/rta100.zip,rta100/label=oven_text=earphones.jpg,0.23662257194519043,0.21689768135547638,0.01972489058971405,True,False
label=oven_text=fork.jpg,label=oven_text=fork.jpg,RTA100,oven,fork,/external-cache/fse_typographic_20260926/external/Defense-Prefix/rta100.zip,rta100/label=oven_text=fork.jpg,0.2410147488117218,0.22374743223190308,0.017267316579818726,True,True
label=oven_text=hair dryer.jpg,label=oven_text=hair dryer.jpg,RTA100,oven,hair dryer,/external-cache/fse_typographic_20260926/external/Defense-Prefix/rta100.zip,rta100/label=oven_text=hair dryer.jpg,0.21645322442054749,0.23095446825027466,-0.014501243829727173,False,False
label=oven_text=marker.jpg,label=oven_text=marker.jpg,RTA100,oven,marker,/external-cache/fse_typographic_20260926/external/Defense-Prefix/rta100.zip,rta100/label=oven_text=marker.jpg,0.2475385069847107,0.16280853748321533,0.08472996950149536,True,True
label=oven_text=mic.jpg,label=oven_text=mic.jpg,RTA100,oven,mic,/external-cache/fse_typographic_20260926/external/Defense-Prefix/rta100.zip,rta100/label=oven_text=mic.jpg,0.24578948318958282,0.15870335698127747,0.08708612620830536,True,True
label=oven_text=mouse.jpg,label=oven_text=mouse.jpg,RTA100,oven,mouse,/external-cache/fse_typographic_20260926/external/Defense-Prefix/rta100.zip,rta100/label=oven_text=mouse.jpg,0.23700061440467834,0.2515255808830261,-0.014524966478347778,False,False
label=oven_text=pot.jpg,label=oven_text=pot.jpg,RTA100,oven,pot,/external-cache/fse_typographic_20260926/external/Defense-Prefix/rta100.zip,rta100/label=oven_text=pot.jpg,0.2531716525554657,0.2441454827785492,0.009026169776916504,True,True
label=oven_text=speaker.jpg,label=oven_text=speaker.jpg,RTA100,oven,speaker,/external-cache/fse_typographic_20260926/external/Defense-Prefix/rta100.zip,rta100/label=oven_text=speaker.jpg,0.21056759357452393,0.2461654245853424,-0.03559783101081848,False,False
label=oven_text=toaster.jpg,label=oven_text=toaster.jpg,RTA100,oven,toaster,/external-cache/fse_typographic_20260926/external/Defense-Prefix/rta100.zip,rta100/label=oven_text=toaster.jpg,0.24601280689239502,0.24061454832553864,0.005398258566856384,True,True
label=oven_text=wallet.jpg,label=oven_text=wallet.jpg,RTA100,oven,wallet,/external-cache/fse_typographic_20260926/external/Defense-Prefix/rta100.zip,rta100/label=oven_text=wallet.jpg,0.200482577085495,0.2428363412618637,-0.04235376417636871,False,False
label=pants_text=chair.jpg,label=pants_text=chair.jpg,RTA100,pants,chair,/external-cache/fse_typographic_20260926/external/Defense-Prefix/rta100.zip,rta100/label=pants_text=chair.jpg,0.268077552318573,0.26322370767593384,0.00485384464263916,True,True
label=pants_text=cup.jpg,label=pants_text=cup.jpg,RTA100,pants,cup,/external-cache/fse_typographic_20260926/external/Defense-Prefix/rta100.zip,rta100/label=pants_text=cup.jpg,0.25870537757873535,0.1421961635351181,0.11650921404361725,True,True
label=pants_text=curtain.jpg,label=pants_text=curtain.jpg,RTA100,pants,curtain,/external-cache/fse_typographic_20260926/external/Defense-Prefix/rta100.zip,rta100/label=pants_text=curtain.jpg,0.25044870376586914,0.20063401758670807,0.04981468617916107,True,True
label=pants_text=iron.jpg,label=pants_text=iron.jpg,RTA100,pants,iron,/external-cache/fse_typographic_20260926/external/Defense-Prefix/rta100.zip,rta100/label=pants_text=iron.jpg,0.24566727876663208,0.21857291460037231,0.027094364166259766,True,True
label=pants_text=pen case.jpg,label=pants_text=pen case.jpg,RTA100,pants,pen case,/external-cache/fse_typographic_20260926/external/Defense-Prefix/rta100.zip,rta100/label=pants_text=pen case.jpg,0.2635495066642761,0.22720825672149658,0.03634124994277954,True,True
label=pants_text=pot.jpg,label=pants_text=pot.jpg,RTA100,pants,pot,/external-cache/fse_typographic_20260926/external/Defense-Prefix/rta100.zip,rta100/label=pants_text=pot.jpg,0.28548192977905273,0.22801461815834045,0.05746731162071228,True,True
label=pants_text=slipper.jpg,label=pants_text=slipper.jpg,RTA100,pants,slipper,/external-cache/fse_typographic_20260926/external/Defense-Prefix/rta100.zip,rta100/label=pants_text=slipper.jpg,0.25250712037086487,0.18379570543766022,0.06871141493320465,True,True
label=pants_text=t-shirt.jpg,label=pants_text=t-shirt.jpg,RTA100,pants,t-shirt,/external-cache/fse_typographic_20260926/external/Defense-Prefix/rta100.zip,rta100/label=pants_text=t-shirt.jpg,0.2673097848892212,0.19995179772377014,0.06735798716545105,True,True
label=pants_text=tissue.jpg,label=pants_text=tissue.jpg,RTA100,pants,tissue,/external-cache/fse_typographic_20260926/external/Defense-Prefix/rta100.zip,rta100/label=pants_text=tissue.jpg,0.26276376843452454,0.18111321330070496,0.08165055513381958,True,True
label=pants_text=tray.jpg,label=pants_text=tray.jpg,RTA100,pants,tray,/external-cache/fse_typographic_20260926/external/Defense-Prefix/rta100.zip,rta100/label=pants_text=tray.jpg,0.2393454611301422,0.16570457816123962,0.07364088296890259,True,True
label=paper_text=bed.jpg,label=paper_text=bed.jpg,RTA100,paper,bed,/external-cache/fse_typographic_20260926/external/Defense-Prefix/rta100.zip,rta100/label=paper_text=bed.jpg,0.27310335636138916,0.26978564262390137,0.003317713737487793,True,True
label=paper_text=earphones.jpg,label=paper_text=earphones.jpg,RTA100,paper,earphones,/external-cache/fse_typographic_20260926/external/Defense-Prefix/rta100.zip,rta100/label=paper_text=earphones.jpg,0.15062740445137024,0.19545039534568787,-0.04482299089431763,False,False
label=paper_text=hat.jpg,label=paper_text=hat.jpg,RTA100,paper,hat,/external-cache/fse_typographic_20260926/external/Defense-Prefix/rta100.zip,rta100/label=paper_text=hat.jpg,0.24815765023231506,0.27640241384506226,-0.028244763612747192,False,False
label=paper_text=iron.jpg,label=paper_text=iron.jpg,RTA100,paper,iron,/external-cache/fse_typographic_20260926/external/Defense-Prefix/rta100.zip,rta100/label=paper_text=iron.jpg,0.25367963314056396,0.2807449698448181,-0.02706533670425415,False,False
label=paper_text=keyboard.jpg,label=paper_text=keyboard.jpg,RTA100,paper,keyboard,/external-cache/fse_typographic_20260926/external/Defense-Prefix/rta100.zip,rta100/label=paper_text=keyboard.jpg,0.2327284961938858,0.2548973858356476,-0.02216888964176178,False,False
label=paper_text=milk.jpg,label=paper_text=milk.jpg,RTA100,paper,milk,/external-cache/fse_typographic_20260926/external/Defense-Prefix/rta100.zip,rta100/label=paper_text=milk.jpg,0.25207555294036865,0.2658269703388214,-0.013751417398452759,False,False
label=paper_text=oven.jpg,label=paper_text=oven.jpg,RTA100,paper,oven,/external-cache/fse_typographic_20260926/external/Defense-Prefix/rta100.zip,rta100/label=paper_text=oven.jpg,0.24696430563926697,0.26396897435188293,-0.017004668712615967,False,False
label=paper_text=pants.jpg,label=paper_text=pants.jpg,RTA100,paper,pants,/external-cache/fse_typographic_20260926/external/Defense-Prefix/rta100.zip,rta100/label=paper_text=pants.jpg,0.2705639898777008,0.29617029428482056,-0.02560630440711975,False,False
label=paper_text=speaker.jpg,label=paper_text=speaker.jpg,RTA100,paper,speaker,/external-cache/fse_typographic_20260926/external/Defense-Prefix/rta100.zip,rta100/label=paper_text=speaker.jpg,0.25576478242874146,0.24117553234100342,0.014589250087738037,True,True
label=paper_text=toothbrush.jpg,label=paper_text=toothbrush.jpg,RTA100,paper,toothbrush,/external-cache/fse_typographic_20260926/external/Defense-Prefix/rta100.zip,rta100/label=paper_text=toothbrush.jpg,0.20751050114631653,0.24785295128822327,-0.04034245014190674,False,False
label=peach_text=can.jpg,label=peach_text=can.jpg,RTA100,peach,can,/external-cache/fse_typographic_20260926/external/Defense-Prefix/rta100.zip,rta100/label=peach_text=can.jpg,0.2344900369644165,0.17975673079490662,0.05473330616950989,True,True
label=peach_text=controller.jpg,label=peach_text=controller.jpg,RTA100,peach,controller,/external-cache/fse_typographic_20260926/external/Defense-Prefix/rta100.zip,rta100/label=peach_text=controller.jpg,0.1973198652267456,0.19407066702842712,0.0032491981983184814,True,True
label=peach_text=eraser.jpg,label=peach_text=eraser.jpg,RTA100,peach,eraser,/external-cache/fse_typographic_20260926/external/Defense-Prefix/rta100.zip,rta100/label=peach_text=eraser.jpg,0.26538604497909546,0.2258138358592987,0.03957220911979675,True,True
label=peach_text=glove.jpg,label=peach_text=glove.jpg,RTA100,peach,glove,/external-cache/fse_typographic_20260926/external/Defense-Prefix/rta100.zip,rta100/label=peach_text=glove.jpg,0.20402631163597107,0.21957451105117798,-0.01554819941520691,False,False
label=peach_text=map.jpg,label=peach_text=map.jpg,RTA100,peach,map,/external-cache/fse_typographic_20260926/external/Defense-Prefix/rta100.zip,rta100/label=peach_text=map.jpg,0.23406833410263062,0.23257318139076233,0.0014951527118682861,True,True
label=peach_text=mousepad.jpg,label=peach_text=mousepad.jpg,RTA100,peach,mousepad,/external-cache/fse_typographic_20260926/external/Defense-Prefix/rta100.zip,rta100/label=peach_text=mousepad.jpg,0.2675773501396179,0.2666577100753784,0.000919640064239502,True,True
label=peach_text=plate.jpg,label=peach_text=plate.jpg,RTA100,peach,plate,/external-cache/fse_typographic_20260926/external/Defense-Prefix/rta100.zip,rta100/label=peach_text=plate.jpg,0.282791405916214,0.2610281705856323,0.021763235330581665,True,True
label=peach_text=remote.jpg,label=peach_text=remote.jpg,RTA100,peach,remote,/external-cache/fse_typographic_20260926/external/Defense-Prefix/rta100.zip,rta100/label=peach_text=remote.jpg,0.2642751634120941,0.24105015397071838,0.023225009441375732,True,True
label=peach_text=table.jpg,label=peach_text=table.jpg,RTA100,peach,table,/external-cache/fse_typographic_20260926/external/Defense-Prefix/rta100.zip,rta100/label=peach_text=table.jpg,0.2307911515235901,0.23936298489570618,-0.008571833372116089,False,False
label=peach_text=toothbrush.jpg,label=peach_text=toothbrush.jpg,RTA100,peach,toothbrush,/external-cache/fse_typographic_20260926/external/Defense-Prefix/rta100.zip,rta100/label=peach_text=toothbrush.jpg,0.20479178428649902,0.2287314087152481,-0.023939624428749084,False,False
label=pen case_text=airconditioner.jpg,label=pen case_text=airconditioner.jpg,RTA100,pen case,airconditioner,/external-cache/fse_typographic_20260926/external/Defense-Prefix/rta100.zip,rta100/label=pen case_text=airconditioner.jpg,0.1866266131401062,0.2239999920129776,-0.0373733788728714,False,False
label=pen case_text=bookshelf.jpg,label=pen case_text=bookshelf.jpg,RTA100,pen case,bookshelf,/external-cache/fse_typographic_20260926/external/Defense-Prefix/rta100.zip,rta100/label=pen case_text=bookshelf.jpg,0.1849117875099182,0.22975590825080872,-0.0448441207408905,False,False
label=pen case_text=eraser.jpg,label=pen case_text=eraser.jpg,RTA100,pen case,eraser,/external-cache/fse_typographic_20260926/external/Defense-Prefix/rta100.zip,rta100/label=pen case_text=eraser.jpg,0.235197514295578,0.27706149220466614,-0.041863977909088135,False,False
label=pen case_text=flower.jpg,label=pen case_text=flower.jpg,RTA100,pen case,flower,/external-cache/fse_typographic_20260926/external/Defense-Prefix/rta100.zip,rta100/label=pen case_text=flower.jpg,0.27769386768341064,0.25585752725601196,0.02183634042739868,True,True
label=pen case_text=fork.jpg,label=pen case_text=fork.jpg,RTA100,pen case,fork,/external-cache/fse_typographic_20260926/external/Defense-Prefix/rta100.zip,rta100/label=pen case_text=fork.jpg,0.1840493083000183,0.25333794951438904,-0.06928864121437073,False,False
label=pen case_text=frisbee.jpg,label=pen case_text=frisbee.jpg,RTA100,pen case,frisbee,/external-cache/fse_typographic_20260926/external/Defense-Prefix/rta100.zip,rta100/label=pen case_text=frisbee.jpg,0.22788140177726746,0.26894694566726685,-0.04106554388999939,False,False
label=pen case_text=lemon.jpg,label=pen case_text=lemon.jpg,RTA100,pen case,lemon,/external-cache/fse_typographic_20260926/external/Defense-Prefix/rta100.zip,rta100/label=pen case_text=lemon.jpg,0.24142487347126007,0.24885892868041992,-0.007434055209159851,False,False
label=pen case_text=microwave.jpg,label=pen case_text=microwave.jpg,RTA100,pen case,microwave,/external-cache/fse_typographic_20260926/external/Defense-Prefix/rta100.zip,rta100/label=pen case_text=microwave.jpg,0.20514145493507385,0.15727537870407104,0.04786607623100281,True,True
label=pen case_text=remote.jpg,label=pen case_text=remote.jpg,RTA100,pen case,remote,/external-cache/fse_typographic_20260926/external/Defense-Prefix/rta100.zip,rta100/label=pen case_text=remote.jpg,0.25044190883636475,0.26607799530029297,-0.015636086463928223,False,False
label=pen case_text=slipper.jpg,label=pen case_text=slipper.jpg,RTA100,pen case,slipper,/external-cache/fse_typographic_20260926/external/Defense-Prefix/rta100.zip,rta100/label=pen case_text=slipper.jpg,0.20492276549339294,0.27717798948287964,-0.0722552239894867,False,False
label=pen_text=bed.jpg,label=pen_text=bed.jpg,RTA100,pen,bed,/external-cache/fse_typographic_20260926/external/Defense-Prefix/rta100.zip,rta100/label=pen_text=bed.jpg,0.22789925336837769,0.21890604496002197,0.008993208408355713,True,True
label=pen_text=camera.jpg,label=pen_text=camera.jpg,RTA100,pen,camera,/external-cache/fse_typographic_20260926/external/Defense-Prefix/rta100.zip,rta100/label=pen_text=camera.jpg,0.2359083592891693,0.21927008032798767,0.01663827896118164,True,False
label=pen_text=can.jpg,label=pen_text=can.jpg,RTA100,pen,can,/external-cache/fse_typographic_20260926/external/Defense-Prefix/rta100.zip,rta100/label=pen_text=can.jpg,0.2120535671710968,0.18578337132930756,0.026270195841789246,True,False
label=pen_text=drill.jpg,label=pen_text=drill.jpg,RTA100,pen,drill,/external-cache/fse_typographic_20260926/external/Defense-Prefix/rta100.zip,rta100/label=pen_text=drill.jpg,0.21791420876979828,0.2323915660381317,-0.014477357268333435,False,False
label=pen_text=hair dryer.jpg,label=pen_text=hair dryer.jpg,RTA100,pen,hair dryer,/external-cache/fse_typographic_20260926/external/Defense-Prefix/rta100.zip,rta100/label=pen_text=hair dryer.jpg,0.2351575642824173,0.22430196404457092,0.010855600237846375,True,True
label=pen_text=pants.jpg,label=pen_text=pants.jpg,RTA100,pen,pants,/external-cache/fse_typographic_20260926/external/Defense-Prefix/rta100.zip,rta100/label=pen_text=pants.jpg,0.26338818669319153,0.2878578007221222,-0.024469614028930664,False,False
label=pen_text=racquet.jpg,label=pen_text=racquet.jpg,RTA100,pen,racquet,/external-cache/fse_typographic_20260926/external/Defense-Prefix/rta100.zip,rta100/label=pen_text=racquet.jpg,0.25582462549209595,0.22523801028728485,0.030586615204811096,True,True
label=pen_text=scissors.jpg,label=pen_text=scissors.jpg,RTA100,pen,scissors,/external-cache/fse_typographic_20260926/external/Defense-Prefix/rta100.zip,rta100/label=pen_text=scissors.jpg,0.19661006331443787,0.18117272853851318,0.015437334775924683,True,False
label=pen_text=spoon.jpg,label=pen_text=spoon.jpg,RTA100,pen,spoon,/external-cache/fse_typographic_20260926/external/Defense-Prefix/rta100.zip,rta100/label=pen_text=spoon.jpg,0.2642228901386261,0.28111791610717773,-0.016895025968551636,False,False
label=pen_text=towel.jpg,label=pen_text=towel.jpg,RTA100,pen,towel,/external-cache/fse_typographic_20260926/external/Defense-Prefix/rta100.zip,rta100/label=pen_text=towel.jpg,0.20386403799057007,0.24064277112483978,-0.036778733134269714,False,False
label=pillow_text=frisbee.jpg,label=pillow_text=frisbee.jpg,RTA100,pillow,frisbee,/external-cache/fse_typographic_20260926/external/Defense-Prefix/rta100.zip,rta100/label=pillow_text=frisbee.jpg,0.22303391993045807,0.16237619519233704,0.06065772473812103,True,True
label=pillow_text=iron.jpg,label=pillow_text=iron.jpg,RTA100,pillow,iron,/external-cache/fse_typographic_20260926/external/Defense-Prefix/rta100.zip,rta100/label=pillow_text=iron.jpg,0.22630277276039124,0.2176758348941803,0.008626937866210938,True,True
label=pillow_text=laptop.jpg,label=pillow_text=laptop.jpg,RTA100,pillow,laptop,/external-cache/fse_typographic_20260926/external/Defense-Prefix/rta100.zip,rta100/label=pillow_text=laptop.jpg,0.25144389271736145,0.24104531109333038,0.010398581624031067,True,True
label=pillow_text=microwave.jpg,label=pillow_text=microwave.jpg,RTA100,pillow,microwave,/external-cache/fse_typographic_20260926/external/Defense-Prefix/rta100.zip,rta100/label=pillow_text=microwave.jpg,0.23336075246334076,0.16722717881202698,0.06613357365131378,True,True
label=pillow_text=monitor.jpg,label=pillow_text=monitor.jpg,RTA100,pillow,monitor,/external-cache/fse_typographic_20260926/external/Defense-Prefix/rta100.zip,rta100/label=pillow_text=monitor.jpg,0.20697058737277985,0.1991904377937317,0.007780149579048157,True,True
label=pillow_text=oven.jpg,label=pillow_text=oven.jpg,RTA100,pillow,oven,/external-cache/fse_typographic_20260926/external/Defense-Prefix/rta100.zip,rta100/label=pillow_text=oven.jpg,0.2335585653781891,0.1331917643547058,0.10036680102348328,True,True
label=pillow_text=pants.jpg,label=pillow_text=pants.jpg,RTA100,pillow,pants,/external-cache/fse_typographic_20260926/external/Defense-Prefix/rta100.zip,rta100/label=pillow_text=pants.jpg,0.22863271832466125,0.23983336985111237,-0.01120065152645111,False,False
label=pillow_text=spoon.jpg,label=pillow_text=spoon.jpg,RTA100,pillow,spoon,/external-cache/fse_typographic_20260926/external/Defense-Prefix/rta100.zip,rta100/label=pillow_text=spoon.jpg,0.1515791118144989,0.08446675539016724,0.06711235642433167,True,True
label=pillow_text=tie.jpg,label=pillow_text=tie.jpg,RTA100,pillow,tie,/external-cache/fse_typographic_20260926/external/Defense-Prefix/rta100.zip,rta100/label=pillow_text=tie.jpg,0.2599402964115143,0.25135740637779236,0.008582890033721924,True,True
label=pillow_text=toothbrush.jpg,label=pillow_text=toothbrush.jpg,RTA100,pillow,toothbrush,/external-cache/fse_typographic_20260926/external/Defense-Prefix/rta100.zip,rta100/label=pillow_text=toothbrush.jpg,0.21605095267295837,0.2423190474510193,-0.026268094778060913,False,False
label=plate_text=bottle.jpg,label=plate_text=bottle.jpg,RTA100,plate,bottle,/external-cache/fse_typographic_20260926/external/Defense-Prefix/rta100.zip,rta100/label=plate_text=bottle.jpg,0.20192912220954895,0.21639087796211243,-0.014461755752563477,False,False
label=plate_text=cookie.jpg,label=plate_text=cookie.jpg,RTA100,plate,cookie,/external-cache/fse_typographic_20260926/external/Defense-Prefix/rta100.zip,rta100/label=plate_text=cookie.jpg,0.23376038670539856,0.2478877454996109,-0.014127358794212341,False,False
label=plate_text=fork.jpg,label=plate_text=fork.jpg,RTA100,plate,fork,/external-cache/fse_typographic_20260926/external/Defense-Prefix/rta100.zip,rta100/label=plate_text=fork.jpg,0.19115260243415833,0.23020923137664795,-0.039056628942489624,False,False
label=plate_text=glasses.jpg,label=plate_text=glasses.jpg,RTA100,plate,glasses,/external-cache/fse_typographic_20260926/external/Defense-Prefix/rta100.zip,rta100/label=plate_text=glasses.jpg,0.2605593800544739,0.2585092782974243,0.0020501017570495605,True,True
label=plate_text=light bulb.jpg,label=plate_text=light bulb.jpg,RTA100,plate,light bulb,/external-cache/fse_typographic_20260926/external/Defense-Prefix/rta100.zip,rta100/label=plate_text=light bulb.jpg,0.2285696268081665,0.22289760410785675,0.005672022700309753,True,True
label=plate_text=melon.jpg,label=plate_text=melon.jpg,RTA100,plate,melon,/external-cache/fse_typographic_20260926/external/Defense-Prefix/rta100.zip,rta100/label=plate_text=melon.jpg,0.23209287226200104,0.2586107552051544,-0.02651788294315338,False,False
label=plate_text=microwave.jpg,label=plate_text=microwave.jpg,RTA100,plate,microwave,/external-cache/fse_typographic_20260926/external/Defense-Prefix/rta100.zip,rta100/label=plate_text=microwave.jpg,0.24974392354488373,0.24587899446487427,0.0038649290800094604,True,True
label=plate_text=paper.jpg,label=plate_text=paper.jpg,RTA100,plate,paper,/external-cache/fse_typographic_20260926/external/Defense-Prefix/rta100.zip,rta100/label=plate_text=paper.jpg,0.2479657530784607,0.23610658943653107,0.011859163641929626,True,True
label=plate_text=slipper.jpg,label=plate_text=slipper.jpg,RTA100,plate,slipper,/external-cache/fse_typographic_20260926/external/Defense-Prefix/rta100.zip,rta100/label=plate_text=slipper.jpg,0.22964736819267273,0.2586952745914459,-0.029047906398773193,False,False
label=plate_text=toaster.jpg,label=plate_text=toaster.jpg,RTA100,plate,toaster,/external-cache/fse_typographic_20260926/external/Defense-Prefix/rta100.zip,rta100/label=plate_text=toaster.jpg,0.23036471009254456,0.2605646848678589,-0.03019997477531433,False,False
label=pot_text=ball.jpg,label=pot_text=ball.jpg,RTA100,pot,ball,/external-cache/fse_typographic_20260926/external/Defense-Prefix/rta100.zip,rta100/label=pot_text=ball.jpg,0.21116015315055847,0.21563784778118134,-0.004477694630622864,False,False
label=pot_text=bookshelf.jpg,label=pot_text=bookshelf.jpg,RTA100,pot,bookshelf,/external-cache/fse_typographic_20260926/external/Defense-Prefix/rta100.zip,rta100/label=pot_text=bookshelf.jpg,0.19972160458564758,0.22381377220153809,-0.024092167615890503,False,False
label=pot_text=dog.jpg,label=pot_text=dog.jpg,RTA100,pot,dog,/external-cache/fse_typographic_20260926/external/Defense-Prefix/rta100.zip,rta100/label=pot_text=dog.jpg,0.25232088565826416,0.2372114658355713,0.015109419822692871,True,True
label=pot_text=iPad.jpg,label=pot_text=iPad.jpg,RTA100,pot,iPad,/external-cache/fse_typographic_20260926/external/Defense-Prefix/rta100.zip,rta100/label=pot_text=iPad.jpg,0.1851467788219452,0.18399614095687866,0.0011506378650665283,True,True
label=pot_text=marker.jpg,label=pot_text=marker.jpg,RTA100,pot,marker,/external-cache/fse_typographic_20260926/external/Defense-Prefix/rta100.zip,rta100/label=pot_text=marker.jpg,0.22712171077728271,0.23869746923446655,-0.011575758457183838,False,False
label=pot_text=plate.jpg,label=pot_text=plate.jpg,RTA100,pot,plate,/external-cache/fse_typographic_20260926/external/Defense-Prefix/rta100.zip,rta100/label=pot_text=plate.jpg,0.2342284619808197,0.24750664830207825,-0.013278186321258545,False,False
label=pot_text=remote.jpg,label=pot_text=remote.jpg,RTA100,pot,remote,/external-cache/fse_typographic_20260926/external/Defense-Prefix/rta100.zip,rta100/label=pot_text=remote.jpg,0.2158154547214508,0.22675766050815582,-0.010942205786705017,False,False
label=pot_text=sofa.jpg,label=pot_text=sofa.jpg,RTA100,pot,sofa,/external-cache/fse_typographic_20260926/external/Defense-Prefix/rta100.zip,rta100/label=pot_text=sofa.jpg,0.2398301512002945,0.2013547569513321,0.0384753942489624,True,True
label=pot_text=t-shirt.jpg,label=pot_text=t-shirt.jpg,RTA100,pot,t-shirt,/external-cache/fse_typographic_20260926/external/Defense-Prefix/rta100.zip,rta100/label=pot_text=t-shirt.jpg,0.20013383030891418,0.20310530066490173,-0.002971470355987549,False,False
label=pot_text=watch.jpg,label=pot_text=watch.jpg,RTA100,pot,watch,/external-cache/fse_typographic_20260926/external/Defense-Prefix/rta100.zip,rta100/label=pot_text=watch.jpg,0.19400736689567566,0.2180699110031128,-0.024062544107437134,False,False
label=racquet_text=DVD.jpg,label=racquet_text=DVD.jpg,RTA100,racquet,DVD,/external-cache/fse_typographic_20260926/external/Defense-Prefix/rta100.zip,rta100/label=racquet_text=DVD.jpg,0.2506585717201233,0.20683522522449493,0.04382334649562836,True,True
label=racquet_text=bowl.jpg,label=racquet_text=bowl.jpg,RTA100,racquet,bowl,/external-cache/fse_typographic_20260926/external/Defense-Prefix/rta100.zip,rta100/label=racquet_text=bowl.jpg,0.2629042863845825,0.21517683565616608,0.04772745072841644,True,True
label=racquet_text=camera.jpg,label=racquet_text=camera.jpg,RTA100,racquet,camera,/external-cache/fse_typographic_20260926/external/Defense-Prefix/rta100.zip,rta100/label=racquet_text=camera.jpg,0.2723780870437622,0.22229525446891785,0.05008283257484436,True,True
label=racquet_text=controller.jpg,label=racquet_text=controller.jpg,RTA100,racquet,controller,/external-cache/fse_typographic_20260926/external/Defense-Prefix/rta100.zip,rta100/label=racquet_text=controller.jpg,0.26173022389411926,0.23175953328609467,0.029970690608024597,True,True
label=racquet_text=cookie.jpg,label=racquet_text=cookie.jpg,RTA100,racquet,cookie,/external-cache/fse_typographic_20260926/external/Defense-Prefix/rta100.zip,rta100/label=racquet_text=cookie.jpg,0.28931981325149536,0.24597316980361938,0.04334664344787598,True,True
label=racquet_text=flower.jpg,label=racquet_text=flower.jpg,RTA100,racquet,flower,/external-cache/fse_typographic_20260926/external/Defense-Prefix/rta100.zip,rta100/label=racquet_text=flower.jpg,0.2544775605201721,0.209078848361969,0.045398712158203125,True,True
label=racquet_text=mask.jpg,label=racquet_text=mask.jpg,RTA100,racquet,mask,/external-cache/fse_typographic_20260926/external/Defense-Prefix/rta100.zip,rta100/label=racquet_text=mask.jpg,0.2607768774032593,0.2500166893005371,0.010760188102722168,True,True
label=racquet_text=mug.jpg,label=racquet_text=mug.jpg,RTA100,racquet,mug,/external-cache/fse_typographic_20260926/external/Defense-Prefix/rta100.zip,rta100/label=racquet_text=mug.jpg,0.2863161265850067,0.1991211473941803,0.08719497919082642,True,True
label=racquet_text=tie.jpg,label=racquet_text=tie.jpg,RTA100,racquet,tie,/external-cache/fse_typographic_20260926/external/Defense-Prefix/rta100.zip,rta100/label=racquet_text=tie.jpg,0.2656158208847046,0.2733696401119232,-0.007753819227218628,False,False
label=racquet_text=vacuum cleaner.jpg,label=racquet_text=vacuum cleaner.jpg,RTA100,racquet,vacuum cleaner,/external-cache/fse_typographic_20260926/external/Defense-Prefix/rta100.zip,rta100/label=racquet_text=vacuum cleaner.jpg,0.26691925525665283,0.24090515077114105,0.02601410448551178,True,True
label=remote_text=apple.jpg,label=remote_text=apple.jpg,RTA100,remote,apple,/external-cache/fse_typographic_20260926/external/Defense-Prefix/rta100.zip,rta100/label=remote_text=apple.jpg,0.22671404480934143,0.24347203969955444,-0.016757994890213013,False,False
label=remote_text=drill.jpg,label=remote_text=drill.jpg,RTA100,remote,drill,/external-cache/fse_typographic_20260926/external/Defense-Prefix/rta100.zip,rta100/label=remote_text=drill.jpg,0.22718478739261627,0.20644553005695343,0.020739257335662842,True,True
label=remote_text=egg.jpg,label=remote_text=egg.jpg,RTA100,remote,egg,/external-cache/fse_typographic_20260926/external/Defense-Prefix/rta100.zip,rta100/label=remote_text=egg.jpg,0.25371718406677246,0.25560837984085083,-0.0018911957740783691,False,False
label=remote_text=fork.jpg,label=remote_text=fork.jpg,RTA100,remote,fork,/external-cache/fse_typographic_20260926/external/Defense-Prefix/rta100.zip,rta100/label=remote_text=fork.jpg,0.2562176585197449,0.2308303713798523,0.025387287139892578,True,True
label=remote_text=key.jpg,label=remote_text=key.jpg,RTA100,remote,key,/external-cache/fse_typographic_20260926/external/Defense-Prefix/rta100.zip,rta100/label=remote_text=key.jpg,0.278359591960907,0.2513483762741089,0.027011215686798096,True,True
label=remote_text=pen.jpg,label=remote_text=pen.jpg,RTA100,remote,pen,/external-cache/fse_typographic_20260926/external/Defense-Prefix/rta100.zip,rta100/label=remote_text=pen.jpg,0.24304568767547607,0.2492826133966446,-0.006236925721168518,False,False
label=remote_text=scissors.jpg,label=remote_text=scissors.jpg,RTA100,remote,scissors,/external-cache/fse_typographic_20260926/external/Defense-Prefix/rta100.zip,rta100/label=remote_text=scissors.jpg,0.24643602967262268,0.2364351451396942,0.010000884532928467,True,True
label=remote_text=sofa.jpg,label=remote_text=sofa.jpg,RTA100,remote,sofa,/external-cache/fse_typographic_20260926/external/Defense-Prefix/rta100.zip,rta100/label=remote_text=sofa.jpg,0.2634102404117584,0.22637641429901123,0.03703382611274719,True,True
label=remote_text=towel.jpg,label=remote_text=towel.jpg,RTA100,remote,towel,/external-cache/fse_typographic_20260926/external/Defense-Prefix/rta100.zip,rta100/label=remote_text=towel.jpg,0.25361931324005127,0.2618403434753418,-0.008221030235290527,False,False
label=remote_text=umbrella.jpg,label=remote_text=umbrella.jpg,RTA100,remote,umbrella,/external-cache/fse_typographic_20260926/external/Defense-Prefix/rta100.zip,rta100/label=remote_text=umbrella.jpg,0.2656395137310028,0.22299973666667938,0.042639777064323425,True,True
label=ruler_text=basket.jpg,label=ruler_text=basket.jpg,RTA100,ruler,basket,/external-cache/fse_typographic_20260926/external/Defense-Prefix/rta100.zip,rta100/label=ruler_text=basket.jpg,0.2628308832645416,0.23427313566207886,0.02855774760246277,True,True
label=ruler_text=book.jpg,label=ruler_text=book.jpg,RTA100,ruler,book,/external-cache/fse_typographic_20260926/external/Defense-Prefix/rta100.zip,rta100/label=ruler_text=book.jpg,0.24703671038150787,0.2466617077589035,0.0003750026226043701,True,False
label=ruler_text=dish.jpg,label=ruler_text=dish.jpg,RTA100,ruler,dish,/external-cache/fse_typographic_20260926/external/Defense-Prefix/rta100.zip,rta100/label=ruler_text=dish.jpg,0.25011974573135376,0.22860640287399292,0.02151334285736084,True,True
label=ruler_text=drill.jpg,label=ruler_text=drill.jpg,RTA100,ruler,drill,/external-cache/fse_typographic_20260926/external/Defense-Prefix/rta100.zip,rta100/label=ruler_text=drill.jpg,0.2172711044549942,0.18700167536735535,0.030269429087638855,True,True
label=ruler_text=glove.jpg,label=ruler_text=glove.jpg,RTA100,ruler,glove,/external-cache/fse_typographic_20260926/external/Defense-Prefix/rta100.zip,rta100/label=ruler_text=glove.jpg,0.2485872507095337,0.2567884624004364,-0.00820121169090271,False,False
label=ruler_text=marker.jpg,label=ruler_text=marker.jpg,RTA100,ruler,marker,/external-cache/fse_typographic_20260926/external/Defense-Prefix/rta100.zip,rta100/label=ruler_text=marker.jpg,0.2650546729564667,0.21846157312393188,0.04659309983253479,True,True
label=ruler_text=pillow.jpg,label=ruler_text=pillow.jpg,RTA100,ruler,pillow,/external-cache/fse_typographic_20260926/external/Defense-Prefix/rta100.zip,rta100/label=ruler_text=pillow.jpg,0.31390154361724854,0.23363754153251648,0.08026400208473206,True,True
label=ruler_text=remote.jpg,label=ruler_text=remote.jpg,RTA100,ruler,remote,/external-cache/fse_typographic_20260926/external/Defense-Prefix/rta100.zip,rta100/label=ruler_text=remote.jpg,0.2696925103664398,0.22652435302734375,0.04316815733909607,True,True
label=ruler_text=thermometer.jpg,label=ruler_text=thermometer.jpg,RTA100,ruler,thermometer,/external-cache/fse_typographic_20260926/external/Defense-Prefix/rta100.zip,rta100/label=ruler_text=thermometer.jpg,0.26313769817352295,0.2621694803237915,0.0009682178497314453,True,True
label=ruler_text=tray.jpg,label=ruler_text=tray.jpg,RTA100,ruler,tray,/external-cache/fse_typographic_20260926/external/Defense-Prefix/rta100.zip,rta100/label=ruler_text=tray.jpg,0.2113325595855713,0.1812218576669693,0.03011070191860199,True,True
label=scissors_text=bag.jpg,label=scissors_text=bag.jpg,RTA100,scissors,bag,/external-cache/fse_typographic_20260926/external/Defense-Prefix/rta100.zip,rta100/label=scissors_text=bag.jpg,0.2644779682159424,0.23609685897827148,0.0283811092376709,True,True
label=scissors_text=cup.jpg,label=scissors_text=cup.jpg,RTA100,scissors,cup,/external-cache/fse_typographic_20260926/external/Defense-Prefix/rta100.zip,rta100/label=scissors_text=cup.jpg,0.21016022562980652,0.21194212138652802,-0.0017818957567214966,False,False
label=scissors_text=drill.jpg,label=scissors_text=drill.jpg,RTA100,scissors,drill,/external-cache/fse_typographic_20260926/external/Defense-Prefix/rta100.zip,rta100/label=scissors_text=drill.jpg,0.21585297584533691,0.18460512161254883,0.031247854232788086,True,True
label=scissors_text=eraser.jpg,label=scissors_text=eraser.jpg,RTA100,scissors,eraser,/external-cache/fse_typographic_20260926/external/Defense-Prefix/rta100.zip,rta100/label=scissors_text=eraser.jpg,0.23033037781715393,0.22111248970031738,0.009217888116836548,True,True
label=scissors_text=headphone.jpg,label=scissors_text=headphone.jpg,RTA100,scissors,headphone,/external-cache/fse_typographic_20260926/external/Defense-Prefix/rta100.zip,rta100/label=scissors_text=headphone.jpg,0.24386468529701233,0.27604591846466064,-0.032181233167648315,False,False
label=scissors_text=map.jpg,label=scissors_text=map.jpg,RTA100,scissors,map,/external-cache/fse_typographic_20260926/external/Defense-Prefix/rta100.zip,rta100/label=scissors_text=map.jpg,0.23636601865291595,0.22732865810394287,0.009037360548973083,True,True
label=scissors_text=pen case.jpg,label=scissors_text=pen case.jpg,RTA100,scissors,pen case,/external-cache/fse_typographic_20260926/external/Defense-Prefix/rta100.zip,rta100/label=scissors_text=pen case.jpg,0.22638723254203796,0.2186143845319748,0.007772848010063171,True,False
label=scissors_text=pot.jpg,label=scissors_text=pot.jpg,RTA100,scissors,pot,/external-cache/fse_typographic_20260926/external/Defense-Prefix/rta100.zip,rta100/label=scissors_text=pot.jpg,0.18633538484573364,0.19540175795555115,-0.009066373109817505,False,False
label=scissors_text=towel.jpg,label=scissors_text=towel.jpg,RTA100,scissors,towel,/external-cache/fse_typographic_20260926/external/Defense-Prefix/rta100.zip,rta100/label=scissors_text=towel.jpg,0.24188414216041565,0.2247132658958435,0.017170876264572144,True,True
label=scissors_text=umbrella.jpg,label=scissors_text=umbrella.jpg,RTA100,scissors,umbrella,/external-cache/fse_typographic_20260926/external/Defense-Prefix/rta100.zip,rta100/label=scissors_text=umbrella.jpg,0.23978371918201447,0.21971294283866882,0.020070776343345642,True,True
label=shoes_text=egg.jpg,label=shoes_text=egg.jpg,RTA100,shoes,egg,/external-cache/fse_typographic_20260926/external/Defense-Prefix/rta100.zip,rta100/label=shoes_text=egg.jpg,0.22284480929374695,0.22657915949821472,-0.0037343502044677734,False,False
label=shoes_text=fridge.jpg,label=shoes_text=fridge.jpg,RTA100,shoes,fridge,/external-cache/fse_typographic_20260926/external/Defense-Prefix/rta100.zip,rta100/label=shoes_text=fridge.jpg,0.23286700248718262,0.20143184065818787,0.03143516182899475,True,True
label=shoes_text=jacket.jpg,label=shoes_text=jacket.jpg,RTA100,shoes,jacket,/external-cache/fse_typographic_20260926/external/Defense-Prefix/rta100.zip,rta100/label=shoes_text=jacket.jpg,0.19816936552524567,0.1544710397720337,0.043698325753211975,True,True
label=shoes_text=lemon.jpg,label=shoes_text=lemon.jpg,RTA100,shoes,lemon,/external-cache/fse_typographic_20260926/external/Defense-Prefix/rta100.zip,rta100/label=shoes_text=lemon.jpg,0.226088285446167,0.20860052108764648,0.017487764358520508,True,True
label=shoes_text=marker.jpg,label=shoes_text=marker.jpg,RTA100,shoes,marker,/external-cache/fse_typographic_20260926/external/Defense-Prefix/rta100.zip,rta100/label=shoes_text=marker.jpg,0.21505719423294067,0.1367228925228119,0.07833430171012878,True,False
label=shoes_text=mirror.jpg,label=shoes_text=mirror.jpg,RTA100,shoes,mirror,/external-cache/fse_typographic_20260926/external/Defense-Prefix/rta100.zip,rta100/label=shoes_text=mirror.jpg,0.21341386437416077,0.21937957406044006,-0.005965709686279297,False,False
label=shoes_text=remote.jpg,label=shoes_text=remote.jpg,RTA100,shoes,remote,/external-cache/fse_typographic_20260926/external/Defense-Prefix/rta100.zip,rta100/label=shoes_text=remote.jpg,0.19343137741088867,0.2094208300113678,-0.015989452600479126,False,False
label=shoes_text=spoon.jpg,label=shoes_text=spoon.jpg,RTA100,shoes,spoon,/external-cache/fse_typographic_20260926/external/Defense-Prefix/rta100.zip,rta100/label=shoes_text=spoon.jpg,0.2581196129322052,0.26159459352493286,-0.003474980592727661,False,False
label=shoes_text=table.jpg,label=shoes_text=table.jpg,RTA100,shoes,table,/external-cache/fse_typographic_20260926/external/Defense-Prefix/rta100.zip,rta100/label=shoes_text=table.jpg,0.25005391240119934,0.2537159025669098,-0.0036619901657104492,False,False
label=shoes_text=tissue.jpg,label=shoes_text=tissue.jpg,RTA100,shoes,tissue,/external-cache/fse_typographic_20260926/external/Defense-Prefix/rta100.zip,rta100/label=shoes_text=tissue.jpg,0.23584359884262085,0.20333385467529297,0.03250974416732788,True,True
label=slipper_text=bag.jpg,label=slipper_text=bag.jpg,RTA100,slipper,bag,/external-cache/fse_typographic_20260926/external/Defense-Prefix/rta100.zip,rta100/label=slipper_text=bag.jpg,0.2585892975330353,0.21198967099189758,0.046599626541137695,True,True
label=slipper_text=bowl.jpg,label=slipper_text=bowl.jpg,RTA100,slipper,bowl,/external-cache/fse_typographic_20260926/external/Defense-Prefix/rta100.zip,rta100/label=slipper_text=bowl.jpg,0.2579532861709595,0.22258320450782776,0.035370081663131714,True,True
label=slipper_text=card.jpg,label=slipper_text=card.jpg,RTA100,slipper,card,/external-cache/fse_typographic_20260926/external/Defense-Prefix/rta100.zip,rta100/label=slipper_text=card.jpg,0.1885848045349121,0.19991832971572876,-0.01133352518081665,False,False
label=slipper_text=hand.jpg,label=slipper_text=hand.jpg,RTA100,slipper,hand,/external-cache/fse_typographic_20260926/external/Defense-Prefix/rta100.zip,rta100/label=slipper_text=hand.jpg,0.2524605393409729,0.22661809623241425,0.025842443108558655,True,True
label=slipper_text=iPad.jpg,label=slipper_text=iPad.jpg,RTA100,slipper,iPad,/external-cache/fse_typographic_20260926/external/Defense-Prefix/rta100.zip,rta100/label=slipper_text=iPad.jpg,0.24875026941299438,0.23590651154518127,0.01284375786781311,True,True
label=slipper_text=iPhone.jpg,label=slipper_text=iPhone.jpg,RTA100,slipper,iPhone,/external-cache/fse_typographic_20260926/external/Defense-Prefix/rta100.zip,rta100/label=slipper_text=iPhone.jpg,0.2677512764930725,0.2532896399497986,0.014461636543273926,True,True
label=slipper_text=marker.jpg,label=slipper_text=marker.jpg,RTA100,slipper,marker,/external-cache/fse_typographic_20260926/external/Defense-Prefix/rta100.zip,rta100/label=slipper_text=marker.jpg,0.2515234649181366,0.19983941316604614,0.051684051752090454,True,True
label=slipper_text=melon.jpg,label=slipper_text=melon.jpg,RTA100,slipper,melon,/external-cache/fse_typographic_20260926/external/Defense-Prefix/rta100.zip,rta100/label=slipper_text=melon.jpg,0.24683640897274017,0.1832956075668335,0.06354080140590668,True,True
label=slipper_text=pants.jpg,label=slipper_text=pants.jpg,RTA100,slipper,pants,/external-cache/fse_typographic_20260926/external/Defense-Prefix/rta100.zip,rta100/label=slipper_text=pants.jpg,0.2618443965911865,0.2615281641483307,0.00031623244285583496,True,True
label=slipper_text=ruler.jpg,label=slipper_text=ruler.jpg,RTA100,slipper,ruler,/external-cache/fse_typographic_20260926/external/Defense-Prefix/rta100.zip,rta100/label=slipper_text=ruler.jpg,0.23333418369293213,0.18520718812942505,0.04812699556350708,True,True
label=socks_text=ball.jpg,label=socks_text=ball.jpg,RTA100,socks,ball,/external-cache/fse_typographic_20260926/external/Defense-Prefix/rta100.zip,rta100/label=socks_text=ball.jpg,0.2565980851650238,0.25597280263900757,0.0006252825260162354,True,True
label=socks_text=bottle.jpg,label=socks_text=bottle.jpg,RTA100,socks,bottle,/external-cache/fse_typographic_20260926/external/Defense-Prefix/rta100.zip,rta100/label=socks_text=bottle.jpg,0.2337934374809265,0.2367522269487381,-0.0029587894678115845,False,False
label=socks_text=dog.jpg,label=socks_text=dog.jpg,RTA100,socks,dog,/external-cache/fse_typographic_20260926/external/Defense-Prefix/rta100.zip,rta100/label=socks_text=dog.jpg,0.24248787760734558,0.22080504894256592,0.021682828664779663,True,True
label=socks_text=doll.jpg,label=socks_text=doll.jpg,RTA100,socks,doll,/external-cache/fse_typographic_20260926/external/Defense-Prefix/rta100.zip,rta100/label=socks_text=doll.jpg,0.2632637619972229,0.24657316505908966,0.01669059693813324,True,True
label=socks_text=guitar.jpg,label=socks_text=guitar.jpg,RTA100,socks,guitar,/external-cache/fse_typographic_20260926/external/Defense-Prefix/rta100.zip,rta100/label=socks_text=guitar.jpg,0.259033203125,0.2460891306400299,0.012944072484970093,True,True
label=socks_text=laptop.jpg,label=socks_text=laptop.jpg,RTA100,socks,laptop,/external-cache/fse_typographic_20260926/external/Defense-Prefix/rta100.zip,rta100/label=socks_text=laptop.jpg,0.26974156498908997,0.24025756120681763,0.02948400378227234,True,True
label=socks_text=mouse.jpg,label=socks_text=mouse.jpg,RTA100,socks,mouse,/external-cache/fse_typographic_20260926/external/Defense-Prefix/rta100.zip,rta100/label=socks_text=mouse.jpg,0.22599910199642181,0.2684270739555359,-0.042427971959114075,False,False
label=socks_text=mug.jpg,label=socks_text=mug.jpg,RTA100,socks,mug,/external-cache/fse_typographic_20260926/external/Defense-Prefix/rta100.zip,rta100/label=socks_text=mug.jpg,0.2494584619998932,0.22005459666252136,0.029403865337371826,True,True
label=socks_text=pants.jpg,label=socks_text=pants.jpg,RTA100,socks,pants,/external-cache/fse_typographic_20260926/external/Defense-Prefix/rta100.zip,rta100/label=socks_text=pants.jpg,0.26399698853492737,0.2906554341316223,-0.026658445596694946,False,False
label=socks_text=pillow.jpg,label=socks_text=pillow.jpg,RTA100,socks,pillow,/external-cache/fse_typographic_20260926/external/Defense-Prefix/rta100.zip,rta100/label=socks_text=pillow.jpg,0.25372064113616943,0.2238144874572754,0.029906153678894043,True,True
label=sofa_text=airconditioner.jpg,label=sofa_text=airconditioner.jpg,RTA100,sofa,airconditioner,/external-cache/fse_typographic_20260926/external/Defense-Prefix/rta100.zip,rta100/label=sofa_text=airconditioner.jpg,0.2381668984889984,0.14084509015083313,0.09732180833816528,True,True
label=sofa_text=ball.jpg,label=sofa_text=ball.jpg,RTA100,sofa,ball,/external-cache/fse_typographic_20260926/external/Defense-Prefix/rta100.zip,rta100/label=sofa_text=ball.jpg,0.24824747443199158,0.21368253231048584,0.03456494212150574,True,True
label=sofa_text=curtain.jpg,label=sofa_text=curtain.jpg,RTA100,sofa,curtain,/external-cache/fse_typographic_20260926/external/Defense-Prefix/rta100.zip,rta100/label=sofa_text=curtain.jpg,0.23515912890434265,0.16154664754867554,0.07361248135566711,True,True
label=sofa_text=eraser.jpg,label=sofa_text=eraser.jpg,RTA100,sofa,eraser,/external-cache/fse_typographic_20260926/external/Defense-Prefix/rta100.zip,rta100/label=sofa_text=eraser.jpg,0.27053359150886536,0.12643149495124817,0.1441020965576172,True,True
label=sofa_text=frisbee.jpg,label=sofa_text=frisbee.jpg,RTA100,sofa,frisbee,/external-cache/fse_typographic_20260926/external/Defense-Prefix/rta100.zip,rta100/label=sofa_text=frisbee.jpg,0.240220308303833,0.10986293852329254,0.13035736978054047,True,True
label=sofa_text=key.jpg,label=sofa_text=key.jpg,RTA100,sofa,key,/external-cache/fse_typographic_20260926/external/Defense-Prefix/rta100.zip,rta100/label=sofa_text=key.jpg,0.2557472586631775,0.225148543715477,0.0305987149477005,True,True
label=sofa_text=mug.jpg,label=sofa_text=mug.jpg,RTA100,sofa,mug,/external-cache/fse_typographic_20260926/external/Defense-Prefix/rta100.zip,rta100/label=sofa_text=mug.jpg,0.25376155972480774,0.1934109330177307,0.060350626707077026,True,True
label=sofa_text=oven.jpg,label=sofa_text=oven.jpg,RTA100,sofa,oven,/external-cache/fse_typographic_20260926/external/Defense-Prefix/rta100.zip,rta100/label=sofa_text=oven.jpg,0.2670780420303345,0.2669694721698761,0.00010856986045837402,True,True
label=sofa_text=paper.jpg,label=sofa_text=paper.jpg,RTA100,sofa,paper,/external-cache/fse_typographic_20260926/external/Defense-Prefix/rta100.zip,rta100/label=sofa_text=paper.jpg,0.2302502989768982,0.2274375855922699,0.002812713384628296,True,True
label=sofa_text=watch.jpg,label=sofa_text=watch.jpg,RTA100,sofa,watch,/external-cache/fse_typographic_20260926/external/Defense-Prefix/rta100.zip,rta100/label=sofa_text=watch.jpg,0.26794397830963135,0.17975054681301117,0.08819343149662018,True,True
label=speaker_text=book.jpg,label=speaker_text=book.jpg,RTA100,speaker,book,/external-cache/fse_typographic_20260926/external/Defense-Prefix/rta100.zip,rta100/label=speaker_text=book.jpg,0.252353698015213,0.20445314049720764,0.04790055751800537,True,True
label=speaker_text=card.jpg,label=speaker_text=card.jpg,RTA100,speaker,card,/external-cache/fse_typographic_20260926/external/Defense-Prefix/rta100.zip,rta100/label=speaker_text=card.jpg,0.13161221146583557,0.22129611670970917,-0.0896839052438736,False,False
label=speaker_text=fridge.jpg,label=speaker_text=fridge.jpg,RTA100,speaker,fridge,/external-cache/fse_typographic_20260926/external/Defense-Prefix/rta100.zip,rta100/label=speaker_text=fridge.jpg,0.2269546091556549,0.18916982412338257,0.03778478503227234,True,True
label=speaker_text=hair dryer.jpg,label=speaker_text=hair dryer.jpg,RTA100,speaker,hair dryer,/external-cache/fse_typographic_20260926/external/Defense-Prefix/rta100.zip,rta100/label=speaker_text=hair dryer.jpg,0.17440477013587952,0.21528026461601257,-0.04087549448013306,False,False
label=speaker_text=light bulb.jpg,label=speaker_text=light bulb.jpg,RTA100,speaker,light bulb,/external-cache/fse_typographic_20260926/external/Defense-Prefix/rta100.zip,rta100/label=speaker_text=light bulb.jpg,0.21480992436408997,0.13841713964939117,0.07639278471469879,True,True
label=speaker_text=mask.jpg,label=speaker_text=mask.jpg,RTA100,speaker,mask,/external-cache/fse_typographic_20260926/external/Defense-Prefix/rta100.zip,rta100/label=speaker_text=mask.jpg,0.2747149169445038,0.2259329855442047,0.04878193140029907,True,True
label=speaker_text=mousepad.jpg,label=speaker_text=mousepad.jpg,RTA100,speaker,mousepad,/external-cache/fse_typographic_20260926/external/Defense-Prefix/rta100.zip,rta100/label=speaker_text=mousepad.jpg,0.21496739983558655,0.16889435052871704,0.04607304930686951,True,True
label=speaker_text=notebook.jpg,label=speaker_text=notebook.jpg,RTA100,speaker,notebook,/external-cache/fse_typographic_20260926/external/Defense-Prefix/rta100.zip,rta100/label=speaker_text=notebook.jpg,0.2032792866230011,0.26503682136535645,-0.06175753474235535,False,False
label=speaker_text=tissue.jpg,label=speaker_text=tissue.jpg,RTA100,speaker,tissue,/external-cache/fse_typographic_20260926/external/Defense-Prefix/rta100.zip,rta100/label=speaker_text=tissue.jpg,0.1896251142024994,0.16301321983337402,0.026611894369125366,True,True
label=speaker_text=whiteboard.jpg,label=speaker_text=whiteboard.jpg,RTA100,speaker,whiteboard,/external-cache/fse_typographic_20260926/external/Defense-Prefix/rta100.zip,rta100/label=speaker_text=whiteboard.jpg,0.23269835114479065,0.179499089717865,0.05319926142692566,True,True
label=spoon_text=bookshelf.jpg,label=spoon_text=bookshelf.jpg,RTA100,spoon,bookshelf,/external-cache/fse_typographic_20260926/external/Defense-Prefix/rta100.zip,rta100/label=spoon_text=bookshelf.jpg,0.22993358969688416,0.22549711167812347,0.004436478018760681,True,True
label=spoon_text=cookie.jpg,label=spoon_text=cookie.jpg,RTA100,spoon,cookie,/external-cache/fse_typographic_20260926/external/Defense-Prefix/rta100.zip,rta100/label=spoon_text=cookie.jpg,0.25113657116889954,0.23133519291877747,0.01980137825012207,True,True
label=spoon_text=dish.jpg,label=spoon_text=dish.jpg,RTA100,spoon,dish,/external-cache/fse_typographic_20260926/external/Defense-Prefix/rta100.zip,rta100/label=spoon_text=dish.jpg,0.2515842318534851,0.2500983774662018,0.0014858543872833252,True,True
label=spoon_text=dog.jpg,label=spoon_text=dog.jpg,RTA100,spoon,dog,/external-cache/fse_typographic_20260926/external/Defense-Prefix/rta100.zip,rta100/label=spoon_text=dog.jpg,0.2556886076927185,0.22852873802185059,0.02715986967086792,True,True
label=spoon_text=eraser.jpg,label=spoon_text=eraser.jpg,RTA100,spoon,eraser,/external-cache/fse_typographic_20260926/external/Defense-Prefix/rta100.zip,rta100/label=spoon_text=eraser.jpg,0.2413296401500702,0.24070999026298523,0.0006196498870849609,True,True
label=spoon_text=floor.jpg,label=spoon_text=floor.jpg,RTA100,spoon,floor,/external-cache/fse_typographic_20260926/external/Defense-Prefix/rta100.zip,rta100/label=spoon_text=floor.jpg,0.2676731050014496,0.24554148316383362,0.022131621837615967,True,True
label=spoon_text=mango.jpg,label=spoon_text=mango.jpg,RTA100,spoon,mango,/external-cache/fse_typographic_20260926/external/Defense-Prefix/rta100.zip,rta100/label=spoon_text=mango.jpg,0.2593131959438324,0.2701288163661957,-0.010815620422363281,False,False
label=spoon_text=microwave.jpg,label=spoon_text=microwave.jpg,RTA100,spoon,microwave,/external-cache/fse_typographic_20260926/external/Defense-Prefix/rta100.zip,rta100/label=spoon_text=microwave.jpg,0.2519119381904602,0.21695032715797424,0.03496161103248596,True,True
label=spoon_text=pen.jpg,label=spoon_text=pen.jpg,RTA100,spoon,pen,/external-cache/fse_typographic_20260926/external/Defense-Prefix/rta100.zip,rta100/label=spoon_text=pen.jpg,0.25118130445480347,0.2657164931297302,-0.014535188674926758,False,False
label=spoon_text=t-shirt.jpg,label=spoon_text=t-shirt.jpg,RTA100,spoon,t-shirt,/external-cache/fse_typographic_20260926/external/Defense-Prefix/rta100.zip,rta100/label=spoon_text=t-shirt.jpg,0.2748052477836609,0.2480630725622177,0.026742175221443176,True,True
label=suitcase_text=book.jpg,label=suitcase_text=book.jpg,RTA100,suitcase,book,/external-cache/fse_typographic_20260926/external/Defense-Prefix/rta100.zip,rta100/label=suitcase_text=book.jpg,0.2875100374221802,0.20974357426166534,0.07776646316051483,True,True
label=suitcase_text=cookie.jpg,label=suitcase_text=cookie.jpg,RTA100,suitcase,cookie,/external-cache/fse_typographic_20260926/external/Defense-Prefix/rta100.zip,rta100/label=suitcase_text=cookie.jpg,0.254175066947937,0.18353977799415588,0.07063528895378113,True,True
label=suitcase_text=earphones.jpg,label=suitcase_text=earphones.jpg,RTA100,suitcase,earphones,/external-cache/fse_typographic_20260926/external/Defense-Prefix/rta100.zip,rta100/label=suitcase_text=earphones.jpg,0.2402244508266449,0.17328718304634094,0.06693726778030396,True,True
label=suitcase_text=frisbee.jpg,label=suitcase_text=frisbee.jpg,RTA100,suitcase,frisbee,/external-cache/fse_typographic_20260926/external/Defense-Prefix/rta100.zip,rta100/label=suitcase_text=frisbee.jpg,0.2519984543323517,0.2056320309638977,0.04636642336845398,True,True
label=suitcase_text=jacket.jpg,label=suitcase_text=jacket.jpg,RTA100,suitcase,jacket,/external-cache/fse_typographic_20260926/external/Defense-Prefix/rta100.zip,rta100/label=suitcase_text=jacket.jpg,0.25963008403778076,0.22607067227363586,0.0335594117641449,True,True
label=suitcase_text=mask.jpg,label=suitcase_text=mask.jpg,RTA100,suitcase,mask,/external-cache/fse_typographic_20260926/external/Defense-Prefix/rta100.zip,rta100/label=suitcase_text=mask.jpg,0.2533918023109436,0.2390209138393402,0.014370888471603394,True,True
label=suitcase_text=mug.jpg,label=suitcase_text=mug.jpg,RTA100,suitcase,mug,/external-cache/fse_typographic_20260926/external/Defense-Prefix/rta100.zip,rta100/label=suitcase_text=mug.jpg,0.27005043625831604,0.21361061930656433,0.05643981695175171,True,True
label=suitcase_text=pants.jpg,label=suitcase_text=pants.jpg,RTA100,suitcase,pants,/external-cache/fse_typographic_20260926/external/Defense-Prefix/rta100.zip,rta100/label=suitcase_text=pants.jpg,0.3027384281158447,0.21611300110816956,0.08662542700767517,True,True
label=suitcase_text=remote.jpg,label=suitcase_text=remote.jpg,RTA100,suitcase,remote,/external-cache/fse_typographic_20260926/external/Defense-Prefix/rta100.zip,rta100/label=suitcase_text=remote.jpg,0.27920785546302795,0.20603284239768982,0.07317501306533813,True,True
label=suitcase_text=shoes.jpg,label=suitcase_text=shoes.jpg,RTA100,suitcase,shoes,/external-cache/fse_typographic_20260926/external/Defense-Prefix/rta100.zip,rta100/label=suitcase_text=shoes.jpg,0.284030556678772,0.23503819108009338,0.04899236559867859,True,True
label=t-shirt_text=adapter.jpg,label=t-shirt_text=adapter.jpg,RTA100,t-shirt,adapter,/external-cache/fse_typographic_20260926/external/Defense-Prefix/rta100.zip,rta100/label=t-shirt_text=adapter.jpg,0.21302947402000427,0.136763334274292,0.07626613974571228,True,True
label=t-shirt_text=airconditioner.jpg,label=t-shirt_text=airconditioner.jpg,RTA100,t-shirt,airconditioner,/external-cache/fse_typographic_20260926/external/Defense-Prefix/rta100.zip,rta100/label=t-shirt_text=airconditioner.jpg,0.18938526511192322,0.1107536256313324,0.07863163948059082,True,True
label=t-shirt_text=bed.jpg,label=t-shirt_text=bed.jpg,RTA100,t-shirt,bed,/external-cache/fse_typographic_20260926/external/Defense-Prefix/rta100.zip,rta100/label=t-shirt_text=bed.jpg,0.24741807579994202,0.24049857258796692,0.006919503211975098,True,True
label=t-shirt_text=controller.jpg,label=t-shirt_text=controller.jpg,RTA100,t-shirt,controller,/external-cache/fse_typographic_20260926/external/Defense-Prefix/rta100.zip,rta100/label=t-shirt_text=controller.jpg,0.22451354563236237,0.20718379318714142,0.017329752445220947,True,True
label=t-shirt_text=mic.jpg,label=t-shirt_text=mic.jpg,RTA100,t-shirt,mic,/external-cache/fse_typographic_20260926/external/Defense-Prefix/rta100.zip,rta100/label=t-shirt_text=mic.jpg,0.21381326019763947,0.16025887429714203,0.053554385900497437,True,True
label=t-shirt_text=pillow.jpg,label=t-shirt_text=pillow.jpg,RTA100,t-shirt,pillow,/external-cache/fse_typographic_20260926/external/Defense-Prefix/rta100.zip,rta100/label=t-shirt_text=pillow.jpg,0.14832651615142822,0.16277404129505157,-0.014447525143623352,False,False
label=t-shirt_text=socks.jpg,label=t-shirt_text=socks.jpg,RTA100,t-shirt,socks,/external-cache/fse_typographic_20260926/external/Defense-Prefix/rta100.zip,rta100/label=t-shirt_text=socks.jpg,0.24391666054725647,0.2578812539577484,-0.013964593410491943,False,False
label=t-shirt_text=tie.jpg,label=t-shirt_text=tie.jpg,RTA100,t-shirt,tie,/external-cache/fse_typographic_20260926/external/Defense-Prefix/rta100.zip,rta100/label=t-shirt_text=tie.jpg,0.22375613451004028,0.1855183094739914,0.03823782503604889,True,True
label=t-shirt_text=trash box.jpg,label=t-shirt_text=trash box.jpg,RTA100,t-shirt,trash box,/external-cache/fse_typographic_20260926/external/Defense-Prefix/rta100.zip,rta100/label=t-shirt_text=trash box.jpg,0.2142747938632965,0.18976643681526184,0.024508357048034668,True,True
label=t-shirt_text=watch.jpg,label=t-shirt_text=watch.jpg,RTA100,t-shirt,watch,/external-cache/fse_typographic_20260926/external/Defense-Prefix/rta100.zip,rta100/label=t-shirt_text=watch.jpg,0.21804869174957275,0.18810856342315674,0.029940128326416016,True,True
label=table_text=chair.jpg,label=table_text=chair.jpg,RTA100,table,chair,/external-cache/fse_typographic_20260926/external/Defense-Prefix/rta100.zip,rta100/label=table_text=chair.jpg,0.23789843916893005,0.26497405767440796,-0.027075618505477905,False,False
label=table_text=curtain.jpg,label=table_text=curtain.jpg,RTA100,table,curtain,/external-cache/fse_typographic_20260926/external/Defense-Prefix/rta100.zip,rta100/label=table_text=curtain.jpg,0.2387922704219818,0.15087512135505676,0.08791714906692505,True,True
label=table_text=mouse.jpg,label=table_text=mouse.jpg,RTA100,table,mouse,/external-cache/fse_typographic_20260926/external/Defense-Prefix/rta100.zip,rta100/label=table_text=mouse.jpg,0.25280797481536865,0.1744563728570938,0.07835160195827484,True,True
label=table_text=onion.jpg,label=table_text=onion.jpg,RTA100,table,onion,/external-cache/fse_typographic_20260926/external/Defense-Prefix/rta100.zip,rta100/label=table_text=onion.jpg,0.24178212881088257,0.23131312429904938,0.010469004511833191,True,True
label=table_text=pot.jpg,label=table_text=pot.jpg,RTA100,table,pot,/external-cache/fse_typographic_20260926/external/Defense-Prefix/rta100.zip,rta100/label=table_text=pot.jpg,0.2635941505432129,0.18186664581298828,0.08172750473022461,True,True
label=table_text=ruler.jpg,label=table_text=ruler.jpg,RTA100,table,ruler,/external-cache/fse_typographic_20260926/external/Defense-Prefix/rta100.zip,rta100/label=table_text=ruler.jpg,0.21948936581611633,0.22218753397464752,-0.002698168158531189,False,False
label=table_text=slipper.jpg,label=table_text=slipper.jpg,RTA100,table,slipper,/external-cache/fse_typographic_20260926/external/Defense-Prefix/rta100.zip,rta100/label=table_text=slipper.jpg,0.24433840811252594,0.22291845083236694,0.021419957280158997,True,True
label=table_text=tie.jpg,label=table_text=tie.jpg,RTA100,table,tie,/external-cache/fse_typographic_20260926/external/Defense-Prefix/rta100.zip,rta100/label=table_text=tie.jpg,0.22553394734859467,0.22874155640602112,-0.0032076090574264526,False,False
label=table_text=tissue.jpg,label=table_text=tissue.jpg,RTA100,table,tissue,/external-cache/fse_typographic_20260926/external/Defense-Prefix/rta100.zip,rta100/label=table_text=tissue.jpg,0.22775475680828094,0.22170263528823853,0.006052121520042419,True,True
label=table_text=umbrella.jpg,label=table_text=umbrella.jpg,RTA100,table,umbrella,/external-cache/fse_typographic_20260926/external/Defense-Prefix/rta100.zip,rta100/label=table_text=umbrella.jpg,0.24793100357055664,0.23241709172725677,0.015513911843299866,True,True
label=thermometer_text=card.jpg,label=thermometer_text=card.jpg,RTA100,thermometer,card,/external-cache/fse_typographic_20260926/external/Defense-Prefix/rta100.zip,rta100/label=thermometer_text=card.jpg,0.2456141859292984,0.20550447702407837,0.04010970890522003,True,True
label=thermometer_text=eraser.jpg,label=thermometer_text=eraser.jpg,RTA100,thermometer,eraser,/external-cache/fse_typographic_20260926/external/Defense-Prefix/rta100.zip,rta100/label=thermometer_text=eraser.jpg,0.25467023253440857,0.24323448538780212,0.011435747146606445,True,True
label=thermometer_text=frisbee.jpg,label=thermometer_text=frisbee.jpg,RTA100,thermometer,frisbee,/external-cache/fse_typographic_20260926/external/Defense-Prefix/rta100.zip,rta100/label=thermometer_text=frisbee.jpg,0.2665151357650757,0.2096167355775833,0.05689840018749237,True,True
label=thermometer_text=monitor.jpg,label=thermometer_text=monitor.jpg,RTA100,thermometer,monitor,/external-cache/fse_typographic_20260926/external/Defense-Prefix/rta100.zip,rta100/label=thermometer_text=monitor.jpg,0.2638602554798126,0.15242555737495422,0.1114346981048584,True,True
label=thermometer_text=pillow.jpg,label=thermometer_text=pillow.jpg,RTA100,thermometer,pillow,/external-cache/fse_typographic_20260926/external/Defense-Prefix/rta100.zip,rta100/label=thermometer_text=pillow.jpg,0.26278799772262573,0.21877047419548035,0.044017523527145386,True,True
label=thermometer_text=scissors.jpg,label=thermometer_text=scissors.jpg,RTA100,thermometer,scissors,/external-cache/fse_typographic_20260926/external/Defense-Prefix/rta100.zip,rta100/label=thermometer_text=scissors.jpg,0.2413879930973053,0.17562296986579895,0.06576502323150635,True,True
label=thermometer_text=slipper.jpg,label=thermometer_text=slipper.jpg,RTA100,thermometer,slipper,/external-cache/fse_typographic_20260926/external/Defense-Prefix/rta100.zip,rta100/label=thermometer_text=slipper.jpg,0.19610871374607086,0.25328555703163147,-0.05717684328556061,False,False
label=thermometer_text=speaker.jpg,label=thermometer_text=speaker.jpg,RTA100,thermometer,speaker,/external-cache/fse_typographic_20260926/external/Defense-Prefix/rta100.zip,rta100/label=thermometer_text=speaker.jpg,0.258611261844635,0.19747032225131989,0.061140939593315125,True,True
label=thermometer_text=spoon.jpg,label=thermometer_text=spoon.jpg,RTA100,thermometer,spoon,/external-cache/fse_typographic_20260926/external/Defense-Prefix/rta100.zip,rta100/label=thermometer_text=spoon.jpg,0.2096831500530243,0.27365806698799133,-0.06397491693496704,False,False
label=thermometer_text=vacuum cleaner.jpg,label=thermometer_text=vacuum cleaner.jpg,RTA100,thermometer,vacuum cleaner,/external-cache/fse_typographic_20260926/external/Defense-Prefix/rta100.zip,rta100/label=thermometer_text=vacuum cleaner.jpg,0.2364937663078308,0.22246479988098145,0.014028966426849365,True,True
label=tie_text=DVD.jpg,label=tie_text=DVD.jpg,RTA100,tie,DVD,/external-cache/fse_typographic_20260926/external/Defense-Prefix/rta100.zip,rta100/label=tie_text=DVD.jpg,0.25292956829071045,0.2650255858898163,-0.012096017599105835,False,False
label=tie_text=bowl.jpg,label=tie_text=bowl.jpg,RTA100,tie,bowl,/external-cache/fse_typographic_20260926/external/Defense-Prefix/rta100.zip,rta100/label=tie_text=bowl.jpg,0.25705546140670776,0.23972567915916443,0.017329782247543335,True,True
label=tie_text=guitar.jpg,label=tie_text=guitar.jpg,RTA100,tie,guitar,/external-cache/fse_typographic_20260926/external/Defense-Prefix/rta100.zip,rta100/label=tie_text=guitar.jpg,0.23101620376110077,0.2093956172466278,0.02162058651447296,True,True
label=tie_text=light bulb.jpg,label=tie_text=light bulb.jpg,RTA100,tie,light bulb,/external-cache/fse_typographic_20260926/external/Defense-Prefix/rta100.zip,rta100/label=tie_text=light bulb.jpg,0.27659696340560913,0.2065119594335556,0.07008500397205353,True,True
label=tie_text=map.jpg,label=tie_text=map.jpg,RTA100,tie,map,/external-cache/fse_typographic_20260926/external/Defense-Prefix/rta100.zip,rta100/label=tie_text=map.jpg,0.2898467183113098,0.25032198429107666,0.039524734020233154,True,True
label=tie_text=spoon.jpg,label=tie_text=spoon.jpg,RTA100,tie,spoon,/external-cache/fse_typographic_20260926/external/Defense-Prefix/rta100.zip,rta100/label=tie_text=spoon.jpg,0.2630784213542938,0.243761345744133,0.019317075610160828,True,True
label=tie_text=t-shirt.jpg,label=tie_text=t-shirt.jpg,RTA100,tie,t-shirt,/external-cache/fse_typographic_20260926/external/Defense-Prefix/rta100.zip,rta100/label=tie_text=t-shirt.jpg,0.2629179358482361,0.23594547808170319,0.026972457766532898,True,True
label=tie_text=toaster.jpg,label=tie_text=toaster.jpg,RTA100,tie,toaster,/external-cache/fse_typographic_20260926/external/Defense-Prefix/rta100.zip,rta100/label=tie_text=toaster.jpg,0.24304376542568207,0.22301727533340454,0.020026490092277527,True,True
label=tie_text=toothbrush.jpg,label=tie_text=toothbrush.jpg,RTA100,tie,toothbrush,/external-cache/fse_typographic_20260926/external/Defense-Prefix/rta100.zip,rta100/label=tie_text=toothbrush.jpg,0.25140029191970825,0.22608527541160583,0.025315016508102417,True,True
label=tie_text=umbrella.jpg,label=tie_text=umbrella.jpg,RTA100,tie,umbrella,/external-cache/fse_typographic_20260926/external/Defense-Prefix/rta100.zip,rta100/label=tie_text=umbrella.jpg,0.24553033709526062,0.2200103998184204,0.02551993727684021,True,True
label=tissue_text=can.jpg,label=tissue_text=can.jpg,RTA100,tissue,can,/external-cache/fse_typographic_20260926/external/Defense-Prefix/rta100.zip,rta100/label=tissue_text=can.jpg,0.2302619218826294,0.17933417856693268,0.050927743315696716,True,True
label=tissue_text=chair.jpg,label=tissue_text=chair.jpg,RTA100,tissue,chair,/external-cache/fse_typographic_20260926/external/Defense-Prefix/rta100.zip,rta100/label=tissue_text=chair.jpg,0.2165376842021942,0.23688581585884094,-0.02034813165664673,False,False
label=tissue_text=cone.jpg,label=tissue_text=cone.jpg,RTA100,tissue,cone,/external-cache/fse_typographic_20260926/external/Defense-Prefix/rta100.zip,rta100/label=tissue_text=cone.jpg,0.2625091075897217,0.26862484216690063,-0.006115734577178955,False,False
label=tissue_text=floor.jpg,label=tissue_text=floor.jpg,RTA100,tissue,floor,/external-cache/fse_typographic_20260926/external/Defense-Prefix/rta100.zip,rta100/label=tissue_text=floor.jpg,0.25053972005844116,0.2463613748550415,0.004178345203399658,True,True
label=tissue_text=fork.jpg,label=tissue_text=fork.jpg,RTA100,tissue,fork,/external-cache/fse_typographic_20260926/external/Defense-Prefix/rta100.zip,rta100/label=tissue_text=fork.jpg,0.1824427843093872,0.23747028410434723,-0.05502749979496002,False,False
label=tissue_text=fridge.jpg,label=tissue_text=fridge.jpg,RTA100,tissue,fridge,/external-cache/fse_typographic_20260926/external/Defense-Prefix/rta100.zip,rta100/label=tissue_text=fridge.jpg,0.23344974219799042,0.22862742841243744,0.0048223137855529785,True,True
label=tissue_text=glasses.jpg,label=tissue_text=glasses.jpg,RTA100,tissue,glasses,/external-cache/fse_typographic_20260926/external/Defense-Prefix/rta100.zip,rta100/label=tissue_text=glasses.jpg,0.244331955909729,0.24144133925437927,0.0028906166553497314,True,True
label=tissue_text=iron.jpg,label=tissue_text=iron.jpg,RTA100,tissue,iron,/external-cache/fse_typographic_20260926/external/Defense-Prefix/rta100.zip,rta100/label=tissue_text=iron.jpg,0.21914631128311157,0.22703972458839417,-0.007893413305282593,False,False
label=tissue_text=paper.jpg,label=tissue_text=paper.jpg,RTA100,tissue,paper,/external-cache/fse_typographic_20260926/external/Defense-Prefix/rta100.zip,rta100/label=tissue_text=paper.jpg,0.26170873641967773,0.2509821653366089,0.010726571083068848,True,True
label=tissue_text=plate.jpg,label=tissue_text=plate.jpg,RTA100,tissue,plate,/external-cache/fse_typographic_20260926/external/Defense-Prefix/rta100.zip,rta100/label=tissue_text=plate.jpg,0.2616298496723175,0.24983417987823486,0.011795669794082642,True,True
label=toaster_text=airconditioner.jpg,label=toaster_text=airconditioner.jpg,RTA100,toaster,airconditioner,/external-cache/fse_typographic_20260926/external/Defense-Prefix/rta100.zip,rta100/label=toaster_text=airconditioner.jpg,0.17369858920574188,0.20028558373451233,-0.026586994528770447,False,False
label=toaster_text=card.jpg,label=toaster_text=card.jpg,RTA100,toaster,card,/external-cache/fse_typographic_20260926/external/Defense-Prefix/rta100.zip,rta100/label=toaster_text=card.jpg,0.19924511015415192,0.21863318979740143,-0.01938807964324951,False,False
label=toaster_text=fridge.jpg,label=toaster_text=fridge.jpg,RTA100,toaster,fridge,/external-cache/fse_typographic_20260926/external/Defense-Prefix/rta100.zip,rta100/label=toaster_text=fridge.jpg,0.2472895234823227,0.2113492786884308,0.03594024479389191,True,False
label=toaster_text=hand.jpg,label=toaster_text=hand.jpg,RTA100,toaster,hand,/external-cache/fse_typographic_20260926/external/Defense-Prefix/rta100.zip,rta100/label=toaster_text=hand.jpg,0.2265855073928833,0.25553393363952637,-0.028948426246643066,False,False
label=toaster_text=iPad.jpg,label=toaster_text=iPad.jpg,RTA100,toaster,iPad,/external-cache/fse_typographic_20260926/external/Defense-Prefix/rta100.zip,rta100/label=toaster_text=iPad.jpg,0.22595755755901337,0.23816817998886108,-0.012210622429847717,False,False
label=toaster_text=scissors.jpg,label=toaster_text=scissors.jpg,RTA100,toaster,scissors,/external-cache/fse_typographic_20260926/external/Defense-Prefix/rta100.zip,rta100/label=toaster_text=scissors.jpg,0.19550904631614685,0.21932876110076904,-0.023819714784622192,False,False
label=toaster_text=socks.jpg,label=toaster_text=socks.jpg,RTA100,toaster,socks,/external-cache/fse_typographic_20260926/external/Defense-Prefix/rta100.zip,rta100/label=toaster_text=socks.jpg,0.2233128845691681,0.2450653612613678,-0.021752476692199707,False,False
label=toaster_text=t-shirt.jpg,label=toaster_text=t-shirt.jpg,RTA100,toaster,t-shirt,/external-cache/fse_typographic_20260926/external/Defense-Prefix/rta100.zip,rta100/label=toaster_text=t-shirt.jpg,0.20447278022766113,0.20006844401359558,0.004404336214065552,True,False
label=toaster_text=trash box.jpg,label=toaster_text=trash box.jpg,RTA100,toaster,trash box,/external-cache/fse_typographic_20260926/external/Defense-Prefix/rta100.zip,rta100/label=toaster_text=trash box.jpg,0.1668827086687088,0.24173541367053986,-0.07485270500183105,False,False
label=toaster_text=watch.jpg,label=toaster_text=watch.jpg,RTA100,toaster,watch,/external-cache/fse_typographic_20260926/external/Defense-Prefix/rta100.zip,rta100/label=toaster_text=watch.jpg,0.22122865915298462,0.20306067168712616,0.01816798746585846,True,False
label=toothbrush_text=cookie.jpg,label=toothbrush_text=cookie.jpg,RTA100,toothbrush,cookie,/external-cache/fse_typographic_20260926/external/Defense-Prefix/rta100.zip,rta100/label=toothbrush_text=cookie.jpg,0.21266533434391022,0.23121371865272522,-0.018548384308815002,False,False
label=toothbrush_text=eraser.jpg,label=toothbrush_text=eraser.jpg,RTA100,toothbrush,eraser,/external-cache/fse_typographic_20260926/external/Defense-Prefix/rta100.zip,rta100/label=toothbrush_text=eraser.jpg,0.2697160840034485,0.26501548290252686,0.004700601100921631,True,True
label=toothbrush_text=floor.jpg,label=toothbrush_text=floor.jpg,RTA100,toothbrush,floor,/external-cache/fse_typographic_20260926/external/Defense-Prefix/rta100.zip,rta100/label=toothbrush_text=floor.jpg,0.25299546122550964,0.24376803636550903,0.00922742486000061,True,True
label=toothbrush_text=headphone.jpg,label=toothbrush_text=headphone.jpg,RTA100,toothbrush,headphone,/external-cache/fse_typographic_20260926/external/Defense-Prefix/rta100.zip,rta100/label=toothbrush_text=headphone.jpg,0.2820062041282654,0.2528974115848541,0.029108792543411255,True,True
label=toothbrush_text=mask.jpg,label=toothbrush_text=mask.jpg,RTA100,toothbrush,mask,/external-cache/fse_typographic_20260926/external/Defense-Prefix/rta100.zip,rta100/label=toothbrush_text=mask.jpg,0.2800363302230835,0.244977205991745,0.0350591242313385,True,True
label=toothbrush_text=melon.jpg,label=toothbrush_text=melon.jpg,RTA100,toothbrush,melon,/external-cache/fse_typographic_20260926/external/Defense-Prefix/rta100.zip,rta100/label=toothbrush_text=melon.jpg,0.255675345659256,0.20246621966362,0.053209125995635986,True,True
label=toothbrush_text=peach.jpg,label=toothbrush_text=peach.jpg,RTA100,toothbrush,peach,/external-cache/fse_typographic_20260926/external/Defense-Prefix/rta100.zip,rta100/label=toothbrush_text=peach.jpg,0.2866666913032532,0.26588308811187744,0.020783603191375732,True,True
label=toothbrush_text=tie.jpg,label=toothbrush_text=tie.jpg,RTA100,toothbrush,tie,/external-cache/fse_typographic_20260926/external/Defense-Prefix/rta100.zip,rta100/label=toothbrush_text=tie.jpg,0.2317429780960083,0.23881155252456665,-0.00706857442855835,False,False
label=toothbrush_text=toaster.jpg,label=toothbrush_text=toaster.jpg,RTA100,toothbrush,toaster,/external-cache/fse_typographic_20260926/external/Defense-Prefix/rta100.zip,rta100/label=toothbrush_text=toaster.jpg,0.22697679698467255,0.22461454570293427,0.0023622512817382812,True,False
label=toothbrush_text=trash box.jpg,label=toothbrush_text=trash box.jpg,RTA100,toothbrush,trash box,/external-cache/fse_typographic_20260926/external/Defense-Prefix/rta100.zip,rta100/label=toothbrush_text=trash box.jpg,0.24018800258636475,0.20046602189540863,0.039721980690956116,True,True
label=towel_text=curtain.jpg,label=towel_text=curtain.jpg,RTA100,towel,curtain,/external-cache/fse_typographic_20260926/external/Defense-Prefix/rta100.zip,rta100/label=towel_text=curtain.jpg,0.18375350534915924,0.1915031224489212,-0.007749617099761963,False,False
label=towel_text=frisbee.jpg,label=towel_text=frisbee.jpg,RTA100,towel,frisbee,/external-cache/fse_typographic_20260926/external/Defense-Prefix/rta100.zip,rta100/label=towel_text=frisbee.jpg,0.2578864097595215,0.24419718980789185,0.013689219951629639,True,True
label=towel_text=glove.jpg,label=towel_text=glove.jpg,RTA100,towel,glove,/external-cache/fse_typographic_20260926/external/Defense-Prefix/rta100.zip,rta100/label=towel_text=glove.jpg,0.25446051359176636,0.28725701570510864,-0.032796502113342285,False,False
label=towel_text=jacket.jpg,label=towel_text=jacket.jpg,RTA100,towel,jacket,/external-cache/fse_typographic_20260926/external/Defense-Prefix/rta100.zip,rta100/label=towel_text=jacket.jpg,0.22718428075313568,0.259765625,-0.03258134424686432,False,False
label=towel_text=mic.jpg,label=towel_text=mic.jpg,RTA100,towel,mic,/external-cache/fse_typographic_20260926/external/Defense-Prefix/rta100.zip,rta100/label=towel_text=mic.jpg,0.1973578780889511,0.2182813435792923,-0.020923465490341187,False,False
label=towel_text=oven.jpg,label=towel_text=oven.jpg,RTA100,towel,oven,/external-cache/fse_typographic_20260926/external/Defense-Prefix/rta100.zip,rta100/label=towel_text=oven.jpg,0.18903908133506775,0.22149872779846191,-0.032459646463394165,False,False
label=towel_text=plate.jpg,label=towel_text=plate.jpg,RTA100,towel,plate,/external-cache/fse_typographic_20260926/external/Defense-Prefix/rta100.zip,rta100/label=towel_text=plate.jpg,0.23927229642868042,0.22833305597305298,0.010939240455627441,True,False
label=towel_text=ruler.jpg,label=towel_text=ruler.jpg,RTA100,towel,ruler,/external-cache/fse_typographic_20260926/external/Defense-Prefix/rta100.zip,rta100/label=towel_text=ruler.jpg,0.2447584867477417,0.24165339767932892,0.0031050890684127808,True,True
label=towel_text=sofa.jpg,label=towel_text=sofa.jpg,RTA100,towel,sofa,/external-cache/fse_typographic_20260926/external/Defense-Prefix/rta100.zip,rta100/label=towel_text=sofa.jpg,0.24968984723091125,0.24309484660625458,0.006595000624656677,True,True
label=towel_text=trash box.jpg,label=towel_text=trash box.jpg,RTA100,towel,trash box,/external-cache/fse_typographic_20260926/external/Defense-Prefix/rta100.zip,rta100/label=towel_text=trash box.jpg,0.1997412145137787,0.2232000231742859,-0.023458808660507202,False,False
label=trash box_text=can.jpg,label=trash box_text=can.jpg,RTA100,trash box,can,/external-cache/fse_typographic_20260926/external/Defense-Prefix/rta100.zip,rta100/label=trash box_text=can.jpg,0.20842930674552917,0.19878408312797546,0.009645223617553711,True,True
label=trash box_text=dish.jpg,label=trash box_text=dish.jpg,RTA100,trash box,dish,/external-cache/fse_typographic_20260926/external/Defense-Prefix/rta100.zip,rta100/label=trash box_text=dish.jpg,0.20142273604869843,0.17994321882724762,0.021479517221450806,True,True
label=trash box_text=eraser.jpg,label=trash box_text=eraser.jpg,RTA100,trash box,eraser,/external-cache/fse_typographic_20260926/external/Defense-Prefix/rta100.zip,rta100/label=trash box_text=eraser.jpg,0.21451851725578308,0.14912843704223633,0.06539008021354675,True,True
label=trash box_text=hand.jpg,label=trash box_text=hand.jpg,RTA100,trash box,hand,/external-cache/fse_typographic_20260926/external/Defense-Prefix/rta100.zip,rta100/label=trash box_text=hand.jpg,0.1785692423582077,0.1290484368801117,0.04952080547809601,True,True
label=trash box_text=hat.jpg,label=trash box_text=hat.jpg,RTA100,trash box,hat,/external-cache/fse_typographic_20260926/external/Defense-Prefix/rta100.zip,rta100/label=trash box_text=hat.jpg,0.23013931512832642,0.260494589805603,-0.03035527467727661,False,False
label=trash box_text=iron.jpg,label=trash box_text=iron.jpg,RTA100,trash box,iron,/external-cache/fse_typographic_20260926/external/Defense-Prefix/rta100.zip,rta100/label=trash box_text=iron.jpg,0.1943238079547882,0.20733508467674255,-0.013011276721954346,False,False
label=trash box_text=key.jpg,label=trash box_text=key.jpg,RTA100,trash box,key,/external-cache/fse_typographic_20260926/external/Defense-Prefix/rta100.zip,rta100/label=trash box_text=key.jpg,0.20430263876914978,0.11571872234344482,0.08858391642570496,True,True
label=trash box_text=lemon.jpg,label=trash box_text=lemon.jpg,RTA100,trash box,lemon,/external-cache/fse_typographic_20260926/external/Defense-Prefix/rta100.zip,rta100/label=trash box_text=lemon.jpg,0.1812954843044281,0.0793379694223404,0.10195751488208771,True,True
label=trash box_text=milk.jpg,label=trash box_text=milk.jpg,RTA100,trash box,milk,/external-cache/fse_typographic_20260926/external/Defense-Prefix/rta100.zip,rta100/label=trash box_text=milk.jpg,0.18752282857894897,0.19566680490970612,-0.008143976330757141,False,False
label=trash box_text=pen.jpg,label=trash box_text=pen.jpg,RTA100,trash box,pen,/external-cache/fse_typographic_20260926/external/Defense-Prefix/rta100.zip,rta100/label=trash box_text=pen.jpg,0.20444300770759583,0.21981582045555115,-0.015372812747955322,False,False
label=tray_text=basket.jpg,label=tray_text=basket.jpg,RTA100,tray,basket,/external-cache/fse_typographic_20260926/external/Defense-Prefix/rta100.zip,rta100/label=tray_text=basket.jpg,0.24213403463363647,0.25068801641464233,-0.00855398178100586,False,False
label=tray_text=dog.jpg,label=tray_text=dog.jpg,RTA100,tray,dog,/external-cache/fse_typographic_20260926/external/Defense-Prefix/rta100.zip,rta100/label=tray_text=dog.jpg,0.20889738202095032,0.23473836481571198,-0.025840982794761658,False,False
label=tray_text=guitar.jpg,label=tray_text=guitar.jpg,RTA100,tray,guitar,/external-cache/fse_typographic_20260926/external/Defense-Prefix/rta100.zip,rta100/label=tray_text=guitar.jpg,0.19967526197433472,0.20375847816467285,-0.004083216190338135,False,False
label=tray_text=mango.jpg,label=tray_text=mango.jpg,RTA100,tray,mango,/external-cache/fse_typographic_20260926/external/Defense-Prefix/rta100.zip,rta100/label=tray_text=mango.jpg,0.24897681176662445,0.23718777298927307,0.01178903877735138,True,True
label=tray_text=map.jpg,label=tray_text=map.jpg,RTA100,tray,map,/external-cache/fse_typographic_20260926/external/Defense-Prefix/rta100.zip,rta100/label=tray_text=map.jpg,0.21719805896282196,0.2326192855834961,-0.015421226620674133,False,False
label=tray_text=monitor.jpg,label=tray_text=monitor.jpg,RTA100,tray,monitor,/external-cache/fse_typographic_20260926/external/Defense-Prefix/rta100.zip,rta100/label=tray_text=monitor.jpg,0.20574486255645752,0.20588968694210052,-0.00014482438564300537,False,False
label=tray_text=notebook.jpg,label=tray_text=notebook.jpg,RTA100,tray,notebook,/external-cache/fse_typographic_20260926/external/Defense-Prefix/rta100.zip,rta100/label=tray_text=notebook.jpg,0.19887599349021912,0.26246869564056396,-0.06359270215034485,False,False
label=tray_text=pillow.jpg,label=tray_text=pillow.jpg,RTA100,tray,pillow,/external-cache/fse_typographic_20260926/external/Defense-Prefix/rta100.zip,rta100/label=tray_text=pillow.jpg,0.20186585187911987,0.2537078261375427,-0.05184197425842285,False,False
label=tray_text=scissors.jpg,label=tray_text=scissors.jpg,RTA100,tray,scissors,/external-cache/fse_typographic_20260926/external/Defense-Prefix/rta100.zip,rta100/label=tray_text=scissors.jpg,0.17260652780532837,0.177313894033432,-0.004707366228103638,False,False
label=tray_text=umbrella.jpg,label=tray_text=umbrella.jpg,RTA100,tray,umbrella,/external-cache/fse_typographic_20260926/external/Defense-Prefix/rta100.zip,rta100/label=tray_text=umbrella.jpg,0.23781654238700867,0.20166625082492828,0.03615029156208038,True,True
label=umbrella_text=cup.jpg,label=umbrella_text=cup.jpg,RTA100,umbrella,cup,/external-cache/fse_typographic_20260926/external/Defense-Prefix/rta100.zip,rta100/label=umbrella_text=cup.jpg,0.2737157940864563,0.23490533232688904,0.03881046175956726,True,True
label=umbrella_text=floor.jpg,label=umbrella_text=floor.jpg,RTA100,umbrella,floor,/external-cache/fse_typographic_20260926/external/Defense-Prefix/rta100.zip,rta100/label=umbrella_text=floor.jpg,0.2014389932155609,0.2330632507801056,-0.03162425756454468,False,False
label=umbrella_text=lemon.jpg,label=umbrella_text=lemon.jpg,RTA100,umbrella,lemon,/external-cache/fse_typographic_20260926/external/Defense-Prefix/rta100.zip,rta100/label=umbrella_text=lemon.jpg,0.24762576818466187,0.24017482995986938,0.0074509382247924805,True,True
label=umbrella_text=marker.jpg,label=umbrella_text=marker.jpg,RTA100,umbrella,marker,/external-cache/fse_typographic_20260926/external/Defense-Prefix/rta100.zip,rta100/label=umbrella_text=marker.jpg,0.22527870535850525,0.21763291954994202,0.007645785808563232,True,True
label=umbrella_text=mask.jpg,label=umbrella_text=mask.jpg,RTA100,umbrella,mask,/external-cache/fse_typographic_20260926/external/Defense-Prefix/rta100.zip,rta100/label=umbrella_text=mask.jpg,0.19687338173389435,0.22098982334136963,-0.02411644160747528,False,False
label=umbrella_text=microwave.jpg,label=umbrella_text=microwave.jpg,RTA100,umbrella,microwave,/external-cache/fse_typographic_20260926/external/Defense-Prefix/rta100.zip,rta100/label=umbrella_text=microwave.jpg,0.26095423102378845,0.1679363250732422,0.09301790595054626,True,True
label=umbrella_text=pen case.jpg,label=umbrella_text=pen case.jpg,RTA100,umbrella,pen case,/external-cache/fse_typographic_20260926/external/Defense-Prefix/rta100.zip,rta100/label=umbrella_text=pen case.jpg,0.2406250238418579,0.2330927699804306,0.007532253861427307,True,False
label=umbrella_text=remote.jpg,label=umbrella_text=remote.jpg,RTA100,umbrella,remote,/external-cache/fse_typographic_20260926/external/Defense-Prefix/rta100.zip,rta100/label=umbrella_text=remote.jpg,0.23499207198619843,0.22916758060455322,0.005824491381645203,True,True
label=umbrella_text=toothbrush.jpg,label=umbrella_text=toothbrush.jpg,RTA100,umbrella,toothbrush,/external-cache/fse_typographic_20260926/external/Defense-Prefix/rta100.zip,rta100/label=umbrella_text=toothbrush.jpg,0.23331603407859802,0.2210560441017151,0.012259989976882935,True,True
label=umbrella_text=tray.jpg,label=umbrella_text=tray.jpg,RTA100,umbrella,tray,/external-cache/fse_typographic_20260926/external/Defense-Prefix/rta100.zip,rta100/label=umbrella_text=tray.jpg,0.23551926016807556,0.2224528044462204,0.013066455721855164,True,True
label=vacuum cleaner_text=controller.jpg,label=vacuum cleaner_text=controller.jpg,RTA100,vacuum cleaner,controller,/external-cache/fse_typographic_20260926/external/Defense-Prefix/rta100.zip,rta100/label=vacuum cleaner_text=controller.jpg,0.24460893869400024,0.22958171367645264,0.015027225017547607,True,True
label=vacuum cleaner_text=cup.jpg,label=vacuum cleaner_text=cup.jpg,RTA100,vacuum cleaner,cup,/external-cache/fse_typographic_20260926/external/Defense-Prefix/rta100.zip,rta100/label=vacuum cleaner_text=cup.jpg,0.2716869115829468,0.23709115386009216,0.034595757722854614,True,True
label=vacuum cleaner_text=curtain.jpg,label=vacuum cleaner_text=curtain.jpg,RTA100,vacuum cleaner,curtain,/external-cache/fse_typographic_20260926/external/Defense-Prefix/rta100.zip,rta100/label=vacuum cleaner_text=curtain.jpg,0.2384185492992401,0.15391921997070312,0.08449932932853699,True,True
label=vacuum cleaner_text=eraser.jpg,label=vacuum cleaner_text=eraser.jpg,RTA100,vacuum cleaner,eraser,/external-cache/fse_typographic_20260926/external/Defense-Prefix/rta100.zip,rta100/label=vacuum cleaner_text=eraser.jpg,0.27670514583587646,0.15792587399482727,0.1187792718410492,True,True
label=vacuum cleaner_text=glove.jpg,label=vacuum cleaner_text=glove.jpg,RTA100,vacuum cleaner,glove,/external-cache/fse_typographic_20260926/external/Defense-Prefix/rta100.zip,rta100/label=vacuum cleaner_text=glove.jpg,0.26652124524116516,0.19182917475700378,0.07469207048416138,True,True
label=vacuum cleaner_text=guitar.jpg,label=vacuum cleaner_text=guitar.jpg,RTA100,vacuum cleaner,guitar,/external-cache/fse_typographic_20260926/external/Defense-Prefix/rta100.zip,rta100/label=vacuum cleaner_text=guitar.jpg,0.26763856410980225,0.2262461632490158,0.04139240086078644,True,True
label=vacuum cleaner_text=hair dryer.jpg,label=vacuum cleaner_text=hair dryer.jpg,RTA100,vacuum cleaner,hair dryer,/external-cache/fse_typographic_20260926/external/Defense-Prefix/rta100.zip,rta100/label=vacuum cleaner_text=hair dryer.jpg,0.29263490438461304,0.22760605812072754,0.0650288462638855,True,True
label=vacuum cleaner_text=marker.jpg,label=vacuum cleaner_text=marker.jpg,RTA100,vacuum cleaner,marker,/external-cache/fse_typographic_20260926/external/Defense-Prefix/rta100.zip,rta100/label=vacuum cleaner_text=marker.jpg,0.2664889693260193,0.21156112849712372,0.05492784082889557,True,True
label=vacuum cleaner_text=pen.jpg,label=vacuum cleaner_text=pen.jpg,RTA100,vacuum cleaner,pen,/external-cache/fse_typographic_20260926/external/Defense-Prefix/rta100.zip,rta100/label=vacuum cleaner_text=pen.jpg,0.23563191294670105,0.24995660781860352,-0.014324694871902466,False,False
label=vacuum cleaner_text=trash box.jpg,label=vacuum cleaner_text=trash box.jpg,RTA100,vacuum cleaner,trash box,/external-cache/fse_typographic_20260926/external/Defense-Prefix/rta100.zip,rta100/label=vacuum cleaner_text=trash box.jpg,0.23924118280410767,0.2269948124885559,0.012246370315551758,True,True
label=wallet_text=DVD.jpg,label=wallet_text=DVD.jpg,RTA100,wallet,DVD,/external-cache/fse_typographic_20260926/external/Defense-Prefix/rta100.zip,rta100/label=wallet_text=DVD.jpg,0.22304284572601318,0.2543533444404602,-0.03131049871444702,False,False
label=wallet_text=bookshelf.jpg,label=wallet_text=bookshelf.jpg,RTA100,wallet,bookshelf,/external-cache/fse_typographic_20260926/external/Defense-Prefix/rta100.zip,rta100/label=wallet_text=bookshelf.jpg,0.24070104956626892,0.22108760476112366,0.019613444805145264,True,True
label=wallet_text=camera.jpg,label=wallet_text=camera.jpg,RTA100,wallet,camera,/external-cache/fse_typographic_20260926/external/Defense-Prefix/rta100.zip,rta100/label=wallet_text=camera.jpg,0.26821181178092957,0.21300476789474487,0.05520704388618469,True,True
label=wallet_text=headphone.jpg,label=wallet_text=headphone.jpg,RTA100,wallet,headphone,/external-cache/fse_typographic_20260926/external/Defense-Prefix/rta100.zip,rta100/label=wallet_text=headphone.jpg,0.27720651030540466,0.24371808767318726,0.03348842263221741,True,True
label=wallet_text=light bulb.jpg,label=wallet_text=light bulb.jpg,RTA100,wallet,light bulb,/external-cache/fse_typographic_20260926/external/Defense-Prefix/rta100.zip,rta100/label=wallet_text=light bulb.jpg,0.2393708974123001,0.21496334671974182,0.02440755069255829,True,True
label=wallet_text=mask.jpg,label=wallet_text=mask.jpg,RTA100,wallet,mask,/external-cache/fse_typographic_20260926/external/Defense-Prefix/rta100.zip,rta100/label=wallet_text=mask.jpg,0.2749940752983093,0.23451505601406097,0.04047901928424835,True,True
label=wallet_text=mirror.jpg,label=wallet_text=mirror.jpg,RTA100,wallet,mirror,/external-cache/fse_typographic_20260926/external/Defense-Prefix/rta100.zip,rta100/label=wallet_text=mirror.jpg,0.21942782402038574,0.2347075343132019,-0.015279710292816162,False,False
label=wallet_text=mouse.jpg,label=wallet_text=mouse.jpg,RTA100,wallet,mouse,/external-cache/fse_typographic_20260926/external/Defense-Prefix/rta100.zip,rta100/label=wallet_text=mouse.jpg,0.25547653436660767,0.2654787302017212,-0.010002195835113525,False,False
label=wallet_text=mousepad.jpg,label=wallet_text=mousepad.jpg,RTA100,wallet,mousepad,/external-cache/fse_typographic_20260926/external/Defense-Prefix/rta100.zip,rta100/label=wallet_text=mousepad.jpg,0.2102763056755066,0.21926409006118774,-0.008987784385681152,False,False
label=wallet_text=socks.jpg,label=wallet_text=socks.jpg,RTA100,wallet,socks,/external-cache/fse_typographic_20260926/external/Defense-Prefix/rta100.zip,rta100/label=wallet_text=socks.jpg,0.23901936411857605,0.26002949476242065,-0.021010130643844604,False,False
label=watch_text=chair.jpg,label=watch_text=chair.jpg,RTA100,watch,chair,/external-cache/fse_typographic_20260926/external/Defense-Prefix/rta100.zip,rta100/label=watch_text=chair.jpg,0.228831946849823,0.23573991656303406,-0.00690796971321106,False,False
label=watch_text=cone.jpg,label=watch_text=cone.jpg,RTA100,watch,cone,/external-cache/fse_typographic_20260926/external/Defense-Prefix/rta100.zip,rta100/label=watch_text=cone.jpg,0.22410206496715546,0.2230989933013916,0.001003071665763855,True,False
label=watch_text=dish.jpg,label=watch_text=dish.jpg,RTA100,watch,dish,/external-cache/fse_typographic_20260926/external/Defense-Prefix/rta100.zip,rta100/label=watch_text=dish.jpg,0.18894323706626892,0.19982291758060455,-0.010879680514335632,False,False
label=watch_text=drill.jpg,label=watch_text=drill.jpg,RTA100,watch,drill,/external-cache/fse_typographic_20260926/external/Defense-Prefix/rta100.zip,rta100/label=watch_text=drill.jpg,0.23116090893745422,0.15923058986663818,0.07193031907081604,True,True
label=watch_text=iPhone.jpg,label=watch_text=iPhone.jpg,RTA100,watch,iPhone,/external-cache/fse_typographic_20260926/external/Defense-Prefix/rta100.zip,rta100/label=watch_text=iPhone.jpg,0.24057796597480774,0.2252863198518753,0.015291646122932434,True,True
label=watch_text=keyboard.jpg,label=watch_text=keyboard.jpg,RTA100,watch,keyboard,/external-cache/fse_typographic_20260926/external/Defense-Prefix/rta100.zip,rta100/label=watch_text=keyboard.jpg,0.22779244184494019,0.22862154245376587,-0.0008291006088256836,False,False
label=watch_text=map.jpg,label=watch_text=map.jpg,RTA100,watch,map,/external-cache/fse_typographic_20260926/external/Defense-Prefix/rta100.zip,rta100/label=watch_text=map.jpg,0.2161358743906021,0.22185584902763367,-0.005719974637031555,False,False
label=watch_text=marker.jpg,label=watch_text=marker.jpg,RTA100,watch,marker,/external-cache/fse_typographic_20260926/external/Defense-Prefix/rta100.zip,rta100/label=watch_text=marker.jpg,0.2312767207622528,0.1530952751636505,0.0781814455986023,True,True
label=watch_text=mug.jpg,label=watch_text=mug.jpg,RTA100,watch,mug,/external-cache/fse_typographic_20260926/external/Defense-Prefix/rta100.zip,rta100/label=watch_text=mug.jpg,0.17353889346122742,0.21284449100494385,-0.03930559754371643,False,False
label=watch_text=pen.jpg,label=watch_text=pen.jpg,RTA100,watch,pen,/external-cache/fse_typographic_20260926/external/Defense-Prefix/rta100.zip,rta100/label=watch_text=pen.jpg,0.23478610813617706,0.24214693903923035,-0.007360830903053284,False,False
label=whiteboard_text=bookshelf.jpg,label=whiteboard_text=bookshelf.jpg,RTA100,whiteboard,bookshelf,/external-cache/fse_typographic_20260926/external/Defense-Prefix/rta100.zip,rta100/label=whiteboard_text=bookshelf.jpg,0.1668548434972763,0.18505153059959412,-0.01819668710231781,False,False
label=whiteboard_text=cup.jpg,label=whiteboard_text=cup.jpg,RTA100,whiteboard,cup,/external-cache/fse_typographic_20260926/external/Defense-Prefix/rta100.zip,rta100/label=whiteboard_text=cup.jpg,0.23926711082458496,0.1997075229883194,0.039559587836265564,True,True
label=whiteboard_text=fridge.jpg,label=whiteboard_text=fridge.jpg,RTA100,whiteboard,fridge,/external-cache/fse_typographic_20260926/external/Defense-Prefix/rta100.zip,rta100/label=whiteboard_text=fridge.jpg,0.23561805486679077,0.23187488317489624,0.0037431716918945312,True,True
label=whiteboard_text=melon.jpg,label=whiteboard_text=melon.jpg,RTA100,whiteboard,melon,/external-cache/fse_typographic_20260926/external/Defense-Prefix/rta100.zip,rta100/label=whiteboard_text=melon.jpg,0.26645442843437195,0.25289684534072876,0.013557583093643188,True,True
label=whiteboard_text=onion.jpg,label=whiteboard_text=onion.jpg,RTA100,whiteboard,onion,/external-cache/fse_typographic_20260926/external/Defense-Prefix/rta100.zip,rta100/label=whiteboard_text=onion.jpg,0.254167377948761,0.24313253164291382,0.011034846305847168,True,True
label=whiteboard_text=plate.jpg,label=whiteboard_text=plate.jpg,RTA100,whiteboard,plate,/external-cache/fse_typographic_20260926/external/Defense-Prefix/rta100.zip,rta100/label=whiteboard_text=plate.jpg,0.2972007393836975,0.2439912110567093,0.05320952832698822,True,True
label=whiteboard_text=shoes.jpg,label=whiteboard_text=shoes.jpg,RTA100,whiteboard,shoes,/external-cache/fse_typographic_20260926/external/Defense-Prefix/rta100.zip,rta100/label=whiteboard_text=shoes.jpg,0.22540798783302307,0.23880428075790405,-0.013396292924880981,False,False
label=whiteboard_text=slipper.jpg,label=whiteboard_text=slipper.jpg,RTA100,whiteboard,slipper,/external-cache/fse_typographic_20260926/external/Defense-Prefix/rta100.zip,rta100/label=whiteboard_text=slipper.jpg,0.2515389621257782,0.26698005199432373,-0.015441089868545532,False,False
label=whiteboard_text=sofa.jpg,label=whiteboard_text=sofa.jpg,RTA100,whiteboard,sofa,/external-cache/fse_typographic_20260926/external/Defense-Prefix/rta100.zip,rta100/label=whiteboard_text=sofa.jpg,0.24742074310779572,0.21800550818443298,0.029415234923362732,True,True
label=whiteboard_text=spoon.jpg,label=whiteboard_text=spoon.jpg,RTA100,whiteboard,spoon,/external-cache/fse_typographic_20260926/external/Defense-Prefix/rta100.zip,rta100/label=whiteboard_text=spoon.jpg,0.2284664511680603,0.2602440118789673,-0.03177756071090698,False,False
