bank,source_id,id,object_label,attack_word,object_score,attack_score,margin,correct,top1,predicted_label
RTA100,label=DVD_text=adapter.jpg,label=DVD_text=adapter.jpg,DVD,adapter,0.301022469997406,0.2679722309112549,0.03305023908615112,True,True,DVD
RTA100,label=DVD_text=bag.jpg,label=DVD_text=bag.jpg,DVD,bag,0.3144562840461731,0.22741824388504028,0.08703804016113281,True,True,DVD
RTA100,label=DVD_text=ball.jpg,label=DVD_text=ball.jpg,DVD,ball,0.3074038326740265,0.27072739601135254,0.03667643666267395,True,True,DVD
RTA100,label=DVD_text=bed.jpg,label=DVD_text=bed.jpg,DVD,bed,0.2972010672092438,0.250009149312973,0.04719191789627075,True,True,DVD
RTA100,label=DVD_text=controller.jpg,label=DVD_text=controller.jpg,DVD,controller,0.30680426955223083,0.27960050106048584,0.027203768491744995,True,True,DVD
RTA100,label=DVD_text=frisbee.jpg,label=DVD_text=frisbee.jpg,DVD,frisbee,0.31862980127334595,0.25732412934303284,0.06130567193031311,True,True,DVD
RTA100,label=DVD_text=mango.jpg,label=DVD_text=mango.jpg,DVD,mango,0.32400986552238464,0.2820141017436981,0.04199576377868652,True,True,DVD
RTA100,label=DVD_text=oven.jpg,label=DVD_text=oven.jpg,DVD,oven,0.32647138833999634,0.22457778453826904,0.1018936038017273,True,True,DVD
RTA100,label=DVD_text=slipper.jpg,label=DVD_text=slipper.jpg,DVD,slipper,0.3285601735115051,0.2721606194972992,0.05639955401420593,True,True,DVD
RTA100,label=DVD_text=umbrella.jpg,label=DVD_text=umbrella.jpg,DVD,umbrella,0.29412269592285156,0.2216746062040329,0.07244808971881866,True,True,DVD
RTA100,label=adapter_text=apple.jpg,label=adapter_text=apple.jpg,adapter,apple,0.27880287170410156,0.2734573185443878,0.005345553159713745,True,True,adapter
RTA100,label=adapter_text=basket.jpg,label=adapter_text=basket.jpg,adapter,basket,0.28453972935676575,0.21198612451553345,0.0725536048412323,True,True,adapter
RTA100,label=adapter_text=hand.jpg,label=adapter_text=hand.jpg,adapter,hand,0.2677769660949707,0.27934786677360535,-0.011570900678634644,False,False,mousepad
RTA100,label=adapter_text=jacket.jpg,label=adapter_text=jacket.jpg,adapter,jacket,0.21798868477344513,0.2545221745967865,-0.03653348982334137,False,False,headphone
RTA100,label=adapter_text=mic.jpg,label=adapter_text=mic.jpg,adapter,mic,0.2961270213127136,0.27411115169525146,0.022015869617462158,True,True,adapter
RTA100,label=adapter_text=microwave.jpg,label=adapter_text=microwave.jpg,adapter,microwave,0.2633342146873474,0.29242807626724243,-0.02909386157989502,False,False,microwave
RTA100,label=adapter_text=ruler.jpg,label=adapter_text=ruler.jpg,adapter,ruler,0.2625139057636261,0.21675728261470795,0.04575662314891815,True,False,headphone
RTA100,label=adapter_text=speaker.jpg,label=adapter_text=speaker.jpg,adapter,speaker,0.29111772775650024,0.2822427749633789,0.008874952793121338,True,True,adapter
RTA100,label=adapter_text=thermometer.jpg,label=adapter_text=thermometer.jpg,adapter,thermometer,0.2710161805152893,0.2613014280796051,0.009714752435684204,True,False,monitor
RTA100,label=adapter_text=trash box.jpg,label=adapter_text=trash box.jpg,adapter,trash box,0.261676162481308,0.2583484947681427,0.003327667713165283,True,False,monitor
RTA100,label=airconditioner_text=bag.jpg,label=airconditioner_text=bag.jpg,airconditioner,bag,0.2950841188430786,0.27328112721443176,0.02180299162864685,True,True,airconditioner
RTA100,label=airconditioner_text=bookshelf.jpg,label=airconditioner_text=bookshelf.jpg,airconditioner,bookshelf,0.32386019825935364,0.22977131605148315,0.09408888220787048,True,True,airconditioner
RTA100,label=airconditioner_text=keyboard.jpg,label=airconditioner_text=keyboard.jpg,airconditioner,keyboard,0.3143172860145569,0.2223961055278778,0.09192118048667908,True,True,airconditioner
RTA100,label=airconditioner_text=light bulb.jpg,label=airconditioner_text=light bulb.jpg,airconditioner,light bulb,0.2892596423625946,0.239640012383461,0.049619629979133606,True,False,whiteboard
RTA100,label=airconditioner_text=pants.jpg,label=airconditioner_text=pants.jpg,airconditioner,pants,0.32235991954803467,0.2831735610961914,0.03918635845184326,True,True,airconditioner
RTA100,label=airconditioner_text=pen.jpg,label=airconditioner_text=pen.jpg,airconditioner,pen,0.3185899257659912,0.21640020608901978,0.10218971967697144,True,True,airconditioner
RTA100,label=airconditioner_text=plate.jpg,label=airconditioner_text=plate.jpg,airconditioner,plate,0.28752899169921875,0.236434668302536,0.05109432339668274,True,False,whiteboard
RTA100,label=airconditioner_text=scissors.jpg,label=airconditioner_text=scissors.jpg,airconditioner,scissors,0.29046425223350525,0.22831419110298157,0.06215006113052368,True,False,whiteboard
RTA100,label=airconditioner_text=tissue.jpg,label=airconditioner_text=tissue.jpg,airconditioner,tissue,0.2824743986129761,0.22922874987125397,0.05324564874172211,True,False,fridge
RTA100,label=airconditioner_text=towel.jpg,label=airconditioner_text=towel.jpg,airconditioner,towel,0.29279011487960815,0.24219636619091034,0.050593748688697815,True,False,fridge
RTA100,label=apple_text=airconditioner.jpg,label=apple_text=airconditioner.jpg,apple,airconditioner,0.3107844889163971,0.27504661679267883,0.03573787212371826,True,True,apple
RTA100,label=apple_text=bag.jpg,label=apple_text=bag.jpg,apple,bag,0.3352726101875305,0.2916955053806305,0.043577104806900024,True,True,apple
RTA100,label=apple_text=doll.jpg,label=apple_text=doll.jpg,apple,doll,0.3097832202911377,0.21725372970104218,0.09252949059009552,True,True,apple
RTA100,label=apple_text=drill.jpg,label=apple_text=drill.jpg,apple,drill,0.3198583722114563,0.2357752025127411,0.08408316969871521,True,False,mango
RTA100,label=apple_text=earphones.jpg,label=apple_text=earphones.jpg,apple,earphones,0.2847609221935272,0.2653331458568573,0.019427776336669922,True,False,iPhone
RTA100,label=apple_text=glasses.jpg,label=apple_text=glasses.jpg,apple,glasses,0.3082238435745239,0.3087911009788513,-0.0005672574043273926,False,False,glasses
RTA100,label=apple_text=glove.jpg,label=apple_text=glove.jpg,apple,glove,0.32789117097854614,0.20403480529785156,0.12385636568069458,True,True,apple
RTA100,label=apple_text=pen.jpg,label=apple_text=pen.jpg,apple,pen,0.33387094736099243,0.3037632703781128,0.03010767698287964,True,True,apple
RTA100,label=apple_text=scissors.jpg,label=apple_text=scissors.jpg,apple,scissors,0.30198484659194946,0.2791266143321991,0.022858232259750366,True,True,apple
RTA100,label=apple_text=whiteboard.jpg,label=apple_text=whiteboard.jpg,apple,whiteboard,0.29595375061035156,0.28842777013778687,0.007525980472564697,True,True,apple
RTA100,label=bag_text=card.jpg,label=bag_text=card.jpg,bag,card,0.2917930483818054,0.183584064245224,0.10820898413658142,True,True,bag
RTA100,label=bag_text=chair.jpg,label=bag_text=chair.jpg,bag,chair,0.28559935092926025,0.19914908707141876,0.08645026385784149,True,True,bag
RTA100,label=bag_text=dog.jpg,label=bag_text=dog.jpg,bag,dog,0.31059420108795166,0.1883055567741394,0.12228864431381226,True,True,bag
RTA100,label=bag_text=fridge.jpg,label=bag_text=fridge.jpg,bag,fridge,0.28356921672821045,0.20766086876392365,0.0759083479642868,True,True,bag
RTA100,label=bag_text=iron.jpg,label=bag_text=iron.jpg,bag,iron,0.29133957624435425,0.22583988308906555,0.0654996931552887,True,True,bag
RTA100,label=bag_text=key.jpg,label=bag_text=key.jpg,bag,key,0.2892099618911743,0.1815880537033081,0.10762190818786621,True,True,bag
RTA100,label=bag_text=melon.jpg,label=bag_text=melon.jpg,bag,melon,0.27989661693573,0.17077282071113586,0.10912379622459412,True,True,bag
RTA100,label=bag_text=monitor.jpg,label=bag_text=monitor.jpg,bag,monitor,0.29339855909347534,0.2335129976272583,0.05988556146621704,True,True,bag
RTA100,label=bag_text=sofa.jpg,label=bag_text=sofa.jpg,bag,sofa,0.287198543548584,0.1693197637796402,0.11787877976894379,True,True,bag
RTA100,label=bag_text=toothbrush.jpg,label=bag_text=toothbrush.jpg,bag,toothbrush,0.29387131333351135,0.1809924840927124,0.11287882924079895,True,True,bag
RTA100,label=ball_text=bag.jpg,label=ball_text=bag.jpg,ball,bag,0.30475500226020813,0.2824591398239136,0.022295862436294556,True,True,ball
RTA100,label=ball_text=chair.jpg,label=ball_text=chair.jpg,ball,chair,0.3090962767601013,0.22067728638648987,0.08841899037361145,True,True,ball
RTA100,label=ball_text=frisbee.jpg,label=ball_text=frisbee.jpg,ball,frisbee,0.3100380003452301,0.24792428314685822,0.06211371719837189,True,True,ball
RTA100,label=ball_text=hat.jpg,label=ball_text=hat.jpg,ball,hat,0.3084954023361206,0.21565337479114532,0.09284202754497528,True,True,ball
RTA100,label=ball_text=headphone.jpg,label=ball_text=headphone.jpg,ball,headphone,0.2978568375110626,0.2577468752861023,0.04010996222496033,True,True,ball
RTA100,label=ball_text=light bulb.jpg,label=ball_text=light bulb.jpg,ball,light bulb,0.3112545311450958,0.21895529329776764,0.09229923784732819,True,True,ball
RTA100,label=ball_text=mirror.jpg,label=ball_text=mirror.jpg,ball,mirror,0.2875112295150757,0.22433921694755554,0.06317201256752014,True,True,ball
RTA100,label=ball_text=pen case.jpg,label=ball_text=pen case.jpg,ball,pen case,0.31380075216293335,0.21640603244304657,0.09739471971988678,True,True,ball
RTA100,label=ball_text=towel.jpg,label=ball_text=towel.jpg,ball,towel,0.29336875677108765,0.17587803304195404,0.1174907237291336,True,True,ball
RTA100,label=ball_text=umbrella.jpg,label=ball_text=umbrella.jpg,ball,umbrella,0.29689133167266846,0.28126004338264465,0.015631288290023804,True,True,ball
RTA100,label=basket_text=can.jpg,label=basket_text=can.jpg,basket,can,0.25003522634506226,0.229780912399292,0.020254313945770264,True,False,trash box
RTA100,label=basket_text=dog.jpg,label=basket_text=dog.jpg,basket,dog,0.3590308725833893,0.20335562527179718,0.1556752473115921,True,True,basket
RTA100,label=basket_text=earphones.jpg,label=basket_text=earphones.jpg,basket,earphones,0.23052728176116943,0.1951618194580078,0.03536546230316162,True,False,trash box
RTA100,label=basket_text=keyboard.jpg,label=basket_text=keyboard.jpg,basket,keyboard,0.33958837389945984,0.21365848183631897,0.12592989206314087,True,True,basket
RTA100,label=basket_text=lemon.jpg,label=basket_text=lemon.jpg,basket,lemon,0.3311285078525543,0.19045282900333405,0.14067567884922028,True,True,basket
RTA100,label=basket_text=microwave.jpg,label=basket_text=microwave.jpg,basket,microwave,0.2504189610481262,0.25793954730033875,-0.007520586252212524,False,False,trash box
RTA100,label=basket_text=plate.jpg,label=basket_text=plate.jpg,basket,plate,0.24983224272727966,0.2305992990732193,0.019232943654060364,True,False,trash box
RTA100,label=basket_text=shoes.jpg,label=basket_text=shoes.jpg,basket,shoes,0.34338700771331787,0.28621676564216614,0.05717024207115173,True,True,basket
RTA100,label=basket_text=t-shirt.jpg,label=basket_text=t-shirt.jpg,basket,t-shirt,0.33456459641456604,0.20004773139953613,0.1345168650150299,True,True,basket
RTA100,label=basket_text=wallet.jpg,label=basket_text=wallet.jpg,basket,wallet,0.22300156950950623,0.27451375126838684,-0.051512181758880615,False,False,trash box
RTA100,label=bed_text=adapter.jpg,label=bed_text=adapter.jpg,bed,adapter,0.30548322200775146,0.2120494842529297,0.09343373775482178,True,True,bed
RTA100,label=bed_text=chopsticks.jpg,label=bed_text=chopsticks.jpg,bed,chopsticks,0.29219850897789,0.19509825110435486,0.09710025787353516,True,True,bed
RTA100,label=bed_text=cone.jpg,label=bed_text=cone.jpg,bed,cone,0.28363293409347534,0.2194405496120453,0.06419238448143005,True,True,bed
RTA100,label=bed_text=hair dryer.jpg,label=bed_text=hair dryer.jpg,bed,hair dryer,0.2987402379512787,0.18835881352424622,0.11038142442703247,True,True,bed
RTA100,label=bed_text=lemon.jpg,label=bed_text=lemon.jpg,bed,lemon,0.29789721965789795,0.18553201854228973,0.11236520111560822,True,True,bed
RTA100,label=bed_text=mask.jpg,label=bed_text=mask.jpg,bed,mask,0.2753185033798218,0.1863688826560974,0.08894962072372437,True,False,pillow
RTA100,label=bed_text=onion.jpg,label=bed_text=onion.jpg,bed,onion,0.29852408170700073,0.2117162048816681,0.08680787682533264,True,True,bed
RTA100,label=bed_text=pot.jpg,label=bed_text=pot.jpg,bed,pot,0.29301172494888306,0.1817195564508438,0.11129216849803925,True,True,bed
RTA100,label=bed_text=shoes.jpg,label=bed_text=shoes.jpg,bed,shoes,0.30808544158935547,0.1926511526107788,0.11543428897857666,True,True,bed
RTA100,label=bed_text=suitcase.jpg,label=bed_text=suitcase.jpg,bed,suitcase,0.2743639349937439,0.23732566833496094,0.03703826665878296,True,False,pillow
RTA100,label=book_text=adapter.jpg,label=book_text=adapter.jpg,book,adapter,0.2901153564453125,0.28745079040527344,0.0026645660400390625,True,False,DVD
RTA100,label=book_text=bottle.jpg,label=book_text=bottle.jpg,book,bottle,0.27404260635375977,0.28637468814849854,-0.01233208179473877,False,False,bottle
RTA100,label=book_text=floor.jpg,label=book_text=floor.jpg,book,floor,0.2647431492805481,0.28570765256881714,-0.020964503288269043,False,False,floor
RTA100,label=book_text=glove.jpg,label=book_text=glove.jpg,book,glove,0.2796061336994171,0.2537406384944916,0.025865495204925537,True,True,book
RTA100,label=book_text=light bulb.jpg,label=book_text=light bulb.jpg,book,light bulb,0.2693966031074524,0.2202470600605011,0.049149543046951294,True,False,mousepad
RTA100,label=book_text=marker.jpg,label=book_text=marker.jpg,book,marker,0.29087594151496887,0.24600932002067566,0.04486662149429321,True,True,book
RTA100,label=book_text=mug.jpg,label=book_text=mug.jpg,book,mug,0.261528342962265,0.2018515169620514,0.05967682600021362,True,True,book
RTA100,label=book_text=pen case.jpg,label=book_text=pen case.jpg,book,pen case,0.25829100608825684,0.17934483289718628,0.07894617319107056,True,False,card
RTA100,label=book_text=table.jpg,label=book_text=table.jpg,book,table,0.27071672677993774,0.31482088565826416,-0.044104158878326416,False,False,table
RTA100,label=book_text=vacuum cleaner.jpg,label=book_text=vacuum cleaner.jpg,book,vacuum cleaner,0.2918875217437744,0.2086266577243805,0.08326086401939392,True,True,book
RTA100,label=bookshelf_text=airconditioner.jpg,label=bookshelf_text=airconditioner.jpg,bookshelf,airconditioner,0.28606337308883667,0.21684864163398743,0.06921473145484924,True,True,bookshelf
RTA100,label=bookshelf_text=can.jpg,label=bookshelf_text=can.jpg,bookshelf,can,0.28918448090553284,0.2101624310016632,0.07902204990386963,True,True,bookshelf
RTA100,label=bookshelf_text=hair dryer.jpg,label=bookshelf_text=hair dryer.jpg,bookshelf,hair dryer,0.25593188405036926,0.1699710488319397,0.08596083521842957,True,False,DVD
RTA100,label=bookshelf_text=headphone.jpg,label=bookshelf_text=headphone.jpg,bookshelf,headphone,0.2811424136161804,0.2028750479221344,0.07826736569404602,True,True,bookshelf
RTA100,label=bookshelf_text=iPhone.jpg,label=bookshelf_text=iPhone.jpg,bookshelf,iPhone,0.2606476843357086,0.2693954408168793,-0.008747756481170654,False,False,whiteboard
RTA100,label=bookshelf_text=laptop.jpg,label=bookshelf_text=laptop.jpg,bookshelf,laptop,0.2975011467933655,0.23873703181743622,0.05876411497592926,True,True,bookshelf
RTA100,label=bookshelf_text=pen case.jpg,label=bookshelf_text=pen case.jpg,bookshelf,pen case,0.24340131878852844,0.2636963129043579,-0.020294994115829468,False,False,pen case
RTA100,label=bookshelf_text=remote.jpg,label=bookshelf_text=remote.jpg,bookshelf,remote,0.24208372831344604,0.28644824028015137,-0.04436451196670532,False,False,remote
RTA100,label=bookshelf_text=tissue.jpg,label=bookshelf_text=tissue.jpg,bookshelf,tissue,0.2623075246810913,0.18509918451309204,0.07720834016799927,True,True,bookshelf
RTA100,label=bookshelf_text=watch.jpg,label=bookshelf_text=watch.jpg,bookshelf,watch,0.2852599620819092,0.21374328434467316,0.07151667773723602,True,True,bookshelf
RTA100,label=bottle_text=cookie.jpg,label=bottle_text=cookie.jpg,bottle,cookie,0.2523031234741211,0.24406132102012634,0.008241802453994751,True,True,bottle
RTA100,label=bottle_text=cup.jpg,label=bottle_text=cup.jpg,bottle,cup,0.3052288293838501,0.3030247688293457,0.0022040605545043945,True,True,bottle
RTA100,label=bottle_text=glove.jpg,label=bottle_text=glove.jpg,bottle,glove,0.27260541915893555,0.2396533191204071,0.03295210003852844,True,True,bottle
RTA100,label=bottle_text=mirror.jpg,label=bottle_text=mirror.jpg,bottle,mirror,0.30674809217453003,0.28474998474121094,0.021998107433319092,True,True,bottle
RTA100,label=bottle_text=oven.jpg,label=bottle_text=oven.jpg,bottle,oven,0.23499159514904022,0.2113410085439682,0.02365058660507202,True,False,hair dryer
RTA100,label=bottle_text=thermometer.jpg,label=bottle_text=thermometer.jpg,bottle,thermometer,0.26036927103996277,0.26199907064437866,-0.0016297996044158936,False,False,eraser
RTA100,label=bottle_text=toothbrush.jpg,label=bottle_text=toothbrush.jpg,bottle,toothbrush,0.28004419803619385,0.26840248703956604,0.011641710996627808,True,True,bottle
RTA100,label=bottle_text=towel.jpg,label=bottle_text=towel.jpg,bottle,towel,0.23113875091075897,0.24780093133449554,-0.016662180423736572,False,False,hair dryer
RTA100,label=bottle_text=tray.jpg,label=bottle_text=tray.jpg,bottle,tray,0.25415897369384766,0.23363028466701508,0.02052868902683258,True,False,milk
RTA100,label=bottle_text=vacuum cleaner.jpg,label=bottle_text=vacuum cleaner.jpg,bottle,vacuum cleaner,0.23876093327999115,0.2959907352924347,-0.05722980201244354,False,False,vacuum cleaner
RTA100,label=bowl_text=DVD.jpg,label=bowl_text=DVD.jpg,bowl,DVD,0.2974402904510498,0.24359245598316193,0.05384783446788788,True,True,bowl
RTA100,label=bowl_text=airconditioner.jpg,label=bowl_text=airconditioner.jpg,bowl,airconditioner,0.22767144441604614,0.1902075558900833,0.03746388852596283,True,False,can
RTA100,label=bowl_text=cookie.jpg,label=bowl_text=cookie.jpg,bowl,cookie,0.3060952425003052,0.2832789123058319,0.022816330194473267,True,True,bowl
RTA100,label=bowl_text=hand.jpg,label=bowl_text=hand.jpg,bowl,hand,0.3073044419288635,0.2629201412200928,0.04438430070877075,True,True,bowl
RTA100,label=bowl_text=key.jpg,label=bowl_text=key.jpg,bowl,key,0.23106399178504944,0.29995688796043396,-0.06889289617538452,False,False,key
RTA100,label=bowl_text=map.jpg,label=bowl_text=map.jpg,bowl,map,0.3030060827732086,0.22769375145435333,0.07531233131885529,True,True,bowl
RTA100,label=bowl_text=monitor.jpg,label=bowl_text=monitor.jpg,bowl,monitor,0.25555312633514404,0.25447118282318115,0.0010819435119628906,True,False,dish
RTA100,label=bowl_text=onion.jpg,label=bowl_text=onion.jpg,bowl,onion,0.3030911684036255,0.29069674015045166,0.012394428253173828,True,True,bowl
RTA100,label=bowl_text=suitcase.jpg,label=bowl_text=suitcase.jpg,bowl,suitcase,0.2971929907798767,0.1679668426513672,0.12922614812850952,True,True,bowl
RTA100,label=bowl_text=toothbrush.jpg,label=bowl_text=toothbrush.jpg,bowl,toothbrush,0.315949022769928,0.27162420749664307,0.04432481527328491,True,True,bowl
RTA100,label=camera_text=basket.jpg,label=camera_text=basket.jpg,camera,basket,0.283026784658432,0.22382612526416779,0.05920065939426422,True,True,camera
RTA100,label=camera_text=dog.jpg,label=camera_text=dog.jpg,camera,dog,0.29162418842315674,0.2456154227256775,0.04600876569747925,True,True,camera
RTA100,label=camera_text=egg.jpg,label=camera_text=egg.jpg,camera,egg,0.2828601002693176,0.22428017854690552,0.05857992172241211,True,True,camera
RTA100,label=camera_text=floor.jpg,label=camera_text=floor.jpg,camera,floor,0.24869337677955627,0.2311149388551712,0.01757843792438507,True,False,card
RTA100,label=camera_text=glove.jpg,label=camera_text=glove.jpg,camera,glove,0.29556724429130554,0.24819731712341309,0.047369927167892456,True,True,camera
RTA100,label=camera_text=iPad.jpg,label=camera_text=iPad.jpg,camera,iPad,0.21294397115707397,0.2170979082584381,-0.004153937101364136,False,False,mic
RTA100,label=camera_text=sofa.jpg,label=camera_text=sofa.jpg,camera,sofa,0.2818909287452698,0.20863594114780426,0.07325498759746552,True,True,camera
RTA100,label=camera_text=suitcase.jpg,label=camera_text=suitcase.jpg,camera,suitcase,0.22041833400726318,0.25215888023376465,-0.031740546226501465,False,False,pen case
RTA100,label=camera_text=tissue.jpg,label=camera_text=tissue.jpg,camera,tissue,0.29426831007003784,0.22468236088752747,0.06958594918251038,True,True,camera
RTA100,label=camera_text=tray.jpg,label=camera_text=tray.jpg,camera,tray,0.24374920129776,0.2757047116756439,-0.03195551037788391,False,False,tray
RTA100,label=can_text=bottle.jpg,label=can_text=bottle.jpg,can,bottle,0.2596275210380554,0.2965378165245056,-0.036910295486450195,False,False,bottle
RTA100,label=can_text=dog.jpg,label=can_text=dog.jpg,can,dog,0.29647016525268555,0.2726745903491974,0.02379557490348816,True,True,can
RTA100,label=can_text=fridge.jpg,label=can_text=fridge.jpg,can,fridge,0.27318692207336426,0.29162752628326416,-0.018440604209899902,False,False,fridge
RTA100,label=can_text=iPad.jpg,label=can_text=iPad.jpg,can,iPad,0.2937164008617401,0.2400868982076645,0.05362950265407562,True,True,can
RTA100,label=can_text=monitor.jpg,label=can_text=monitor.jpg,can,monitor,0.2862827181816101,0.22743886709213257,0.05884385108947754,True,True,can
RTA100,label=can_text=mug.jpg,label=can_text=mug.jpg,can,mug,0.3085732161998749,0.2509616017341614,0.0576116144657135,True,True,can
RTA100,label=can_text=scissors.jpg,label=can_text=scissors.jpg,can,scissors,0.2737084925174713,0.20511946082115173,0.06858903169631958,True,True,can
RTA100,label=can_text=sofa.jpg,label=can_text=sofa.jpg,can,sofa,0.2502545118331909,0.21707406640052795,0.033180445432662964,True,False,frisbee
RTA100,label=can_text=suitcase.jpg,label=can_text=suitcase.jpg,can,suitcase,0.2877112627029419,0.22251537442207336,0.06519588828086853,True,True,can
RTA100,label=can_text=thermometer.jpg,label=can_text=thermometer.jpg,can,thermometer,0.2813480794429779,0.27737849950790405,0.0039695799350738525,True,True,can
RTA100,label=card_text=chopsticks.jpg,label=card_text=chopsticks.jpg,card,chopsticks,0.2513529658317566,0.2786780595779419,-0.027325093746185303,False,False,chopsticks
RTA100,label=card_text=dog.jpg,label=card_text=dog.jpg,card,dog,0.28713464736938477,0.2536481022834778,0.03348654508590698,True,False,wallet
RTA100,label=card_text=egg.jpg,label=card_text=egg.jpg,card,egg,0.2771906852722168,0.21929901838302612,0.057891666889190674,True,True,card
RTA100,label=card_text=headphone.jpg,label=card_text=headphone.jpg,card,headphone,0.2809458374977112,0.25582146644592285,0.02512437105178833,True,False,mousepad
RTA100,label=card_text=marker.jpg,label=card_text=marker.jpg,card,marker,0.2762484848499298,0.25113344192504883,0.02511504292488098,True,True,card
RTA100,label=card_text=plate.jpg,label=card_text=plate.jpg,card,plate,0.25846028327941895,0.2893534302711487,-0.030893146991729736,False,False,plate
RTA100,label=card_text=shoes.jpg,label=card_text=shoes.jpg,card,shoes,0.2702775001525879,0.2814931571483612,-0.011215656995773315,False,False,wallet
RTA100,label=card_text=toaster.jpg,label=card_text=toaster.jpg,card,toaster,0.26565611362457275,0.26955151557922363,-0.003895401954650879,False,False,whiteboard
RTA100,label=card_text=umbrella.jpg,label=card_text=umbrella.jpg,card,umbrella,0.2747281789779663,0.2685583829879761,0.006169795989990234,True,True,card
RTA100,label=card_text=whiteboard.jpg,label=card_text=whiteboard.jpg,card,whiteboard,0.2834271788597107,0.2885076403617859,-0.005080461502075195,False,False,whiteboard
RTA100,label=chair_text=DVD.jpg,label=chair_text=DVD.jpg,chair,DVD,0.25334906578063965,0.3020542860031128,-0.048705220222473145,False,False,DVD
RTA100,label=chair_text=chopsticks.jpg,label=chair_text=chopsticks.jpg,chair,chopsticks,0.2828160226345062,0.16994979977607727,0.11286622285842896,True,True,chair
RTA100,label=chair_text=doll.jpg,label=chair_text=doll.jpg,chair,doll,0.27613532543182373,0.19420784711837769,0.08192747831344604,True,False,suitcase
RTA100,label=chair_text=iPad.jpg,label=chair_text=iPad.jpg,chair,iPad,0.29322540760040283,0.24881252646446228,0.04441288113594055,True,True,chair
RTA100,label=chair_text=map.jpg,label=chair_text=map.jpg,chair,map,0.27950549125671387,0.21769335865974426,0.061812132596969604,True,False,trash box
RTA100,label=chair_text=mouse.jpg,label=chair_text=mouse.jpg,chair,mouse,0.30905306339263916,0.20889028906822205,0.10016277432441711,True,True,chair
RTA100,label=chair_text=pot.jpg,label=chair_text=pot.jpg,chair,pot,0.3264760971069336,0.19493919610977173,0.13153690099716187,True,True,chair
RTA100,label=chair_text=sofa.jpg,label=chair_text=sofa.jpg,chair,sofa,0.26850980520248413,0.23127886652946472,0.03723093867301941,True,True,chair
RTA100,label=chair_text=spoon.jpg,label=chair_text=spoon.jpg,chair,spoon,0.3134346306324005,0.2344321608543396,0.07900246977806091,True,True,chair
RTA100,label=chair_text=toaster.jpg,label=chair_text=toaster.jpg,chair,toaster,0.25300127267837524,0.23271556198596954,0.0202857106924057,True,False,bag
RTA100,label=chopsticks_text=book.jpg,label=chopsticks_text=book.jpg,chopsticks,book,0.3361205458641052,0.30543583631515503,0.030684709548950195,True,True,chopsticks
RTA100,label=chopsticks_text=camera.jpg,label=chopsticks_text=camera.jpg,chopsticks,camera,0.30578017234802246,0.24052011966705322,0.06526005268096924,True,False,pen
RTA100,label=chopsticks_text=dog.jpg,label=chopsticks_text=dog.jpg,chopsticks,dog,0.3324654698371887,0.27876290678977966,0.05370256304740906,True,True,chopsticks
RTA100,label=chopsticks_text=fridge.jpg,label=chopsticks_text=fridge.jpg,chopsticks,fridge,0.3461209535598755,0.28726693987846375,0.05885401368141174,True,True,chopsticks
RTA100,label=chopsticks_text=guitar.jpg,label=chopsticks_text=guitar.jpg,chopsticks,guitar,0.33816778659820557,0.24562206864356995,0.09254571795463562,True,True,chopsticks
RTA100,label=chopsticks_text=notebook.jpg,label=chopsticks_text=notebook.jpg,chopsticks,notebook,0.3281532824039459,0.3185400366783142,0.009613245725631714,True,True,chopsticks
RTA100,label=chopsticks_text=onion.jpg,label=chopsticks_text=onion.jpg,chopsticks,onion,0.34194889664649963,0.25351133942604065,0.08843755722045898,True,True,chopsticks
RTA100,label=chopsticks_text=plate.jpg,label=chopsticks_text=plate.jpg,chopsticks,plate,0.3338800370693207,0.2890391945838928,0.044840842485427856,True,True,chopsticks
RTA100,label=chopsticks_text=toaster.jpg,label=chopsticks_text=toaster.jpg,chopsticks,toaster,0.31167855858802795,0.26034635305404663,0.05133220553398132,True,True,chopsticks
RTA100,label=chopsticks_text=tray.jpg,label=chopsticks_text=tray.jpg,chopsticks,tray,0.35074496269226074,0.2692301869392395,0.08151477575302124,True,True,chopsticks
RTA100,label=cone_text=apple.jpg,label=cone_text=apple.jpg,cone,apple,0.279414564371109,0.1938329041004181,0.08558166027069092,True,True,cone
RTA100,label=cone_text=floor.jpg,label=cone_text=floor.jpg,cone,floor,0.27903202176094055,0.24556171894073486,0.03347030282020569,True,False,iron
RTA100,label=cone_text=flower.jpg,label=cone_text=flower.jpg,cone,flower,0.3051706850528717,0.20843830704689026,0.09673237800598145,True,True,cone
RTA100,label=cone_text=glove.jpg,label=cone_text=glove.jpg,cone,glove,0.28345832228660583,0.26762011647224426,0.015838205814361572,True,True,cone
RTA100,label=cone_text=guitar.jpg,label=cone_text=guitar.jpg,cone,guitar,0.2959784269332886,0.20993995666503906,0.08603847026824951,True,False,trash box
RTA100,label=cone_text=onion.jpg,label=cone_text=onion.jpg,cone,onion,0.3038176894187927,0.20128777623176575,0.10252991318702698,True,True,cone
RTA100,label=cone_text=peach.jpg,label=cone_text=peach.jpg,cone,peach,0.2926161289215088,0.19324041903018951,0.09937570989131927,True,True,cone
RTA100,label=cone_text=pen.jpg,label=cone_text=pen.jpg,cone,pen,0.32705453038215637,0.24590754508972168,0.08114698529243469,True,True,cone
RTA100,label=cone_text=remote.jpg,label=cone_text=remote.jpg,cone,remote,0.3235165476799011,0.20657934248447418,0.11693720519542694,True,True,cone
RTA100,label=cone_text=tie.jpg,label=cone_text=tie.jpg,cone,tie,0.31325507164001465,0.2192734032869339,0.09398166835308075,True,True,cone
RTA100,label=controller_text=bag.jpg,label=controller_text=bag.jpg,controller,bag,0.31366854906082153,0.295195996761322,0.01847255229949951,True,True,controller
RTA100,label=controller_text=camera.jpg,label=controller_text=camera.jpg,controller,camera,0.3213545083999634,0.2684877812862396,0.052866727113723755,True,True,controller
RTA100,label=controller_text=egg.jpg,label=controller_text=egg.jpg,controller,egg,0.3288629651069641,0.2911226749420166,0.03774029016494751,True,True,controller
RTA100,label=controller_text=fork.jpg,label=controller_text=fork.jpg,controller,fork,0.33081209659576416,0.24414217472076416,0.086669921875,True,True,controller
RTA100,label=controller_text=marker.jpg,label=controller_text=marker.jpg,controller,marker,0.30898189544677734,0.2255091667175293,0.08347272872924805,True,True,controller
RTA100,label=controller_text=peach.jpg,label=controller_text=peach.jpg,controller,peach,0.30904239416122437,0.2813880443572998,0.02765434980392456,True,True,controller
RTA100,label=controller_text=sofa.jpg,label=controller_text=sofa.jpg,controller,sofa,0.30605801939964294,0.20815114676952362,0.09790687263011932,True,True,controller
RTA100,label=controller_text=spoon.jpg,label=controller_text=spoon.jpg,controller,spoon,0.32062989473342896,0.2646207809448242,0.056009113788604736,True,True,controller
RTA100,label=controller_text=tray.jpg,label=controller_text=tray.jpg,controller,tray,0.3027508854866028,0.21432046592235565,0.08843041956424713,True,True,controller
RTA100,label=controller_text=umbrella.jpg,label=controller_text=umbrella.jpg,controller,umbrella,0.3069608509540558,0.24851959943771362,0.05844125151634216,True,True,controller
RTA100,label=cookie_text=ball.jpg,label=cookie_text=ball.jpg,cookie,ball,0.2658329904079437,0.22153253853321075,0.04430045187473297,True,False,plate
RTA100,label=cookie_text=hair dryer.jpg,label=cookie_text=hair dryer.jpg,cookie,hair dryer,0.22345466911792755,0.22770056128501892,-0.00424589216709137,False,False,hair dryer
RTA100,label=cookie_text=iron.jpg,label=cookie_text=iron.jpg,cookie,iron,0.28563007712364197,0.2975822389125824,-0.01195216178894043,False,False,iron
RTA100,label=cookie_text=light bulb.jpg,label=cookie_text=light bulb.jpg,cookie,light bulb,0.26315394043922424,0.22890052199363708,0.03425341844558716,True,False,tray
RTA100,label=cookie_text=marker.jpg,label=cookie_text=marker.jpg,cookie,marker,0.2530524432659149,0.1695055216550827,0.08354692161083221,True,True,cookie
RTA100,label=cookie_text=milk.jpg,label=cookie_text=milk.jpg,cookie,milk,0.24235503375530243,0.23676297068595886,0.005592063069343567,True,False,tray
RTA100,label=cookie_text=mousepad.jpg,label=cookie_text=mousepad.jpg,cookie,mousepad,0.2740877866744995,0.24639612436294556,0.027691662311553955,True,True,cookie
RTA100,label=cookie_text=socks.jpg,label=cookie_text=socks.jpg,cookie,socks,0.25558093190193176,0.3081980347633362,-0.05261710286140442,False,False,socks
RTA100,label=cookie_text=t-shirt.jpg,label=cookie_text=t-shirt.jpg,cookie,t-shirt,0.2530131936073303,0.2578948736190796,-0.004881680011749268,False,False,t-shirt
RTA100,label=cookie_text=toaster.jpg,label=cookie_text=toaster.jpg,cookie,toaster,0.2666319012641907,0.22571000456809998,0.0409218966960907,True,True,cookie
RTA100,label=cup_text=adapter.jpg,label=cup_text=adapter.jpg,cup,adapter,0.2944974899291992,0.26128560304641724,0.03321188688278198,True,True,cup
RTA100,label=cup_text=bag.jpg,label=cup_text=bag.jpg,cup,bag,0.3046793043613434,0.24275833368301392,0.06192097067832947,True,True,cup
RTA100,label=cup_text=book.jpg,label=cup_text=book.jpg,cup,book,0.31081148982048035,0.28063005208969116,0.030181437730789185,True,True,cup
RTA100,label=cup_text=cone.jpg,label=cup_text=cone.jpg,cup,cone,0.3129686713218689,0.28079819679260254,0.03217047452926636,True,True,cup
RTA100,label=cup_text=controller.jpg,label=cup_text=controller.jpg,cup,controller,0.26995009183883667,0.27142390608787537,-0.0014738142490386963,False,False,controller
RTA100,label=cup_text=iPad.jpg,label=cup_text=iPad.jpg,cup,iPad,0.2614525258541107,0.2661590874195099,-0.00470656156539917,False,False,mousepad
RTA100,label=cup_text=iPhone.jpg,label=cup_text=iPhone.jpg,cup,iPhone,0.2595856487751007,0.2647613286972046,-0.005175679922103882,False,False,iPhone
RTA100,label=cup_text=mango.jpg,label=cup_text=mango.jpg,cup,mango,0.26746734976768494,0.252961128950119,0.014506220817565918,True,False,card
RTA100,label=cup_text=pillow.jpg,label=cup_text=pillow.jpg,cup,pillow,0.300082266330719,0.2792806327342987,0.020801633596420288,True,True,cup
RTA100,label=cup_text=toothbrush.jpg,label=cup_text=toothbrush.jpg,cup,toothbrush,0.30777785181999207,0.2668673098087311,0.040910542011260986,True,True,cup
RTA100,label=curtain_text=book.jpg,label=curtain_text=book.jpg,curtain,book,0.35264068841934204,0.22719638049602509,0.12544430792331696,True,True,curtain
RTA100,label=curtain_text=cone.jpg,label=curtain_text=cone.jpg,curtain,cone,0.30389127135276794,0.24130555987358093,0.06258571147918701,True,True,curtain
RTA100,label=curtain_text=controller.jpg,label=curtain_text=controller.jpg,curtain,controller,0.3159046173095703,0.2690267264842987,0.046877890825271606,True,True,curtain
RTA100,label=curtain_text=doll.jpg,label=curtain_text=doll.jpg,curtain,doll,0.3492060601711273,0.22970522940158844,0.11950083076953888,True,True,curtain
RTA100,label=curtain_text=floor.jpg,label=curtain_text=floor.jpg,curtain,floor,0.3142036199569702,0.2597656846046448,0.05443793535232544,True,True,curtain
RTA100,label=curtain_text=map.jpg,label=curtain_text=map.jpg,curtain,map,0.27755236625671387,0.28801190853118896,-0.010459542274475098,False,False,map
RTA100,label=curtain_text=mask.jpg,label=curtain_text=mask.jpg,curtain,mask,0.34070920944213867,0.21797588467597961,0.12273332476615906,True,True,curtain
RTA100,label=curtain_text=ruler.jpg,label=curtain_text=ruler.jpg,curtain,ruler,0.3090684711933136,0.2827111780643463,0.026357293128967285,True,True,curtain
RTA100,label=curtain_text=slipper.jpg,label=curtain_text=slipper.jpg,curtain,slipper,0.31002241373062134,0.238608717918396,0.07141369581222534,True,True,curtain
RTA100,label=curtain_text=tie.jpg,label=curtain_text=tie.jpg,curtain,tie,0.3425753116607666,0.24442487955093384,0.09815043210983276,True,True,curtain
RTA100,label=dish_text=card.jpg,label=dish_text=card.jpg,dish,card,0.27279698848724365,0.28277987241744995,-0.009982883930206299,False,False,bowl
RTA100,label=dish_text=cone.jpg,label=dish_text=cone.jpg,dish,cone,0.23274970054626465,0.2443840652704239,-0.01163436472415924,False,False,tray
RTA100,label=dish_text=dog.jpg,label=dish_text=dog.jpg,dish,dog,0.26365965604782104,0.25948426127433777,0.004175394773483276,True,False,tray
RTA100,label=dish_text=frisbee.jpg,label=dish_text=frisbee.jpg,dish,frisbee,0.3022013306617737,0.29761314392089844,0.004588186740875244,True,False,plate
RTA100,label=dish_text=iPhone.jpg,label=dish_text=iPhone.jpg,dish,iPhone,0.24586713314056396,0.29111340641975403,-0.045246273279190063,False,False,iPhone
RTA100,label=dish_text=map.jpg,label=dish_text=map.jpg,dish,map,0.2236757129430771,0.28850284218788147,-0.06482712924480438,False,False,map
RTA100,label=dish_text=pen case.jpg,label=dish_text=pen case.jpg,dish,pen case,0.24839988350868225,0.25858572125434875,-0.010185837745666504,False,False,tray
RTA100,label=dish_text=racquet.jpg,label=dish_text=racquet.jpg,dish,racquet,0.2500317096710205,0.2024790495634079,0.04755266010761261,True,False,mirror
RTA100,label=dish_text=umbrella.jpg,label=dish_text=umbrella.jpg,dish,umbrella,0.2202269732952118,0.16959768533706665,0.05062928795814514,True,False,iPad
RTA100,label=dish_text=watch.jpg,label=dish_text=watch.jpg,dish,watch,0.26444604992866516,0.28234514594078064,-0.01789909601211548,False,False,watch
RTA100,label=dog_text=book.jpg,label=dog_text=book.jpg,dog,book,0.2605346441268921,0.204016774892807,0.05651786923408508,True,True,dog
RTA100,label=dog_text=hat.jpg,label=dog_text=hat.jpg,dog,hat,0.262617826461792,0.2167215347290039,0.045896291732788086,True,True,dog
RTA100,label=dog_text=iPhone.jpg,label=dog_text=iPhone.jpg,dog,iPhone,0.27101364731788635,0.2318507581949234,0.03916288912296295,True,True,dog
RTA100,label=dog_text=iron.jpg,label=dog_text=iron.jpg,dog,iron,0.26246243715286255,0.24110466241836548,0.02135777473449707,True,True,dog
RTA100,label=dog_text=key.jpg,label=dog_text=key.jpg,dog,key,0.2628966271877289,0.23192322254180908,0.0309734046459198,True,True,dog
RTA100,label=dog_text=onion.jpg,label=dog_text=onion.jpg,dog,onion,0.27303776144981384,0.23609134554862976,0.03694641590118408,True,True,dog
RTA100,label=dog_text=racquet.jpg,label=dog_text=racquet.jpg,dog,racquet,0.2734489440917969,0.17778179049491882,0.09566715359687805,True,True,dog
RTA100,label=dog_text=sofa.jpg,label=dog_text=sofa.jpg,dog,sofa,0.2690708041191101,0.23825296759605408,0.03081783652305603,True,True,dog
RTA100,label=dog_text=watch.jpg,label=dog_text=watch.jpg,dog,watch,0.2635277807712555,0.24433711171150208,0.019190669059753418,True,True,dog
RTA100,label=dog_text=whiteboard.jpg,label=dog_text=whiteboard.jpg,dog,whiteboard,0.24562130868434906,0.22339856624603271,0.022222742438316345,True,True,dog
RTA100,label=doll_text=cone.jpg,label=doll_text=cone.jpg,doll,cone,0.22702723741531372,0.2516788840293884,-0.024651646614074707,False,False,cone
RTA100,label=doll_text=controller.jpg,label=doll_text=controller.jpg,doll,controller,0.19155144691467285,0.23741814494132996,-0.045866698026657104,False,False,airconditioner
RTA100,label=doll_text=flower.jpg,label=doll_text=flower.jpg,doll,flower,0.23536309599876404,0.21404802799224854,0.021315068006515503,True,True,doll
RTA100,label=doll_text=guitar.jpg,label=doll_text=guitar.jpg,doll,guitar,0.21994473040103912,0.15994101762771606,0.06000371277332306,True,True,doll
RTA100,label=doll_text=iPad.jpg,label=doll_text=iPad.jpg,doll,iPad,0.20377503335475922,0.24860140681266785,-0.04482637345790863,False,False,iPad
RTA100,label=doll_text=lemon.jpg,label=doll_text=lemon.jpg,doll,lemon,0.2542329728603363,0.24761493504047394,0.006618037819862366,True,True,doll
RTA100,label=doll_text=shoes.jpg,label=doll_text=shoes.jpg,doll,shoes,0.22457757592201233,0.28360846638679504,-0.059030890464782715,False,False,shoes
RTA100,label=doll_text=speaker.jpg,label=doll_text=speaker.jpg,doll,speaker,0.21159511804580688,0.22139501571655273,-0.00979989767074585,False,False,speaker
RTA100,label=doll_text=towel.jpg,label=doll_text=towel.jpg,doll,towel,0.23403587937355042,0.27678182721138,-0.04274594783782959,False,False,towel
RTA100,label=doll_text=watch.jpg,label=doll_text=watch.jpg,doll,watch,0.23400640487670898,0.19400174915790558,0.040004655718803406,True,False,pillow
RTA100,label=drill_text=earphones.jpg,label=drill_text=earphones.jpg,drill,earphones,0.2081109881401062,0.2931006848812103,-0.08498969674110413,False,False,earphones
RTA100,label=drill_text=melon.jpg,label=drill_text=melon.jpg,drill,melon,0.25964856147766113,0.2126191407442093,0.04702942073345184,True,False,mic
RTA100,label=drill_text=mouse.jpg,label=drill_text=mouse.jpg,drill,mouse,0.2222069501876831,0.2672634720802307,-0.04505652189254761,False,False,mouse
RTA100,label=drill_text=onion.jpg,label=drill_text=onion.jpg,drill,onion,0.2526146173477173,0.2448561191558838,0.007758498191833496,True,False,adapter
RTA100,label=drill_text=oven.jpg,label=drill_text=oven.jpg,drill,oven,0.24865320324897766,0.20509222149848938,0.04356098175048828,True,False,mic
RTA100,label=drill_text=pen.jpg,label=drill_text=pen.jpg,drill,pen,0.22449731826782227,0.2937651574611664,-0.06926783919334412,False,False,pen case
RTA100,label=drill_text=pillow.jpg,label=drill_text=pillow.jpg,drill,pillow,0.24855461716651917,0.18633511662483215,0.06221950054168701,True,False,adapter
RTA100,label=drill_text=tie.jpg,label=drill_text=tie.jpg,drill,tie,0.2899304926395416,0.2360112965106964,0.053919196128845215,True,False,adapter
RTA100,label=drill_text=umbrella.jpg,label=drill_text=umbrella.jpg,drill,umbrella,0.25522327423095703,0.27838391065597534,-0.02316063642501831,False,False,mic
RTA100,label=drill_text=wallet.jpg,label=drill_text=wallet.jpg,drill,wallet,0.21285469830036163,0.2544022798538208,-0.04154758155345917,False,False,pen case
RTA100,label=earphones_text=DVD.jpg,label=earphones_text=DVD.jpg,earphones,DVD,0.27147069573402405,0.24119320511817932,0.030277490615844727,True,True,earphones
RTA100,label=earphones_text=adapter.jpg,label=earphones_text=adapter.jpg,earphones,adapter,0.21401211619377136,0.2586970925331116,-0.04468497633934021,False,False,mousepad
RTA100,label=earphones_text=bag.jpg,label=earphones_text=bag.jpg,earphones,bag,0.27198028564453125,0.2805044651031494,-0.008524179458618164,False,False,headphone
RTA100,label=earphones_text=cone.jpg,label=earphones_text=cone.jpg,earphones,cone,0.2853294909000397,0.22739937901496887,0.0579301118850708,True,True,earphones
RTA100,label=earphones_text=hand.jpg,label=earphones_text=hand.jpg,earphones,hand,0.25249597430229187,0.24180176854133606,0.01069420576095581,True,True,earphones
RTA100,label=earphones_text=hat.jpg,label=earphones_text=hat.jpg,earphones,hat,0.27948346734046936,0.21774399280548096,0.0617394745349884,True,False,headphone
RTA100,label=earphones_text=map.jpg,label=earphones_text=map.jpg,earphones,map,0.21306543052196503,0.24434244632720947,-0.031277015805244446,False,False,mousepad
RTA100,label=earphones_text=mic.jpg,label=earphones_text=mic.jpg,earphones,mic,0.256619930267334,0.28295832872390747,-0.026338398456573486,False,False,mic
RTA100,label=earphones_text=milk.jpg,label=earphones_text=milk.jpg,earphones,milk,0.23879438638687134,0.19310960173606873,0.04568478465080261,True,False,mousepad
RTA100,label=earphones_text=toaster.jpg,label=earphones_text=toaster.jpg,earphones,toaster,0.2330654263496399,0.2992761731147766,-0.06621074676513672,False,False,toaster
RTA100,label=egg_text=apple.jpg,label=egg_text=apple.jpg,egg,apple,0.26341578364372253,0.24147148430347443,0.021944299340248108,True,True,egg
RTA100,label=egg_text=chopsticks.jpg,label=egg_text=chopsticks.jpg,egg,chopsticks,0.2630825638771057,0.22444768249988556,0.038634881377220154,True,True,egg
RTA100,label=egg_text=drill.jpg,label=egg_text=drill.jpg,egg,drill,0.2738470137119293,0.21644192934036255,0.05740508437156677,True,True,egg
RTA100,label=egg_text=eraser.jpg,label=egg_text=eraser.jpg,egg,eraser,0.29325050115585327,0.20189626514911652,0.09135423600673676,True,True,egg
RTA100,label=egg_text=floor.jpg,label=egg_text=floor.jpg,egg,floor,0.27177828550338745,0.25260594487190247,0.019172340631484985,True,True,egg
RTA100,label=egg_text=hair dryer.jpg,label=egg_text=hair dryer.jpg,egg,hair dryer,0.279968798160553,0.20827093720436096,0.07169786095619202,True,True,egg
RTA100,label=egg_text=mirror.jpg,label=egg_text=mirror.jpg,egg,mirror,0.29043030738830566,0.2217816412448883,0.06864866614341736,True,True,egg
RTA100,label=egg_text=paper.jpg,label=egg_text=paper.jpg,egg,paper,0.2730931043624878,0.21737149357795715,0.05572161078453064,True,True,egg
RTA100,label=egg_text=pen.jpg,label=egg_text=pen.jpg,egg,pen,0.2740095853805542,0.284839928150177,-0.010830342769622803,False,False,pen case
RTA100,label=egg_text=tie.jpg,label=egg_text=tie.jpg,egg,tie,0.278277724981308,0.19575026631355286,0.08252745866775513,True,True,egg
RTA100,label=eraser_text=can.jpg,label=eraser_text=can.jpg,eraser,can,0.30417510867118835,0.2948116064071655,0.009363502264022827,True,True,eraser
RTA100,label=eraser_text=glasses.jpg,label=eraser_text=glasses.jpg,eraser,glasses,0.287847101688385,0.33149105310440063,-0.043643951416015625,False,False,glasses
RTA100,label=eraser_text=map.jpg,label=eraser_text=map.jpg,eraser,map,0.3249911665916443,0.27648550271987915,0.04850566387176514,True,True,eraser
RTA100,label=eraser_text=mic.jpg,label=eraser_text=mic.jpg,eraser,mic,0.3002279996871948,0.2711169719696045,0.029111027717590332,True,True,eraser
RTA100,label=eraser_text=peach.jpg,label=eraser_text=peach.jpg,eraser,peach,0.30432185530662537,0.26575592160224915,0.03856593370437622,True,True,eraser
RTA100,label=eraser_text=sofa.jpg,label=eraser_text=sofa.jpg,eraser,sofa,0.23971500992774963,0.22884324193000793,0.0108717679977417,True,True,eraser
RTA100,label=eraser_text=t-shirt.jpg,label=eraser_text=t-shirt.jpg,eraser,t-shirt,0.2769326865673065,0.30716586112976074,-0.030233174562454224,False,False,t-shirt
RTA100,label=eraser_text=tissue.jpg,label=eraser_text=tissue.jpg,eraser,tissue,0.2924799621105194,0.28418129682540894,0.008298665285110474,True,True,eraser
RTA100,label=eraser_text=toaster.jpg,label=eraser_text=toaster.jpg,eraser,toaster,0.29236167669296265,0.28235340118408203,0.010008275508880615,True,True,eraser
RTA100,label=eraser_text=tray.jpg,label=eraser_text=tray.jpg,eraser,tray,0.3196372389793396,0.26720520853996277,0.05243203043937683,True,True,eraser
RTA100,label=floor_text=camera.jpg,label=floor_text=camera.jpg,floor,camera,0.2798974812030792,0.2956767678260803,-0.0157792866230011,False,False,whiteboard
RTA100,label=floor_text=can.jpg,label=floor_text=can.jpg,floor,can,0.24534142017364502,0.26648032665252686,-0.021138906478881836,False,False,whiteboard
RTA100,label=floor_text=controller.jpg,label=floor_text=controller.jpg,floor,controller,0.3062328100204468,0.2548426687717438,0.051390141248703,True,True,floor
RTA100,label=floor_text=guitar.jpg,label=floor_text=guitar.jpg,floor,guitar,0.27160510420799255,0.2993163466453552,-0.02771124243736267,False,False,guitar
RTA100,label=floor_text=hat.jpg,label=floor_text=hat.jpg,floor,hat,0.2827627956867218,0.2552718222141266,0.027490973472595215,True,False,whiteboard
RTA100,label=floor_text=key.jpg,label=floor_text=key.jpg,floor,key,0.21156828105449677,0.29039373993873596,-0.0788254588842392,False,False,notebook
RTA100,label=floor_text=pen case.jpg,label=floor_text=pen case.jpg,floor,pen case,0.2660924792289734,0.2448466271162033,0.02124585211277008,True,False,card
RTA100,label=floor_text=ruler.jpg,label=floor_text=ruler.jpg,floor,ruler,0.2680988013744354,0.28560376167297363,-0.017504960298538208,False,False,whiteboard
RTA100,label=floor_text=speaker.jpg,label=floor_text=speaker.jpg,floor,speaker,0.2682267427444458,0.32081538438796997,-0.05258864164352417,False,False,speaker
RTA100,label=floor_text=umbrella.jpg,label=floor_text=umbrella.jpg,floor,umbrella,0.25097036361694336,0.28335297107696533,-0.03238260746002197,False,False,notebook
RTA100,label=flower_text=DVD.jpg,label=flower_text=DVD.jpg,flower,DVD,0.2606254518032074,0.2748633921146393,-0.014237940311431885,False,False,DVD
RTA100,label=flower_text=card.jpg,label=flower_text=card.jpg,flower,card,0.26177892088890076,0.3033156394958496,-0.04153671860694885,False,False,card
RTA100,label=flower_text=egg.jpg,label=flower_text=egg.jpg,flower,egg,0.22960609197616577,0.28342074155807495,-0.05381464958190918,False,False,egg
RTA100,label=flower_text=jacket.jpg,label=flower_text=jacket.jpg,flower,jacket,0.2604230046272278,0.3009006977081299,-0.0404776930809021,False,False,jacket
RTA100,label=flower_text=key.jpg,label=flower_text=key.jpg,flower,key,0.2502737045288086,0.2554093301296234,-0.005135625600814819,False,False,key
RTA100,label=flower_text=pants.jpg,label=flower_text=pants.jpg,flower,pants,0.2635360062122345,0.2976281940937042,-0.03409218788146973,False,False,pants
RTA100,label=flower_text=ruler.jpg,label=flower_text=ruler.jpg,flower,ruler,0.2768231928348541,0.25727689266204834,0.019546300172805786,True,True,flower
RTA100,label=flower_text=slipper.jpg,label=flower_text=slipper.jpg,flower,slipper,0.23936352133750916,0.26197606325149536,-0.022612541913986206,False,False,card
RTA100,label=flower_text=thermometer.jpg,label=flower_text=thermometer.jpg,flower,thermometer,0.25615203380584717,0.2719804644584656,-0.015828430652618408,False,False,thermometer
RTA100,label=flower_text=umbrella.jpg,label=flower_text=umbrella.jpg,flower,umbrella,0.2714819312095642,0.26033681631088257,0.01114511489868164,True,False,card
RTA100,label=fork_text=basket.jpg,label=fork_text=basket.jpg,fork,basket,0.31737399101257324,0.307461142539978,0.009912848472595215,True,True,fork
RTA100,label=fork_text=bookshelf.jpg,label=fork_text=bookshelf.jpg,fork,bookshelf,0.3280276656150818,0.2703876197338104,0.05764004588127136,True,True,fork
RTA100,label=fork_text=cookie.jpg,label=fork_text=cookie.jpg,fork,cookie,0.3222033977508545,0.2958952486515045,0.026308149099349976,True,True,fork
RTA100,label=fork_text=eraser.jpg,label=fork_text=eraser.jpg,fork,eraser,0.3286244571208954,0.24766232073307037,0.08096213638782501,True,True,fork
RTA100,label=fork_text=glasses.jpg,label=fork_text=glasses.jpg,fork,glasses,0.3384959101676941,0.30046141147613525,0.03803449869155884,True,True,fork
RTA100,label=fork_text=jacket.jpg,label=fork_text=jacket.jpg,fork,jacket,0.3232278823852539,0.30644187331199646,0.016786009073257446,True,True,fork
RTA100,label=fork_text=key.jpg,label=fork_text=key.jpg,fork,key,0.3259456753730774,0.306760311126709,0.019185364246368408,True,True,fork
RTA100,label=fork_text=tissue.jpg,label=fork_text=tissue.jpg,fork,tissue,0.34295186400413513,0.26281410455703735,0.08013775944709778,True,True,fork
RTA100,label=fork_text=toaster.jpg,label=fork_text=toaster.jpg,fork,toaster,0.3224284052848816,0.2777062654495239,0.044722139835357666,True,True,fork
RTA100,label=fork_text=umbrella.jpg,label=fork_text=umbrella.jpg,fork,umbrella,0.34276533126831055,0.28320711851119995,0.059558212757110596,True,True,fork
RTA100,label=fridge_text=airconditioner.jpg,label=fridge_text=airconditioner.jpg,fridge,airconditioner,0.3089038133621216,0.27299070358276367,0.03591310977935791,True,True,fridge
RTA100,label=fridge_text=bowl.jpg,label=fridge_text=bowl.jpg,fridge,bowl,0.2472371757030487,0.245794415473938,0.0014427602291107178,True,False,trash box
RTA100,label=fridge_text=eraser.jpg,label=fridge_text=eraser.jpg,fridge,eraser,0.27661752700805664,0.2550022602081299,0.021615266799926758,True,False,table
RTA100,label=fridge_text=hair dryer.jpg,label=fridge_text=hair dryer.jpg,fridge,hair dryer,0.3053351044654846,0.2365221083164215,0.06881299614906311,True,True,fridge
RTA100,label=fridge_text=headphone.jpg,label=fridge_text=headphone.jpg,fridge,headphone,0.24551674723625183,0.2004259079694748,0.04509083926677704,True,False,microwave
RTA100,label=fridge_text=iPhone.jpg,label=fridge_text=iPhone.jpg,fridge,iPhone,0.3488740026950836,0.28624290227890015,0.06263110041618347,True,True,fridge
RTA100,label=fridge_text=iron.jpg,label=fridge_text=iron.jpg,fridge,iron,0.332477867603302,0.2410447895526886,0.0914330780506134,True,True,fridge
RTA100,label=fridge_text=melon.jpg,label=fridge_text=melon.jpg,fridge,melon,0.26031363010406494,0.15359163284301758,0.10672199726104736,True,True,fridge
RTA100,label=fridge_text=pillow.jpg,label=fridge_text=pillow.jpg,fridge,pillow,0.33448851108551025,0.20581232011318207,0.12867619097232819,True,True,fridge
RTA100,label=fridge_text=umbrella.jpg,label=fridge_text=umbrella.jpg,fridge,umbrella,0.2821189761161804,0.25062185525894165,0.03149712085723877,True,False,monitor
RTA100,label=frisbee_text=apple.jpg,label=frisbee_text=apple.jpg,frisbee,apple,0.2851065397262573,0.2862134575843811,-0.0011069178581237793,False,False,apple
RTA100,label=frisbee_text=bookshelf.jpg,label=frisbee_text=bookshelf.jpg,frisbee,bookshelf,0.3484543561935425,0.2502148151397705,0.09823954105377197,True,True,frisbee
RTA100,label=frisbee_text=chopsticks.jpg,label=frisbee_text=chopsticks.jpg,frisbee,chopsticks,0.3086668848991394,0.28165173530578613,0.02701514959335327,True,True,frisbee
RTA100,label=frisbee_text=controller.jpg,label=frisbee_text=controller.jpg,frisbee,controller,0.2999166250228882,0.27763330936431885,0.022283315658569336,True,True,frisbee
RTA100,label=frisbee_text=cup.jpg,label=frisbee_text=cup.jpg,frisbee,cup,0.31417620182037354,0.3074367046356201,0.006739497184753418,True,True,frisbee
RTA100,label=frisbee_text=headphone.jpg,label=frisbee_text=headphone.jpg,frisbee,headphone,0.29851898550987244,0.2741725444793701,0.02434644103050232,True,True,frisbee
RTA100,label=frisbee_text=key.jpg,label=frisbee_text=key.jpg,frisbee,key,0.33390140533447266,0.24443691968917847,0.08946448564529419,True,True,frisbee
RTA100,label=frisbee_text=suitcase.jpg,label=frisbee_text=suitcase.jpg,frisbee,suitcase,0.34044909477233887,0.18661652505397797,0.1538325697183609,True,True,frisbee
RTA100,label=frisbee_text=toothbrush.jpg,label=frisbee_text=toothbrush.jpg,frisbee,toothbrush,0.33027175068855286,0.26477041840553284,0.06550133228302002,True,True,frisbee
RTA100,label=frisbee_text=trash box.jpg,label=frisbee_text=trash box.jpg,frisbee,trash box,0.3099246025085449,0.2839322090148926,0.025992393493652344,True,True,frisbee
RTA100,label=glasses_text=bag.jpg,label=glasses_text=bag.jpg,glasses,bag,0.32005080580711365,0.30133214592933655,0.0187186598777771,True,True,glasses
RTA100,label=glasses_text=fridge.jpg,label=glasses_text=fridge.jpg,glasses,fridge,0.31592437624931335,0.2759784460067749,0.03994593024253845,True,True,glasses
RTA100,label=glasses_text=guitar.jpg,label=glasses_text=guitar.jpg,glasses,guitar,0.29856163263320923,0.25129562616348267,0.04726600646972656,True,True,glasses
RTA100,label=glasses_text=lemon.jpg,label=glasses_text=lemon.jpg,glasses,lemon,0.3172604441642761,0.22772565484046936,0.08953478932380676,True,True,glasses
RTA100,label=glasses_text=light bulb.jpg,label=glasses_text=light bulb.jpg,glasses,light bulb,0.3094746470451355,0.22931507229804993,0.08015957474708557,True,True,glasses
RTA100,label=glasses_text=mango.jpg,label=glasses_text=mango.jpg,glasses,mango,0.21723976731300354,0.24357828497886658,-0.026338517665863037,False,False,mango
RTA100,label=glasses_text=mousepad.jpg,label=glasses_text=mousepad.jpg,glasses,mousepad,0.32960131764411926,0.28213199973106384,0.04746931791305542,True,True,glasses
RTA100,label=glasses_text=notebook.jpg,label=glasses_text=notebook.jpg,glasses,notebook,0.30030393600463867,0.3128824234008789,-0.012578487396240234,False,False,notebook
RTA100,label=glasses_text=slipper.jpg,label=glasses_text=slipper.jpg,glasses,slipper,0.31962108612060547,0.2710685133934021,0.04855257272720337,True,True,glasses
RTA100,label=glasses_text=watch.jpg,label=glasses_text=watch.jpg,glasses,watch,0.26625561714172363,0.2271559089422226,0.03909970819950104,True,False,floor
RTA100,label=glove_text=chair.jpg,label=glove_text=chair.jpg,glove,chair,0.3049235939979553,0.31158560514450073,-0.00666201114654541,False,False,chair
RTA100,label=glove_text=flower.jpg,label=glove_text=flower.jpg,glove,flower,0.31001758575439453,0.27513495087623596,0.03488263487815857,True,True,glove
RTA100,label=glove_text=fork.jpg,label=glove_text=fork.jpg,glove,fork,0.2966455817222595,0.2515065670013428,0.04513901472091675,True,True,glove
RTA100,label=glove_text=hand.jpg,label=glove_text=hand.jpg,glove,hand,0.30679890513420105,0.2642548680305481,0.042544037103652954,True,True,glove
RTA100,label=glove_text=laptop.jpg,label=glove_text=laptop.jpg,glove,laptop,0.26926225423812866,0.21038055419921875,0.05888170003890991,True,False,bag
RTA100,label=glove_text=mask.jpg,label=glove_text=mask.jpg,glove,mask,0.29408156871795654,0.2099546641111374,0.08412690460681915,True,True,glove
RTA100,label=glove_text=paper.jpg,label=glove_text=paper.jpg,glove,paper,0.2906901240348816,0.20101098716259003,0.08967913687229156,True,True,glove
RTA100,label=glove_text=t-shirt.jpg,label=glove_text=t-shirt.jpg,glove,t-shirt,0.31419292092323303,0.2806331217288971,0.03355979919433594,True,True,glove
RTA100,label=glove_text=tissue.jpg,label=glove_text=tissue.jpg,glove,tissue,0.3052457273006439,0.22021804749965668,0.08502767980098724,True,True,glove
RTA100,label=glove_text=tray.jpg,label=glove_text=tray.jpg,glove,tray,0.3077564239501953,0.21571016311645508,0.09204626083374023,True,True,glove
RTA100,label=guitar_text=bookshelf.jpg,label=guitar_text=bookshelf.jpg,guitar,bookshelf,0.2358817160129547,0.20469039678573608,0.031191319227218628,True,False,adapter
RTA100,label=guitar_text=chopsticks.jpg,label=guitar_text=chopsticks.jpg,guitar,chopsticks,0.27431249618530273,0.1477462649345398,0.12656623125076294,True,True,guitar
RTA100,label=guitar_text=doll.jpg,label=guitar_text=doll.jpg,guitar,doll,0.283777117729187,0.20552441477775574,0.07825270295143127,True,True,guitar
RTA100,label=guitar_text=frisbee.jpg,label=guitar_text=frisbee.jpg,guitar,frisbee,0.26251155138015747,0.1282687485218048,0.13424280285835266,True,True,guitar
RTA100,label=guitar_text=marker.jpg,label=guitar_text=marker.jpg,guitar,marker,0.29881078004837036,0.2393779456615448,0.05943283438682556,True,True,guitar
RTA100,label=guitar_text=microwave.jpg,label=guitar_text=microwave.jpg,guitar,microwave,0.28663045167922974,0.2467026710510254,0.039927780628204346,True,True,guitar
RTA100,label=guitar_text=onion.jpg,label=guitar_text=onion.jpg,guitar,onion,0.2878480553627014,0.17550060153007507,0.11234745383262634,True,True,guitar
RTA100,label=guitar_text=plate.jpg,label=guitar_text=plate.jpg,guitar,plate,0.29018670320510864,0.20127829909324646,0.08890840411186218,True,True,guitar
RTA100,label=guitar_text=toaster.jpg,label=guitar_text=toaster.jpg,guitar,toaster,0.2475254237651825,0.207530677318573,0.0399947464466095,True,False,iron
RTA100,label=guitar_text=wallet.jpg,label=guitar_text=wallet.jpg,guitar,wallet,0.2800293564796448,0.19116851687431335,0.08886083960533142,True,True,guitar
RTA100,label=hair dryer_text=bowl.jpg,label=hair dryer_text=bowl.jpg,hair dryer,bowl,0.3064047694206238,0.2757997512817383,0.030605018138885498,True,True,hair dryer
RTA100,label=hair dryer_text=flower.jpg,label=hair dryer_text=flower.jpg,hair dryer,flower,0.3302377760410309,0.23432093858718872,0.09591683745384216,True,True,hair dryer
RTA100,label=hair dryer_text=iPhone.jpg,label=hair dryer_text=iPhone.jpg,hair dryer,iPhone,0.252813458442688,0.28651779890060425,-0.03370434045791626,False,False,iPhone
RTA100,label=hair dryer_text=jacket.jpg,label=hair dryer_text=jacket.jpg,hair dryer,jacket,0.284867525100708,0.3122043311595917,-0.027336806058883667,False,False,jacket
RTA100,label=hair dryer_text=milk.jpg,label=hair dryer_text=milk.jpg,hair dryer,milk,0.30307668447494507,0.28068915009498596,0.022387534379959106,True,True,hair dryer
RTA100,label=hair dryer_text=mousepad.jpg,label=hair dryer_text=mousepad.jpg,hair dryer,mousepad,0.29789140820503235,0.2734014689922333,0.024489939212799072,True,True,hair dryer
RTA100,label=hair dryer_text=pants.jpg,label=hair dryer_text=pants.jpg,hair dryer,pants,0.29714852571487427,0.2619422674179077,0.03520625829696655,True,True,hair dryer
RTA100,label=hair dryer_text=pen.jpg,label=hair dryer_text=pen.jpg,hair dryer,pen,0.2734670341014862,0.31555068492889404,-0.04208365082740784,False,False,mic
RTA100,label=hair dryer_text=plate.jpg,label=hair dryer_text=plate.jpg,hair dryer,plate,0.26567327976226807,0.2203366756439209,0.04533660411834717,True,False,pen case
RTA100,label=hair dryer_text=ruler.jpg,label=hair dryer_text=ruler.jpg,hair dryer,ruler,0.29577022790908813,0.23626412451267242,0.05950610339641571,True,False,pen case
RTA100,label=hand_text=controller.jpg,label=hand_text=controller.jpg,hand,controller,0.26903581619262695,0.3069474995136261,-0.037911683320999146,False,False,airconditioner
RTA100,label=hand_text=curtain.jpg,label=hand_text=curtain.jpg,hand,curtain,0.29876238107681274,0.27969568967819214,0.019066691398620605,True,True,hand
RTA100,label=hand_text=fridge.jpg,label=hand_text=fridge.jpg,hand,fridge,0.2947160601615906,0.2956607937812805,-0.0009447336196899414,False,False,fridge
RTA100,label=hand_text=glasses.jpg,label=hand_text=glasses.jpg,hand,glasses,0.2697235643863678,0.3321429491043091,-0.062419384717941284,False,False,glasses
RTA100,label=hand_text=glove.jpg,label=hand_text=glove.jpg,hand,glove,0.2907913625240326,0.27694517374038696,0.01384618878364563,True,True,hand
RTA100,label=hand_text=lemon.jpg,label=hand_text=lemon.jpg,hand,lemon,0.2974851727485657,0.2755059003829956,0.02197927236557007,True,True,hand
RTA100,label=hand_text=onion.jpg,label=hand_text=onion.jpg,hand,onion,0.3082699179649353,0.276998370885849,0.031271547079086304,True,True,hand
RTA100,label=hand_text=oven.jpg,label=hand_text=oven.jpg,hand,oven,0.2959955334663391,0.27085378766059875,0.025141745805740356,True,True,hand
RTA100,label=hand_text=speaker.jpg,label=hand_text=speaker.jpg,hand,speaker,0.25243186950683594,0.3002254366874695,-0.047793567180633545,False,False,speaker
RTA100,label=hand_text=spoon.jpg,label=hand_text=spoon.jpg,hand,spoon,0.26861831545829773,0.32074010372161865,-0.05212178826332092,False,False,spoon
RTA100,label=hat_text=bookshelf.jpg,label=hat_text=bookshelf.jpg,hat,bookshelf,0.28955844044685364,0.25243207812309265,0.037126362323760986,True,True,hat
RTA100,label=hat_text=controller.jpg,label=hat_text=controller.jpg,hat,controller,0.2825489640235901,0.17387665808200836,0.10867230594158173,True,True,hat
RTA100,label=hat_text=cup.jpg,label=hat_text=cup.jpg,hat,cup,0.29634565114974976,0.2085600197315216,0.08778563141822815,True,True,hat
RTA100,label=hat_text=doll.jpg,label=hat_text=doll.jpg,hat,doll,0.269248902797699,0.22761094570159912,0.041637957096099854,True,False,slipper
RTA100,label=hat_text=iPhone.jpg,label=hat_text=iPhone.jpg,hat,iPhone,0.30242812633514404,0.29485058784484863,0.00757753849029541,True,True,hat
RTA100,label=hat_text=pen case.jpg,label=hat_text=pen case.jpg,hat,pen case,0.3077023923397064,0.23666906356811523,0.07103332877159119,True,True,hat
RTA100,label=hat_text=tissue.jpg,label=hat_text=tissue.jpg,hat,tissue,0.29317066073417664,0.1843651831150055,0.10880547761917114,True,True,hat
RTA100,label=hat_text=towel.jpg,label=hat_text=towel.jpg,hat,towel,0.29505404829978943,0.21849359571933746,0.07656045258045197,True,True,hat
RTA100,label=hat_text=watch.jpg,label=hat_text=watch.jpg,hat,watch,0.24845731258392334,0.23267966508865356,0.015777647495269775,True,False,bag
RTA100,label=hat_text=whiteboard.jpg,label=hat_text=whiteboard.jpg,hat,whiteboard,0.31070607900619507,0.17769776284694672,0.13300831615924835,True,True,hat
RTA100,label=headphone_text=chair.jpg,label=headphone_text=chair.jpg,headphone,chair,0.2938942611217499,0.2595895528793335,0.03430470824241638,True,True,headphone
RTA100,label=headphone_text=cup.jpg,label=headphone_text=cup.jpg,headphone,cup,0.3041023910045624,0.2719026505947113,0.032199740409851074,True,True,headphone
RTA100,label=headphone_text=eraser.jpg,label=headphone_text=eraser.jpg,headphone,eraser,0.3244769871234894,0.2562897205352783,0.06818726658821106,True,True,headphone
RTA100,label=headphone_text=fridge.jpg,label=headphone_text=fridge.jpg,headphone,fridge,0.31639364361763,0.26218748092651367,0.05420616269111633,True,True,headphone
RTA100,label=headphone_text=mirror.jpg,label=headphone_text=mirror.jpg,headphone,mirror,0.30089208483695984,0.20401233434677124,0.0968797504901886,True,True,headphone
RTA100,label=headphone_text=paper.jpg,label=headphone_text=paper.jpg,headphone,paper,0.2679349482059479,0.20879939198493958,0.0591355562210083,True,True,headphone
RTA100,label=headphone_text=peach.jpg,label=headphone_text=peach.jpg,headphone,peach,0.2783058285713196,0.186883807182312,0.09142202138900757,True,True,headphone
RTA100,label=headphone_text=socks.jpg,label=headphone_text=socks.jpg,headphone,socks,0.2906774580478668,0.2941242456436157,-0.0034467875957489014,False,False,socks
RTA100,label=headphone_text=sofa.jpg,label=headphone_text=sofa.jpg,headphone,sofa,0.28301841020584106,0.1701514720916748,0.11286693811416626,True,True,headphone
RTA100,label=headphone_text=toothbrush.jpg,label=headphone_text=toothbrush.jpg,headphone,toothbrush,0.31356874108314514,0.2262870967388153,0.08728164434432983,True,True,headphone
RTA100,label=iPad_text=bookshelf.jpg,label=iPad_text=bookshelf.jpg,iPad,bookshelf,0.2954520881175995,0.21140985190868378,0.08404223620891571,True,True,iPad
RTA100,label=iPad_text=drill.jpg,label=iPad_text=drill.jpg,iPad,drill,0.2970890402793884,0.19429536163806915,0.10279367864131927,True,True,iPad
RTA100,label=iPad_text=glove.jpg,label=iPad_text=glove.jpg,iPad,glove,0.2937197983264923,0.19943106174468994,0.09428873658180237,True,True,iPad
RTA100,label=iPad_text=mango.jpg,label=iPad_text=mango.jpg,iPad,mango,0.28237104415893555,0.2616298198699951,0.02074122428894043,True,False,mousepad
RTA100,label=iPad_text=mask.jpg,label=iPad_text=mask.jpg,iPad,mask,0.2941896915435791,0.28944599628448486,0.004743695259094238,True,False,mousepad
RTA100,label=iPad_text=onion.jpg,label=iPad_text=onion.jpg,iPad,onion,0.3108316659927368,0.1954497992992401,0.1153818666934967,True,True,iPad
RTA100,label=iPad_text=oven.jpg,label=iPad_text=oven.jpg,iPad,oven,0.29151856899261475,0.21014279127120972,0.08137577772140503,True,True,iPad
RTA100,label=iPad_text=plate.jpg,label=iPad_text=plate.jpg,iPad,plate,0.2820286750793457,0.2541597783565521,0.02786889672279358,True,True,iPad
RTA100,label=iPad_text=racquet.jpg,label=iPad_text=racquet.jpg,iPad,racquet,0.30494701862335205,0.18564081192016602,0.11930620670318604,True,True,iPad
RTA100,label=iPad_text=speaker.jpg,label=iPad_text=speaker.jpg,iPad,speaker,0.2690982222557068,0.3024073839187622,-0.03330916166305542,False,False,speaker
RTA100,label=iPhone_text=apple.jpg,label=iPhone_text=apple.jpg,iPhone,apple,0.3046202063560486,0.2978200316429138,0.006800174713134766,True,True,iPhone
RTA100,label=iPhone_text=guitar.jpg,label=iPhone_text=guitar.jpg,iPhone,guitar,0.2566632628440857,0.24597446620464325,0.010688796639442444,True,False,wallet
RTA100,label=iPhone_text=laptop.jpg,label=iPhone_text=laptop.jpg,iPhone,laptop,0.2620899975299835,0.2552419900894165,0.006848007440567017,True,False,mousepad
RTA100,label=iPhone_text=light bulb.jpg,label=iPhone_text=light bulb.jpg,iPhone,light bulb,0.25669220089912415,0.22533662617206573,0.03135557472705841,True,True,iPhone
RTA100,label=iPhone_text=mask.jpg,label=iPhone_text=mask.jpg,iPhone,mask,0.28469976782798767,0.27453330159187317,0.010166466236114502,True,True,iPhone
RTA100,label=iPhone_text=monitor.jpg,label=iPhone_text=monitor.jpg,iPhone,monitor,0.2784537076950073,0.2585795819759369,0.019874125719070435,True,True,iPhone
RTA100,label=iPhone_text=pants.jpg,label=iPhone_text=pants.jpg,iPhone,pants,0.28708982467651367,0.27351993322372437,0.013569891452789307,True,True,iPhone
RTA100,label=iPhone_text=paper.jpg,label=iPhone_text=paper.jpg,iPhone,paper,0.2989693880081177,0.2947240471839905,0.004245340824127197,True,True,iPhone
RTA100,label=iPhone_text=speaker.jpg,label=iPhone_text=speaker.jpg,iPhone,speaker,0.2650265395641327,0.28342536091804504,-0.018398821353912354,False,False,speaker
RTA100,label=iPhone_text=spoon.jpg,label=iPhone_text=spoon.jpg,iPhone,spoon,0.2811307907104492,0.2844296395778656,-0.003298848867416382,False,False,spoon
RTA100,label=iron_text=book.jpg,label=iron_text=book.jpg,iron,book,0.28455084562301636,0.2657963037490845,0.018754541873931885,True,True,iron
RTA100,label=iron_text=bottle.jpg,label=iron_text=bottle.jpg,iron,bottle,0.27617764472961426,0.2728395164012909,0.0033381283283233643,True,False,hair dryer
RTA100,label=iron_text=cookie.jpg,label=iron_text=cookie.jpg,iron,cookie,0.24917666614055634,0.2741478681564331,-0.02497120201587677,False,False,toaster
RTA100,label=iron_text=glove.jpg,label=iron_text=glove.jpg,iron,glove,0.25903335213661194,0.18925833702087402,0.06977501511573792,True,False,vacuum cleaner
RTA100,label=iron_text=jacket.jpg,label=iron_text=jacket.jpg,iron,jacket,0.27446305751800537,0.22059401869773865,0.053869038820266724,True,False,hair dryer
RTA100,label=iron_text=light bulb.jpg,label=iron_text=light bulb.jpg,iron,light bulb,0.2811908423900604,0.24150121212005615,0.03968963027000427,True,False,toaster
RTA100,label=iron_text=mango.jpg,label=iron_text=mango.jpg,iron,mango,0.29465451836586,0.19165197014808655,0.10300254821777344,True,False,hair dryer
RTA100,label=iron_text=peach.jpg,label=iron_text=peach.jpg,iron,peach,0.2504766583442688,0.29226189851760864,-0.041785240173339844,False,False,bottle
RTA100,label=iron_text=plate.jpg,label=iron_text=plate.jpg,iron,plate,0.2780609726905823,0.2577599287033081,0.02030104398727417,True,True,iron
RTA100,label=iron_text=racquet.jpg,label=iron_text=racquet.jpg,iron,racquet,0.2741699814796448,0.19320449233055115,0.08096548914909363,True,False,vacuum cleaner
RTA100,label=jacket_text=bookshelf.jpg,label=jacket_text=bookshelf.jpg,jacket,bookshelf,0.30172765254974365,0.18194925785064697,0.11977839469909668,True,True,jacket
RTA100,label=jacket_text=bottle.jpg,label=jacket_text=bottle.jpg,jacket,bottle,0.30532413721084595,0.19201962649822235,0.1133045107126236,True,True,jacket
RTA100,label=jacket_text=can.jpg,label=jacket_text=can.jpg,jacket,can,0.29936689138412476,0.18855895102024078,0.11080794036388397,True,True,jacket
RTA100,label=jacket_text=mango.jpg,label=jacket_text=mango.jpg,jacket,mango,0.29250264167785645,0.17539599537849426,0.11710664629936218,True,True,jacket
RTA100,label=jacket_text=mirror.jpg,label=jacket_text=mirror.jpg,jacket,mirror,0.32398638129234314,0.23224318027496338,0.09174320101737976,True,True,jacket
RTA100,label=jacket_text=peach.jpg,label=jacket_text=peach.jpg,jacket,peach,0.2878953516483307,0.19048792123794556,0.09740743041038513,True,True,jacket
RTA100,label=jacket_text=pillow.jpg,label=jacket_text=pillow.jpg,jacket,pillow,0.3265852928161621,0.23738136887550354,0.08920392394065857,True,True,jacket
RTA100,label=jacket_text=plate.jpg,label=jacket_text=plate.jpg,jacket,plate,0.3255331814289093,0.20756469666957855,0.11796848475933075,True,True,jacket
RTA100,label=jacket_text=towel.jpg,label=jacket_text=towel.jpg,jacket,towel,0.29091545939445496,0.2877536416053772,0.003161817789077759,True,False,pants
RTA100,label=jacket_text=vacuum cleaner.jpg,label=jacket_text=vacuum cleaner.jpg,jacket,vacuum cleaner,0.317058801651001,0.22303339838981628,0.09402540326118469,True,True,jacket
RTA100,label=key_text=adapter.jpg,label=key_text=adapter.jpg,key,adapter,0.23633435368537903,0.274771511554718,-0.03843715786933899,False,False,adapter
RTA100,label=key_text=dish.jpg,label=key_text=dish.jpg,key,dish,0.26059314608573914,0.223000630736351,0.03759251534938812,True,False,mousepad
RTA100,label=key_text=drill.jpg,label=key_text=drill.jpg,key,drill,0.26027098298072815,0.24443688988685608,0.01583409309387207,True,False,wallet
RTA100,label=key_text=floor.jpg,label=key_text=floor.jpg,key,floor,0.27856388688087463,0.23233692348003387,0.04622696340084076,True,True,key
RTA100,label=key_text=frisbee.jpg,label=key_text=frisbee.jpg,key,frisbee,0.2704022526741028,0.15842875838279724,0.11197349429130554,True,False,wallet
RTA100,label=key_text=iPad.jpg,label=key_text=iPad.jpg,key,iPad,0.2617829442024231,0.24560612440109253,0.016176819801330566,True,False,wallet
RTA100,label=key_text=jacket.jpg,label=key_text=jacket.jpg,key,jacket,0.26946473121643066,0.2183300405740738,0.05113469064235687,True,False,wallet
RTA100,label=key_text=pants.jpg,label=key_text=pants.jpg,key,pants,0.2501600384712219,0.31818172335624695,-0.06802168488502502,False,False,pants
RTA100,label=key_text=remote.jpg,label=key_text=remote.jpg,key,remote,0.24629844725131989,0.25854575634002686,-0.01224730908870697,False,False,remote
RTA100,label=key_text=ruler.jpg,label=key_text=ruler.jpg,key,ruler,0.23766236007213593,0.19712580740451813,0.0405365526676178,True,False,wallet
RTA100,label=keyboard_text=airconditioner.jpg,label=keyboard_text=airconditioner.jpg,keyboard,airconditioner,0.29158976674079895,0.1882513463497162,0.10333842039108276,True,True,keyboard
RTA100,label=keyboard_text=bookshelf.jpg,label=keyboard_text=bookshelf.jpg,keyboard,bookshelf,0.32016095519065857,0.2606359124183655,0.05952504277229309,True,True,keyboard
RTA100,label=keyboard_text=guitar.jpg,label=keyboard_text=guitar.jpg,keyboard,guitar,0.3031066656112671,0.17685070633888245,0.12625595927238464,True,True,keyboard
RTA100,label=keyboard_text=lemon.jpg,label=keyboard_text=lemon.jpg,keyboard,lemon,0.3126870393753052,0.26737987995147705,0.045307159423828125,True,True,keyboard
RTA100,label=keyboard_text=notebook.jpg,label=keyboard_text=notebook.jpg,keyboard,notebook,0.28935837745666504,0.262367844581604,0.026990532875061035,True,True,keyboard
RTA100,label=keyboard_text=pen case.jpg,label=keyboard_text=pen case.jpg,keyboard,pen case,0.2897029519081116,0.2185627520084381,0.07114019989967346,True,True,keyboard
RTA100,label=keyboard_text=slipper.jpg,label=keyboard_text=slipper.jpg,keyboard,slipper,0.29477599263191223,0.21866396069526672,0.07611203193664551,True,True,keyboard
RTA100,label=keyboard_text=tie.jpg,label=keyboard_text=tie.jpg,keyboard,tie,0.2996099591255188,0.2277548909187317,0.07185506820678711,True,True,keyboard
RTA100,label=keyboard_text=toaster.jpg,label=keyboard_text=toaster.jpg,keyboard,toaster,0.31536436080932617,0.2325322926044464,0.08283206820487976,True,True,keyboard
RTA100,label=keyboard_text=vacuum cleaner.jpg,label=keyboard_text=vacuum cleaner.jpg,keyboard,vacuum cleaner,0.2923618257045746,0.25154224038124084,0.04081958532333374,True,True,keyboard
RTA100,label=laptop_text=adapter.jpg,label=laptop_text=adapter.jpg,laptop,adapter,0.30046308040618896,0.20131944119930267,0.09914363920688629,True,True,laptop
RTA100,label=laptop_text=airconditioner.jpg,label=laptop_text=airconditioner.jpg,laptop,airconditioner,0.29524028301239014,0.23158201575279236,0.06365826725959778,True,True,laptop
RTA100,label=laptop_text=bed.jpg,label=laptop_text=bed.jpg,laptop,bed,0.31408417224884033,0.23218435049057007,0.08189982175827026,True,True,laptop
RTA100,label=laptop_text=can.jpg,label=laptop_text=can.jpg,laptop,can,0.3035218417644501,0.2389911562204361,0.06453068554401398,True,True,laptop
RTA100,label=laptop_text=glasses.jpg,label=laptop_text=glasses.jpg,laptop,glasses,0.28920456767082214,0.29064252972602844,-0.0014379620552062988,False,False,glasses
RTA100,label=laptop_text=keyboard.jpg,label=laptop_text=keyboard.jpg,laptop,keyboard,0.3067627549171448,0.24432885646820068,0.06243389844894409,True,True,laptop
RTA100,label=laptop_text=pen case.jpg,label=laptop_text=pen case.jpg,laptop,pen case,0.2860814929008484,0.23377639055252075,0.05230510234832764,True,False,iPad
RTA100,label=laptop_text=speaker.jpg,label=laptop_text=speaker.jpg,laptop,speaker,0.3052920699119568,0.25588732957839966,0.04940474033355713,True,True,laptop
RTA100,label=laptop_text=suitcase.jpg,label=laptop_text=suitcase.jpg,laptop,suitcase,0.3150883913040161,0.1799752563238144,0.13511313498020172,True,True,laptop
RTA100,label=laptop_text=trash box.jpg,label=laptop_text=trash box.jpg,laptop,trash box,0.3070649206638336,0.23261483013629913,0.07445009052753448,True,True,laptop
RTA100,label=lemon_text=apple.jpg,label=lemon_text=apple.jpg,lemon,apple,0.29287537932395935,0.2577989101409912,0.03507646918296814,True,True,lemon
RTA100,label=lemon_text=egg.jpg,label=lemon_text=egg.jpg,lemon,egg,0.3138684034347534,0.29930543899536133,0.01456296443939209,True,False,mango
RTA100,label=lemon_text=floor.jpg,label=lemon_text=floor.jpg,lemon,floor,0.29973721504211426,0.2818431258201599,0.017894089221954346,True,True,lemon
RTA100,label=lemon_text=flower.jpg,label=lemon_text=flower.jpg,lemon,flower,0.3297883868217468,0.2864229679107666,0.043365418910980225,True,True,lemon
RTA100,label=lemon_text=hair dryer.jpg,label=lemon_text=hair dryer.jpg,lemon,hair dryer,0.31620946526527405,0.28707876801490784,0.02913069725036621,True,True,lemon
RTA100,label=lemon_text=hat.jpg,label=lemon_text=hat.jpg,lemon,hat,0.3442539572715759,0.3051101863384247,0.039143770933151245,True,True,lemon
RTA100,label=lemon_text=mask.jpg,label=lemon_text=mask.jpg,lemon,mask,0.3157559633255005,0.3199068307876587,-0.004150867462158203,False,False,mask
RTA100,label=lemon_text=notebook.jpg,label=lemon_text=notebook.jpg,lemon,notebook,0.34818726778030396,0.30990567803382874,0.03828158974647522,True,True,lemon
RTA100,label=lemon_text=plate.jpg,label=lemon_text=plate.jpg,lemon,plate,0.3320619761943817,0.2977636456489563,0.034298330545425415,True,True,lemon
RTA100,label=lemon_text=spoon.jpg,label=lemon_text=spoon.jpg,lemon,spoon,0.333706259727478,0.28852713108062744,0.045179128646850586,True,True,lemon
RTA100,label=light bulb_text=adapter.jpg,label=light bulb_text=adapter.jpg,light bulb,adapter,0.26259151101112366,0.26759737730026245,-0.005005866289138794,False,False,ball
RTA100,label=light bulb_text=bed.jpg,label=light bulb_text=bed.jpg,light bulb,bed,0.30058568716049194,0.26856905221939087,0.032016634941101074,True,True,light bulb
RTA100,label=light bulb_text=flower.jpg,label=light bulb_text=flower.jpg,light bulb,flower,0.32016637921333313,0.28760480880737305,0.03256157040596008,True,True,light bulb
RTA100,label=light bulb_text=laptop.jpg,label=light bulb_text=laptop.jpg,light bulb,laptop,0.2740996181964874,0.26049870252609253,0.013600915670394897,True,False,ball
RTA100,label=light bulb_text=onion.jpg,label=light bulb_text=onion.jpg,light bulb,onion,0.3306652307510376,0.2860012650489807,0.044663965702056885,True,True,light bulb
RTA100,label=light bulb_text=pants.jpg,label=light bulb_text=pants.jpg,light bulb,pants,0.2752494513988495,0.30886325240135193,-0.03361380100250244,False,False,pants
RTA100,label=light bulb_text=pillow.jpg,label=light bulb_text=pillow.jpg,light bulb,pillow,0.32260316610336304,0.23469853401184082,0.08790463209152222,True,True,light bulb
RTA100,label=light bulb_text=t-shirt.jpg,label=light bulb_text=t-shirt.jpg,light bulb,t-shirt,0.2827037572860718,0.30155783891677856,-0.018854081630706787,False,False,t-shirt
RTA100,label=light bulb_text=tie.jpg,label=light bulb_text=tie.jpg,light bulb,tie,0.2633858621120453,0.23709100484848022,0.026294857263565063,True,True,light bulb
RTA100,label=light bulb_text=vacuum cleaner.jpg,label=light bulb_text=vacuum cleaner.jpg,light bulb,vacuum cleaner,0.2810887396335602,0.2890486419200897,-0.007959902286529541,False,False,vacuum cleaner
RTA100,label=mango_text=adapter.jpg,label=mango_text=adapter.jpg,mango,adapter,0.29705214500427246,0.22480836510658264,0.07224377989768982,True,True,mango
RTA100,label=mango_text=apple.jpg,label=mango_text=apple.jpg,mango,apple,0.28299522399902344,0.2818368077278137,0.0011584162712097168,True,False,peach
RTA100,label=mango_text=egg.jpg,label=mango_text=egg.jpg,mango,egg,0.32141900062561035,0.2942809462547302,0.027138054370880127,True,True,mango
RTA100,label=mango_text=floor.jpg,label=mango_text=floor.jpg,mango,floor,0.29120969772338867,0.2657775580883026,0.02543213963508606,True,False,peach
RTA100,label=mango_text=fork.jpg,label=mango_text=fork.jpg,mango,fork,0.27498865127563477,0.21619147062301636,0.05879718065261841,True,False,peach
RTA100,label=mango_text=key.jpg,label=mango_text=key.jpg,mango,key,0.31567060947418213,0.25328466296195984,0.06238594651222229,True,True,mango
RTA100,label=mango_text=racquet.jpg,label=mango_text=racquet.jpg,mango,racquet,0.28357815742492676,0.2259501814842224,0.057627975940704346,True,False,peach
RTA100,label=mango_text=scissors.jpg,label=mango_text=scissors.jpg,mango,scissors,0.32283949851989746,0.25730374455451965,0.06553575396537781,True,False,melon
RTA100,label=mango_text=socks.jpg,label=mango_text=socks.jpg,mango,socks,0.2556447386741638,0.3237227201461792,-0.06807798147201538,False,False,socks
RTA100,label=mango_text=towel.jpg,label=mango_text=towel.jpg,mango,towel,0.29911932349205017,0.30639347434043884,-0.007274150848388672,False,False,towel
RTA100,label=map_text=bed.jpg,label=map_text=bed.jpg,map,bed,0.28900766372680664,0.2938295900821686,-0.0048219263553619385,False,False,bed
RTA100,label=map_text=camera.jpg,label=map_text=camera.jpg,map,camera,0.27310454845428467,0.17975613474845886,0.0933484137058258,True,True,map
RTA100,label=map_text=cookie.jpg,label=map_text=cookie.jpg,map,cookie,0.26052260398864746,0.15242928266525269,0.10809332132339478,True,True,map
RTA100,label=map_text=eraser.jpg,label=map_text=eraser.jpg,map,eraser,0.25007739663124084,0.1518649458885193,0.09821245074272156,True,True,map
RTA100,label=map_text=fork.jpg,label=map_text=fork.jpg,map,fork,0.27832573652267456,0.17098872363567352,0.10733701288700104,True,True,map
RTA100,label=map_text=frisbee.jpg,label=map_text=frisbee.jpg,map,frisbee,0.3053954243659973,0.20684711635112762,0.09854830801486969,True,True,map
RTA100,label=map_text=glasses.jpg,label=map_text=glasses.jpg,map,glasses,0.2546166777610779,0.1692778766155243,0.08533880114555359,True,True,map
RTA100,label=map_text=hat.jpg,label=map_text=hat.jpg,map,hat,0.2699815034866333,0.17270028591156006,0.09728121757507324,True,True,map
RTA100,label=map_text=melon.jpg,label=map_text=melon.jpg,map,melon,0.26915690302848816,0.1700490415096283,0.09910786151885986,True,True,map
RTA100,label=map_text=mug.jpg,label=map_text=mug.jpg,map,mug,0.2686474025249481,0.16800850629806519,0.10063889622688293,True,True,map
RTA100,label=marker_text=chopsticks.jpg,label=marker_text=chopsticks.jpg,marker,chopsticks,0.2220361828804016,0.25996875762939453,-0.03793257474899292,False,False,chopsticks
RTA100,label=marker_text=hand.jpg,label=marker_text=hand.jpg,marker,hand,0.23858314752578735,0.25681158900260925,-0.0182284414768219,False,False,pen
RTA100,label=marker_text=key.jpg,label=marker_text=key.jpg,marker,key,0.24155986309051514,0.2715950012207031,-0.03003513813018799,False,False,pen
RTA100,label=marker_text=laptop.jpg,label=marker_text=laptop.jpg,marker,laptop,0.23541259765625,0.2710736393928528,-0.03566104173660278,False,False,laptop
RTA100,label=marker_text=light bulb.jpg,label=marker_text=light bulb.jpg,marker,light bulb,0.23460127413272858,0.2285170555114746,0.006084218621253967,True,False,eraser
RTA100,label=marker_text=milk.jpg,label=marker_text=milk.jpg,marker,milk,0.25387629866600037,0.2901751697063446,-0.03629887104034424,False,False,milk
RTA100,label=marker_text=onion.jpg,label=marker_text=onion.jpg,marker,onion,0.2431487888097763,0.25397762656211853,-0.010828837752342224,False,False,onion
RTA100,label=marker_text=pillow.jpg,label=marker_text=pillow.jpg,marker,pillow,0.23784621059894562,0.2702619135379791,-0.03241570293903351,False,False,pillow
RTA100,label=marker_text=table.jpg,label=marker_text=table.jpg,marker,table,0.24642467498779297,0.32144176959991455,-0.07501709461212158,False,False,table
RTA100,label=marker_text=towel.jpg,label=marker_text=towel.jpg,marker,towel,0.2485194206237793,0.2958962321281433,-0.047376811504364014,False,False,eraser
RTA100,label=mask_text=bag.jpg,label=mask_text=bag.jpg,mask,bag,0.23207393288612366,0.3200607895851135,-0.08798685669898987,False,False,bag
RTA100,label=mask_text=bottle.jpg,label=mask_text=bottle.jpg,mask,bottle,0.26156964898109436,0.2700009346008301,-0.008431285619735718,False,False,bag
RTA100,label=mask_text=cup.jpg,label=mask_text=cup.jpg,mask,cup,0.19957977533340454,0.27696412801742554,-0.077384352684021,False,False,cup
RTA100,label=mask_text=curtain.jpg,label=mask_text=curtain.jpg,mask,curtain,0.2190455198287964,0.22296947240829468,-0.003923952579498291,False,False,towel
RTA100,label=mask_text=earphones.jpg,label=mask_text=earphones.jpg,mask,earphones,0.2307121455669403,0.2890852987766266,-0.05837315320968628,False,False,earphones
RTA100,label=mask_text=mango.jpg,label=mask_text=mango.jpg,mask,mango,0.2493038773536682,0.23596534132957458,0.013338536024093628,True,False,bag
RTA100,label=mask_text=mug.jpg,label=mask_text=mug.jpg,mask,mug,0.20982840657234192,0.23259733617305756,-0.022768929600715637,False,False,wallet
RTA100,label=mask_text=suitcase.jpg,label=mask_text=suitcase.jpg,mask,suitcase,0.2350541651248932,0.23848235607147217,-0.0034281909465789795,False,False,towel
RTA100,label=mask_text=toothbrush.jpg,label=mask_text=toothbrush.jpg,mask,toothbrush,0.2517821788787842,0.28211158514022827,-0.030329406261444092,False,False,toothbrush
RTA100,label=mask_text=whiteboard.jpg,label=mask_text=whiteboard.jpg,mask,whiteboard,0.22268274426460266,0.20232504606246948,0.02035769820213318,True,False,pen case
RTA100,label=melon_text=camera.jpg,label=melon_text=camera.jpg,melon,camera,0.2835201025009155,0.30092817544937134,-0.01740807294845581,False,False,camera
RTA100,label=melon_text=floor.jpg,label=melon_text=floor.jpg,melon,floor,0.30211544036865234,0.2815592586994171,0.02055618166923523,True,True,melon
RTA100,label=melon_text=fork.jpg,label=melon_text=fork.jpg,melon,fork,0.3306962847709656,0.22592099010944366,0.10477529466152191,True,True,melon
RTA100,label=melon_text=fridge.jpg,label=melon_text=fridge.jpg,melon,fridge,0.3245014250278473,0.22138571739196777,0.10311570763587952,True,True,melon
RTA100,label=melon_text=hat.jpg,label=melon_text=hat.jpg,melon,hat,0.32845771312713623,0.32855066657066345,-9.295344352722168e-05,False,False,hat
RTA100,label=melon_text=light bulb.jpg,label=melon_text=light bulb.jpg,melon,light bulb,0.29185742139816284,0.17497402429580688,0.11688339710235596,True,True,melon
RTA100,label=melon_text=marker.jpg,label=melon_text=marker.jpg,melon,marker,0.3228786587715149,0.2365887314081192,0.08628992736339569,True,True,melon
RTA100,label=melon_text=pen.jpg,label=melon_text=pen.jpg,melon,pen,0.32869231700897217,0.2892688512802124,0.039423465728759766,True,True,melon
RTA100,label=melon_text=plate.jpg,label=melon_text=plate.jpg,melon,plate,0.35293108224868774,0.25390899181365967,0.09902209043502808,True,True,melon
RTA100,label=melon_text=pot.jpg,label=melon_text=pot.jpg,melon,pot,0.32581663131713867,0.2612665593624115,0.06455007195472717,True,True,melon
RTA100,label=mic_text=book.jpg,label=mic_text=book.jpg,mic,book,0.2678014636039734,0.2517409324645996,0.01606053113937378,True,False,hair dryer
RTA100,label=mic_text=cone.jpg,label=mic_text=cone.jpg,mic,cone,0.2953810691833496,0.254377156496048,0.041003912687301636,True,True,mic
RTA100,label=mic_text=iPhone.jpg,label=mic_text=iPhone.jpg,mic,iPhone,0.29776912927627563,0.26969829201698303,0.028070837259292603,True,True,mic
RTA100,label=mic_text=laptop.jpg,label=mic_text=laptop.jpg,mic,laptop,0.32213330268859863,0.2217607945203781,0.10037250816822052,True,True,mic
RTA100,label=mic_text=onion.jpg,label=mic_text=onion.jpg,mic,onion,0.313997358083725,0.2524856626987457,0.06151169538497925,True,True,mic
RTA100,label=mic_text=oven.jpg,label=mic_text=oven.jpg,mic,oven,0.2655586898326874,0.2277531921863556,0.03780549764633179,True,False,headphone
RTA100,label=mic_text=peach.jpg,label=mic_text=peach.jpg,mic,peach,0.2765327990055084,0.25972869992256165,0.016804099082946777,True,False,speaker
RTA100,label=mic_text=scissors.jpg,label=mic_text=scissors.jpg,mic,scissors,0.33139365911483765,0.22082607448101044,0.11056758463382721,True,True,mic
RTA100,label=mic_text=table.jpg,label=mic_text=table.jpg,mic,table,0.3137832581996918,0.2993699610233307,0.014413297176361084,True,True,mic
RTA100,label=mic_text=trash box.jpg,label=mic_text=trash box.jpg,mic,trash box,0.3035299777984619,0.2435549795627594,0.059974998235702515,True,True,mic
RTA100,label=microwave_text=adapter.jpg,label=microwave_text=adapter.jpg,microwave,adapter,0.32144927978515625,0.20667782425880432,0.11477145552635193,True,True,microwave
RTA100,label=microwave_text=fridge.jpg,label=microwave_text=fridge.jpg,microwave,fridge,0.2922443747520447,0.3146756887435913,-0.02243131399154663,False,False,fridge
RTA100,label=microwave_text=glasses.jpg,label=microwave_text=glasses.jpg,microwave,glasses,0.2719573974609375,0.283517986536026,-0.011560589075088501,False,False,monitor
RTA100,label=microwave_text=hat.jpg,label=microwave_text=hat.jpg,microwave,hat,0.2991131842136383,0.20360630750656128,0.09550687670707703,True,False,oven
RTA100,label=microwave_text=iPad.jpg,label=microwave_text=iPad.jpg,microwave,iPad,0.2411668598651886,0.21317073702812195,0.02799612283706665,True,False,monitor
RTA100,label=microwave_text=mango.jpg,label=microwave_text=mango.jpg,microwave,mango,0.34606802463531494,0.25083422660827637,0.09523379802703857,True,True,microwave
RTA100,label=microwave_text=mask.jpg,label=microwave_text=mask.jpg,microwave,mask,0.28881028294563293,0.2230752408504486,0.06573504209518433,True,False,oven
RTA100,label=microwave_text=mousepad.jpg,label=microwave_text=mousepad.jpg,microwave,mousepad,0.32464778423309326,0.21697531640529633,0.10767246782779694,True,True,microwave
RTA100,label=microwave_text=table.jpg,label=microwave_text=table.jpg,microwave,table,0.27966535091400146,0.2565581500530243,0.023107200860977173,True,False,laptop
RTA100,label=microwave_text=toothbrush.jpg,label=microwave_text=toothbrush.jpg,microwave,toothbrush,0.2705928385257721,0.15693166851997375,0.11366117000579834,True,False,monitor
RTA100,label=milk_text=bookshelf.jpg,label=milk_text=bookshelf.jpg,milk,bookshelf,0.3350856602191925,0.20892629027366638,0.12615936994552612,True,True,milk
RTA100,label=milk_text=cookie.jpg,label=milk_text=cookie.jpg,milk,cookie,0.28196799755096436,0.3237570524215698,-0.04178905487060547,False,False,cookie
RTA100,label=milk_text=light bulb.jpg,label=milk_text=light bulb.jpg,milk,light bulb,0.3292090594768524,0.26463738083839417,0.06457167863845825,True,True,milk
RTA100,label=milk_text=map.jpg,label=milk_text=map.jpg,milk,map,0.3041122257709503,0.2905539274215698,0.013558298349380493,True,True,milk
RTA100,label=milk_text=onion.jpg,label=milk_text=onion.jpg,milk,onion,0.3399248719215393,0.25247126817703247,0.08745360374450684,True,True,milk
RTA100,label=milk_text=paper.jpg,label=milk_text=paper.jpg,milk,paper,0.3361002206802368,0.2719452977180481,0.06415492296218872,True,True,milk
RTA100,label=milk_text=sofa.jpg,label=milk_text=sofa.jpg,milk,sofa,0.28426215052604675,0.2504385709762573,0.03382357954978943,True,False,whiteboard
RTA100,label=milk_text=umbrella.jpg,label=milk_text=umbrella.jpg,milk,umbrella,0.3168545961380005,0.20067155361175537,0.11618304252624512,True,True,milk
RTA100,label=milk_text=vacuum cleaner.jpg,label=milk_text=vacuum cleaner.jpg,milk,vacuum cleaner,0.28224706649780273,0.23174938559532166,0.05049768090248108,True,True,milk
RTA100,label=milk_text=watch.jpg,label=milk_text=watch.jpg,milk,watch,0.3111899197101593,0.25416436791419983,0.05702555179595947,True,True,milk
RTA100,label=mirror_text=chair.jpg,label=mirror_text=chair.jpg,mirror,chair,0.24268868565559387,0.31029748916625977,-0.0676088035106659,False,False,chair
RTA100,label=mirror_text=cone.jpg,label=mirror_text=cone.jpg,mirror,cone,0.2316361963748932,0.27890533208847046,-0.04726913571357727,False,False,table
RTA100,label=mirror_text=curtain.jpg,label=mirror_text=curtain.jpg,mirror,curtain,0.24244660139083862,0.20707370340824127,0.03537289798259735,True,False,iPad
RTA100,label=mirror_text=doll.jpg,label=mirror_text=doll.jpg,mirror,doll,0.26564061641693115,0.254139244556427,0.01150137186050415,True,False,table
RTA100,label=mirror_text=flower.jpg,label=mirror_text=flower.jpg,mirror,flower,0.2599935233592987,0.24560761451721191,0.014385908842086792,True,False,iPad
RTA100,label=mirror_text=mouse.jpg,label=mirror_text=mouse.jpg,mirror,mouse,0.21926818788051605,0.28393781185150146,-0.06466962397098541,False,False,mouse
RTA100,label=mirror_text=onion.jpg,label=mirror_text=onion.jpg,mirror,onion,0.3226645588874817,0.24409779906272888,0.07856675982475281,True,False,tray
RTA100,label=mirror_text=racquet.jpg,label=mirror_text=racquet.jpg,mirror,racquet,0.2841608226299286,0.22172844409942627,0.06243237853050232,True,False,laptop
RTA100,label=mirror_text=thermometer.jpg,label=mirror_text=thermometer.jpg,mirror,thermometer,0.27444058656692505,0.20552630722522736,0.06891427934169769,True,False,tray
RTA100,label=mirror_text=watch.jpg,label=mirror_text=watch.jpg,mirror,watch,0.2510994076728821,0.2789551317691803,-0.027855724096298218,False,False,watch
RTA100,label=monitor_text=basket.jpg,label=monitor_text=basket.jpg,monitor,basket,0.3019843101501465,0.21361438930034637,0.08836992084980011,True,True,monitor
RTA100,label=monitor_text=chair.jpg,label=monitor_text=chair.jpg,monitor,chair,0.23618480563163757,0.3247995376586914,-0.08861473202705383,False,False,chair
RTA100,label=monitor_text=marker.jpg,label=monitor_text=marker.jpg,monitor,marker,0.2725779712200165,0.2743825912475586,-0.0018046200275421143,False,False,table
RTA100,label=monitor_text=pen case.jpg,label=monitor_text=pen case.jpg,monitor,pen case,0.311332643032074,0.233005091547966,0.07832755148410797,True,True,monitor
RTA100,label=monitor_text=pillow.jpg,label=monitor_text=pillow.jpg,monitor,pillow,0.31572526693344116,0.19259458780288696,0.1231306791305542,True,True,monitor
RTA100,label=monitor_text=plate.jpg,label=monitor_text=plate.jpg,monitor,plate,0.31107914447784424,0.19937948882579803,0.1116996556520462,True,True,monitor
RTA100,label=monitor_text=pot.jpg,label=monitor_text=pot.jpg,monitor,pot,0.29837313294410706,0.21518582105636597,0.08318731188774109,True,False,laptop
RTA100,label=monitor_text=socks.jpg,label=monitor_text=socks.jpg,monitor,socks,0.31214213371276855,0.17415136098861694,0.1379907727241516,True,True,monitor
RTA100,label=monitor_text=thermometer.jpg,label=monitor_text=thermometer.jpg,monitor,thermometer,0.3261410892009735,0.17089727520942688,0.15524381399154663,True,True,monitor
RTA100,label=monitor_text=tissue.jpg,label=monitor_text=tissue.jpg,monitor,tissue,0.3051844835281372,0.20460239052772522,0.10058209300041199,True,True,monitor
RTA100,label=mouse_text=apple.jpg,label=mouse_text=apple.jpg,mouse,apple,0.29706284403800964,0.29068976640701294,0.006373077630996704,True,False,mousepad
RTA100,label=mouse_text=controller.jpg,label=mouse_text=controller.jpg,mouse,controller,0.21829628944396973,0.2943499684333801,-0.0760536789894104,False,False,controller
RTA100,label=mouse_text=cup.jpg,label=mouse_text=cup.jpg,mouse,cup,0.24185039103031158,0.298101007938385,-0.056250616908073425,False,False,cup
RTA100,label=mouse_text=flower.jpg,label=mouse_text=flower.jpg,mouse,flower,0.26876509189605713,0.268795907497406,-3.081560134887695e-05,False,False,mousepad
RTA100,label=mouse_text=jacket.jpg,label=mouse_text=jacket.jpg,mouse,jacket,0.28138092160224915,0.2681955397129059,0.013185381889343262,True,False,mousepad
RTA100,label=mouse_text=key.jpg,label=mouse_text=key.jpg,mouse,key,0.2067067176103592,0.2528156042098999,-0.04610888659954071,False,False,mousepad
RTA100,label=mouse_text=keyboard.jpg,label=mouse_text=keyboard.jpg,mouse,keyboard,0.22618360817432404,0.24137824773788452,-0.015194639563560486,False,False,remote
RTA100,label=mouse_text=milk.jpg,label=mouse_text=milk.jpg,mouse,milk,0.30427315831184387,0.27288520336151123,0.03138795495033264,True,False,mousepad
RTA100,label=mouse_text=oven.jpg,label=mouse_text=oven.jpg,mouse,oven,0.1947011947631836,0.2243480384349823,-0.029646843671798706,False,False,adapter
RTA100,label=mouse_text=scissors.jpg,label=mouse_text=scissors.jpg,mouse,scissors,0.25858211517333984,0.25159764289855957,0.0069844722747802734,True,False,mousepad
RTA100,label=mousepad_text=can.jpg,label=mousepad_text=can.jpg,mousepad,can,0.28379034996032715,0.25447899103164673,0.02931135892868042,True,False,notebook
RTA100,label=mousepad_text=card.jpg,label=mousepad_text=card.jpg,mousepad,card,0.2900271415710449,0.28742295503616333,0.002604186534881592,True,True,mousepad
RTA100,label=mousepad_text=cup.jpg,label=mousepad_text=cup.jpg,mousepad,cup,0.31922459602355957,0.32369697093963623,-0.00447237491607666,False,False,cup
RTA100,label=mousepad_text=drill.jpg,label=mousepad_text=drill.jpg,mousepad,drill,0.3011240065097809,0.21600566804409027,0.08511833846569061,True,True,mousepad
RTA100,label=mousepad_text=hat.jpg,label=mousepad_text=hat.jpg,mousepad,hat,0.29819342494010925,0.3132132887840271,-0.015019863843917847,False,False,hat
RTA100,label=mousepad_text=marker.jpg,label=mousepad_text=marker.jpg,mousepad,marker,0.3485357165336609,0.24716830253601074,0.10136741399765015,True,True,mousepad
RTA100,label=mousepad_text=mirror.jpg,label=mousepad_text=mirror.jpg,mousepad,mirror,0.31029951572418213,0.32667461037635803,-0.016375094652175903,False,False,mirror
RTA100,label=mousepad_text=pillow.jpg,label=mousepad_text=pillow.jpg,mousepad,pillow,0.32104575634002686,0.25691092014312744,0.06413483619689941,True,True,mousepad
RTA100,label=mousepad_text=vacuum cleaner.jpg,label=mousepad_text=vacuum cleaner.jpg,mousepad,vacuum cleaner,0.2957952320575714,0.22741732001304626,0.06837791204452515,True,True,mousepad
RTA100,label=mousepad_text=wallet.jpg,label=mousepad_text=wallet.jpg,mousepad,wallet,0.25948286056518555,0.31322309374809265,-0.053740233182907104,False,False,wallet
RTA100,label=mug_text=apple.jpg,label=mug_text=apple.jpg,mug,apple,0.2598751187324524,0.28742775321006775,-0.027552634477615356,False,False,speaker
RTA100,label=mug_text=bookshelf.jpg,label=mug_text=bookshelf.jpg,mug,bookshelf,0.32105690240859985,0.2424544394016266,0.07860246300697327,True,True,mug
RTA100,label=mug_text=floor.jpg,label=mug_text=floor.jpg,mug,floor,0.30157145857810974,0.28054875135421753,0.021022707223892212,True,True,mug
RTA100,label=mug_text=flower.jpg,label=mug_text=flower.jpg,mug,flower,0.23185470700263977,0.23813261091709137,-0.006277903914451599,False,False,key
RTA100,label=mug_text=iPhone.jpg,label=mug_text=iPhone.jpg,mug,iPhone,0.28976061940193176,0.30491572618484497,-0.015155106782913208,False,False,iPhone
RTA100,label=mug_text=mask.jpg,label=mug_text=mask.jpg,mug,mask,0.30129173398017883,0.2857281565666199,0.01556357741355896,True,True,mug
RTA100,label=mug_text=ruler.jpg,label=mug_text=ruler.jpg,mug,ruler,0.3121628165245056,0.2267087996006012,0.08545401692390442,True,False,cup
RTA100,label=mug_text=sofa.jpg,label=mug_text=sofa.jpg,mug,sofa,0.24465849995613098,0.20962923765182495,0.03502926230430603,True,False,headphone
RTA100,label=mug_text=toaster.jpg,label=mug_text=toaster.jpg,mug,toaster,0.3116452097892761,0.29416921734809875,0.017475992441177368,True,True,mug
RTA100,label=mug_text=towel.jpg,label=mug_text=towel.jpg,mug,towel,0.2515749931335449,0.23890537023544312,0.012669622898101807,True,False,speaker
RTA100,label=notebook_text=DVD.jpg,label=notebook_text=DVD.jpg,notebook,DVD,0.3320937156677246,0.3026057481765747,0.029487967491149902,True,True,notebook
RTA100,label=notebook_text=chopsticks.jpg,label=notebook_text=chopsticks.jpg,notebook,chopsticks,0.3076271414756775,0.31498056650161743,-0.007353425025939941,False,False,chopsticks
RTA100,label=notebook_text=cookie.jpg,label=notebook_text=cookie.jpg,notebook,cookie,0.2680630087852478,0.27675238251686096,-0.00868937373161316,False,False,cookie
RTA100,label=notebook_text=cup.jpg,label=notebook_text=cup.jpg,notebook,cup,0.30019915103912354,0.33726757764816284,-0.03706842660903931,False,False,cup
RTA100,label=notebook_text=curtain.jpg,label=notebook_text=curtain.jpg,notebook,curtain,0.29818224906921387,0.23077328503131866,0.0674089640378952,True,True,notebook
RTA100,label=notebook_text=dish.jpg,label=notebook_text=dish.jpg,notebook,dish,0.3034748435020447,0.2744276225566864,0.029047220945358276,True,True,notebook
RTA100,label=notebook_text=dog.jpg,label=notebook_text=dog.jpg,notebook,dog,0.33110982179641724,0.2704681158065796,0.060641705989837646,True,True,notebook
RTA100,label=notebook_text=glove.jpg,label=notebook_text=glove.jpg,notebook,glove,0.3008584678173065,0.22950387001037598,0.07135459780693054,True,True,notebook
RTA100,label=notebook_text=pot.jpg,label=notebook_text=pot.jpg,notebook,pot,0.3343491852283478,0.2781965732574463,0.05615261197090149,True,True,notebook
RTA100,label=notebook_text=toothbrush.jpg,label=notebook_text=toothbrush.jpg,notebook,toothbrush,0.3199116885662079,0.29612836241722107,0.023783326148986816,True,True,notebook
RTA100,label=onion_text=earphones.jpg,label=onion_text=earphones.jpg,onion,earphones,0.2878120541572571,0.2676144242286682,0.020197629928588867,True,True,onion
RTA100,label=onion_text=fork.jpg,label=onion_text=fork.jpg,onion,fork,0.3251475691795349,0.2749214172363281,0.05022615194320679,True,True,onion
RTA100,label=onion_text=hair dryer.jpg,label=onion_text=hair dryer.jpg,onion,hair dryer,0.26372796297073364,0.24369776248931885,0.020030200481414795,True,False,ball
RTA100,label=onion_text=marker.jpg,label=onion_text=marker.jpg,onion,marker,0.33658266067504883,0.24753466248512268,0.08904799818992615,True,True,onion
RTA100,label=onion_text=mic.jpg,label=onion_text=mic.jpg,onion,mic,0.3327893018722534,0.2508023679256439,0.0819869339466095,True,True,onion
RTA100,label=onion_text=mouse.jpg,label=onion_text=mouse.jpg,onion,mouse,0.3461175262928009,0.26835423707962036,0.07776328921318054,True,True,onion
RTA100,label=onion_text=pot.jpg,label=onion_text=pot.jpg,onion,pot,0.32723039388656616,0.3159775733947754,0.011252820491790771,True,True,onion
RTA100,label=onion_text=speaker.jpg,label=onion_text=speaker.jpg,onion,speaker,0.28701692819595337,0.28006285429000854,0.006954073905944824,True,True,onion
RTA100,label=onion_text=toaster.jpg,label=onion_text=toaster.jpg,onion,toaster,0.3121558427810669,0.25727319717407227,0.05488264560699463,True,True,onion
RTA100,label=onion_text=wallet.jpg,label=onion_text=wallet.jpg,onion,wallet,0.2496589869260788,0.2765912115573883,-0.02693222463130951,False,False,wallet
RTA100,label=oven_text=earphones.jpg,label=oven_text=earphones.jpg,oven,earphones,0.2783723771572113,0.22917881608009338,0.04919356107711792,True,False,microwave
RTA100,label=oven_text=fork.jpg,label=oven_text=fork.jpg,oven,fork,0.3178231418132782,0.21857725083827972,0.09924589097499847,True,True,oven
RTA100,label=oven_text=hair dryer.jpg,label=oven_text=hair dryer.jpg,oven,hair dryer,0.3070422410964966,0.3061560094356537,0.0008862316608428955,True,False,microwave
RTA100,label=oven_text=marker.jpg,label=oven_text=marker.jpg,oven,marker,0.28530895709991455,0.18548446893692017,0.09982448816299438,True,True,oven
RTA100,label=oven_text=mic.jpg,label=oven_text=mic.jpg,oven,mic,0.28057876229286194,0.20087769627571106,0.07970106601715088,True,False,microwave
RTA100,label=oven_text=mouse.jpg,label=oven_text=mouse.jpg,oven,mouse,0.2935085892677307,0.2364346981048584,0.057073891162872314,True,False,microwave
RTA100,label=oven_text=pot.jpg,label=oven_text=pot.jpg,oven,pot,0.29928016662597656,0.26686543226242065,0.03241473436355591,True,True,oven
RTA100,label=oven_text=speaker.jpg,label=oven_text=speaker.jpg,oven,speaker,0.28069400787353516,0.2802889347076416,0.0004050731658935547,True,False,microwave
RTA100,label=oven_text=toaster.jpg,label=oven_text=toaster.jpg,oven,toaster,0.3118477761745453,0.3056274950504303,0.00622028112411499,True,True,oven
RTA100,label=oven_text=wallet.jpg,label=oven_text=wallet.jpg,oven,wallet,0.2925955653190613,0.2328469455242157,0.05974861979484558,True,False,microwave
RTA100,label=pants_text=chair.jpg,label=pants_text=chair.jpg,pants,chair,0.29283618927001953,0.21813492476940155,0.07470126450061798,True,True,pants
RTA100,label=pants_text=cup.jpg,label=pants_text=cup.jpg,pants,cup,0.2990747392177582,0.17564541101455688,0.1234293282032013,True,True,pants
RTA100,label=pants_text=curtain.jpg,label=pants_text=curtain.jpg,pants,curtain,0.30797630548477173,0.21969561278820038,0.08828069269657135,True,True,pants
RTA100,label=pants_text=iron.jpg,label=pants_text=iron.jpg,pants,iron,0.27783024311065674,0.19717246294021606,0.08065778017044067,True,True,pants
RTA100,label=pants_text=pen case.jpg,label=pants_text=pen case.jpg,pants,pen case,0.263706773519516,0.19884862005710602,0.06485815346240997,True,True,pants
RTA100,label=pants_text=pot.jpg,label=pants_text=pot.jpg,pants,pot,0.28935447335243225,0.2011161893606186,0.08823828399181366,True,True,pants
RTA100,label=pants_text=slipper.jpg,label=pants_text=slipper.jpg,pants,slipper,0.28658562898635864,0.19219562411308289,0.09439000487327576,True,True,pants
RTA100,label=pants_text=t-shirt.jpg,label=pants_text=t-shirt.jpg,pants,t-shirt,0.2948489487171173,0.24146483838558197,0.05338411033153534,True,True,pants
RTA100,label=pants_text=tissue.jpg,label=pants_text=tissue.jpg,pants,tissue,0.2841912508010864,0.19829392433166504,0.08589732646942139,True,True,pants
RTA100,label=pants_text=tray.jpg,label=pants_text=tray.jpg,pants,tray,0.279139906167984,0.20384129881858826,0.07529860734939575,True,True,pants
RTA100,label=paper_text=bed.jpg,label=paper_text=bed.jpg,paper,bed,0.2912586033344269,0.2903377115726471,0.0009208917617797852,True,False,towel
RTA100,label=paper_text=earphones.jpg,label=paper_text=earphones.jpg,paper,earphones,0.2593444287776947,0.2786250412464142,-0.019280612468719482,False,False,tissue
RTA100,label=paper_text=hat.jpg,label=paper_text=hat.jpg,paper,hat,0.23402921855449677,0.2394130527973175,-0.00538383424282074,False,False,spoon
RTA100,label=paper_text=iron.jpg,label=paper_text=iron.jpg,paper,iron,0.3131145238876343,0.2971559166908264,0.01595860719680786,True,True,paper
RTA100,label=paper_text=keyboard.jpg,label=paper_text=keyboard.jpg,paper,keyboard,0.28523921966552734,0.22688287496566772,0.05835634469985962,True,False,card
RTA100,label=paper_text=milk.jpg,label=paper_text=milk.jpg,paper,milk,0.30697697401046753,0.32709214091300964,-0.020115166902542114,False,False,milk
RTA100,label=paper_text=oven.jpg,label=paper_text=oven.jpg,paper,oven,0.2955859303474426,0.2474791407585144,0.04810678958892822,True,False,whiteboard
RTA100,label=paper_text=pants.jpg,label=paper_text=pants.jpg,paper,pants,0.3069535493850708,0.29895147681236267,0.00800207257270813,True,True,paper
RTA100,label=paper_text=speaker.jpg,label=paper_text=speaker.jpg,paper,speaker,0.2922018766403198,0.2584489583969116,0.0337529182434082,True,False,card
RTA100,label=paper_text=toothbrush.jpg,label=paper_text=toothbrush.jpg,paper,toothbrush,0.28958651423454285,0.26896414160728455,0.0206223726272583,True,False,tissue
RTA100,label=peach_text=can.jpg,label=peach_text=can.jpg,peach,can,0.3348062038421631,0.2530784606933594,0.08172774314880371,True,True,peach
RTA100,label=peach_text=controller.jpg,label=peach_text=controller.jpg,peach,controller,0.2874731719493866,0.26754438877105713,0.019928783178329468,True,True,peach
RTA100,label=peach_text=eraser.jpg,label=peach_text=eraser.jpg,peach,eraser,0.2906927168369293,0.2484046220779419,0.04228809475898743,True,False,apple
RTA100,label=peach_text=glove.jpg,label=peach_text=glove.jpg,peach,glove,0.30108165740966797,0.23713234066963196,0.06394931674003601,True,False,mango
RTA100,label=peach_text=map.jpg,label=peach_text=map.jpg,peach,map,0.2992028295993805,0.23495350778102875,0.06424932181835175,True,True,peach
RTA100,label=peach_text=mousepad.jpg,label=peach_text=mousepad.jpg,peach,mousepad,0.3316080868244171,0.2991325259208679,0.032475560903549194,True,True,peach
RTA100,label=peach_text=plate.jpg,label=peach_text=plate.jpg,peach,plate,0.29710930585861206,0.2948668599128723,0.002242445945739746,True,True,peach
RTA100,label=peach_text=remote.jpg,label=peach_text=remote.jpg,peach,remote,0.3110206127166748,0.2629307508468628,0.04808986186981201,True,True,peach
RTA100,label=peach_text=table.jpg,label=peach_text=table.jpg,peach,table,0.3110760748386383,0.3111678957939148,-9.182095527648926e-05,False,False,table
RTA100,label=peach_text=toothbrush.jpg,label=peach_text=toothbrush.jpg,peach,toothbrush,0.29940012097358704,0.26681047677993774,0.03258964419364929,True,True,peach
RTA100,label=pen case_text=airconditioner.jpg,label=pen case_text=airconditioner.jpg,pen case,airconditioner,0.2707471549510956,0.2682492136955261,0.002497941255569458,True,False,tie
RTA100,label=pen case_text=bookshelf.jpg,label=pen case_text=bookshelf.jpg,pen case,bookshelf,0.30928850173950195,0.2549635171890259,0.054324984550476074,True,True,pen case
RTA100,label=pen case_text=eraser.jpg,label=pen case_text=eraser.jpg,pen case,eraser,0.3009830415248871,0.28029221296310425,0.020690828561782837,True,True,pen case
RTA100,label=pen case_text=flower.jpg,label=pen case_text=flower.jpg,pen case,flower,0.2731241285800934,0.26598167419433594,0.007142454385757446,True,False,tie
RTA100,label=pen case_text=fork.jpg,label=pen case_text=fork.jpg,pen case,fork,0.280401349067688,0.24943359196186066,0.03096775710582733,True,True,pen case
RTA100,label=pen case_text=frisbee.jpg,label=pen case_text=frisbee.jpg,pen case,frisbee,0.3232339322566986,0.2297673374414444,0.09346659481525421,True,True,pen case
RTA100,label=pen case_text=lemon.jpg,label=pen case_text=lemon.jpg,pen case,lemon,0.30826860666275024,0.26534461975097656,0.04292398691177368,True,True,pen case
RTA100,label=pen case_text=microwave.jpg,label=pen case_text=microwave.jpg,pen case,microwave,0.3129847049713135,0.25820672512054443,0.05477797985076904,True,True,pen case
RTA100,label=pen case_text=remote.jpg,label=pen case_text=remote.jpg,pen case,remote,0.3007148802280426,0.301135778427124,-0.0004208981990814209,False,False,remote
RTA100,label=pen case_text=slipper.jpg,label=pen case_text=slipper.jpg,pen case,slipper,0.24054914712905884,0.25263047218322754,-0.012081325054168701,False,False,slipper
RTA100,label=pen_text=bed.jpg,label=pen_text=bed.jpg,pen,bed,0.3043101727962494,0.28922733664512634,0.015082836151123047,True,True,pen
RTA100,label=pen_text=camera.jpg,label=pen_text=camera.jpg,pen,camera,0.27659034729003906,0.22888284921646118,0.04770749807357788,True,True,pen
RTA100,label=pen_text=can.jpg,label=pen_text=can.jpg,pen,can,0.3060036301612854,0.267450213432312,0.03855341672897339,True,True,pen
RTA100,label=pen_text=drill.jpg,label=pen_text=drill.jpg,pen,drill,0.3071291446685791,0.29713788628578186,0.009991258382797241,True,True,pen
RTA100,label=pen_text=hair dryer.jpg,label=pen_text=hair dryer.jpg,pen,hair dryer,0.28551995754241943,0.28149309754371643,0.004026859998703003,True,True,pen
RTA100,label=pen_text=pants.jpg,label=pen_text=pants.jpg,pen,pants,0.2890012860298157,0.28624334931373596,0.002757936716079712,True,True,pen
RTA100,label=pen_text=racquet.jpg,label=pen_text=racquet.jpg,pen,racquet,0.3070090413093567,0.2635764479637146,0.04343259334564209,True,True,pen
RTA100,label=pen_text=scissors.jpg,label=pen_text=scissors.jpg,pen,scissors,0.2846810519695282,0.26622623205184937,0.018454819917678833,True,True,pen
RTA100,label=pen_text=spoon.jpg,label=pen_text=spoon.jpg,pen,spoon,0.28113770484924316,0.2845683693885803,-0.003430664539337158,False,False,spoon
RTA100,label=pen_text=towel.jpg,label=pen_text=towel.jpg,pen,towel,0.27089399099349976,0.24772706627845764,0.023166924715042114,True,False,pen case
RTA100,label=pillow_text=frisbee.jpg,label=pillow_text=frisbee.jpg,pillow,frisbee,0.31514546275138855,0.19696968793869019,0.11817577481269836,True,True,pillow
RTA100,label=pillow_text=iron.jpg,label=pillow_text=iron.jpg,pillow,iron,0.31852030754089355,0.27195125818252563,0.04656904935836792,True,True,pillow
RTA100,label=pillow_text=laptop.jpg,label=pillow_text=laptop.jpg,pillow,laptop,0.3011474013328552,0.21261072158813477,0.08853667974472046,True,True,pillow
RTA100,label=pillow_text=microwave.jpg,label=pillow_text=microwave.jpg,pillow,microwave,0.2791094183921814,0.17969579994678497,0.09941361844539642,True,False,bed
RTA100,label=pillow_text=monitor.jpg,label=pillow_text=monitor.jpg,pillow,monitor,0.2773473262786865,0.2498348355293274,0.02751249074935913,True,True,pillow
RTA100,label=pillow_text=oven.jpg,label=pillow_text=oven.jpg,pillow,oven,0.3188294470310211,0.20784883201122284,0.11098061501979828,True,True,pillow
RTA100,label=pillow_text=pants.jpg,label=pillow_text=pants.jpg,pillow,pants,0.27453985810279846,0.23428592085838318,0.04025393724441528,True,False,mousepad
RTA100,label=pillow_text=spoon.jpg,label=pillow_text=spoon.jpg,pillow,spoon,0.28869500756263733,0.17786358296871185,0.11083142459392548,True,True,pillow
RTA100,label=pillow_text=tie.jpg,label=pillow_text=tie.jpg,pillow,tie,0.29280948638916016,0.25075283646583557,0.042056649923324585,True,True,pillow
RTA100,label=pillow_text=toothbrush.jpg,label=pillow_text=toothbrush.jpg,pillow,toothbrush,0.30952930450439453,0.3004433512687683,0.00908595323562622,True,True,pillow
RTA100,label=plate_text=bottle.jpg,label=plate_text=bottle.jpg,plate,bottle,0.2786789536476135,0.2972036898136139,-0.018524736166000366,False,False,bottle
RTA100,label=plate_text=cookie.jpg,label=plate_text=cookie.jpg,plate,cookie,0.30850914120674133,0.24790330231189728,0.060605838894844055,True,True,plate
RTA100,label=plate_text=fork.jpg,label=plate_text=fork.jpg,plate,fork,0.31648188829421997,0.28850093483924866,0.027980953454971313,True,True,plate
RTA100,label=plate_text=glasses.jpg,label=plate_text=glasses.jpg,plate,glasses,0.312666118144989,0.299312949180603,0.013353168964385986,True,True,plate
RTA100,label=plate_text=light bulb.jpg,label=plate_text=light bulb.jpg,plate,light bulb,0.2892327308654785,0.25545281171798706,0.033779919147491455,True,False,frisbee
RTA100,label=plate_text=melon.jpg,label=plate_text=melon.jpg,plate,melon,0.3180280923843384,0.25495293736457825,0.06307515501976013,True,True,plate
RTA100,label=plate_text=microwave.jpg,label=plate_text=microwave.jpg,plate,microwave,0.31453990936279297,0.2506764531135559,0.06386345624923706,True,False,frisbee
RTA100,label=plate_text=paper.jpg,label=plate_text=paper.jpg,plate,paper,0.29846662282943726,0.266187459230423,0.03227916359901428,True,True,plate
RTA100,label=plate_text=slipper.jpg,label=plate_text=slipper.jpg,plate,slipper,0.28556114435195923,0.271308034658432,0.014253109693527222,True,False,mousepad
RTA100,label=plate_text=toaster.jpg,label=plate_text=toaster.jpg,plate,toaster,0.30982619524002075,0.2703634798526764,0.03946271538734436,True,True,plate
RTA100,label=pot_text=ball.jpg,label=pot_text=ball.jpg,pot,ball,0.2800179123878479,0.2200813591480255,0.05993655323982239,True,False,mug
RTA100,label=pot_text=bookshelf.jpg,label=pot_text=bookshelf.jpg,pot,bookshelf,0.260309100151062,0.23278503119945526,0.02752406895160675,True,False,hair dryer
RTA100,label=pot_text=dog.jpg,label=pot_text=dog.jpg,pot,dog,0.28212395310401917,0.2772805988788605,0.004843354225158691,True,False,mug
RTA100,label=pot_text=iPad.jpg,label=pot_text=iPad.jpg,pot,iPad,0.2786722183227539,0.24655583500862122,0.03211638331413269,True,False,mug
RTA100,label=pot_text=marker.jpg,label=pot_text=marker.jpg,pot,marker,0.21602840721607208,0.2674054801464081,-0.051377072930336,False,False,pen
RTA100,label=pot_text=plate.jpg,label=pot_text=plate.jpg,pot,plate,0.2516210079193115,0.28834086656570435,-0.03671985864639282,False,False,toaster
RTA100,label=pot_text=remote.jpg,label=pot_text=remote.jpg,pot,remote,0.24272972345352173,0.28432124853134155,-0.041591525077819824,False,False,remote
RTA100,label=pot_text=sofa.jpg,label=pot_text=sofa.jpg,pot,sofa,0.2688085436820984,0.20074312388896942,0.06806541979312897,True,False,vacuum cleaner
RTA100,label=pot_text=t-shirt.jpg,label=pot_text=t-shirt.jpg,pot,t-shirt,0.23470577597618103,0.18394510447978973,0.050760671496391296,True,False,adapter
RTA100,label=pot_text=watch.jpg,label=pot_text=watch.jpg,pot,watch,0.2439863085746765,0.2825373709201813,-0.03855106234550476,False,False,watch
RTA100,label=racquet_text=DVD.jpg,label=racquet_text=DVD.jpg,racquet,DVD,0.30569925904273987,0.18271508812904358,0.12298417091369629,True,True,racquet
RTA100,label=racquet_text=bowl.jpg,label=racquet_text=bowl.jpg,racquet,bowl,0.33276113867759705,0.21540208160877228,0.11735905706882477,True,True,racquet
RTA100,label=racquet_text=camera.jpg,label=racquet_text=camera.jpg,racquet,camera,0.3276066780090332,0.23914474248886108,0.08846193552017212,True,True,racquet
RTA100,label=racquet_text=controller.jpg,label=racquet_text=controller.jpg,racquet,controller,0.3266357183456421,0.24715395271778107,0.07948176562786102,True,True,racquet
RTA100,label=racquet_text=cookie.jpg,label=racquet_text=cookie.jpg,racquet,cookie,0.31487709283828735,0.25303077697753906,0.06184631586074829,True,True,racquet
RTA100,label=racquet_text=flower.jpg,label=racquet_text=flower.jpg,racquet,flower,0.3070898652076721,0.23943224549293518,0.06765761971473694,True,True,racquet
RTA100,label=racquet_text=mask.jpg,label=racquet_text=mask.jpg,racquet,mask,0.3424784541130066,0.3081100881099701,0.0343683660030365,True,True,racquet
RTA100,label=racquet_text=mug.jpg,label=racquet_text=mug.jpg,racquet,mug,0.30396896600723267,0.15021847188472748,0.1537504941225052,True,True,racquet
RTA100,label=racquet_text=tie.jpg,label=racquet_text=tie.jpg,racquet,tie,0.3420713543891907,0.25602754950523376,0.08604380488395691,True,True,racquet
RTA100,label=racquet_text=vacuum cleaner.jpg,label=racquet_text=vacuum cleaner.jpg,racquet,vacuum cleaner,0.32311779260635376,0.21280372142791748,0.11031407117843628,True,True,racquet
RTA100,label=remote_text=apple.jpg,label=remote_text=apple.jpg,remote,apple,0.241097092628479,0.27636951208114624,-0.035272419452667236,False,False,iPad
RTA100,label=remote_text=drill.jpg,label=remote_text=drill.jpg,remote,drill,0.304677277803421,0.2156136929988861,0.08906358480453491,True,True,remote
RTA100,label=remote_text=egg.jpg,label=remote_text=egg.jpg,remote,egg,0.30112215876579285,0.2785702347755432,0.022551923990249634,True,True,remote
RTA100,label=remote_text=fork.jpg,label=remote_text=fork.jpg,remote,fork,0.3425409197807312,0.29318326711654663,0.04935765266418457,True,True,remote
RTA100,label=remote_text=key.jpg,label=remote_text=key.jpg,remote,key,0.29738500714302063,0.26824888586997986,0.02913612127304077,True,True,remote
RTA100,label=remote_text=pen.jpg,label=remote_text=pen.jpg,remote,pen,0.30393365025520325,0.30536502599716187,-0.0014313757419586182,False,False,pen
RTA100,label=remote_text=scissors.jpg,label=remote_text=scissors.jpg,remote,scissors,0.31214508414268494,0.22338208556175232,0.08876299858093262,True,True,remote
RTA100,label=remote_text=sofa.jpg,label=remote_text=sofa.jpg,remote,sofa,0.307821661233902,0.21201658248901367,0.0958050787448883,True,True,remote
RTA100,label=remote_text=towel.jpg,label=remote_text=towel.jpg,remote,towel,0.32733291387557983,0.23274287581443787,0.09459003806114197,True,True,remote
RTA100,label=remote_text=umbrella.jpg,label=remote_text=umbrella.jpg,remote,umbrella,0.29610109329223633,0.2474507987499237,0.04865029454231262,True,True,remote
RTA100,label=ruler_text=basket.jpg,label=ruler_text=basket.jpg,ruler,basket,0.2213199883699417,0.21934962272644043,0.0019703656435012817,True,False,guitar
RTA100,label=ruler_text=book.jpg,label=ruler_text=book.jpg,ruler,book,0.1986878365278244,0.26104599237442017,-0.062358155846595764,False,False,book
RTA100,label=ruler_text=dish.jpg,label=ruler_text=dish.jpg,ruler,dish,0.3046300709247589,0.2482728362083435,0.056357234716415405,True,True,ruler
RTA100,label=ruler_text=drill.jpg,label=ruler_text=drill.jpg,ruler,drill,0.28204816579818726,0.2131803035736084,0.06886786222457886,True,True,ruler
RTA100,label=ruler_text=glove.jpg,label=ruler_text=glove.jpg,ruler,glove,0.2834275960922241,0.21968719363212585,0.06374040246009827,True,False,table
RTA100,label=ruler_text=marker.jpg,label=ruler_text=marker.jpg,ruler,marker,0.3105522394180298,0.2643267512321472,0.04622548818588257,True,True,ruler
RTA100,label=ruler_text=pillow.jpg,label=ruler_text=pillow.jpg,ruler,pillow,0.28670018911361694,0.2613968253135681,0.025303363800048828,True,True,ruler
RTA100,label=ruler_text=remote.jpg,label=ruler_text=remote.jpg,ruler,remote,0.2752470076084137,0.2866278290748596,-0.011380821466445923,False,False,remote
RTA100,label=ruler_text=thermometer.jpg,label=ruler_text=thermometer.jpg,ruler,thermometer,0.30455708503723145,0.2761605679988861,0.028396517038345337,True,True,ruler
RTA100,label=ruler_text=tray.jpg,label=ruler_text=tray.jpg,ruler,tray,0.269986093044281,0.23493508994579315,0.035051003098487854,True,False,guitar
RTA100,label=scissors_text=bag.jpg,label=scissors_text=bag.jpg,scissors,bag,0.28488755226135254,0.25527748465538025,0.02961006760597229,True,True,scissors
RTA100,label=scissors_text=cup.jpg,label=scissors_text=cup.jpg,scissors,cup,0.32705771923065186,0.25778114795684814,0.06927657127380371,True,True,scissors
RTA100,label=scissors_text=drill.jpg,label=scissors_text=drill.jpg,scissors,drill,0.33833208680152893,0.25041690468788147,0.08791518211364746,True,True,scissors
RTA100,label=scissors_text=eraser.jpg,label=scissors_text=eraser.jpg,scissors,eraser,0.35058218240737915,0.2803690731525421,0.07021310925483704,True,True,scissors
RTA100,label=scissors_text=headphone.jpg,label=scissors_text=headphone.jpg,scissors,headphone,0.27935147285461426,0.2756021022796631,0.003749370574951172,True,True,scissors
RTA100,label=scissors_text=map.jpg,label=scissors_text=map.jpg,scissors,map,0.3032183051109314,0.2858126759529114,0.01740562915802002,True,True,scissors
RTA100,label=scissors_text=pen case.jpg,label=scissors_text=pen case.jpg,scissors,pen case,0.31328222155570984,0.3167889714241028,-0.0035067498683929443,False,False,pen case
RTA100,label=scissors_text=pot.jpg,label=scissors_text=pot.jpg,scissors,pot,0.29964420199394226,0.24870434403419495,0.050939857959747314,True,True,scissors
RTA100,label=scissors_text=towel.jpg,label=scissors_text=towel.jpg,scissors,towel,0.31372714042663574,0.23418636620044708,0.07954077422618866,True,True,scissors
RTA100,label=scissors_text=umbrella.jpg,label=scissors_text=umbrella.jpg,scissors,umbrella,0.29002994298934937,0.2405368685722351,0.04949307441711426,True,True,scissors
RTA100,label=shoes_text=egg.jpg,label=shoes_text=egg.jpg,shoes,egg,0.2866600453853607,0.19826845824718475,0.08839158713817596,True,True,shoes
RTA100,label=shoes_text=fridge.jpg,label=shoes_text=fridge.jpg,shoes,fridge,0.25417789816856384,0.2113262116909027,0.04285168647766113,True,True,shoes
RTA100,label=shoes_text=jacket.jpg,label=shoes_text=jacket.jpg,shoes,jacket,0.2729569673538208,0.2110731601715088,0.06188380718231201,True,True,shoes
RTA100,label=shoes_text=lemon.jpg,label=shoes_text=lemon.jpg,shoes,lemon,0.28498080372810364,0.18855004012584686,0.09643076360225677,True,True,shoes
RTA100,label=shoes_text=marker.jpg,label=shoes_text=marker.jpg,shoes,marker,0.27699315547943115,0.24049565196037292,0.03649750351905823,True,False,mousepad
RTA100,label=shoes_text=mirror.jpg,label=shoes_text=mirror.jpg,shoes,mirror,0.30380314588546753,0.31218647956848145,-0.008383333683013916,False,False,mirror
RTA100,label=shoes_text=remote.jpg,label=shoes_text=remote.jpg,shoes,remote,0.28648191690444946,0.2303023636341095,0.056179553270339966,True,True,shoes
RTA100,label=shoes_text=spoon.jpg,label=shoes_text=spoon.jpg,shoes,spoon,0.25694629549980164,0.200797900557518,0.05614839494228363,True,True,shoes
RTA100,label=shoes_text=table.jpg,label=shoes_text=table.jpg,shoes,table,0.2865055203437805,0.3031556308269501,-0.016650110483169556,False,False,table
RTA100,label=shoes_text=tissue.jpg,label=shoes_text=tissue.jpg,shoes,tissue,0.24915798008441925,0.16262130439281464,0.08653667569160461,True,True,shoes
RTA100,label=slipper_text=bag.jpg,label=slipper_text=bag.jpg,slipper,bag,0.27960383892059326,0.2589337229728699,0.02067011594772339,True,True,slipper
RTA100,label=slipper_text=bowl.jpg,label=slipper_text=bowl.jpg,slipper,bowl,0.29658377170562744,0.2825215458869934,0.014062225818634033,True,False,shoes
RTA100,label=slipper_text=card.jpg,label=slipper_text=card.jpg,slipper,card,0.2300681173801422,0.3017342686653137,-0.07166615128517151,False,False,card
RTA100,label=slipper_text=hand.jpg,label=slipper_text=hand.jpg,slipper,hand,0.25153642892837524,0.16529728472232819,0.08623914420604706,True,False,shoes
RTA100,label=slipper_text=iPad.jpg,label=slipper_text=iPad.jpg,slipper,iPad,0.29336148500442505,0.2986263632774353,-0.005264878273010254,False,False,iPad
RTA100,label=slipper_text=iPhone.jpg,label=slipper_text=iPhone.jpg,slipper,iPhone,0.2770722210407257,0.2497601956129074,0.0273120254278183,True,True,slipper
RTA100,label=slipper_text=marker.jpg,label=slipper_text=marker.jpg,slipper,marker,0.26441389322280884,0.13489970564842224,0.1295141875743866,True,False,shoes
RTA100,label=slipper_text=melon.jpg,label=slipper_text=melon.jpg,slipper,melon,0.2573268711566925,0.23595672845840454,0.021370142698287964,True,False,shoes
RTA100,label=slipper_text=pants.jpg,label=slipper_text=pants.jpg,slipper,pants,0.26877298951148987,0.2645481526851654,0.004224836826324463,True,False,shoes
RTA100,label=slipper_text=ruler.jpg,label=slipper_text=ruler.jpg,slipper,ruler,0.28639718890190125,0.16555815935134888,0.12083902955055237,True,True,slipper
RTA100,label=socks_text=ball.jpg,label=socks_text=ball.jpg,socks,ball,0.24438795447349548,0.24600134789943695,-0.0016133934259414673,False,False,jacket
RTA100,label=socks_text=bottle.jpg,label=socks_text=bottle.jpg,socks,bottle,0.3022925853729248,0.22773727774620056,0.07455530762672424,True,True,socks
RTA100,label=socks_text=dog.jpg,label=socks_text=dog.jpg,socks,dog,0.30605989694595337,0.257229745388031,0.04883015155792236,True,True,socks
RTA100,label=socks_text=doll.jpg,label=socks_text=doll.jpg,socks,doll,0.272685170173645,0.1824893355369568,0.09019583463668823,True,True,socks
RTA100,label=socks_text=guitar.jpg,label=socks_text=guitar.jpg,socks,guitar,0.306138277053833,0.16196218132972717,0.14417609572410583,True,True,socks
RTA100,label=socks_text=laptop.jpg,label=socks_text=laptop.jpg,socks,laptop,0.28202134370803833,0.27291107177734375,0.00911027193069458,True,True,socks
RTA100,label=socks_text=mouse.jpg,label=socks_text=mouse.jpg,socks,mouse,0.31206214427948,0.30238884687423706,0.00967329740524292,True,True,socks
RTA100,label=socks_text=mug.jpg,label=socks_text=mug.jpg,socks,mug,0.2810346782207489,0.2195054143667221,0.061529263854026794,True,True,socks
RTA100,label=socks_text=pants.jpg,label=socks_text=pants.jpg,socks,pants,0.3019085228443146,0.3028014302253723,-0.0008929073810577393,False,False,pants
RTA100,label=socks_text=pillow.jpg,label=socks_text=pillow.jpg,socks,pillow,0.25644758343696594,0.22028110921382904,0.0361664742231369,True,False,pants
RTA100,label=sofa_text=airconditioner.jpg,label=sofa_text=airconditioner.jpg,sofa,airconditioner,0.32995855808258057,0.23101791739463806,0.0989406406879425,True,True,sofa
RTA100,label=sofa_text=ball.jpg,label=sofa_text=ball.jpg,sofa,ball,0.33968114852905273,0.24520470201969147,0.09447644650936127,True,True,sofa
RTA100,label=sofa_text=curtain.jpg,label=sofa_text=curtain.jpg,sofa,curtain,0.336046040058136,0.2563553750514984,0.07969066500663757,True,True,sofa
RTA100,label=sofa_text=eraser.jpg,label=sofa_text=eraser.jpg,sofa,eraser,0.3289812207221985,0.23560097813606262,0.09338024258613586,True,True,sofa
RTA100,label=sofa_text=frisbee.jpg,label=sofa_text=frisbee.jpg,sofa,frisbee,0.3330940008163452,0.21067053079605103,0.12242347002029419,True,True,sofa
RTA100,label=sofa_text=key.jpg,label=sofa_text=key.jpg,sofa,key,0.3275268077850342,0.23567676544189453,0.09185004234313965,True,True,sofa
RTA100,label=sofa_text=mug.jpg,label=sofa_text=mug.jpg,sofa,mug,0.3439691662788391,0.20938394963741302,0.1345852166414261,True,True,sofa
RTA100,label=sofa_text=oven.jpg,label=sofa_text=oven.jpg,sofa,oven,0.33952850103378296,0.2206456959247589,0.11888280510902405,True,True,sofa
RTA100,label=sofa_text=paper.jpg,label=sofa_text=paper.jpg,sofa,paper,0.3340158760547638,0.24299797415733337,0.09101790189743042,True,True,sofa
RTA100,label=sofa_text=watch.jpg,label=sofa_text=watch.jpg,sofa,watch,0.31340351700782776,0.23502667248249054,0.07837684452533722,True,True,sofa
RTA100,label=speaker_text=book.jpg,label=speaker_text=book.jpg,speaker,book,0.31355738639831543,0.26972559094429016,0.04383179545402527,True,True,speaker
RTA100,label=speaker_text=card.jpg,label=speaker_text=card.jpg,speaker,card,0.24348247051239014,0.3129846453666687,-0.06950217485427856,False,False,card
RTA100,label=speaker_text=fridge.jpg,label=speaker_text=fridge.jpg,speaker,fridge,0.30973753333091736,0.27157315611839294,0.038164377212524414,True,True,speaker
RTA100,label=speaker_text=hair dryer.jpg,label=speaker_text=hair dryer.jpg,speaker,hair dryer,0.2819804549217224,0.27369391918182373,0.008286535739898682,True,False,trash box
RTA100,label=speaker_text=light bulb.jpg,label=speaker_text=light bulb.jpg,speaker,light bulb,0.31418195366859436,0.2081674039363861,0.10601454973220825,True,True,speaker
RTA100,label=speaker_text=mask.jpg,label=speaker_text=mask.jpg,speaker,mask,0.3018070161342621,0.2925031781196594,0.009303838014602661,True,True,speaker
RTA100,label=speaker_text=mousepad.jpg,label=speaker_text=mousepad.jpg,speaker,mousepad,0.3242981433868408,0.20689994096755981,0.117398202419281,True,True,speaker
RTA100,label=speaker_text=notebook.jpg,label=speaker_text=notebook.jpg,speaker,notebook,0.25027161836624146,0.29717716574668884,-0.04690554738044739,False,False,notebook
RTA100,label=speaker_text=tissue.jpg,label=speaker_text=tissue.jpg,speaker,tissue,0.24738837778568268,0.1937631368637085,0.05362524092197418,True,False,monitor
RTA100,label=speaker_text=whiteboard.jpg,label=speaker_text=whiteboard.jpg,speaker,whiteboard,0.3113083839416504,0.2344515323638916,0.07685685157775879,True,True,speaker
RTA100,label=spoon_text=bookshelf.jpg,label=spoon_text=bookshelf.jpg,spoon,bookshelf,0.30566221475601196,0.2690466642379761,0.03661555051803589,True,True,spoon
RTA100,label=spoon_text=cookie.jpg,label=spoon_text=cookie.jpg,spoon,cookie,0.27037036418914795,0.3020590543746948,-0.031688690185546875,False,False,cookie
RTA100,label=spoon_text=dish.jpg,label=spoon_text=dish.jpg,spoon,dish,0.29653501510620117,0.281572163105011,0.014962852001190186,True,True,spoon
RTA100,label=spoon_text=dog.jpg,label=spoon_text=dog.jpg,spoon,dog,0.3094617426395416,0.25717785954475403,0.0522838830947876,True,True,spoon
RTA100,label=spoon_text=eraser.jpg,label=spoon_text=eraser.jpg,spoon,eraser,0.2903522849082947,0.23460999131202698,0.0557422935962677,True,True,spoon
RTA100,label=spoon_text=floor.jpg,label=spoon_text=floor.jpg,spoon,floor,0.32612696290016174,0.28811681270599365,0.03801015019416809,True,True,spoon
RTA100,label=spoon_text=mango.jpg,label=spoon_text=mango.jpg,spoon,mango,0.3271975517272949,0.2246340811252594,0.10256347060203552,True,True,spoon
RTA100,label=spoon_text=microwave.jpg,label=spoon_text=microwave.jpg,spoon,microwave,0.30460721254348755,0.29120662808418274,0.01340058445930481,True,True,spoon
RTA100,label=spoon_text=pen.jpg,label=spoon_text=pen.jpg,spoon,pen,0.31986626982688904,0.3346189260482788,-0.01475265622138977,False,False,pen
RTA100,label=spoon_text=t-shirt.jpg,label=spoon_text=t-shirt.jpg,spoon,t-shirt,0.2909531593322754,0.301754355430603,-0.010801196098327637,False,False,t-shirt
RTA100,label=suitcase_text=book.jpg,label=suitcase_text=book.jpg,suitcase,book,0.305076003074646,0.1897563338279724,0.11531966924667358,True,True,suitcase
RTA100,label=suitcase_text=cookie.jpg,label=suitcase_text=cookie.jpg,suitcase,cookie,0.3111580014228821,0.18879838287830353,0.12235961854457855,True,True,suitcase
RTA100,label=suitcase_text=earphones.jpg,label=suitcase_text=earphones.jpg,suitcase,earphones,0.3178136646747589,0.1325499266386032,0.1852637380361557,True,True,suitcase
RTA100,label=suitcase_text=frisbee.jpg,label=suitcase_text=frisbee.jpg,suitcase,frisbee,0.3096476197242737,0.15551213920116425,0.15413548052310944,True,True,suitcase
RTA100,label=suitcase_text=jacket.jpg,label=suitcase_text=jacket.jpg,suitcase,jacket,0.31772398948669434,0.2219058871269226,0.09581810235977173,True,True,suitcase
RTA100,label=suitcase_text=mask.jpg,label=suitcase_text=mask.jpg,suitcase,mask,0.3088337779045105,0.2235061228275299,0.08532765507698059,True,True,suitcase
RTA100,label=suitcase_text=mug.jpg,label=suitcase_text=mug.jpg,suitcase,mug,0.32742103934288025,0.1948799192905426,0.13254112005233765,True,True,suitcase
RTA100,label=suitcase_text=pants.jpg,label=suitcase_text=pants.jpg,suitcase,pants,0.30308520793914795,0.1895284205675125,0.11355678737163544,True,True,suitcase
RTA100,label=suitcase_text=remote.jpg,label=suitcase_text=remote.jpg,suitcase,remote,0.31911635398864746,0.21414607763290405,0.10497027635574341,True,True,suitcase
RTA100,label=suitcase_text=shoes.jpg,label=suitcase_text=shoes.jpg,suitcase,shoes,0.3012843728065491,0.19525861740112305,0.10602575540542603,True,True,suitcase
RTA100,label=t-shirt_text=adapter.jpg,label=t-shirt_text=adapter.jpg,t-shirt,adapter,0.2876061499118805,0.184591144323349,0.1030150055885315,True,True,t-shirt
RTA100,label=t-shirt_text=airconditioner.jpg,label=t-shirt_text=airconditioner.jpg,t-shirt,airconditioner,0.26877498626708984,0.1717311143875122,0.09704387187957764,True,True,t-shirt
RTA100,label=t-shirt_text=bed.jpg,label=t-shirt_text=bed.jpg,t-shirt,bed,0.2834729850292206,0.20695920288562775,0.07651378214359283,True,True,t-shirt
RTA100,label=t-shirt_text=controller.jpg,label=t-shirt_text=controller.jpg,t-shirt,controller,0.28471067547798157,0.19427578151226044,0.09043489396572113,True,True,t-shirt
RTA100,label=t-shirt_text=mic.jpg,label=t-shirt_text=mic.jpg,t-shirt,mic,0.29075682163238525,0.2247360497713089,0.06602077186107635,True,True,t-shirt
RTA100,label=t-shirt_text=pillow.jpg,label=t-shirt_text=pillow.jpg,t-shirt,pillow,0.31353259086608887,0.21111424267292023,0.10241834819316864,True,True,t-shirt
RTA100,label=t-shirt_text=socks.jpg,label=t-shirt_text=socks.jpg,t-shirt,socks,0.30721110105514526,0.21232225000858307,0.0948888510465622,True,True,t-shirt
RTA100,label=t-shirt_text=tie.jpg,label=t-shirt_text=tie.jpg,t-shirt,tie,0.2811877429485321,0.19804182648658752,0.08314591646194458,True,True,t-shirt
RTA100,label=t-shirt_text=trash box.jpg,label=t-shirt_text=trash box.jpg,t-shirt,trash box,0.2932248115539551,0.19781212508678436,0.09541268646717072,True,True,t-shirt
RTA100,label=t-shirt_text=watch.jpg,label=t-shirt_text=watch.jpg,t-shirt,watch,0.28476884961128235,0.1641114205121994,0.12065742909908295,True,True,t-shirt
RTA100,label=table_text=chair.jpg,label=table_text=chair.jpg,table,chair,0.2929999828338623,0.31383103132247925,-0.020831048488616943,False,False,chair
RTA100,label=table_text=curtain.jpg,label=table_text=curtain.jpg,table,curtain,0.31548598408699036,0.210223987698555,0.10526199638843536,True,True,table
RTA100,label=table_text=mouse.jpg,label=table_text=mouse.jpg,table,mouse,0.30152884125709534,0.18974970281124115,0.11177913844585419,True,True,table
RTA100,label=table_text=onion.jpg,label=table_text=onion.jpg,table,onion,0.3291105031967163,0.28645333647727966,0.042657166719436646,True,True,table
RTA100,label=table_text=pot.jpg,label=table_text=pot.jpg,table,pot,0.31080901622772217,0.18678215146064758,0.12402686476707458,True,True,table
RTA100,label=table_text=ruler.jpg,label=table_text=ruler.jpg,table,ruler,0.3124958276748657,0.21213674545288086,0.10035908222198486,True,True,table
RTA100,label=table_text=slipper.jpg,label=table_text=slipper.jpg,table,slipper,0.31848859786987305,0.1931169033050537,0.12537169456481934,True,True,table
RTA100,label=table_text=tie.jpg,label=table_text=tie.jpg,table,tie,0.30516794323921204,0.22898149490356445,0.07618644833564758,True,True,table
RTA100,label=table_text=tissue.jpg,label=table_text=tissue.jpg,table,tissue,0.31764721870422363,0.2237238585948944,0.09392336010932922,True,True,table
RTA100,label=table_text=umbrella.jpg,label=table_text=umbrella.jpg,table,umbrella,0.30364546179771423,0.2622627317905426,0.04138273000717163,True,True,table
RTA100,label=thermometer_text=card.jpg,label=thermometer_text=card.jpg,thermometer,card,0.30775249004364014,0.2653311491012573,0.04242134094238281,True,True,thermometer
RTA100,label=thermometer_text=eraser.jpg,label=thermometer_text=eraser.jpg,thermometer,eraser,0.3141680955886841,0.2993517518043518,0.014816343784332275,True,True,thermometer
RTA100,label=thermometer_text=frisbee.jpg,label=thermometer_text=frisbee.jpg,thermometer,frisbee,0.25402337312698364,0.18961507081985474,0.0644083023071289,True,True,thermometer
RTA100,label=thermometer_text=monitor.jpg,label=thermometer_text=monitor.jpg,thermometer,monitor,0.35102003812789917,0.26351073384284973,0.08750930428504944,True,True,thermometer
RTA100,label=thermometer_text=pillow.jpg,label=thermometer_text=pillow.jpg,thermometer,pillow,0.26225125789642334,0.2721202075481415,-0.00986894965171814,False,False,eraser
RTA100,label=thermometer_text=scissors.jpg,label=thermometer_text=scissors.jpg,thermometer,scissors,0.3244608938694,0.2788892984390259,0.045571595430374146,True,True,thermometer
RTA100,label=thermometer_text=slipper.jpg,label=thermometer_text=slipper.jpg,thermometer,slipper,0.25200212001800537,0.26829108595848083,-0.016288965940475464,False,False,drill
RTA100,label=thermometer_text=speaker.jpg,label=thermometer_text=speaker.jpg,thermometer,speaker,0.3248726427555084,0.29366427659988403,0.03120836615562439,True,True,thermometer
RTA100,label=thermometer_text=spoon.jpg,label=thermometer_text=spoon.jpg,thermometer,spoon,0.24240785837173462,0.2625303268432617,-0.0201224684715271,False,False,chopsticks
RTA100,label=thermometer_text=vacuum cleaner.jpg,label=thermometer_text=vacuum cleaner.jpg,thermometer,vacuum cleaner,0.246649831533432,0.27152031660079956,-0.024870485067367554,False,False,vacuum cleaner
RTA100,label=tie_text=DVD.jpg,label=tie_text=DVD.jpg,tie,DVD,0.30519771575927734,0.21374458074569702,0.09145313501358032,True,True,tie
RTA100,label=tie_text=bowl.jpg,label=tie_text=bowl.jpg,tie,bowl,0.3167675733566284,0.2106952965259552,0.10607227683067322,True,True,tie
RTA100,label=tie_text=guitar.jpg,label=tie_text=guitar.jpg,tie,guitar,0.2474258840084076,0.21480831503868103,0.03261756896972656,True,False,bag
RTA100,label=tie_text=light bulb.jpg,label=tie_text=light bulb.jpg,tie,light bulb,0.3076559901237488,0.19938230514526367,0.10827368497848511,True,True,tie
RTA100,label=tie_text=map.jpg,label=tie_text=map.jpg,tie,map,0.3171508014202118,0.23970481753349304,0.07744598388671875,True,True,tie
RTA100,label=tie_text=spoon.jpg,label=tie_text=spoon.jpg,tie,spoon,0.31937432289123535,0.26164719462394714,0.05772712826728821,True,True,tie
RTA100,label=tie_text=t-shirt.jpg,label=tie_text=t-shirt.jpg,tie,t-shirt,0.30789124965667725,0.24016231298446655,0.0677289366722107,True,True,tie
RTA100,label=tie_text=toaster.jpg,label=tie_text=toaster.jpg,tie,toaster,0.3113296329975128,0.17359596490859985,0.13773366808891296,True,True,tie
RTA100,label=tie_text=toothbrush.jpg,label=tie_text=toothbrush.jpg,tie,toothbrush,0.28462523221969604,0.2372562289237976,0.04736900329589844,True,True,tie
RTA100,label=tie_text=umbrella.jpg,label=tie_text=umbrella.jpg,tie,umbrella,0.32306694984436035,0.23073764145374298,0.09232930839061737,True,True,tie
RTA100,label=tissue_text=can.jpg,label=tissue_text=can.jpg,tissue,can,0.2898055613040924,0.23313595354557037,0.056669607758522034,True,True,tissue
RTA100,label=tissue_text=chair.jpg,label=tissue_text=chair.jpg,tissue,chair,0.26897382736206055,0.28372687101364136,-0.01475304365158081,False,False,chair
RTA100,label=tissue_text=cone.jpg,label=tissue_text=cone.jpg,tissue,cone,0.26962220668792725,0.2798231244087219,-0.010200917720794678,False,False,cone
RTA100,label=tissue_text=floor.jpg,label=tissue_text=floor.jpg,tissue,floor,0.2774290144443512,0.26739686727523804,0.01003214716911316,True,True,tissue
RTA100,label=tissue_text=fork.jpg,label=tissue_text=fork.jpg,tissue,fork,0.23878979682922363,0.24306632578372955,-0.00427652895450592,False,False,bag
RTA100,label=tissue_text=fridge.jpg,label=tissue_text=fridge.jpg,tissue,fridge,0.27895790338516235,0.275142103433609,0.0038157999515533447,True,False,bag
RTA100,label=tissue_text=glasses.jpg,label=tissue_text=glasses.jpg,tissue,glasses,0.24083659052848816,0.2690121531486511,-0.028175562620162964,False,False,bag
RTA100,label=tissue_text=iron.jpg,label=tissue_text=iron.jpg,tissue,iron,0.26419711112976074,0.2958105206489563,-0.03161340951919556,False,False,iron
RTA100,label=tissue_text=paper.jpg,label=tissue_text=paper.jpg,tissue,paper,0.2946584224700928,0.28042176365852356,0.014236658811569214,True,True,tissue
RTA100,label=tissue_text=plate.jpg,label=tissue_text=plate.jpg,tissue,plate,0.2870059311389923,0.25459471344947815,0.03241121768951416,True,True,tissue
RTA100,label=toaster_text=airconditioner.jpg,label=toaster_text=airconditioner.jpg,toaster,airconditioner,0.2629638910293579,0.2535536289215088,0.009410262107849121,True,False,oven
RTA100,label=toaster_text=card.jpg,label=toaster_text=card.jpg,toaster,card,0.27384376525878906,0.264930784702301,0.008912980556488037,True,True,toaster
RTA100,label=toaster_text=fridge.jpg,label=toaster_text=fridge.jpg,toaster,fridge,0.26857125759124756,0.3193514347076416,-0.05078017711639404,False,False,fridge
RTA100,label=toaster_text=hand.jpg,label=toaster_text=hand.jpg,toaster,hand,0.2918147146701813,0.26155829429626465,0.030256420373916626,True,True,toaster
RTA100,label=toaster_text=iPad.jpg,label=toaster_text=iPad.jpg,toaster,iPad,0.2937241196632385,0.2558155059814453,0.03790861368179321,True,False,oven
RTA100,label=toaster_text=scissors.jpg,label=toaster_text=scissors.jpg,toaster,scissors,0.2822369933128357,0.1813456416130066,0.1008913516998291,True,False,fridge
RTA100,label=toaster_text=socks.jpg,label=toaster_text=socks.jpg,toaster,socks,0.2813955545425415,0.3134671747684479,-0.03207162022590637,False,False,socks
RTA100,label=toaster_text=t-shirt.jpg,label=toaster_text=t-shirt.jpg,toaster,t-shirt,0.2715004086494446,0.2367638647556305,0.03473654389381409,True,False,airconditioner
RTA100,label=toaster_text=trash box.jpg,label=toaster_text=trash box.jpg,toaster,trash box,0.2630791664123535,0.293808251619339,-0.030729085206985474,False,False,trash box
RTA100,label=toaster_text=watch.jpg,label=toaster_text=watch.jpg,toaster,watch,0.2982199788093567,0.2733880281448364,0.024831950664520264,True,False,monitor
RTA100,label=toothbrush_text=cookie.jpg,label=toothbrush_text=cookie.jpg,toothbrush,cookie,0.24453909695148468,0.295897513628006,-0.0513584166765213,False,False,cookie
RTA100,label=toothbrush_text=eraser.jpg,label=toothbrush_text=eraser.jpg,toothbrush,eraser,0.31906235218048096,0.301767498254776,0.017294853925704956,True,False,scissors
RTA100,label=toothbrush_text=floor.jpg,label=toothbrush_text=floor.jpg,toothbrush,floor,0.2534109652042389,0.279466450214386,-0.026055485010147095,False,False,floor
RTA100,label=toothbrush_text=headphone.jpg,label=toothbrush_text=headphone.jpg,toothbrush,headphone,0.27788496017456055,0.27487966418266296,0.003005295991897583,True,False,chopsticks
RTA100,label=toothbrush_text=mask.jpg,label=toothbrush_text=mask.jpg,toothbrush,mask,0.25945794582366943,0.31307700276374817,-0.053619056940078735,False,False,mask
RTA100,label=toothbrush_text=melon.jpg,label=toothbrush_text=melon.jpg,toothbrush,melon,0.30198973417282104,0.2783762514591217,0.02361348271369934,True,True,toothbrush
RTA100,label=toothbrush_text=peach.jpg,label=toothbrush_text=peach.jpg,toothbrush,peach,0.3117954730987549,0.26943856477737427,0.042356908321380615,True,True,toothbrush
RTA100,label=toothbrush_text=tie.jpg,label=toothbrush_text=tie.jpg,toothbrush,tie,0.261732816696167,0.2901840806007385,-0.028451263904571533,False,False,chopsticks
RTA100,label=toothbrush_text=toaster.jpg,label=toothbrush_text=toaster.jpg,toothbrush,toaster,0.2752634882926941,0.28928956389427185,-0.014026075601577759,False,False,fork
RTA100,label=toothbrush_text=trash box.jpg,label=toothbrush_text=trash box.jpg,toothbrush,trash box,0.2699034810066223,0.31406134366989136,-0.04415786266326904,False,False,trash box
RTA100,label=towel_text=curtain.jpg,label=towel_text=curtain.jpg,towel,curtain,0.2757725715637207,0.22156363725662231,0.05420893430709839,True,False,eraser
RTA100,label=towel_text=frisbee.jpg,label=towel_text=frisbee.jpg,towel,frisbee,0.2717844843864441,0.20572437345981598,0.06606011092662811,True,True,towel
RTA100,label=towel_text=glove.jpg,label=towel_text=glove.jpg,towel,glove,0.3240636885166168,0.2946072518825531,0.02945643663406372,True,True,towel
RTA100,label=towel_text=jacket.jpg,label=towel_text=jacket.jpg,towel,jacket,0.3135075271129608,0.31421592831611633,-0.0007084012031555176,False,False,jacket
RTA100,label=towel_text=mic.jpg,label=towel_text=mic.jpg,towel,mic,0.2559465169906616,0.25723016262054443,-0.0012836456298828125,False,False,cookie
RTA100,label=towel_text=oven.jpg,label=towel_text=oven.jpg,towel,oven,0.29325276613235474,0.2573244571685791,0.035928308963775635,True,True,towel
RTA100,label=towel_text=plate.jpg,label=towel_text=plate.jpg,towel,plate,0.29959234595298767,0.25688961148262024,0.04270273447036743,True,True,towel
RTA100,label=towel_text=ruler.jpg,label=towel_text=ruler.jpg,towel,ruler,0.25728142261505127,0.19568723440170288,0.06159418821334839,True,False,slipper
RTA100,label=towel_text=sofa.jpg,label=towel_text=sofa.jpg,towel,sofa,0.30182716250419617,0.24319927394390106,0.058627888560295105,True,True,towel
RTA100,label=towel_text=trash box.jpg,label=towel_text=trash box.jpg,towel,trash box,0.2903030812740326,0.291027307510376,-0.0007242262363433838,False,False,tissue
RTA100,label=trash box_text=can.jpg,label=trash box_text=can.jpg,trash box,can,0.31497830152511597,0.26799556612968445,0.04698273539543152,True,True,trash box
RTA100,label=trash box_text=dish.jpg,label=trash box_text=dish.jpg,trash box,dish,0.2379443347454071,0.19358690083026886,0.044357433915138245,True,False,iPad
RTA100,label=trash box_text=eraser.jpg,label=trash box_text=eraser.jpg,trash box,eraser,0.2732211947441101,0.14613676071166992,0.12708443403244019,True,True,trash box
RTA100,label=trash box_text=hand.jpg,label=trash box_text=hand.jpg,trash box,hand,0.27803903818130493,0.16461162269115448,0.11342741549015045,True,True,trash box
RTA100,label=trash box_text=hat.jpg,label=trash box_text=hat.jpg,trash box,hat,0.29284149408340454,0.2600635290145874,0.03277796506881714,True,True,trash box
RTA100,label=trash box_text=iron.jpg,label=trash box_text=iron.jpg,trash box,iron,0.30542248487472534,0.2323419451713562,0.07308053970336914,True,True,trash box
RTA100,label=trash box_text=key.jpg,label=trash box_text=key.jpg,trash box,key,0.24256764352321625,0.11843129992485046,0.12413634359836578,True,False,airconditioner
RTA100,label=trash box_text=lemon.jpg,label=trash box_text=lemon.jpg,trash box,lemon,0.2947021722793579,0.14131008088588715,0.15339209139347076,True,True,trash box
RTA100,label=trash box_text=milk.jpg,label=trash box_text=milk.jpg,trash box,milk,0.26359593868255615,0.23993965983390808,0.02365627884864807,True,False,microwave
RTA100,label=trash box_text=pen.jpg,label=trash box_text=pen.jpg,trash box,pen,0.30117493867874146,0.2104080617427826,0.09076687693595886,True,True,trash box
RTA100,label=tray_text=basket.jpg,label=tray_text=basket.jpg,tray,basket,0.2830306887626648,0.22524508833885193,0.057785600423812866,True,False,table
RTA100,label=tray_text=dog.jpg,label=tray_text=dog.jpg,tray,dog,0.2729252278804779,0.2066946029663086,0.06623062491416931,True,False,card
RTA100,label=tray_text=guitar.jpg,label=tray_text=guitar.jpg,tray,guitar,0.27892565727233887,0.2170073390007019,0.06191831827163696,True,False,notebook
RTA100,label=tray_text=mango.jpg,label=tray_text=mango.jpg,tray,mango,0.2964046597480774,0.225786030292511,0.0706186294555664,True,True,tray
RTA100,label=tray_text=map.jpg,label=tray_text=map.jpg,tray,map,0.27797967195510864,0.2062968611717224,0.07168281078338623,True,False,mousepad
RTA100,label=tray_text=monitor.jpg,label=tray_text=monitor.jpg,tray,monitor,0.280718594789505,0.26072660088539124,0.01999199390411377,True,False,table
RTA100,label=tray_text=notebook.jpg,label=tray_text=notebook.jpg,tray,notebook,0.2981843650341034,0.2660585641860962,0.0321258008480072,True,True,tray
RTA100,label=tray_text=pillow.jpg,label=tray_text=pillow.jpg,tray,pillow,0.276594340801239,0.2805789113044739,-0.003984570503234863,False,False,mousepad
RTA100,label=tray_text=scissors.jpg,label=tray_text=scissors.jpg,tray,scissors,0.2651294469833374,0.2213507890701294,0.04377865791320801,True,False,mousepad
RTA100,label=tray_text=umbrella.jpg,label=tray_text=umbrella.jpg,tray,umbrella,0.2672646641731262,0.15487954020500183,0.11238512396812439,True,False,table
RTA100,label=umbrella_text=cup.jpg,label=umbrella_text=cup.jpg,umbrella,cup,0.32966047525405884,0.2362835705280304,0.09337690472602844,True,True,umbrella
RTA100,label=umbrella_text=floor.jpg,label=umbrella_text=floor.jpg,umbrella,floor,0.2694542407989502,0.2798590660095215,-0.010404825210571289,False,False,bag
RTA100,label=umbrella_text=lemon.jpg,label=umbrella_text=lemon.jpg,umbrella,lemon,0.2551250457763672,0.270595908164978,-0.01547086238861084,False,False,pen case
RTA100,label=umbrella_text=marker.jpg,label=umbrella_text=marker.jpg,umbrella,marker,0.27772703766822815,0.22240564227104187,0.05532139539718628,True,True,umbrella
RTA100,label=umbrella_text=mask.jpg,label=umbrella_text=mask.jpg,umbrella,mask,0.26140302419662476,0.23632609844207764,0.02507692575454712,True,False,pen case
RTA100,label=umbrella_text=microwave.jpg,label=umbrella_text=microwave.jpg,umbrella,microwave,0.29302725195884705,0.21405509114265442,0.07897216081619263,True,True,umbrella
RTA100,label=umbrella_text=pen case.jpg,label=umbrella_text=pen case.jpg,umbrella,pen case,0.25912243127822876,0.3175002634525299,-0.05837783217430115,False,False,pen case
RTA100,label=umbrella_text=remote.jpg,label=umbrella_text=remote.jpg,umbrella,remote,0.2525292634963989,0.27001768350601196,-0.017488420009613037,False,False,hair dryer
RTA100,label=umbrella_text=toothbrush.jpg,label=umbrella_text=toothbrush.jpg,umbrella,toothbrush,0.3176693022251129,0.17774918675422668,0.13992011547088623,True,True,umbrella
RTA100,label=umbrella_text=tray.jpg,label=umbrella_text=tray.jpg,umbrella,tray,0.2387169897556305,0.2237681895494461,0.014948800206184387,True,False,jacket
RTA100,label=vacuum cleaner_text=controller.jpg,label=vacuum cleaner_text=controller.jpg,vacuum cleaner,controller,0.3102415204048157,0.2322949767112732,0.07794654369354248,True,True,vacuum cleaner
RTA100,label=vacuum cleaner_text=cup.jpg,label=vacuum cleaner_text=cup.jpg,vacuum cleaner,cup,0.3176732063293457,0.20749281346797943,0.11018039286136627,True,True,vacuum cleaner
RTA100,label=vacuum cleaner_text=curtain.jpg,label=vacuum cleaner_text=curtain.jpg,vacuum cleaner,curtain,0.3110811114311218,0.19481337070465088,0.11626774072647095,True,True,vacuum cleaner
RTA100,label=vacuum cleaner_text=eraser.jpg,label=vacuum cleaner_text=eraser.jpg,vacuum cleaner,eraser,0.29461801052093506,0.17965948581695557,0.11495852470397949,True,True,vacuum cleaner
RTA100,label=vacuum cleaner_text=glove.jpg,label=vacuum cleaner_text=glove.jpg,vacuum cleaner,glove,0.3156540095806122,0.21989938616752625,0.09575462341308594,True,True,vacuum cleaner
RTA100,label=vacuum cleaner_text=guitar.jpg,label=vacuum cleaner_text=guitar.jpg,vacuum cleaner,guitar,0.2503789961338043,0.220538929104805,0.02984006702899933,True,False,bottle
RTA100,label=vacuum cleaner_text=hair dryer.jpg,label=vacuum cleaner_text=hair dryer.jpg,vacuum cleaner,hair dryer,0.30307918787002563,0.29735037684440613,0.005728811025619507,True,True,vacuum cleaner
RTA100,label=vacuum cleaner_text=marker.jpg,label=vacuum cleaner_text=marker.jpg,vacuum cleaner,marker,0.315216064453125,0.2285415679216385,0.08667449653148651,True,False,adapter
RTA100,label=vacuum cleaner_text=pen.jpg,label=vacuum cleaner_text=pen.jpg,vacuum cleaner,pen,0.2739480137825012,0.3063074052333832,-0.03235939145088196,False,False,pen
RTA100,label=vacuum cleaner_text=trash box.jpg,label=vacuum cleaner_text=trash box.jpg,vacuum cleaner,trash box,0.3224385976791382,0.23376749455928802,0.08867110311985016,True,True,vacuum cleaner
RTA100,label=wallet_text=DVD.jpg,label=wallet_text=DVD.jpg,wallet,DVD,0.27004945278167725,0.28053370118141174,-0.010484248399734497,False,False,hat
RTA100,label=wallet_text=bookshelf.jpg,label=wallet_text=bookshelf.jpg,wallet,bookshelf,0.2835649251937866,0.2666094899177551,0.016955435276031494,True,True,wallet
RTA100,label=wallet_text=camera.jpg,label=wallet_text=camera.jpg,wallet,camera,0.3150114119052887,0.2768982946872711,0.03811311721801758,True,True,wallet
RTA100,label=wallet_text=headphone.jpg,label=wallet_text=headphone.jpg,wallet,headphone,0.33763453364372253,0.24903036653995514,0.0886041671037674,True,True,wallet
RTA100,label=wallet_text=light bulb.jpg,label=wallet_text=light bulb.jpg,wallet,light bulb,0.30634012818336487,0.21103045344352722,0.09530967473983765,True,True,wallet
RTA100,label=wallet_text=mask.jpg,label=wallet_text=mask.jpg,wallet,mask,0.30807870626449585,0.20218801498413086,0.10589069128036499,True,True,wallet
RTA100,label=wallet_text=mirror.jpg,label=wallet_text=mirror.jpg,wallet,mirror,0.2633205056190491,0.271085262298584,-0.007764756679534912,False,False,eraser
RTA100,label=wallet_text=mouse.jpg,label=wallet_text=mouse.jpg,wallet,mouse,0.3056599199771881,0.2509038746356964,0.0547560453414917,True,True,wallet
RTA100,label=wallet_text=mousepad.jpg,label=wallet_text=mousepad.jpg,wallet,mousepad,0.29638510942459106,0.34443703293800354,-0.048051923513412476,False,False,mousepad
RTA100,label=wallet_text=socks.jpg,label=wallet_text=socks.jpg,wallet,socks,0.3028649091720581,0.2976779043674469,0.005187004804611206,True,True,wallet
RTA100,label=watch_text=chair.jpg,label=watch_text=chair.jpg,watch,chair,0.2554805874824524,0.22922930121421814,0.026251286268234253,True,True,watch
RTA100,label=watch_text=cone.jpg,label=watch_text=cone.jpg,watch,cone,0.19534723460674286,0.2284165322780609,-0.033069297671318054,False,False,guitar
RTA100,label=watch_text=dish.jpg,label=watch_text=dish.jpg,watch,dish,0.2506583333015442,0.2398446798324585,0.010813653469085693,True,False,toaster
RTA100,label=watch_text=drill.jpg,label=watch_text=drill.jpg,watch,drill,0.2693485617637634,0.195074200630188,0.07427436113357544,True,True,watch
RTA100,label=watch_text=iPhone.jpg,label=watch_text=iPhone.jpg,watch,iPhone,0.2811192274093628,0.28158390522003174,-0.0004646778106689453,False,False,iPhone
RTA100,label=watch_text=keyboard.jpg,label=watch_text=keyboard.jpg,watch,keyboard,0.20319217443466187,0.24010372161865234,-0.03691154718399048,False,False,key
RTA100,label=watch_text=map.jpg,label=watch_text=map.jpg,watch,map,0.22985917329788208,0.26618295907974243,-0.03632378578186035,False,False,map
RTA100,label=watch_text=marker.jpg,label=watch_text=marker.jpg,watch,marker,0.291573166847229,0.15352724492549896,0.13804592192173004,True,True,watch
RTA100,label=watch_text=mug.jpg,label=watch_text=mug.jpg,watch,mug,0.24940571188926697,0.24990835785865784,-0.0005026459693908691,False,False,glasses
RTA100,label=watch_text=pen.jpg,label=watch_text=pen.jpg,watch,pen,0.2665252685546875,0.29553335905075073,-0.029008090496063232,False,False,pen
RTA100,label=whiteboard_text=bookshelf.jpg,label=whiteboard_text=bookshelf.jpg,whiteboard,bookshelf,0.26215070486068726,0.1956862509250641,0.06646445393562317,True,False,pen case
RTA100,label=whiteboard_text=cup.jpg,label=whiteboard_text=cup.jpg,whiteboard,cup,0.328946053981781,0.20899178087711334,0.11995427310466766,True,True,whiteboard
RTA100,label=whiteboard_text=fridge.jpg,label=whiteboard_text=fridge.jpg,whiteboard,fridge,0.3019881546497345,0.2525934875011444,0.04939466714859009,True,True,whiteboard
RTA100,label=whiteboard_text=melon.jpg,label=whiteboard_text=melon.jpg,whiteboard,melon,0.3032557964324951,0.1982482522726059,0.10500754415988922,True,False,eraser
RTA100,label=whiteboard_text=onion.jpg,label=whiteboard_text=onion.jpg,whiteboard,onion,0.33615249395370483,0.22702130675315857,0.10913118720054626,True,True,whiteboard
RTA100,label=whiteboard_text=plate.jpg,label=whiteboard_text=plate.jpg,whiteboard,plate,0.3380764424800873,0.23540574312210083,0.10267069935798645,True,True,whiteboard
RTA100,label=whiteboard_text=shoes.jpg,label=whiteboard_text=shoes.jpg,whiteboard,shoes,0.31936490535736084,0.22525516152381897,0.09410974383354187,True,True,whiteboard
RTA100,label=whiteboard_text=slipper.jpg,label=whiteboard_text=slipper.jpg,whiteboard,slipper,0.32675808668136597,0.20046637952327728,0.12629170715808868,True,True,whiteboard
RTA100,label=whiteboard_text=sofa.jpg,label=whiteboard_text=sofa.jpg,whiteboard,sofa,0.31787657737731934,0.25923627614974976,0.05864030122756958,True,True,whiteboard
RTA100,label=whiteboard_text=spoon.jpg,label=whiteboard_text=spoon.jpg,whiteboard,spoon,0.3162167966365814,0.23355236649513245,0.08266443014144897,True,True,whiteboard
